{"type": "FeatureCollection", "features": [{"type": "Feature", "geometry": {"type": "Point", "coordinates": [-1022054.384300001, 4679165.331200004]}, "properties": {"OBJECTID": 5372, "COD_SIG": null, "IDTIPO": null, "NOME": "PASTELARIA JAU", "REGEND": "000181", "MORADA": "Rua Lu\u00eds de Cam\u00f5es", "NUM_POLICIA": "33A", "FREGUESIA": "102", "LOCALIDADE": "LISBOA", "COD_POST_4": "1300", "COD_POST_3": "355", "COM_INT_ID": null, "COD_ACT_ECON": "52103", "DESC_ACT_ECON": "CAF\u00c9/PASTELARIA - 2\u00aa CATEGORIA", "ANO": 1996, "TIPO": "Restaura\u00e7\u00e3o e Bebidas", "LOCALIZACAO": "Isolado", "C_INTEGRADO": null, "EMPRESA": "PENALVA DOCE INDUSTRIA REST HOT, LDA", "GlobalID": "43805301-9e85-4c58-a790-12764216c7a7"}}, {"type": "Feature", "geometry": {"type": "Point", "coordinates": [-1024954.071800001, 4680367.706900001]}, "properties": {"OBJECTID": 5402, "COD_SIG": null, "IDTIPO": null, "NOME": "J GON\u00c7ALVES PARADO & J GON\u00c7ALVES LDA", "REGEND": "000026", "MORADA": "CRUZ (EST DA) AO CARAMAO", "NUM_POLICIA": "50", "FREGUESIA": "101", "LOCALIDADE": null, "COD_POST_4": null, "COD_POST_3": null, "COM_INT_ID": null, "COD_ACT_ECON": "52404", "DESC_ACT_ECON": "BAR/\"PUB\" - 3\u00aa CATEGORIA", "ANO": 1996, "TIPO": "Restaura\u00e7\u00e3o e Bebidas", "LOCALIZACAO": "Isolado", "C_INTEGRADO": null, "EMPRESA": "MARIA ISABEL SILVEIRA MENDES RODRIGUES MOURA", "GlobalID": "a1d00c1a-c9a9-4e2d-9be5-2417b05eb5c9"}}, {"type": "Feature", "geometry": {"type": "Point", "coordinates": [-1021742.2395000011, 4679510.709600002]}, "properties": {"OBJECTID": 5875, "COD_SIG": null, "IDTIPO": null, "NOME": "RESTAURANTE O MARCENEIRO", "REGEND": "000178", "MORADA": "LEAO DE OLIVEIRA (R)", "NUM_POLICIA": "6", "FREGUESIA": "102", "LOCALIDADE": null, "COD_POST_4": null, "COD_POST_3": null, "COM_INT_ID": null, "COD_ACT_ECON": "51107", "DESC_ACT_ECON": "RESTAURANTE - 3\u00aa CATEGORIA", "ANO": 1996, "TIPO": "Restaura\u00e7\u00e3o e Bebidas", "LOCALIZACAO": "Isolado", "C_INTEGRADO": null, "EMPRESA": "MARIA ISABEL SILVEIRA MENDES RODRIGUES MOURA", "GlobalID": "332b58b6-8b0d-4a53-b6b2-62070747c46f"}}, {"type": "Feature", "geometry": {"type": "Point", "coordinates": [-1024911.4534000009, 4680334.798]}, "properties": {"OBJECTID": 6018, "COD_SIG": null, "IDTIPO": null, "NOME": "CERVEJARIA PEROLA CAMARAO", "REGEND": "000025", "MORADA": "CRUZ (EST DA) AO CARAMAO", "NUM_POLICIA": "22 B", "FREGUESIA": "101", "LOCALIDADE": null, "COD_POST_4": null, "COD_POST_3": null, "COM_INT_ID": null, "COD_ACT_ECON": "51109", "DESC_ACT_ECON": "RESTAURANTE - CASA DE PASTO", "ANO": 1996, "TIPO": "Restaura\u00e7\u00e3o e Bebidas", "LOCALIZACAO": "Isolado", "C_INTEGRADO": null, "EMPRESA": "MERCEARIA P\u00c9ROLA DO CARAM\u00c3O, LDA", "GlobalID": "ba393157-3ed5-4a65-a430-ce3960a9b267"}}, {"type": "Feature", "geometry": {"type": "Point", "coordinates": [-1024058.4659000002, 4679397.775399998]}, "properties": {"OBJECTID": 6042, "COD_SIG": null, "IDTIPO": null, "NOME": "MARIA PERPETUA CORREIA MATOS", "REGEND": "000012", "MORADA": "AJUDA (C DA)", "NUM_POLICIA": "202", "FREGUESIA": "101", "LOCALIDADE": null, "COD_POST_4": null, "COD_POST_3": null, "COM_INT_ID": 148, "COD_ACT_ECON": "21101", "DESC_ACT_ECON": "Artigos Vestu\u00e1rio Diverso (Misto)", "ANO": 1996, "TIPO": "Retalho", "LOCALIZACAO": "Integrado - outro", "C_INTEGRADO": "GALERIA COMERCIAL MOINHO VERMELHO", "EMPRESA": "MARIA ISABEL SILVEIRA MENDES RODRIGUES MOURA", "GlobalID": "6a0a2a39-2322-44c7-a0aa-8a05abdfe023"}}, {"type": "Feature", "geometry": {"type": "Point", "coordinates": [-1024576.1041000001, 4680550.781900004]}, "properties": {"OBJECTID": 6168, "COD_SIG": null, "IDTIPO": null, "NOME": "JULIA FATIMA MELO MORAIS", "REGEND": "000027", "MORADA": "PEDRO TEIXEIRA (EST DE)", "NUM_POLICIA": "LETRAS A N", "FREGUESIA": "101", "LOCALIDADE": null, "COD_POST_4": null, "COD_POST_3": null, "COM_INT_ID": null, "COD_ACT_ECON": "52704", "DESC_ACT_ECON": "OUTROS EST. DE BEBIDAS - 3\u00aa CATEGORIA", "ANO": 1996, "TIPO": "Restaura\u00e7\u00e3o e Bebidas", "LOCALIZACAO": "Isolado", "C_INTEGRADO": null, "EMPRESA": "MARIA ISABEL SILVEIRA MENDES RODRIGUES MOURA", "GlobalID": "67213c2b-6ba5-461f-a008-7f0a54ea7fdd"}}, {"type": "Feature", "geometry": {"type": "Point", "coordinates": [-1021280.8896000013, 4680017.137599997]}, "properties": {"OBJECTID": 6618, "COD_SIG": null, "IDTIPO": null, "NOME": "CAFE LEITARIA PRAISO DO BAIRRO", "REGEND": "000143", "MORADA": "CRUZ (R DA) A ALCANTARA", "NUM_POLICIA": "93", "FREGUESIA": "102", "LOCALIDADE": null, "COD_POST_4": null, "COD_POST_3": null, "COM_INT_ID": null, "COD_ACT_ECON": "52104", "DESC_ACT_ECON": "CAFE/PASTELARIA - 3\u00aa CATEGORIA", "ANO": 1996, "TIPO": "Restaura\u00e7\u00e3o e Bebidas", "LOCALIZACAO": "Isolado", "C_INTEGRADO": null, "EMPRESA": "MARIA ISABEL SILVEIRA MENDES RODRIGUES MOURA", "GlobalID": "ec64073d-55d7-42f3-aea0-e5ab9cd59f27"}}, {"type": "Feature", "geometry": {"type": "Point", "coordinates": [-1015699.9637000002, 4684535.555]}, "properties": {"OBJECTID": 7009, "COD_SIG": null, "IDTIPO": null, "NOME": "YELLOW BURGER HOUSE", "REGEND": "000225", "MORADA": "ENG ARANTES DE OLIVEIRA (AV)", "NUM_POLICIA": "LT 13 A/D", "FREGUESIA": "104", "LOCALIDADE": null, "COD_POST_4": null, "COD_POST_3": null, "COM_INT_ID": 93, "COD_ACT_ECON": "51107", "DESC_ACT_ECON": "RESTAURANTE - 3\u00aa CATEGORIA", "ANO": 1996, "TIPO": "Restaura\u00e7\u00e3o e Bebidas", "LOCALIZACAO": "Integrado - outro", "C_INTEGRADO": "OLAIAS PLAZA", "EMPRESA": "MARIA ISABEL SILVEIRA MENDES RODRIGUES MOURA", "GlobalID": "79579747-9a8c-4285-bea0-11568c46f2d1"}}, {"type": "Feature", "geometry": {"type": "Point", "coordinates": [-1016462.9582000002, 4684311.862999998]}, "properties": {"OBJECTID": 7030, "COD_SIG": null, "IDTIPO": null, "NOME": "ESTRELA AMERICANA", "REGEND": "000238", "MORADA": "Rua Abade Faria", "NUM_POLICIA": "14A", "FREGUESIA": "104", "LOCALIDADE": null, "COD_POST_4": "1900", "COD_POST_3": "007", "COM_INT_ID": null, "COD_ACT_ECON": "52104", "DESC_ACT_ECON": "CAFE/PASTELARIA - 3\u00aa CATEGORIA", "ANO": 1996, "TIPO": "Restaura\u00e7\u00e3o e Bebidas", "LOCALIZACAO": "Isolado", "C_INTEGRADO": null, "EMPRESA": "MARIA ISABEL SILVEIRA MENDES RODRIGUES MOURA", "GlobalID": "28de0faa-61ec-46ef-a7b1-4890ec012fce"}}, {"type": "Feature", "geometry": {"type": "Point", "coordinates": [-1015699.9637000002, 4684535.555]}, "properties": {"OBJECTID": 7872, "COD_SIG": null, "IDTIPO": null, "NOME": "CHURRASQUEIRA FRANGOLANDIA", "REGEND": "000226", "MORADA": "ENG ARANTES DE OLIVEIRA (AV)", "NUM_POLICIA": "LT 13 A/D", "FREGUESIA": "104", "LOCALIDADE": null, "COD_POST_4": null, "COD_POST_3": null, "COM_INT_ID": 93, "COD_ACT_ECON": "51403", "DESC_ACT_ECON": "OUTROS EST. COMIDAS REFEI\u00c7\u00d5ES - 3\u00aa CAT.", "ANO": 1996, "TIPO": "Restaura\u00e7\u00e3o e Bebidas", "LOCALIZACAO": "Integrado - outro", "C_INTEGRADO": "OLAIAS PLAZA", "EMPRESA": "MARIA ISABEL SILVEIRA MENDES RODRIGUES MOURA", "GlobalID": "dc99dbbe-d444-4295-a04f-59251fcb6527"}}, {"type": "Feature", "geometry": {"type": "Point", "coordinates": [-1024770.6975999996, 4686253.255000003]}, "properties": {"OBJECTID": 7938, "COD_SIG": null, "IDTIPO": null, "NOME": "BAR 688", "REGEND": "000590", "MORADA": "BENFICA (EST DE)", "NUM_POLICIA": "688 A", "FREGUESIA": "109", "LOCALIDADE": null, "COD_POST_4": null, "COD_POST_3": null, "COM_INT_ID": 51, "COD_ACT_ECON": "51203", "DESC_ACT_ECON": "\"SNACK-BAR\" - 3\u00aa CATEGORIA", "ANO": 1996, "TIPO": "Restaura\u00e7\u00e3o e Bebidas", "LOCALIZACAO": "Integrado - outro", "C_INTEGRADO": "CENTRO COMERCIAL BENFICA", "EMPRESA": "MARIA ISABEL SILVEIRA MENDES RODRIGUES MOURA", "GlobalID": "42e9fd40-c293-4e02-9d1e-d36c705fa7d7"}}, {"type": "Feature", "geometry": {"type": "Point", "coordinates": [-1016463.9411999993, 4684264.952200003]}, "properties": {"OBJECTID": 8002, "COD_SIG": null, "IDTIPO": null, "NOME": "RODRIGUES & DOMINGUES LDA", "REGEND": "000237", "MORADA": "ABADE FARIA (R)", "NUM_POLICIA": "10 A/C", "FREGUESIA": "104", "LOCALIDADE": null, "COD_POST_4": null, "COD_POST_3": null, "COM_INT_ID": null, "COD_ACT_ECON": "51109", "DESC_ACT_ECON": "RESTAURANTE - CASA DE PASTO", "ANO": 1996, "TIPO": "Restaura\u00e7\u00e3o e Bebidas", "LOCALIZACAO": "Isolado", "C_INTEGRADO": null, "EMPRESA": "MARIA ISABEL SILVEIRA MENDES RODRIGUES MOURA", "GlobalID": "5f0ff4b9-2827-4d37-8873-b51a7579690e"}}, {"type": "Feature", "geometry": {"type": "Point", "coordinates": [-1015793.2681999989, 4684283.852799997]}, "properties": {"OBJECTID": 8488, "COD_SIG": null, "IDTIPO": null, "NOME": "O LUGAR DAS OLAIAS", "REGEND": "000247", "MORADA": "AQUILES MACHADO (R)", "NUM_POLICIA": "1 H", "FREGUESIA": "104", "LOCALIDADE": null, "COD_POST_4": null, "COD_POST_3": null, "COM_INT_ID": null, "COD_ACT_ECON": "51107", "DESC_ACT_ECON": "RESTAURANTE - 3\u00aa CATEGORIA", "ANO": 1996, "TIPO": "Restaura\u00e7\u00e3o e Bebidas", "LOCALIZACAO": "Isolado", "C_INTEGRADO": null, "EMPRESA": "MARIA ISABEL SILVEIRA MENDES RODRIGUES MOURA", "GlobalID": "f7b151a5-c903-46a0-80a4-fad2a1247d4c"}}, {"type": "Feature", "geometry": {"type": "Point", "coordinates": [-1021427.5953000002, 4680088.705799997]}, "properties": {"OBJECTID": 8506, "COD_SIG": null, "IDTIPO": null, "NOME": "LEAL & AMADO", "REGEND": "000214", "MORADA": "Travessa do Sebeiro", "NUM_POLICIA": "26", "FREGUESIA": "102", "LOCALIDADE": "LISBOA", "COD_POST_4": "1300", "COD_POST_3": "526", "COM_INT_ID": null, "COD_ACT_ECON": "52704", "DESC_ACT_ECON": "OUTROS EST. DE BEBIDAS - 3\u00aa CATEGORIA", "ANO": 1996, "TIPO": "Restaura\u00e7\u00e3o e Bebidas", "LOCALIZACAO": "Isolado", "C_INTEGRADO": null, "EMPRESA": "MARIA ISABEL SILVEIRA MENDES RODRIGUES MOURA", "GlobalID": "dec609ff-8987-4f68-96f1-a443cc70096c"}}, {"type": "Feature", "geometry": {"type": "Point", "coordinates": [-1024397.9151000008, 4686021.058600001]}, "properties": {"OBJECTID": 10717, "COD_SIG": null, "IDTIPO": null, "NOME": "MARIA ISALINA MARTINS", "REGEND": "000598", "MORADA": "BENFICA (EST DE)", "NUM_POLICIA": "723 A", "FREGUESIA": "109", "LOCALIDADE": null, "COD_POST_4": null, "COD_POST_3": null, "COM_INT_ID": 114, "COD_ACT_ECON": "51203", "DESC_ACT_ECON": "\"SNACK-BAR\" - 3\u00aa CATEGORIA", "ANO": 1996, "TIPO": "Restaura\u00e7\u00e3o e Bebidas", "LOCALIZACAO": "Integrado - outro", "C_INTEGRADO": "CENTRO COMERCIAL TURIM", "EMPRESA": "MARIA ISABEL SILVEIRA MENDES RODRIGUES MOURA", "GlobalID": "08b8ecad-fd1e-4853-9f93-d33bbd574234"}}, {"type": "Feature", "geometry": {"type": "Point", "coordinates": [-1018576.0223999992, 4682263.312799998]}, "properties": {"OBJECTID": 11038, "COD_SIG": null, "IDTIPO": null, "NOME": "CAF\u00c9 DO MARQU\u00caS", "REGEND": "000861", "MORADA": "MARQ DE POMBAL (PR)", "NUM_POLICIA": "1", "FREGUESIA": "122", "LOCALIDADE": null, "COD_POST_4": null, "COD_POST_3": null, "COM_INT_ID": 141, "COD_ACT_ECON": "52704", "DESC_ACT_ECON": "OUTROS EST. DE BEBIDAS - 3\u00aa CATEGORIA", "ANO": 1996, "TIPO": "Restaura\u00e7\u00e3o e Bebidas", "LOCALIZACAO": "Integrado - outro", "C_INTEGRADO": "GALERIA DUQUE PALMELA", "EMPRESA": "CAF\u00c9 DO MARQU\u00caS, ACTIVIDADES HOTELEIRAS, LDA", "GlobalID": "681e1997-17b1-408f-a3a9-9230f28bf84e"}}, {"type": "Feature", "geometry": {"type": "Point", "coordinates": [-1020810.6950000003, 4682464.324199997]}, "properties": {"OBJECTID": 11099, "COD_SIG": null, "IDTIPO": null, "NOME": "JOSE RODRIGUES CASTELHANO", "REGEND": "000738", "MORADA": "SETE MOINHOS (C DOS)", "NUM_POLICIA": "137", "FREGUESIA": "111", "LOCALIDADE": null, "COD_POST_4": null, "COD_POST_3": null, "COM_INT_ID": null, "COD_ACT_ECON": "52705", "DESC_ACT_ECON": "Outros Estab. De Bebidas - Taberna", "ANO": 1996, "TIPO": "Restaura\u00e7\u00e3o e Bebidas", "LOCALIZACAO": "Isolado", "C_INTEGRADO": null, "EMPRESA": "MARIA ISABEL SILVEIRA MENDES RODRIGUES MOURA", "GlobalID": "72d16bdf-b443-4ecf-89bc-78bf8d49f7be"}}, {"type": "Feature", "geometry": {"type": "Point", "coordinates": [-1023956.2375000007, 4686360.5418]}, "properties": {"OBJECTID": 12320, "COD_SIG": null, "IDTIPO": null, "NOME": "RESTAURANTE FUJENG", "REGEND": "000662", "MORADA": "REP\u00daBLICA DA BOL\u00cdVIA (R DA)", "NUM_POLICIA": "53 B", "FREGUESIA": "109", "LOCALIDADE": null, "COD_POST_4": null, "COD_POST_3": null, "COM_INT_ID": null, "COD_ACT_ECON": "51107", "DESC_ACT_ECON": "RESTAURANTE - 3\u00aa CATEGORIA", "ANO": 1996, "TIPO": "Restaura\u00e7\u00e3o e Bebidas", "LOCALIZACAO": "Isolado", "C_INTEGRADO": null, "EMPRESA": "MARIA ISABEL SILVEIRA MENDES RODRIGUES MOURA", "GlobalID": "3ae6d9d3-3d62-4b81-a4b5-c5a47922cc78"}}, {"type": "Feature", "geometry": {"type": "Point", "coordinates": [-1018005.2402999997, 4680880.355499998]}, "properties": {"OBJECTID": 13384, "COD_SIG": null, "IDTIPO": null, "NOME": "PORTA BRANCA", "REGEND": "001011", "MORADA": "Rua do Teixeira", "NUM_POLICIA": "35", "FREGUESIA": "116", "LOCALIDADE": "LISBOA", "COD_POST_4": "1200", "COD_POST_3": "459", "COM_INT_ID": null, "COD_ACT_ECON": "51107", "DESC_ACT_ECON": "RESTAURANTE - 3\u00aa CATEGORIA", "ANO": 1996, "TIPO": "Restaura\u00e7\u00e3o e Bebidas", "LOCALIZACAO": "Isolado", "C_INTEGRADO": null, "EMPRESA": "MARIA ISABEL SILVEIRA MENDES RODRIGUES MOURA", "GlobalID": "f6946a31-1bc3-4490-a4df-e896f9bdef83"}}, {"type": "Feature", "geometry": {"type": "Point", "coordinates": [-1015977.3346999995, 4681536.2711]}, "properties": {"OBJECTID": 13865, "COD_SIG": null, "IDTIPO": null, "NOME": "ANABELA COSTA FARIA BRAS", "REGEND": "001099", "MORADA": "ST ANT\u00d3NIO (T DE) \u00c0 GRA\u00c7A", "NUM_POLICIA": "7 A", "FREGUESIA": "124", "LOCALIDADE": null, "COD_POST_4": null, "COD_POST_3": null, "COM_INT_ID": null, "COD_ACT_ECON": "52104", "DESC_ACT_ECON": "CAFE/PASTELARIA - 3\u00aa CATEGORIA", "ANO": 1996, "TIPO": "Restaura\u00e7\u00e3o e Bebidas", "LOCALIZACAO": "Isolado", "C_INTEGRADO": null, "EMPRESA": "MARIA ISABEL SILVEIRA MENDES RODRIGUES MOURA", "GlobalID": "19d96bc2-f087-44d6-8769-ce88e30a4fdf"}}, {"type": "Feature", "geometry": {"type": "Point", "coordinates": [-1020159.5430000015, 4680448.8182]}, "properties": {"OBJECTID": 13871, "COD_SIG": null, "IDTIPO": null, "NOME": "SNACK BAR CARROCEL", "REGEND": "001103", "MORADA": "Avenida Infante Santo", "NUM_POLICIA": "347A", "FREGUESIA": "113", "LOCALIDADE": "LISBOA", "COD_POST_4": "1350", "COD_POST_3": "177", "COM_INT_ID": null, "COD_ACT_ECON": "51202", "DESC_ACT_ECON": "\"SNACK-BAR\" - 2\u00aa CATEGORIA", "ANO": 1996, "TIPO": "Restaura\u00e7\u00e3o e Bebidas", "LOCALIZACAO": "Isolado", "C_INTEGRADO": null, "EMPRESA": "CHARCUTARIA CARROCEL, LDA", "GlobalID": "3d1c6b1f-df65-46f2-9449-01e4440df3c9"}}, {"type": "Feature", "geometry": {"type": "Point", "coordinates": [-1016544.6741999984, 4681447.811999999]}, "properties": {"OBJECTID": 14017, "COD_SIG": null, "IDTIPO": null, "NOME": "PIU-PIU", "REGEND": "001040", "MORADA": "MONTE (C DO)", "NUM_POLICIA": "86 A", "FREGUESIA": "124", "LOCALIDADE": null, "COD_POST_4": null, "COD_POST_3": null, "COM_INT_ID": null, "COD_ACT_ECON": "52104", "DESC_ACT_ECON": "CAFE/PASTELARIA - 3\u00aa CATEGORIA", "ANO": 1996, "TIPO": "Restaura\u00e7\u00e3o e Bebidas", "LOCALIZACAO": "Isolado", "C_INTEGRADO": null, "EMPRESA": "MARIA ISABEL SILVEIRA MENDES RODRIGUES MOURA", "GlobalID": "047b0bca-b90b-4393-848c-72d1bbe60061"}}, {"type": "Feature", "geometry": {"type": "Point", "coordinates": [-1016095.3396000005, 4681322.925399996]}, "properties": {"OBJECTID": 14270, "COD_SIG": null, "IDTIPO": null, "NOME": "COME NA GRA\u00c7A", "REGEND": "001086", "MORADA": "SENHORA DA GLORIA (R DA)", "NUM_POLICIA": "19/21", "FREGUESIA": "124", "LOCALIDADE": null, "COD_POST_4": null, "COD_POST_3": null, "COM_INT_ID": null, "COD_ACT_ECON": "51107", "DESC_ACT_ECON": "RESTAURANTE - 3\u00aa CATEGORIA", "ANO": 1996, "TIPO": "Restaura\u00e7\u00e3o e Bebidas", "LOCALIZACAO": "Isolado", "C_INTEGRADO": null, "EMPRESA": "MARIA ISABEL SILVEIRA MENDES RODRIGUES MOURA", "GlobalID": "db883f1e-5244-4278-ae76-31d611cfea1b"}}, {"type": "Feature", "geometry": {"type": "Point", "coordinates": [-1019974.8233999982, 4680296.700199999]}, "properties": {"OBJECTID": 15201, "COD_SIG": null, "IDTIPO": null, "NOME": "PARAISO LAPA PASTELARIA LDA", "REGEND": "001150", "MORADA": "SANT'ANA (R DE) \u00e6 LAPA", "NUM_POLICIA": "71 B", "FREGUESIA": "113", "LOCALIDADE": null, "COD_POST_4": null, "COD_POST_3": null, "COM_INT_ID": null, "COD_ACT_ECON": "52104", "DESC_ACT_ECON": "CAFE/PASTELARIA - 3\u00aa CATEGORIA", "ANO": 1996, "TIPO": "Restaura\u00e7\u00e3o e Bebidas", "LOCALIZACAO": "Isolado", "C_INTEGRADO": null, "EMPRESA": "MARIA ISABEL SILVEIRA MENDES RODRIGUES MOURA", "GlobalID": "812b6490-35d7-4a60-b72c-ab5c7ee03eb2"}}, {"type": "Feature", "geometry": {"type": "Point", "coordinates": [-1020406.0395999998, 4680403.617299996]}, "properties": {"OBJECTID": 15303, "COD_SIG": null, "IDTIPO": null, "NOME": "O POSSOLO", "REGEND": "001139", "MORADA": "POSSOLO (R DO)", "NUM_POLICIA": "6", "FREGUESIA": "113", "LOCALIDADE": null, "COD_POST_4": null, "COD_POST_3": null, "COM_INT_ID": null, "COD_ACT_ECON": "51109", "DESC_ACT_ECON": "RESTAURANTE - CASA DE PASTO", "ANO": 1996, "TIPO": "Restaura\u00e7\u00e3o e Bebidas", "LOCALIZACAO": "Isolado", "C_INTEGRADO": null, "EMPRESA": "MARIA ISABEL SILVEIRA MENDES RODRIGUES MOURA", "GlobalID": "d2a6b36b-a3bb-4daa-bed7-1c08fa20149f"}}, {"type": "Feature", "geometry": {"type": "Point", "coordinates": [-1019998.2602999993, 4680332.4168]}, "properties": {"OBJECTID": 15408, "COD_SIG": null, "IDTIPO": null, "NOME": "ANTONIO JOAO CURTINHAS", "REGEND": "001151", "MORADA": "SANT'ANA (R DE) \u00e6 LAPA", "NUM_POLICIA": "102", "FREGUESIA": "113", "LOCALIDADE": null, "COD_POST_4": null, "COD_POST_3": null, "COM_INT_ID": null, "COD_ACT_ECON": "52704", "DESC_ACT_ECON": "OUTROS EST. DE BEBIDAS - 3\u00aa CATEGORIA", "ANO": 1996, "TIPO": "Restaura\u00e7\u00e3o e Bebidas", "LOCALIZACAO": "Isolado", "C_INTEGRADO": null, "EMPRESA": "MARIA ISABEL SILVEIRA MENDES RODRIGUES MOURA", "GlobalID": "58f80636-c87e-4141-ad57-aeabfc23c72c"}}, {"type": "Feature", "geometry": {"type": "Point", "coordinates": [-1017874.6521000005, 4680644.059600003]}, "properties": {"OBJECTID": 15752, "COD_SIG": null, "IDTIPO": null, "NOME": "RESTAURANTE TIPOIA", "REGEND": "000999", "MORADA": "Rua do Norte (Bairro Alto)", "NUM_POLICIA": "100", "FREGUESIA": "116", "LOCALIDADE": "LISBOA                         ", "COD_POST_4": "1200", "COD_POST_3": "287", "COM_INT_ID": null, "COD_ACT_ECON": "51107", "DESC_ACT_ECON": "RESTAURANTE - 3\u00aa CATEGORIA", "ANO": 1996, "TIPO": "Restaura\u00e7\u00e3o e Bebidas", "LOCALIZACAO": "Isolado", "C_INTEGRADO": null, "EMPRESA": "CANTINHO CANTINO LDA", "GlobalID": "a895df2b-c3e8-43da-9df8-de9b02aa48ce"}}, {"type": "Feature", "geometry": {"type": "Point", "coordinates": [-1016556.3491000012, 4680991.4485]}, "properties": {"OBJECTID": 15911, "COD_SIG": null, "IDTIPO": null, "NOME": "DUARTE PINTO & IRMAOS LDA", "REGEND": "001042", "MORADA": "ST ANDRE (C DE)", "NUM_POLICIA": "48", "FREGUESIA": "124", "LOCALIDADE": null, "COD_POST_4": null, "COD_POST_3": null, "COM_INT_ID": null, "COD_ACT_ECON": "52705", "DESC_ACT_ECON": "Outros Estab. De Bebidas - Taberna", "ANO": 1996, "TIPO": "Restaura\u00e7\u00e3o e Bebidas", "LOCALIZACAO": "Isolado", "C_INTEGRADO": null, "EMPRESA": "MARIA ISABEL SILVEIRA MENDES RODRIGUES MOURA", "GlobalID": "b243abee-5f77-44a3-9011-d870e3664c0a"}}, {"type": "Feature", "geometry": {"type": "Point", "coordinates": [-1019356.6303999983, 4680839.8587]}, "properties": {"OBJECTID": 15926, "COD_SIG": null, "IDTIPO": null, "NOME": "CELINA F E R NEVES CALDEIRA", "REGEND": "001158", "MORADA": "ST AMARO (R DE)", "NUM_POLICIA": "63 B", "FREGUESIA": "113", "LOCALIDADE": null, "COD_POST_4": null, "COD_POST_3": null, "COM_INT_ID": null, "COD_ACT_ECON": "52705", "DESC_ACT_ECON": "Outros Estab. De Bebidas - Taberna", "ANO": 1996, "TIPO": "Restaura\u00e7\u00e3o e Bebidas", "LOCALIZACAO": "Isolado", "C_INTEGRADO": null, "EMPRESA": "MARIA ISABEL SILVEIRA MENDES RODRIGUES MOURA", "GlobalID": "24820b24-c5dc-4dd0-96e3-210941884b78"}}, {"type": "Feature", "geometry": {"type": "Point", "coordinates": [-1016327.8660000004, 4681637.828100003]}, "properties": {"OBJECTID": 15982, "COD_SIG": null, "IDTIPO": null, "NOME": "DINA ESTELA PINTO P ALVES", "REGEND": "001069", "MORADA": "Rua da Gra\u00e7a", "NUM_POLICIA": "72", "FREGUESIA": "124", "LOCALIDADE": "LISBOA", "COD_POST_4": "1170", "COD_POST_3": "170", "COM_INT_ID": null, "COD_ACT_ECON": "51403", "DESC_ACT_ECON": "OUTROS EST. COMIDAS REFEI\u00c7\u00d5ES - 3\u00aa CAT.", "ANO": 1996, "TIPO": "Restaura\u00e7\u00e3o e Bebidas", "LOCALIZACAO": "Isolado", "C_INTEGRADO": null, "EMPRESA": "MARIA ISABEL SILVEIRA MENDES RODRIGUES MOURA", "GlobalID": "7da906b1-585c-471b-a29c-023de2d11294"}}, {"type": "Feature", "geometry": {"type": "Point", "coordinates": [-1020379.8935999982, 4687292.880599998]}, "properties": {"OBJECTID": 16125, "COD_SIG": null, "IDTIPO": null, "NOME": "RESTAURANTE O GRIFO", "REGEND": "001198", "MORADA": "TELHEIRAS (EST DE)", "NUM_POLICIA": "123", "FREGUESIA": "114", "LOCALIDADE": null, "COD_POST_4": null, "COD_POST_3": null, "COM_INT_ID": null, "COD_ACT_ECON": "51107", "DESC_ACT_ECON": "RESTAURANTE - 3\u00aa CATEGORIA", "ANO": 1996, "TIPO": "Restaura\u00e7\u00e3o e Bebidas", "LOCALIZACAO": "Isolado", "C_INTEGRADO": null, "EMPRESA": "MARIA ISABEL SILVEIRA MENDES RODRIGUES MOURA", "GlobalID": "b9642384-72a9-44d8-b155-f9da6aaa6786"}}, {"type": "Feature", "geometry": {"type": "Point", "coordinates": [-1016716.0487999991, 4681552.6032000035]}, "properties": {"OBJECTID": 16210, "COD_SIG": null, "IDTIPO": null, "NOME": "SILVA & JESUS LDA", "REGEND": "001061", "MORADA": "DAMASCENO MONTEIRO (R)", "NUM_POLICIA": "62 A", "FREGUESIA": "124", "LOCALIDADE": null, "COD_POST_4": null, "COD_POST_3": null, "COM_INT_ID": null, "COD_ACT_ECON": "52104", "DESC_ACT_ECON": "CAFE/PASTELARIA - 3\u00aa CATEGORIA", "ANO": 1996, "TIPO": "Restaura\u00e7\u00e3o e Bebidas", "LOCALIZACAO": "Isolado", "C_INTEGRADO": null, "EMPRESA": "MARIA ISABEL SILVEIRA MENDES RODRIGUES MOURA", "GlobalID": "ac5f9d72-da43-43b6-a838-e4ade19582f3"}}, {"type": "Feature", "geometry": {"type": "Point", "coordinates": [-1018907.9780000001, 4680803.460100003]}, "properties": {"OBJECTID": 17024, "COD_SIG": null, "IDTIPO": null, "NOME": "A MARAVILHA S BENTO", "REGEND": "001448", "MORADA": "NOVA PIEDADE (R)", "NUM_POLICIA": "87", "FREGUESIA": "116", "LOCALIDADE": null, "COD_POST_4": null, "COD_POST_3": null, "COM_INT_ID": null, "COD_ACT_ECON": "52104", "DESC_ACT_ECON": "CAFE/PASTELARIA - 3\u00aa CATEGORIA", "ANO": 1996, "TIPO": "Restaura\u00e7\u00e3o e Bebidas", "LOCALIZACAO": "Isolado", "C_INTEGRADO": null, "EMPRESA": "A MARAVILHA DE S\u00c3O BENTO - CAF\u00c9S EMBALADOS E MERCEARIAS, LDA", "GlobalID": "6725f045-1780-43f0-b350-ad4bf579edfb"}}, {"type": "Feature", "geometry": {"type": "Point", "coordinates": [-1018578.6248000003, 4680880.394900002]}, "properties": {"OBJECTID": 17027, "COD_SIG": null, "IDTIPO": null, "NOME": "O DESEJO", "REGEND": "001450", "MORADA": "Rua da Palmeira", "NUM_POLICIA": "27", "FREGUESIA": "116", "LOCALIDADE": "LISBOA", "COD_POST_4": "1200", "COD_POST_3": "311", "COM_INT_ID": null, "COD_ACT_ECON": "51203", "DESC_ACT_ECON": "\"SNACK-BAR\" - 3\u00aa CATEGORIA", "ANO": 1996, "TIPO": "Restaura\u00e7\u00e3o e Bebidas", "LOCALIZACAO": "Isolado", "C_INTEGRADO": null, "EMPRESA": "MARIA ISABEL SILVEIRA MENDES RODRIGUES MOURA", "GlobalID": "acc15801-8712-4af0-8092-b2174e129539"}}, {"type": "Feature", "geometry": {"type": "Point", "coordinates": [-1018740.6556999981, 4680487.9135000035]}, "properties": {"OBJECTID": 17108, "COD_SIG": null, "IDTIPO": null, "NOME": "LUIS MANUEL SOUTO MATEUS", "REGEND": "001436", "MORADA": "Rua da Cruz dos Poiais", "NUM_POLICIA": "65", "FREGUESIA": "116", "LOCALIDADE": "LISBOA", "COD_POST_4": "1200", "COD_POST_3": "135", "COM_INT_ID": null, "COD_ACT_ECON": "52104", "DESC_ACT_ECON": "CAFE/PASTELARIA - 3\u00aa CATEGORIA", "ANO": 1996, "TIPO": "Restaura\u00e7\u00e3o e Bebidas", "LOCALIZACAO": "Isolado", "C_INTEGRADO": null, "EMPRESA": "MARIA ISABEL SILVEIRA MENDES RODRIGUES MOURA", "GlobalID": "7db3c65a-87aa-4d9b-a7cb-b3b693cb147a"}}, {"type": "Feature", "geometry": {"type": "Point", "coordinates": [-1018767.3403999992, 4680355.252899997]}, "properties": {"OBJECTID": 17125, "COD_SIG": null, "IDTIPO": null, "NOME": "BARATA E NEVES", "REGEND": "001432", "MORADA": "CRUZ DOS POIAIS (R)", "NUM_POLICIA": "7", "FREGUESIA": "116", "LOCALIDADE": null, "COD_POST_4": null, "COD_POST_3": null, "COM_INT_ID": null, "COD_ACT_ECON": "51107", "DESC_ACT_ECON": "RESTAURANTE - 3\u00aa CATEGORIA", "ANO": 1996, "TIPO": "Restaura\u00e7\u00e3o e Bebidas", "LOCALIZACAO": "Isolado", "C_INTEGRADO": null, "EMPRESA": "MARIA ISABEL SILVEIRA MENDES RODRIGUES MOURA", "GlobalID": "9422f9e4-075d-442d-9605-d6f0ec0b207b"}}, {"type": "Feature", "geometry": {"type": "Point", "coordinates": [-1019682.1788999997, 4688802.849399999]}, "properties": {"OBJECTID": 17312, "COD_SIG": null, "IDTIPO": null, "NOME": "MERCEARIA FLOR ALAMEDA LDA", "REGEND": "001180", "MORADA": "Alameda das Linhas de Torres", "NUM_POLICIA": "201C", "FREGUESIA": "114", "LOCALIDADE": "LISBOA", "COD_POST_4": "1750", "COD_POST_3": "143", "COM_INT_ID": null, "COD_ACT_ECON": "51403", "DESC_ACT_ECON": "OUTROS EST. COMIDAS REFEI\u00c7\u00d5ES - 3\u00aa CAT.", "ANO": 1996, "TIPO": "Restaura\u00e7\u00e3o e Bebidas", "LOCALIZACAO": "Isolado", "C_INTEGRADO": null, "EMPRESA": "CHURRASQUEIRA FRANGOS DO REI, LDA", "GlobalID": "1b189396-9e3e-46a5-860d-41bb4720f1b5"}}, {"type": "Feature", "geometry": {"type": "Point", "coordinates": [-1020038.4932999983, 4689621.965800002]}, "properties": {"OBJECTID": 17560, "COD_SIG": null, "IDTIPO": null, "NOME": "TAROUCA", "REGEND": "001239", "MORADA": "Rua do Lumiar", "NUM_POLICIA": "88", "FREGUESIA": "114", "LOCALIDADE": "LISBOA", "COD_POST_4": "1750", "COD_POST_3": "164", "COM_INT_ID": null, "COD_ACT_ECON": "51109", "DESC_ACT_ECON": "RESTAURANTE - CASA DE PASTO", "ANO": 1996, "TIPO": "Restaura\u00e7\u00e3o e Bebidas", "LOCALIZACAO": "Isolado", "C_INTEGRADO": null, "EMPRESA": "MARIA ISABEL SILVEIRA MENDES RODRIGUES MOURA", "GlobalID": "044a9969-d052-432b-a29c-2c510176b804"}}, {"type": "Feature", "geometry": {"type": "Point", "coordinates": [-1019368.1136999987, 4687862.425499998]}, "properties": {"OBJECTID": 17629, "COD_SIG": null, "IDTIPO": null, "NOME": "BOIA VERDE", "REGEND": "001227", "MORADA": "FRANCISCO STROMP (R)", "NUM_POLICIA": "5 B", "FREGUESIA": "114", "LOCALIDADE": null, "COD_POST_4": null, "COD_POST_3": null, "COM_INT_ID": 111, "COD_ACT_ECON": "51403", "DESC_ACT_ECON": "OUTROS EST. COMIDAS REFEI\u00c7\u00d5ES - 3\u00aa CAT.", "ANO": 1996, "TIPO": "Restaura\u00e7\u00e3o e Bebidas", "LOCALIZACAO": "Integrado - outro", "C_INTEGRADO": "CENTRO COMERCIAL STROMP", "EMPRESA": "BOIA VERDE - SOCIEDADE DE ACTIVIDADES HOTELEIRAS, LDA", "GlobalID": "f8dfe8da-94a9-4552-a6ae-6582e38d56f6"}}, {"type": "Feature", "geometry": {"type": "Point", "coordinates": [-1019710.2980999984, 4680247.2798999995]}, "properties": {"OBJECTID": 17705, "COD_SIG": null, "IDTIPO": null, "NOME": "ELIDIO RAMOS MARQUES", "REGEND": "001134", "MORADA": "LAPA (R DA)", "NUM_POLICIA": "74 A", "FREGUESIA": "113", "LOCALIDADE": null, "COD_POST_4": null, "COD_POST_3": null, "COM_INT_ID": null, "COD_ACT_ECON": "51109", "DESC_ACT_ECON": "RESTAURANTE - CASA DE PASTO", "ANO": 1996, "TIPO": "Restaura\u00e7\u00e3o e Bebidas", "LOCALIZACAO": "Isolado", "C_INTEGRADO": null, "EMPRESA": "MARIA ISABEL SILVEIRA MENDES RODRIGUES MOURA", "GlobalID": "a57cec61-caa1-417b-86d7-9701ff5f8bc4"}}, {"type": "Feature", "geometry": {"type": "Point", "coordinates": [-1019560.3997999988, 4680661.196999997]}, "properties": {"OBJECTID": 17911, "COD_SIG": null, "IDTIPO": null, "NOME": "LEONILA NASCIMENTO NEVES MADEIRA GERRA GON\u00c7ALVES, HERDEIROS", "REGEND": "001111", "MORADA": "ESTRELA (C DA)", "NUM_POLICIA": "223", "FREGUESIA": "113", "LOCALIDADE": null, "COD_POST_4": null, "COD_POST_3": null, "COM_INT_ID": null, "COD_ACT_ECON": "52404", "DESC_ACT_ECON": "BAR/\"PUB\" - 3\u00aa CATEGORIA", "ANO": 1996, "TIPO": "Restaura\u00e7\u00e3o e Bebidas", "LOCALIZACAO": "Isolado", "C_INTEGRADO": null, "EMPRESA": "MARIA ISABEL SILVEIRA MENDES RODRIGUES MOURA", "GlobalID": "88ff2daf-64bb-4e44-9147-b43d272dedc2"}}, {"type": "Feature", "geometry": {"type": "Point", "coordinates": [-1019985.7883000001, 4689491.369400002]}, "properties": {"OBJECTID": 18262, "COD_SIG": null, "IDTIPO": null, "NOME": "CASA PASTO A PARRA VERDE", "REGEND": "001233", "MORADA": "LUMIAR (R DO)", "NUM_POLICIA": "23", "FREGUESIA": "114", "LOCALIDADE": null, "COD_POST_4": null, "COD_POST_3": null, "COM_INT_ID": null, "COD_ACT_ECON": "51107", "DESC_ACT_ECON": "RESTAURANTE - 3\u00aa CATEGORIA", "ANO": 1996, "TIPO": "Restaura\u00e7\u00e3o e Bebidas", "LOCALIZACAO": "Isolado", "C_INTEGRADO": null, "EMPRESA": "CASA DE PASTO A PARRA VERDE, LDA", "GlobalID": "811ef9b0-802a-4c15-893e-ca9abf973def"}}, {"type": "Feature", "geometry": {"type": "Point", "coordinates": [-1020021.3900000006, 4680951.339900002]}, "properties": {"OBJECTID": 18526, "COD_SIG": null, "IDTIPO": null, "NOME": "O COVIL", "REGEND": "001126", "MORADA": "DOMINGOS DE SEQUEIRA (R)", "NUM_POLICIA": "64 B", "FREGUESIA": "113", "LOCALIDADE": "LISBOA                         ", "COD_POST_4": "1350", "COD_POST_3": "122", "COM_INT_ID": null, "COD_ACT_ECON": "52704", "DESC_ACT_ECON": "OUTROS EST. DE BEBIDAS - 3\u00aa CATEGORIA", "ANO": 1996, "TIPO": "Restaura\u00e7\u00e3o e Bebidas", "LOCALIZACAO": "Isolado", "C_INTEGRADO": null, "EMPRESA": "MARIA ISABEL SILVEIRA MENDES RODRIGUES MOURA", "GlobalID": "d7f3a464-4c19-4708-9142-61dea5256657"}}, {"type": "Feature", "geometry": {"type": "Point", "coordinates": [-1019634.6631999984, 4688677.347400002]}, "properties": {"OBJECTID": 18747, "COD_SIG": null, "IDTIPO": null, "NOME": "FERNANDO COELHO LARGO", "REGEND": "001179", "MORADA": "LINHAS DE TORRES (AL DAS)", "NUM_POLICIA": "187 A", "FREGUESIA": "114", "LOCALIDADE": null, "COD_POST_4": null, "COD_POST_3": null, "COM_INT_ID": null, "COD_ACT_ECON": "52104", "DESC_ACT_ECON": "CAFE/PASTELARIA - 3\u00aa CATEGORIA", "ANO": 1996, "TIPO": "Restaura\u00e7\u00e3o e Bebidas", "LOCALIZACAO": "Isolado", "C_INTEGRADO": null, "EMPRESA": "MARIA ISABEL SILVEIRA MENDES RODRIGUES MOURA", "GlobalID": "916447c9-1b0f-42eb-b962-48dc25535108"}}, {"type": "Feature", "geometry": {"type": "Point", "coordinates": [-1020029.3110000007, 4689602.776600003]}, "properties": {"OBJECTID": 18761, "COD_SIG": null, "IDTIPO": null, "NOME": "RESTAURANTE MENU", "REGEND": "001238", "MORADA": "LUMIAR (R DO)", "NUM_POLICIA": "76", "FREGUESIA": "114", "LOCALIDADE": null, "COD_POST_4": null, "COD_POST_3": null, "COM_INT_ID": null, "COD_ACT_ECON": "51107", "DESC_ACT_ECON": "RESTAURANTE - 3\u00aa CATEGORIA", "ANO": 1996, "TIPO": "Restaura\u00e7\u00e3o e Bebidas", "LOCALIZACAO": "Isolado", "C_INTEGRADO": null, "EMPRESA": "MARIA ISABEL SILVEIRA MENDES RODRIGUES MOURA", "GlobalID": "a3c029e2-c698-402a-b9ad-0539c8ba95c9"}}, {"type": "Feature", "geometry": {"type": "Point", "coordinates": [-1018724.6897, 4680548.490800001]}, "properties": {"OBJECTID": 18856, "COD_SIG": null, "IDTIPO": null, "NOME": "A PEROLA BOM JARDIM", "REGEND": "001440", "MORADA": "CRUZ DOS POIAIS (R)", "NUM_POLICIA": "95 A", "FREGUESIA": "116", "LOCALIDADE": null, "COD_POST_4": null, "COD_POST_3": null, "COM_INT_ID": null, "COD_ACT_ECON": "51107", "DESC_ACT_ECON": "RESTAURANTE - 3\u00aa CATEGORIA", "ANO": 1996, "TIPO": "Restaura\u00e7\u00e3o e Bebidas", "LOCALIZACAO": "Isolado", "C_INTEGRADO": null, "EMPRESA": "MARIA ISABEL SILVEIRA MENDES RODRIGUES MOURA", "GlobalID": "39e6583f-a5cc-4706-9620-163861ac615b"}}, {"type": "Feature", "geometry": {"type": "Point", "coordinates": [-1019416.6755000018, 4688540.906999998]}, "properties": {"OBJECTID": 18876, "COD_SIG": null, "IDTIPO": null, "NOME": "A TASQUINHA DAS SANDES", "REGEND": "001255", "MORADA": "Rua Silva Tavares", "NUM_POLICIA": "7", "FREGUESIA": "114", "LOCALIDADE": "LISBOA", "COD_POST_4": "1750", "COD_POST_3": "136", "COM_INT_ID": 91, "COD_ACT_ECON": "52104", "DESC_ACT_ECON": "CAFE/PASTELARIA - 3\u00aa CATEGORIA", "ANO": 1996, "TIPO": "Restaura\u00e7\u00e3o e Bebidas", "LOCALIZACAO": "Integrado - outro", "C_INTEGRADO": "CENTRO COMERCIAL MOURAS", "EMPRESA": "MARIA ISABEL SILVEIRA MENDES RODRIGUES MOURA", "GlobalID": "efeceb67-6ec2-460d-a989-310d8d24a8d9"}}, {"type": "Feature", "geometry": {"type": "Point", "coordinates": [-1014368.8979999982, 4685543.187399998]}, "properties": {"OBJECTID": 18893, "COD_SIG": null, "IDTIPO": null, "NOME": "MARIA AMELIA MONTEIRO BORGES CANDEIAS", "REGEND": "001314", "MORADA": "JOAO PAULO II (AV)", "NUM_POLICIA": "LT 526 LJ A", "FREGUESIA": "115", "LOCALIDADE": null, "COD_POST_4": null, "COD_POST_3": null, "COM_INT_ID": null, "COD_ACT_ECON": "52104", "DESC_ACT_ECON": "CAFE/PASTELARIA - 3\u00aa CATEGORIA", "ANO": 1996, "TIPO": "Restaura\u00e7\u00e3o e Bebidas", "LOCALIZACAO": "Isolado", "C_INTEGRADO": null, "EMPRESA": "MARIA ISABEL SILVEIRA MENDES RODRIGUES MOURA", "GlobalID": "1fc9d8c4-33b1-438f-b872-cde4da4588f9"}}, {"type": "Feature", "geometry": {"type": "Point", "coordinates": [-1018000.0727000013, 4684558.339100003]}, "properties": {"OBJECTID": 19228, "COD_SIG": null, "IDTIPO": null, "NOME": "POKY BAR", "REGEND": "001525", "MORADA": "DEFENSORES DE CHAVES (AV DOS)", "NUM_POLICIA": "87 C", "FREGUESIA": "106", "LOCALIDADE": null, "COD_POST_4": null, "COD_POST_3": null, "COM_INT_ID": null, "COD_ACT_ECON": "51202", "DESC_ACT_ECON": "\"SNACK-BAR\" - 2\u00aa CATEGORIA", "ANO": 1996, "TIPO": "Restaura\u00e7\u00e3o e Bebidas", "LOCALIZACAO": "Isolado", "C_INTEGRADO": null, "EMPRESA": "MARIA ISABEL SILVEIRA MENDES RODRIGUES MOURA", "GlobalID": "c25e2df7-f935-47b5-bdbc-3d855b00eec3"}}, {"type": "Feature", "geometry": {"type": "Point", "coordinates": [-1013291.4576999992, 4684759.4767]}, "properties": {"OBJECTID": 19460, "COD_SIG": null, "IDTIPO": null, "NOME": "MARIA CELESTE FRAGOSO ALMEIDA PEREIRA", "REGEND": "001349", "MORADA": "A\u00c7UCAR (R DO)", "NUM_POLICIA": "6", "FREGUESIA": "115", "LOCALIDADE": null, "COD_POST_4": null, "COD_POST_3": null, "COM_INT_ID": null, "COD_ACT_ECON": "51109", "DESC_ACT_ECON": "RESTAURANTE - CASA DE PASTO", "ANO": 1996, "TIPO": "Restaura\u00e7\u00e3o e Bebidas", "LOCALIZACAO": "Isolado", "C_INTEGRADO": null, "EMPRESA": "MARIA ISABEL SILVEIRA MENDES RODRIGUES MOURA", "GlobalID": "7a8e29a0-4e10-47f7-8690-3cdac7ef7dab"}}, {"type": "Feature", "geometry": {"type": "Point", "coordinates": [-1013539.4248000011, 4684840.397600003]}, "properties": {"OBJECTID": 19988, "COD_SIG": null, "IDTIPO": null, "NOME": "CHARCUTARIA AS PRIMAS", "REGEND": "001373", "MORADA": "JOSE DO PATROCINIO (R)", "NUM_POLICIA": "9", "FREGUESIA": "115", "LOCALIDADE": "LISBOA", "COD_POST_4": "1900", "COD_POST_3": "731", "COM_INT_ID": null, "COD_ACT_ECON": "52199", "DESC_ACT_ECON": "CAF\u00c9/PASTELARIA - (SEM CATEGORIA)", "ANO": 1996, "TIPO": "Restaura\u00e7\u00e3o e Bebidas", "LOCALIZACAO": "Isolado", "C_INTEGRADO": null, "EMPRESA": "CHARCUTARIA AS PRIMAS, LDA", "GlobalID": "03e12ee0-a1a6-47ce-a5a8-96d028eaa185"}}, {"type": "Feature", "geometry": {"type": "Point", "coordinates": [-1018611.9737999998, 4680477.231600001]}, "properties": {"OBJECTID": 20408, "COD_SIG": null, "IDTIPO": null, "NOME": "PASTELARIA BOLIPAO", "REGEND": "001473", "MORADA": "VALE (R DO)", "NUM_POLICIA": "18", "FREGUESIA": "116", "LOCALIDADE": null, "COD_POST_4": null, "COD_POST_3": null, "COM_INT_ID": null, "COD_ACT_ECON": "52104", "DESC_ACT_ECON": "CAFE/PASTELARIA - 3\u00aa CATEGORIA", "ANO": 1996, "TIPO": "Restaura\u00e7\u00e3o e Bebidas", "LOCALIZACAO": "Isolado", "C_INTEGRADO": null, "EMPRESA": "MARIA ISABEL SILVEIRA MENDES RODRIGUES MOURA", "GlobalID": "0f08f060-943a-4e6b-97cf-dac9192c332a"}}, {"type": "Feature", "geometry": {"type": "Point", "coordinates": [-1014730.6184, 4686417.468599997]}, "properties": {"OBJECTID": 20573, "COD_SIG": null, "IDTIPO": null, "NOME": "CELIA ALVES DOS SANTOS CARVALHO E OUTROS", "REGEND": "001393", "MORADA": "PAULO DIAS DE NOVAIS (R)", "NUM_POLICIA": "26 LJ A", "FREGUESIA": "115", "LOCALIDADE": null, "COD_POST_4": null, "COD_POST_3": null, "COM_INT_ID": null, "COD_ACT_ECON": "51109", "DESC_ACT_ECON": "RESTAURANTE - CASA DE PASTO", "ANO": 1996, "TIPO": "Restaura\u00e7\u00e3o e Bebidas", "LOCALIZACAO": "Isolado", "C_INTEGRADO": null, "EMPRESA": "MARIA ISABEL SILVEIRA MENDES RODRIGUES MOURA", "GlobalID": "37f47dd5-f3ad-48a9-8af1-207dbb159b34"}}, {"type": "Feature", "geometry": {"type": "Point", "coordinates": [-1014435.5855999999, 4686432.477899998]}, "properties": {"OBJECTID": 20876, "COD_SIG": null, "IDTIPO": null, "NOME": "GERTRUDES MARIA MEDEIROS", "REGEND": "001399", "MORADA": "Rua Tom\u00e1s Alcaide (antiga Rua I-10 da Malha I de Chelas)", "NUM_POLICIA": "Lote 101", "FREGUESIA": "115", "LOCALIDADE": null, "COD_POST_4": "1950", "COD_POST_3": "261", "COM_INT_ID": null, "COD_ACT_ECON": "52104", "DESC_ACT_ECON": "CAFE/PASTELARIA - 3\u00aa CATEGORIA", "ANO": 1996, "TIPO": "Restaura\u00e7\u00e3o e Bebidas", "LOCALIZACAO": "Isolado", "C_INTEGRADO": null, "EMPRESA": "MARIA ISABEL SILVEIRA MENDES RODRIGUES MOURA", "GlobalID": "816182a8-e50a-4f7a-b334-7c9758f0172e"}}, {"type": "Feature", "geometry": {"type": "Point", "coordinates": [-1016159.5951000005, 4683236.038900003]}, "properties": {"OBJECTID": 20964, "COD_SIG": null, "IDTIPO": null, "NOME": "FERNANDES CERQUEIRA & CASTRO LDA", "REGEND": "001790", "MORADA": "JACINTO NUNES (R)", "NUM_POLICIA": "2 C", "FREGUESIA": "119", "LOCALIDADE": null, "COD_POST_4": null, "COD_POST_3": null, "COM_INT_ID": null, "COD_ACT_ECON": "51203", "DESC_ACT_ECON": "\"SNACK-BAR\" - 3\u00aa CATEGORIA", "ANO": 1996, "TIPO": "Restaura\u00e7\u00e3o e Bebidas", "LOCALIZACAO": "Isolado", "C_INTEGRADO": null, "EMPRESA": "MARIA ISABEL SILVEIRA MENDES RODRIGUES MOURA", "GlobalID": "8308ca63-0e1a-43c0-a911-96adcca83acb"}}, {"type": "Feature", "geometry": {"type": "Point", "coordinates": [-1020832.9215999991, 4679672.7293]}, "properties": {"OBJECTID": 21088, "COD_SIG": null, "IDTIPO": null, "NOME": "CASA DA TE", "REGEND": "001860", "MORADA": "NECESSIDADES (R DAS)", "NUM_POLICIA": "60", "FREGUESIA": "113", "LOCALIDADE": "LISBOA", "COD_POST_4": "1350", "COD_POST_3": "219", "COM_INT_ID": null, "COD_ACT_ECON": "51107", "DESC_ACT_ECON": "RESTAURANTE - 3\u00aa CATEGORIA", "ANO": 1996, "TIPO": "Restaura\u00e7\u00e3o e Bebidas", "LOCALIZACAO": "Isolado", "C_INTEGRADO": null, "EMPRESA": "BASILIO & RAFAEL, LDA", "GlobalID": "9503a27b-de55-4f1f-90ad-b02456175e5e"}}, {"type": "Feature", "geometry": {"type": "Point", "coordinates": [-1020521.0854999982, 4679709.684500001]}, "properties": {"OBJECTID": 21204, "COD_SIG": null, "IDTIPO": null, "NOME": "PAO DE A\u00c7UCAR - EXTRA", "REGEND": "001838", "MORADA": "INFANTE SANTO (AV)", "NUM_POLICIA": "38 A", "FREGUESIA": "113", "LOCALIDADE": "LISBOA", "COD_POST_4": "1350", "COD_POST_3": "179", "COM_INT_ID": null, "COD_ACT_ECON": "12003", "DESC_ACT_ECON": "Mini-Mercados/Auto-Servi\u00e7os", "ANO": 1996, "TIPO": "Retalho", "LOCALIZACAO": "Isolado", "C_INTEGRADO": null, "EMPRESA": "COMPANHIA PORTUGUESA LOJAS DE CONVENI\u00caNCIA, SA", "GlobalID": "271d56df-ca6c-4a56-b756-0bfee23f3e7b"}}, {"type": "Feature", "geometry": {"type": "Point", "coordinates": [-1016331.6061999984, 4683279.147]}, "properties": {"OBJECTID": 21396, "COD_SIG": null, "IDTIPO": null, "NOME": "A FLOR ALTO PINA LDA", "REGEND": "001793", "MORADA": "JACINTO NUNES (R)", "NUM_POLICIA": "20 A", "FREGUESIA": "119", "LOCALIDADE": null, "COD_POST_4": null, "COD_POST_3": null, "COM_INT_ID": null, "COD_ACT_ECON": "52104", "DESC_ACT_ECON": "CAFE/PASTELARIA - 3\u00aa CATEGORIA", "ANO": 1996, "TIPO": "Restaura\u00e7\u00e3o e Bebidas", "LOCALIZACAO": "Isolado", "C_INTEGRADO": null, "EMPRESA": "MARIA ISABEL SILVEIRA MENDES RODRIGUES MOURA", "GlobalID": "e0bff21e-d1fc-4518-a2fd-22b51e1a3703"}}, {"type": "Feature", "geometry": {"type": "Point", "coordinates": [-1020122.7296000011, 4679449.497599997]}, "properties": {"OBJECTID": 21866, "COD_SIG": null, "IDTIPO": null, "NOME": "PASTELARIA MONTE SINAI", "REGEND": "001876", "MORADA": "PRES ARRIAGA (R)", "NUM_POLICIA": "52", "FREGUESIA": "113", "LOCALIDADE": null, "COD_POST_4": null, "COD_POST_3": null, "COM_INT_ID": null, "COD_ACT_ECON": "52104", "DESC_ACT_ECON": "CAFE/PASTELARIA - 3\u00aa CATEGORIA", "ANO": 1996, "TIPO": "Restaura\u00e7\u00e3o e Bebidas", "LOCALIZACAO": "Isolado", "C_INTEGRADO": null, "EMPRESA": "MARIA ISABEL SILVEIRA MENDES RODRIGUES MOURA", "GlobalID": "d2abeb07-15ab-4d7b-b467-d49fa2ecd452"}}, {"type": "Feature", "geometry": {"type": "Point", "coordinates": [-1016324.6574000008, 4682443.387199998]}, "properties": {"OBJECTID": 22282, "COD_SIG": null, "IDTIPO": null, "NOME": "COISAS BOAS", "REGEND": "001818", "MORADA": "PENHA DE FRAN\u00c7A (R DA)", "NUM_POLICIA": "150 B", "FREGUESIA": "119", "LOCALIDADE": null, "COD_POST_4": null, "COD_POST_3": null, "COM_INT_ID": null, "COD_ACT_ECON": "52104", "DESC_ACT_ECON": "CAFE/PASTELARIA - 3\u00aa CATEGORIA", "ANO": 1996, "TIPO": "Restaura\u00e7\u00e3o e Bebidas", "LOCALIZACAO": "Isolado", "C_INTEGRADO": null, "EMPRESA": "MARIA ISABEL SILVEIRA MENDES RODRIGUES MOURA", "GlobalID": "df846711-7c6b-418a-b36a-440109e55679"}}, {"type": "Feature", "geometry": {"type": "Point", "coordinates": [-1017319.6920000017, 4681202.533299997]}, "properties": {"OBJECTID": 22437, "COD_SIG": null, "IDTIPO": null, "NOME": "ARMANDO ALMEIDA SANTOS LDA", "REGEND": "001679", "MORADA": "SANT'ANA (C DE)", "NUM_POLICIA": "139", "FREGUESIA": "105", "LOCALIDADE": null, "COD_POST_4": null, "COD_POST_3": null, "COM_INT_ID": null, "COD_ACT_ECON": "51403", "DESC_ACT_ECON": "OUTROS EST. COMIDAS REFEI\u00c7\u00d5ES - 3\u00aa CAT.", "ANO": 1996, "TIPO": "Restaura\u00e7\u00e3o e Bebidas", "LOCALIZACAO": "Isolado", "C_INTEGRADO": null, "EMPRESA": "ARMANDO ALMEIDA DOS SANTOS, LDA", "GlobalID": "341b7166-e300-4e86-979a-0307044d160a"}}, {"type": "Feature", "geometry": {"type": "Point", "coordinates": [-1019898.8570999987, 4679684.6065]}, "properties": {"OBJECTID": 22502, "COD_SIG": null, "IDTIPO": null, "NOME": "RESTAURANTE SUA EXCELENCIA", "REGEND": "001850", "MORADA": "CONDE (R DO)", "NUM_POLICIA": "40", "FREGUESIA": "113", "LOCALIDADE": null, "COD_POST_4": null, "COD_POST_3": null, "COM_INT_ID": null, "COD_ACT_ECON": "51105", "DESC_ACT_ECON": "RESTAURANTE - 2\u00aa CATEGORIA", "ANO": 1996, "TIPO": "Restaura\u00e7\u00e3o e Bebidas", "LOCALIZACAO": "Isolado", "C_INTEGRADO": null, "EMPRESA": "GRYPHOS SUA EXCEL\u00caNCIA NUMERO UM - ACT. HOTELEIRAS E RESTAURANTES, LDA", "GlobalID": "754eddb2-1865-4e74-893a-809ccfa1d12d"}}, {"type": "Feature", "geometry": {"type": "Point", "coordinates": [-1017250.4021000005, 4681023.652599998]}, "properties": {"OBJECTID": 22534, "COD_SIG": null, "IDTIPO": null, "NOME": "CARVALHO & VALE LDA", "REGEND": "001670", "MORADA": "SANT'ANA (C DE)", "NUM_POLICIA": "18", "FREGUESIA": "105", "LOCALIDADE": "LISBOA", "COD_POST_4": "1150", "COD_POST_3": "304", "COM_INT_ID": null, "COD_ACT_ECON": "51203", "DESC_ACT_ECON": "\"SNACK-BAR\" - 3\u00aa CATEGORIA", "ANO": 1996, "TIPO": "Restaura\u00e7\u00e3o e Bebidas", "LOCALIZACAO": "Isolado", "C_INTEGRADO": null, "EMPRESA": "CARVALHO & VALE, LDA", "GlobalID": "a2c092aa-9ec6-4349-8a2f-0e0e7ec23496"}}, {"type": "Feature", "geometry": {"type": "Point", "coordinates": [-1016129.6603000015, 4683244.931999996]}, "properties": {"OBJECTID": 22674, "COD_SIG": null, "IDTIPO": null, "NOME": "CASA MONTECATINI", "REGEND": "001758", "MORADA": "Pra\u00e7a Paiva Couceiro", "NUM_POLICIA": "4D", "FREGUESIA": "119", "LOCALIDADE": "LISBOA                         ", "COD_POST_4": "1170", "COD_POST_3": "284", "COM_INT_ID": null, "COD_ACT_ECON": "52104", "DESC_ACT_ECON": "CAFE/PASTELARIA - 3\u00aa CATEGORIA", "ANO": 1996, "TIPO": "Restaura\u00e7\u00e3o e Bebidas", "LOCALIZACAO": "Isolado", "C_INTEGRADO": null, "EMPRESA": "MARIA ISABEL SILVEIRA MENDES RODRIGUES MOURA", "GlobalID": "38885a0d-fe1e-4fe2-9c8f-7452d9382cbe"}}, {"type": "Feature", "geometry": {"type": "Point", "coordinates": [-1016381.9087999985, 4683431.563000001]}, "properties": {"OBJECTID": 22695, "COD_SIG": null, "IDTIPO": null, "NOME": "TRES MINHOTOS", "REGEND": "001805", "MORADA": "MORAIS SOARES (R)", "NUM_POLICIA": "83 A", "FREGUESIA": "119", "LOCALIDADE": "LISBOA", "COD_POST_4": "1900", "COD_POST_3": "342", "COM_INT_ID": null, "COD_ACT_ECON": "51107", "DESC_ACT_ECON": "RESTAURANTE - 3\u00aa CATEGORIA", "ANO": 1996, "TIPO": "Restaura\u00e7\u00e3o e Bebidas", "LOCALIZACAO": "Isolado", "C_INTEGRADO": null, "EMPRESA": "MARIA ISABEL SILVEIRA MENDES RODRIGUES MOURA", "GlobalID": "8087f942-0007-4c95-a944-c65c4b17398c"}}, {"type": "Feature", "geometry": {"type": "Point", "coordinates": [-1016282.2655000016, 4682153.714299999]}, "properties": {"OBJECTID": 22816, "COD_SIG": null, "IDTIPO": null, "NOME": "PARAISO DA PENHA", "REGEND": "001815", "MORADA": "PENHA DE FRAN\u00c7A (R DA)", "NUM_POLICIA": "79", "FREGUESIA": "119", "LOCALIDADE": null, "COD_POST_4": null, "COD_POST_3": null, "COM_INT_ID": null, "COD_ACT_ECON": "51107", "DESC_ACT_ECON": "RESTAURANTE - 3\u00aa CATEGORIA", "ANO": 1996, "TIPO": "Restaura\u00e7\u00e3o e Bebidas", "LOCALIZACAO": "Isolado", "C_INTEGRADO": null, "EMPRESA": "MARIA ISABEL SILVEIRA MENDES RODRIGUES MOURA", "GlobalID": "25cefb02-ed03-4c1a-876e-8d0e8de621a8"}}, {"type": "Feature", "geometry": {"type": "Point", "coordinates": [-1015277.4701000005, 4681204.592699997]}, "properties": {"OBJECTID": 22981, "COD_SIG": null, "IDTIPO": null, "NOME": "MARQUES & EUGENIO LDA", "REGEND": "002022", "MORADA": "BICA DO SAPATO (R DA)", "NUM_POLICIA": "6 A", "FREGUESIA": "124", "LOCALIDADE": null, "COD_POST_4": null, "COD_POST_3": null, "COM_INT_ID": null, "COD_ACT_ECON": "52705", "DESC_ACT_ECON": "Outros Estab. De Bebidas - Taberna", "ANO": 1996, "TIPO": "Restaura\u00e7\u00e3o e Bebidas", "LOCALIZACAO": "Isolado", "C_INTEGRADO": null, "EMPRESA": "MARIA ISABEL SILVEIRA MENDES RODRIGUES MOURA", "GlobalID": "2b0714ee-fb2f-4f79-9f88-263499fc2274"}}, {"type": "Feature", "geometry": {"type": "Point", "coordinates": [-1019875.1055000015, 4682134.330799997]}, "properties": {"OBJECTID": 23116, "COD_SIG": null, "IDTIPO": null, "NOME": "TOQUETEM", "REGEND": "002057", "MORADA": "ENG DUARTE PACHECO (AV)", "NUM_POLICIA": null, "FREGUESIA": "110", "LOCALIDADE": null, "COD_POST_4": null, "COD_POST_3": null, "COM_INT_ID": 48, "COD_ACT_ECON": "51107", "DESC_ACT_ECON": "RESTAURANTE - 3\u00aa CATEGORIA", "ANO": 1996, "TIPO": "Restaura\u00e7\u00e3o e Bebidas", "LOCALIZACAO": "Integrado - outro", "C_INTEGRADO": "SHOPPING CENTER AMOREIRAS", "EMPRESA": "MARIA ISABEL SILVEIRA MENDES RODRIGUES MOURA", "GlobalID": "2884cd7d-91f2-4d47-b7e1-3ed4af132439"}}, {"type": "Feature", "geometry": {"type": "Point", "coordinates": [-1018308.5146000013, 4680350.9626]}, "properties": {"OBJECTID": 23147, "COD_SIG": null, "IDTIPO": null, "NOME": "RAMOS & SEQUEIRA LDA", "REGEND": "001958", "MORADA": "COMBRO (C DO)", "NUM_POLICIA": "83", "FREGUESIA": "116", "LOCALIDADE": null, "COD_POST_4": null, "COD_POST_3": null, "COM_INT_ID": null, "COD_ACT_ECON": "52104", "DESC_ACT_ECON": "CAFE/PASTELARIA - 3\u00aa CATEGORIA", "ANO": 1996, "TIPO": "Restaura\u00e7\u00e3o e Bebidas", "LOCALIZACAO": "Isolado", "C_INTEGRADO": null, "EMPRESA": "RAMOS & SEQUEIRA LDA", "GlobalID": "eeb331d3-e7ff-4fdc-8d1f-1a78b65d9fe6"}}, {"type": "Feature", "geometry": {"type": "Point", "coordinates": [-1017593.2980000004, 4680080.464900002]}, "properties": {"OBJECTID": 23155, "COD_SIG": null, "IDTIPO": null, "NOME": "RESTAURANTE AVIZ", "REGEND": "001949", "MORADA": "SERPA PINTO (R) AO CHIADO", "NUM_POLICIA": "12 B/C", "FREGUESIA": "121", "LOCALIDADE": null, "COD_POST_4": null, "COD_POST_3": null, "COM_INT_ID": null, "COD_ACT_ECON": "51101", "DESC_ACT_ECON": "Restaurante - Luxo", "ANO": 1996, "TIPO": "Restaura\u00e7\u00e3o e Bebidas", "LOCALIZACAO": "Isolado", "C_INTEGRADO": null, "EMPRESA": "MARIA ISABEL SILVEIRA MENDES RODRIGUES MOURA", "GlobalID": "dd10f847-5df9-4b57-ad71-794fd7adade3"}}, {"type": "Feature", "geometry": {"type": "Point", "coordinates": [-1018103.0973000005, 4680469.320600003]}, "properties": {"OBJECTID": 23197, "COD_SIG": null, "IDTIPO": null, "NOME": "TIA ERMELINDA", "REGEND": "001971", "MORADA": "LUZ SORIANO (R)", "NUM_POLICIA": "36", "FREGUESIA": "116", "LOCALIDADE": null, "COD_POST_4": null, "COD_POST_3": null, "COM_INT_ID": null, "COD_ACT_ECON": "51107", "DESC_ACT_ECON": "RESTAURANTE - 3\u00aa CATEGORIA", "ANO": 1996, "TIPO": "Restaura\u00e7\u00e3o e Bebidas", "LOCALIZACAO": "Isolado", "C_INTEGRADO": null, "EMPRESA": "MARIA ISABEL SILVEIRA MENDES RODRIGUES MOURA", "GlobalID": "ef02bb50-905d-4da7-8a51-67b80261dbfe"}}, {"type": "Feature", "geometry": {"type": "Point", "coordinates": [-1018482.2342000008, 4680265.913400002]}, "properties": {"OBJECTID": 23611, "COD_SIG": null, "IDTIPO": null, "NOME": "CIPRIANO PEREIRA LDA", "REGEND": "002004", "MORADA": "ALCAIDE (T DO)", "NUM_POLICIA": "15 B", "FREGUESIA": "116", "LOCALIDADE": null, "COD_POST_4": null, "COD_POST_3": null, "COM_INT_ID": null, "COD_ACT_ECON": "51109", "DESC_ACT_ECON": "RESTAURANTE - CASA DE PASTO", "ANO": 1996, "TIPO": "Restaura\u00e7\u00e3o e Bebidas", "LOCALIZACAO": "Isolado", "C_INTEGRADO": null, "EMPRESA": "MARIA ISABEL SILVEIRA MENDES RODRIGUES MOURA", "GlobalID": "bb9ab198-a2eb-417a-a11a-0bc6b660f416"}}, {"type": "Feature", "geometry": {"type": "Point", "coordinates": [-1017584.5392999984, 4680565.0286]}, "properties": {"OBJECTID": 23757, "COD_SIG": null, "IDTIPO": null, "NOME": "DAVID LOUREN\u00c7O REAL", "REGEND": "001927", "MORADA": "CONDESSA (R DA)", "NUM_POLICIA": "9 A", "FREGUESIA": "121", "LOCALIDADE": null, "COD_POST_4": null, "COD_POST_3": null, "COM_INT_ID": null, "COD_ACT_ECON": "52704", "DESC_ACT_ECON": "OUTROS EST. DE BEBIDAS - 3\u00aa CATEGORIA", "ANO": 1996, "TIPO": "Restaura\u00e7\u00e3o e Bebidas", "LOCALIZACAO": "Isolado", "C_INTEGRADO": null, "EMPRESA": "DAVID L.REAL, LDA ", "GlobalID": "ab294a14-b952-40d5-b7fc-2d82a2ed4954"}}, {"type": "Feature", "geometry": {"type": "Point", "coordinates": [-1019308.9448999986, 4681410.6954]}, "properties": {"OBJECTID": 23836, "COD_SIG": null, "IDTIPO": null, "NOME": "ZONA +", "REGEND": "002046", "MORADA": "ALVARES CABRAL (AV)", "NUM_POLICIA": "35", "FREGUESIA": "110", "LOCALIDADE": null, "COD_POST_4": null, "COD_POST_3": null, "COM_INT_ID": null, "COD_ACT_ECON": "53103", "DESC_ACT_ECON": "SALA DE DAN\u00c7A DISCOTECA - 2\u00aa CATEGORIA", "ANO": 1996, "TIPO": "Restaura\u00e7\u00e3o e Bebidas", "LOCALIZACAO": "Isolado", "C_INTEGRADO": null, "EMPRESA": "MARIA ISABEL SILVEIRA MENDES RODRIGUES MOURA", "GlobalID": "775b226a-29b4-4617-a974-409f4a2491a0"}}, {"type": "Feature", "geometry": {"type": "Point", "coordinates": [-1020021.8123999983, 4682140.256999999]}, "properties": {"OBJECTID": 23848, "COD_SIG": null, "IDTIPO": null, "NOME": "PIZZA PAZZA", "REGEND": "002059", "MORADA": "Avenida Engenheiro Duarte Pacheco", "NUM_POLICIA": "Lote 7", "FREGUESIA": "110", "LOCALIDADE": "LISBOA                         ", "COD_POST_4": "1070", "COD_POST_3": "100", "COM_INT_ID": 48, "COD_ACT_ECON": "51107", "DESC_ACT_ECON": "RESTAURANTE - 3\u00aa CATEGORIA", "ANO": 1996, "TIPO": "Restaura\u00e7\u00e3o e Bebidas", "LOCALIZACAO": "Integrado - outro", "C_INTEGRADO": "SHOPPING CENTER AMOREIRAS", "EMPRESA": "CEIA COM\u00c9RCIO IND\u00daSTRIA DE ALIMENTOS, LDA", "GlobalID": "a1949fa9-029a-460f-97b9-969f2d35ef33"}}, {"type": "Feature", "geometry": {"type": "Point", "coordinates": [-1015550.8772, 4681560.956100002]}, "properties": {"OBJECTID": 23898, "COD_SIG": null, "IDTIPO": null, "NOME": "ANTONIO PIRES LOUREN\u00c7O", "REGEND": "002035", "MORADA": "MATO GROSSO (R DO)", "NUM_POLICIA": "26", "FREGUESIA": "124", "LOCALIDADE": "LISBOA", "COD_POST_4": "1170", "COD_POST_3": "237", "COM_INT_ID": null, "COD_ACT_ECON": "52705", "DESC_ACT_ECON": "Outros Estab. De Bebidas - Taberna", "ANO": 1996, "TIPO": "Restaura\u00e7\u00e3o e Bebidas", "LOCALIZACAO": "Isolado", "C_INTEGRADO": null, "EMPRESA": "ANTONIO PIRES LOUREN\u00c7O", "GlobalID": "de7f7094-e26d-489d-8d08-9577b1e34dee"}}, {"type": "Feature", "geometry": {"type": "Point", "coordinates": [-1015623.7747999988, 4681513.424199998]}, "properties": {"OBJECTID": 23900, "COD_SIG": null, "IDTIPO": null, "NOME": "SOBOLOS", "REGEND": "002039", "MORADA": "VALE DE ST ANTONIO (R DO)", "NUM_POLICIA": "122 A", "FREGUESIA": "124", "LOCALIDADE": null, "COD_POST_4": null, "COD_POST_3": null, "COM_INT_ID": null, "COD_ACT_ECON": "52103", "DESC_ACT_ECON": "CAF\u00c9/PASTELARIA - 2\u00aa CATEGORIA", "ANO": 1996, "TIPO": "Restaura\u00e7\u00e3o e Bebidas", "LOCALIZACAO": "Isolado", "C_INTEGRADO": null, "EMPRESA": "MARIA ISABEL SILVEIRA MENDES RODRIGUES MOURA", "GlobalID": "153fa25d-a6ea-4f28-995c-2fae2875e56f"}}, {"type": "Feature", "geometry": {"type": "Point", "coordinates": [-1019833.9710999988, 4682170.460100003]}, "properties": {"OBJECTID": 24231, "COD_SIG": null, "IDTIPO": null, "NOME": "HAMBURGAO", "REGEND": "002073", "MORADA": "ENG DUARTE PACHECO (AV)", "NUM_POLICIA": null, "FREGUESIA": "110", "LOCALIDADE": null, "COD_POST_4": null, "COD_POST_3": null, "COM_INT_ID": 48, "COD_ACT_ECON": "51203", "DESC_ACT_ECON": "\"SNACK-BAR\" - 3\u00aa CATEGORIA", "ANO": 1996, "TIPO": "Restaura\u00e7\u00e3o e Bebidas", "LOCALIZACAO": "Integrado - outro", "C_INTEGRADO": "SHOPPING CENTER AMOREIRAS", "EMPRESA": "MARIA ISABEL SILVEIRA MENDES RODRIGUES MOURA", "GlobalID": "6e202804-8f98-4777-a005-b3f662b2bac5"}}, {"type": "Feature", "geometry": {"type": "Point", "coordinates": [-1019870.2906000018, 4679700.4750000015]}, "properties": {"OBJECTID": 24269, "COD_SIG": null, "IDTIPO": null, "NOME": "RESTAURANTE INOCENCIA", "REGEND": "001908", "MORADA": "ST ANTONIO (T DE) A SANTOS", "NUM_POLICIA": "11 A", "FREGUESIA": "113", "LOCALIDADE": "LISBOA                         ", "COD_POST_4": "1200", "COD_POST_3": "805", "COM_INT_ID": null, "COD_ACT_ECON": "51107", "DESC_ACT_ECON": "RESTAURANTE - 3\u00aa CATEGORIA", "ANO": 1996, "TIPO": "Restaura\u00e7\u00e3o e Bebidas", "LOCALIZACAO": "Isolado", "C_INTEGRADO": null, "EMPRESA": "MARIA ISABEL SILVEIRA MENDES RODRIGUES MOURA", "GlobalID": "3e567499-7cd5-4927-b674-4d532043ce1b"}}, {"type": "Feature", "geometry": {"type": "Point", "coordinates": [-1019875.1055000015, 4682134.330799997]}, "properties": {"OBJECTID": 24337, "COD_SIG": null, "IDTIPO": null, "NOME": "BIRRA", "REGEND": "002051", "MORADA": "Avenida Engenheiro Duarte Pacheco", "NUM_POLICIA": "Lote 7", "FREGUESIA": "110", "LOCALIDADE": "LISBOA                         ", "COD_POST_4": "1070", "COD_POST_3": "100", "COM_INT_ID": 48, "COD_ACT_ECON": "51107", "DESC_ACT_ECON": "RESTAURANTE - 3\u00aa CATEGORIA", "ANO": 1996, "TIPO": "Restaura\u00e7\u00e3o e Bebidas", "LOCALIZACAO": "Integrado - outro", "C_INTEGRADO": "SHOPPING CENTER AMOREIRAS", "EMPRESA": "MARIA ISABEL SILVEIRA MENDES RODRIGUES MOURA", "GlobalID": "e61664db-f5b9-4086-bcac-5bab75409982"}}, {"type": "Feature", "geometry": {"type": "Point", "coordinates": [-1015557.2151999995, 4680796.735799998]}, "properties": {"OBJECTID": 24956, "COD_SIG": null, "IDTIPO": null, "NOME": "CAFETARIA SUL", "REGEND": "002014", "MORADA": "CAMINHOS DE FERRO (L DOS)", "NUM_POLICIA": "C.P.", "FREGUESIA": "124", "LOCALIDADE": null, "COD_POST_4": null, "COD_POST_3": null, "COM_INT_ID": 200, "COD_ACT_ECON": "52104", "DESC_ACT_ECON": "CAFE/PASTELARIA - 3\u00aa CATEGORIA", "ANO": 1996, "TIPO": "Restaura\u00e7\u00e3o e Bebidas", "LOCALIZACAO": "Integrado - outro", "C_INTEGRADO": "ESTA\u00c7\u00c3O CAMINHOS DE FERRO STA APOL\u00d3NIA", "EMPRESA": "EUREST (PORTUGAL) - SOCIEDADE EUROPEIA DE RESTAURANTES, LDA  ", "GlobalID": "d4b92d71-1d9b-440f-b78c-937d0a02571b"}}, {"type": "Feature", "geometry": {"type": "Point", "coordinates": [-1017661.5483999997, 4683264.498899996]}, "properties": {"OBJECTID": 24985, "COD_SIG": null, "IDTIPO": null, "NOME": "RESTAURANTE FLOR BEIRA BAIXA", "REGEND": "002149", "MORADA": "MARTIN MONIZ (L)", "NUM_POLICIA": null, "FREGUESIA": null, "LOCALIDADE": null, "COD_POST_4": null, "COD_POST_3": null, "COM_INT_ID": null, "COD_ACT_ECON": "51107", "DESC_ACT_ECON": "RESTAURANTE - 3\u00aa CATEGORIA", "ANO": 1996, "TIPO": "Restaura\u00e7\u00e3o e Bebidas", "LOCALIZACAO": "Isolado", "C_INTEGRADO": null, "EMPRESA": "MARIA ISABEL SILVEIRA MENDES RODRIGUES MOURA", "GlobalID": "578a90c0-f6d7-43ff-b273-c429ec4c2881"}}, {"type": "Feature", "geometry": {"type": "Point", "coordinates": [-1018758.4550999999, 4680201.859999999]}, "properties": {"OBJECTID": 25158, "COD_SIG": null, "IDTIPO": null, "NOME": "CONFEITARIA FRANCESA", "REGEND": "001988", "MORADA": "PO\u00c7O DOS NEGROS (R DO)", "NUM_POLICIA": "128", "FREGUESIA": "116", "LOCALIDADE": "LISBOA                         ", "COD_POST_4": "1200", "COD_POST_3": "342", "COM_INT_ID": null, "COD_ACT_ECON": "52104", "DESC_ACT_ECON": "CAFE/PASTELARIA - 3\u00aa CATEGORIA", "ANO": 1996, "TIPO": "Restaura\u00e7\u00e3o e Bebidas", "LOCALIZACAO": "Isolado", "C_INTEGRADO": null, "EMPRESA": "MARTINS & NEVES, LDA", "GlobalID": "067eb7ee-f53b-4004-aac5-ef348ffe62ca"}}, {"type": "Feature", "geometry": {"type": "Point", "coordinates": [-1019875.1055000015, 4682134.330799997]}, "properties": {"OBJECTID": 25389, "COD_SIG": null, "IDTIPO": null, "NOME": "FRIED CHICKEN", "REGEND": "002064", "MORADA": "ENG DUARTE PACHECO (AV)", "NUM_POLICIA": null, "FREGUESIA": "110", "LOCALIDADE": null, "COD_POST_4": null, "COD_POST_3": null, "COM_INT_ID": 48, "COD_ACT_ECON": "51105", "DESC_ACT_ECON": "RESTAURANTE - 2\u00aa CATEGORIA", "ANO": 1996, "TIPO": "Restaura\u00e7\u00e3o e Bebidas", "LOCALIZACAO": "Integrado - outro", "C_INTEGRADO": "SHOPPING CENTER AMOREIRAS", "EMPRESA": "MARIA ISABEL SILVEIRA MENDES RODRIGUES MOURA", "GlobalID": "70ec7aa9-6e1d-48cd-b217-29f9fbafbc77"}}, {"type": "Feature", "geometry": {"type": "Point", "coordinates": [-1017682.5300999992, 4680980.320500001]}, "properties": {"OBJECTID": 25491, "COD_SIG": null, "IDTIPO": null, "NOME": "RESTAURANTE CERVEJARIA A TRAINEIRA", "REGEND": "002165", "MORADA": "RESTAURADORES (PR DOS)", "NUM_POLICIA": "18", "FREGUESIA": "121", "LOCALIDADE": null, "COD_POST_4": null, "COD_POST_3": null, "COM_INT_ID": null, "COD_ACT_ECON": "51107", "DESC_ACT_ECON": "RESTAURANTE - 3\u00aa CATEGORIA", "ANO": 1996, "TIPO": "Restaura\u00e7\u00e3o e Bebidas", "LOCALIZACAO": "Isolado", "C_INTEGRADO": null, "EMPRESA": "MARIA ISABEL SILVEIRA MENDES RODRIGUES MOURA", "GlobalID": "6c3ad45b-fa5f-442c-85f1-0cbb2a6b57a6"}}, {"type": "Feature", "geometry": {"type": "Point", "coordinates": [-1017582.8588000014, 4680333.603399999]}, "properties": {"OBJECTID": 25763, "COD_SIG": null, "IDTIPO": null, "NOME": "PASTELARIA FERRARI", "REGEND": "001937", "MORADA": "GARRETT (R)", "NUM_POLICIA": "72", "FREGUESIA": "121", "LOCALIDADE": null, "COD_POST_4": null, "COD_POST_3": null, "COM_INT_ID": 72, "COD_ACT_ECON": "51103", "DESC_ACT_ECON": "Restaurante", "ANO": 1996, "TIPO": "Restaura\u00e7\u00e3o e Bebidas", "LOCALIZACAO": "Integrado - outro", "C_INTEGRADO": "CENTRO COMERCIAL GALERIA 80", "EMPRESA": "MARIA ISABEL SILVEIRA MENDES RODRIGUES MOURA", "GlobalID": "1505be72-1229-4323-9c51-07758afd9acd"}}, {"type": "Feature", "geometry": {"type": "Point", "coordinates": [-1019875.1055000015, 4682134.330799997]}, "properties": {"OBJECTID": 25893, "COD_SIG": null, "IDTIPO": null, "NOME": "TWISTER", "REGEND": "002067", "MORADA": "Avenida Engenheiro Duarte Pacheco", "NUM_POLICIA": "Lote 7", "FREGUESIA": "110", "LOCALIDADE": "LISBOA                         ", "COD_POST_4": "1070", "COD_POST_3": "100", "COM_INT_ID": 48, "COD_ACT_ECON": "51107", "DESC_ACT_ECON": "RESTAURANTE - 3\u00aa CATEGORIA", "ANO": 1996, "TIPO": "Restaura\u00e7\u00e3o e Bebidas", "LOCALIZACAO": "Integrado - outro", "C_INTEGRADO": "SHOPPING CENTER AMOREIRAS", "EMPRESA": "MARIA ISABEL SILVEIRA MENDES RODRIGUES MOURA", "GlobalID": "ab278638-e657-41e4-b707-69759c58ddad"}}, {"type": "Feature", "geometry": {"type": "Point", "coordinates": [-1017659.8258000016, 4680947.9221]}, "properties": {"OBJECTID": 25990, "COD_SIG": null, "IDTIPO": null, "NOME": "TAVERNA IMPERIAL", "REGEND": "002164", "MORADA": "RESTAURADORES (PR DOS)", "NUM_POLICIA": "16", "FREGUESIA": "121", "LOCALIDADE": null, "COD_POST_4": null, "COD_POST_3": null, "COM_INT_ID": null, "COD_ACT_ECON": "52104", "DESC_ACT_ECON": "CAFE/PASTELARIA - 3\u00aa CATEGORIA", "ANO": 1996, "TIPO": "Restaura\u00e7\u00e3o e Bebidas", "LOCALIZACAO": "Isolado", "C_INTEGRADO": null, "EMPRESA": "MARIA ISABEL SILVEIRA MENDES RODRIGUES MOURA", "GlobalID": "cad54291-009c-42c8-a76b-e9a6d2501056"}}, {"type": "Feature", "geometry": {"type": "Point", "coordinates": [-1017497.9495999999, 4680838.428900003]}, "properties": {"OBJECTID": 26338, "COD_SIG": null, "IDTIPO": null, "NOME": "ANTONIO RODRIGUES & MONICA", "REGEND": "002225", "MORADA": "D JOAO DA CAMARA (PR)", "NUM_POLICIA": "1", "FREGUESIA": "121", "LOCALIDADE": null, "COD_POST_4": null, "COD_POST_3": null, "COM_INT_ID": null, "COD_ACT_ECON": "52104", "DESC_ACT_ECON": "CAFE/PASTELARIA - 3\u00aa CATEGORIA", "ANO": 1996, "TIPO": "Restaura\u00e7\u00e3o e Bebidas", "LOCALIZACAO": "Isolado", "C_INTEGRADO": null, "EMPRESA": "MARIA ISABEL SILVEIRA MENDES RODRIGUES MOURA", "GlobalID": "447a74a3-cb79-444f-9965-f9c67cd58abd"}}, {"type": "Feature", "geometry": {"type": "Point", "coordinates": [-1019326.3651, 4681251.137000002]}, "properties": {"OBJECTID": 26414, "COD_SIG": null, "IDTIPO": null, "NOME": "CADETE & BATISTA LDA", "REGEND": "002132", "MORADA": "ST QUITERIA (T DE)", "NUM_POLICIA": "59", "FREGUESIA": "110", "LOCALIDADE": null, "COD_POST_4": null, "COD_POST_3": null, "COM_INT_ID": null, "COD_ACT_ECON": "52704", "DESC_ACT_ECON": "OUTROS EST. DE BEBIDAS - 3\u00aa CATEGORIA", "ANO": 1996, "TIPO": "Restaura\u00e7\u00e3o e Bebidas", "LOCALIZACAO": "Isolado", "C_INTEGRADO": null, "EMPRESA": "MARIA ISABEL SILVEIRA MENDES RODRIGUES MOURA", "GlobalID": "e2740f8f-d0c6-4450-b024-e6d6cbf123fd"}}, {"type": "Feature", "geometry": {"type": "Point", "coordinates": [-1017093.3588000014, 4681523.149800003]}, "properties": {"OBJECTID": 26418, "COD_SIG": null, "IDTIPO": null, "NOME": "MANUEL GIL GONZALEZ", "REGEND": "002136", "MORADA": "DESTERRO (C DO)", "NUM_POLICIA": "23", "FREGUESIA": "121", "LOCALIDADE": null, "COD_POST_4": null, "COD_POST_3": null, "COM_INT_ID": null, "COD_ACT_ECON": "52704", "DESC_ACT_ECON": "OUTROS EST. DE BEBIDAS - 3\u00aa CATEGORIA", "ANO": 1996, "TIPO": "Restaura\u00e7\u00e3o e Bebidas", "LOCALIZACAO": "Isolado", "C_INTEGRADO": null, "EMPRESA": "MARIA ISABEL SILVEIRA MENDES RODRIGUES MOURA", "GlobalID": "61763792-5486-4ae3-8b4b-dbc2755ef92e"}}, {"type": "Feature", "geometry": {"type": "Point", "coordinates": [-1017450.6964000016, 4680731.001699999]}, "properties": {"OBJECTID": 26430, "COD_SIG": null, "IDTIPO": null, "NOME": "LISBOA BAR", "REGEND": "002134", "MORADA": "CARMO (C)", "NUM_POLICIA": "1", "FREGUESIA": "121", "LOCALIDADE": null, "COD_POST_4": null, "COD_POST_3": null, "COM_INT_ID": null, "COD_ACT_ECON": "52104", "DESC_ACT_ECON": "CAFE/PASTELARIA - 3\u00aa CATEGORIA", "ANO": 1996, "TIPO": "Restaura\u00e7\u00e3o e Bebidas", "LOCALIZACAO": "Isolado", "C_INTEGRADO": null, "EMPRESA": "MARIA ISABEL SILVEIRA MENDES RODRIGUES MOURA", "GlobalID": "680576dc-469a-4984-9bea-6023d3360f71"}}, {"type": "Feature", "geometry": {"type": "Point", "coordinates": [-1017544.0898999982, 4680844.3440999985]}, "properties": {"OBJECTID": 26433, "COD_SIG": null, "IDTIPO": null, "NOME": "SANDWICH BAR", "REGEND": "002138", "MORADA": "D JOAO DA CAMARA (PR)", "NUM_POLICIA": "427", "FREGUESIA": "121", "LOCALIDADE": null, "COD_POST_4": null, "COD_POST_3": null, "COM_INT_ID": 112, "COD_ACT_ECON": "52404", "DESC_ACT_ECON": "BAR/\"PUB\" - 3\u00aa CATEGORIA", "ANO": 1996, "TIPO": "Restaura\u00e7\u00e3o e Bebidas", "LOCALIZACAO": "Integrado - outro", "C_INTEGRADO": "CENTRO COMERCIAL TERMINAL", "EMPRESA": "MARIA ISABEL SILVEIRA MENDES RODRIGUES MOURA", "GlobalID": "aa1abd54-80bb-4fbd-934f-16010f00dae3"}}, {"type": "Feature", "geometry": {"type": "Point", "coordinates": [-1017555.0399999991, 4681142.375699997]}, "properties": {"OBJECTID": 26649, "COD_SIG": null, "IDTIPO": null, "NOME": "MARIA FERNANDA SILVA PERES COSTA PINHEIRO", "REGEND": "002217", "MORADA": "PORTAS DE ST ANTAO (R DAS)", "NUM_POLICIA": "109", "FREGUESIA": "121", "LOCALIDADE": null, "COD_POST_4": null, "COD_POST_3": null, "COM_INT_ID": null, "COD_ACT_ECON": "52104", "DESC_ACT_ECON": "CAFE/PASTELARIA - 3\u00aa CATEGORIA", "ANO": 1996, "TIPO": "Restaura\u00e7\u00e3o e Bebidas", "LOCALIZACAO": "Isolado", "C_INTEGRADO": null, "EMPRESA": "MARIA ISABEL SILVEIRA MENDES RODRIGUES MOURA", "GlobalID": "671d0b16-74d1-42f1-9d77-3d33ae249da4"}}, {"type": "Feature", "geometry": {"type": "Point", "coordinates": [-1017428.7126000002, 4680678.142800003]}, "properties": {"OBJECTID": 26827, "COD_SIG": null, "IDTIPO": null, "NOME": "LEITARIA LUSO CENTRAL", "REGEND": "002156", "MORADA": "D PEDRO IV (PR DE) ROSSIO", "NUM_POLICIA": "27", "FREGUESIA": "121", "LOCALIDADE": "LISBOA", "COD_POST_4": "1100", "COD_POST_3": "200", "COM_INT_ID": null, "COD_ACT_ECON": "52103", "DESC_ACT_ECON": "CAF\u00c9/PASTELARIA - 2\u00aa CATEGORIA", "ANO": 1996, "TIPO": "Restaura\u00e7\u00e3o e Bebidas", "LOCALIZACAO": "Isolado", "C_INTEGRADO": null, "EMPRESA": "LEITARIA LUSO CENTRAL", "GlobalID": "cc1bb2ef-5831-4c66-a54c-3ee3bd4ec81a"}}, {"type": "Feature", "geometry": {"type": "Point", "coordinates": [-1025396.7518000007, 4678170.644400001]}, "properties": {"OBJECTID": 26911, "COD_SIG": null, "IDTIPO": null, "NOME": "BRITO E MARTINS", "REGEND": "002250", "MORADA": "BARTOLOMEU DIAS (R)", "NUM_POLICIA": "86 A", "FREGUESIA": "108", "LOCALIDADE": null, "COD_POST_4": null, "COD_POST_3": null, "COM_INT_ID": null, "COD_ACT_ECON": "52705", "DESC_ACT_ECON": "Outros Estab. De Bebidas - Taberna", "ANO": 1996, "TIPO": "Restaura\u00e7\u00e3o e Bebidas", "LOCALIZACAO": "Isolado", "C_INTEGRADO": null, "EMPRESA": "MARIA ISABEL SILVEIRA MENDES RODRIGUES MOURA", "GlobalID": "3f3812b1-e689-41e3-a3ef-e3289b80305c"}}, {"type": "Feature", "geometry": {"type": "Point", "coordinates": [-1024457.5034999996, 4678389.6109]}, "properties": {"OBJECTID": 27036, "COD_SIG": null, "IDTIPO": null, "NOME": "ADAMASTOR INDUSTRIA ALIMENTAR LDA", "REGEND": "002259", "MORADA": "Rua de Bel\u00e9m", "NUM_POLICIA": "77", "FREGUESIA": "108", "LOCALIDADE": null, "COD_POST_4": "1300", "COD_POST_3": "083", "COM_INT_ID": null, "COD_ACT_ECON": "52104", "DESC_ACT_ECON": "CAFE/PASTELARIA - 3\u00aa CATEGORIA", "ANO": 1996, "TIPO": "Restaura\u00e7\u00e3o e Bebidas", "LOCALIZACAO": "Isolado", "C_INTEGRADO": null, "EMPRESA": "ADAMASTOR INDUSTRIA ALIMENTAR, LDA", "GlobalID": "8554615e-5c49-4e8c-acea-fbc23fb28d9d"}}, {"type": "Feature", "geometry": {"type": "Point", "coordinates": [-1025712.4688999988, 4678039.469800003]}, "properties": {"OBJECTID": 27047, "COD_SIG": null, "IDTIPO": null, "NOME": "CORREIA & BOU\u00c7UINHA", "REGEND": "002311", "MORADA": "PRAIA DO BOM SUCESSO (R DA)", "NUM_POLICIA": "44/48", "FREGUESIA": "108", "LOCALIDADE": null, "COD_POST_4": null, "COD_POST_3": null, "COM_INT_ID": null, "COD_ACT_ECON": "51109", "DESC_ACT_ECON": "RESTAURANTE - CASA DE PASTO", "ANO": 1996, "TIPO": "Restaura\u00e7\u00e3o e Bebidas", "LOCALIZACAO": "Isolado", "C_INTEGRADO": null, "EMPRESA": "MARIA ISABEL SILVEIRA MENDES RODRIGUES MOURA", "GlobalID": "9ca198d9-c761-4a04-a469-9aac69e6376b"}}, {"type": "Feature", "geometry": {"type": "Point", "coordinates": [-1017544.0898999982, 4680844.3440999985]}, "properties": {"OBJECTID": 27319, "COD_SIG": null, "IDTIPO": null, "NOME": "LOJA 510", "REGEND": "002139", "MORADA": "D JOAO DA CAMARA (PR)", "NUM_POLICIA": "427", "FREGUESIA": "121", "LOCALIDADE": null, "COD_POST_4": null, "COD_POST_3": null, "COM_INT_ID": 112, "COD_ACT_ECON": "52103", "DESC_ACT_ECON": "CAF\u00c9/PASTELARIA - 2\u00aa CATEGORIA", "ANO": 1996, "TIPO": "Restaura\u00e7\u00e3o e Bebidas", "LOCALIZACAO": "Integrado - outro", "C_INTEGRADO": "CENTRO COMERCIAL TERMINAL", "EMPRESA": "MARIA ISABEL SILVEIRA MENDES RODRIGUES MOURA", "GlobalID": "681d50c3-ee9a-4f10-aa21-01164cafaf05"}}, {"type": "Feature", "geometry": {"type": "Point", "coordinates": [-1016935.7509000003, 4681159.490900002]}, "properties": {"OBJECTID": 27325, "COD_SIG": null, "IDTIPO": null, "NOME": "SAKONI", "REGEND": "002146", "MORADA": "MARTIN MONIZ (L)", "NUM_POLICIA": "C.C.MOURARIA", "FREGUESIA": "121", "LOCALIDADE": null, "COD_POST_4": null, "COD_POST_3": null, "COM_INT_ID": 90, "COD_ACT_ECON": "51107", "DESC_ACT_ECON": "RESTAURANTE - 3\u00aa CATEGORIA", "ANO": 1996, "TIPO": "Restaura\u00e7\u00e3o e Bebidas", "LOCALIZACAO": "Integrado - outro", "C_INTEGRADO": "CENTRO COMERCIAL MOURARIA", "EMPRESA": "MARIA ISABEL SILVEIRA MENDES RODRIGUES MOURA", "GlobalID": "72a95679-0223-4e88-8090-d734e696ff58"}}, {"type": "Feature", "geometry": {"type": "Point", "coordinates": [-1017323.9083000012, 4680840.3522000015]}, "properties": {"OBJECTID": 27853, "COD_SIG": null, "IDTIPO": null, "NOME": "A MORAIS & MALVEIRO LDA", "REGEND": "002181", "MORADA": "D ANTAO DE ALMADA (R)", "NUM_POLICIA": "5 A/B", "FREGUESIA": "121", "LOCALIDADE": null, "COD_POST_4": null, "COD_POST_3": null, "COM_INT_ID": null, "COD_ACT_ECON": "51107", "DESC_ACT_ECON": "RESTAURANTE - 3\u00aa CATEGORIA", "ANO": 1996, "TIPO": "Restaura\u00e7\u00e3o e Bebidas", "LOCALIZACAO": "Isolado", "C_INTEGRADO": null, "EMPRESA": "MARIA ISABEL SILVEIRA MENDES RODRIGUES MOURA", "GlobalID": "c75264d0-a982-4fc6-86cb-eddfd5dd6664"}}, {"type": "Feature", "geometry": {"type": "Point", "coordinates": [-1017679.7063999996, 4680977.0075]}, "properties": {"OBJECTID": 27976, "COD_SIG": null, "IDTIPO": null, "NOME": "DING DONG", "REGEND": "002166", "MORADA": "RESTAURADORES (PR DOS)", "NUM_POLICIA": "20", "FREGUESIA": "121", "LOCALIDADE": null, "COD_POST_4": null, "COD_POST_3": null, "COM_INT_ID": null, "COD_ACT_ECON": "51203", "DESC_ACT_ECON": "\"SNACK-BAR\" - 3\u00aa CATEGORIA", "ANO": 1996, "TIPO": "Restaura\u00e7\u00e3o e Bebidas", "LOCALIZACAO": "Isolado", "C_INTEGRADO": null, "EMPRESA": "MARIA ISABEL SILVEIRA MENDES RODRIGUES MOURA", "GlobalID": "90a2e72d-f9ba-4615-b354-d7fe19282084"}}, {"type": "Feature", "geometry": {"type": "Point", "coordinates": [-1024432.9164000005, 4679263.0151999965]}, "properties": {"OBJECTID": 27994, "COD_SIG": null, "IDTIPO": null, "NOME": "CASA DA MEMORIA", "REGEND": "002240", "MORADA": "Cal\u00e7ada do Galv\u00e3o", "NUM_POLICIA": "121", "FREGUESIA": "108", "LOCALIDADE": null, "COD_POST_4": "1400", "COD_POST_3": "176", "COM_INT_ID": null, "COD_ACT_ECON": "51107", "DESC_ACT_ECON": "RESTAURANTE - 3\u00aa CATEGORIA", "ANO": 1996, "TIPO": "Restaura\u00e7\u00e3o e Bebidas", "LOCALIZACAO": "Isolado", "C_INTEGRADO": null, "EMPRESA": "MARIA ISABEL SILVEIRA MENDES RODRIGUES MOURA", "GlobalID": "cf73bf7f-4a71-419b-934d-116bc63cf0cc"}}, {"type": "Feature", "geometry": {"type": "Point", "coordinates": [-1020100.5555999987, 4681266.4086000025]}, "properties": {"OBJECTID": 28131, "COD_SIG": null, "IDTIPO": null, "NOME": "CAFETARIA MILLENIUM", "REGEND": "002449", "MORADA": "ALMEIDA E SOUSA (R)", "NUM_POLICIA": "17", "FREGUESIA": "110", "LOCALIDADE": "LISBOA", "COD_POST_4": "1250", "COD_POST_3": "064", "COM_INT_ID": null, "COD_ACT_ECON": "52104", "DESC_ACT_ECON": "CAFE/PASTELARIA - 3\u00aa CATEGORIA", "ANO": 1996, "TIPO": "Restaura\u00e7\u00e3o e Bebidas", "LOCALIZACAO": "Isolado", "C_INTEGRADO": null, "EMPRESA": "MARIA ISABEL SILVEIRA MENDES RODRIGUES MOURA", "GlobalID": "a37e54e9-0485-4e1a-92cc-a0ac0e3223aa"}}, {"type": "Feature", "geometry": {"type": "Point", "coordinates": [-1017544.0898999982, 4680844.3440999985]}, "properties": {"OBJECTID": 28475, "COD_SIG": null, "IDTIPO": null, "NOME": "MARTINS & NELITA LDA", "REGEND": "002137", "MORADA": "D JOAO DA CAMARA (PR)", "NUM_POLICIA": "427", "FREGUESIA": "121", "LOCALIDADE": null, "COD_POST_4": null, "COD_POST_3": null, "COM_INT_ID": 112, "COD_ACT_ECON": "52104", "DESC_ACT_ECON": "CAFE/PASTELARIA - 3\u00aa CATEGORIA", "ANO": 1996, "TIPO": "Restaura\u00e7\u00e3o e Bebidas", "LOCALIZACAO": "Integrado - outro", "C_INTEGRADO": "CENTRO COMERCIAL TERMINAL", "EMPRESA": "MARIA ISABEL SILVEIRA MENDES RODRIGUES MOURA", "GlobalID": "bb5939f2-07c8-4ece-b3fb-47679c67219b"}}, {"type": "Feature", "geometry": {"type": "Point", "coordinates": [-1026332.6660999991, 4678224.809900001]}, "properties": {"OBJECTID": 28564, "COD_SIG": null, "IDTIPO": null, "NOME": "NASCIMENTO SANTOS RIBEIRO LDA", "REGEND": "002306", "MORADA": "PEDROU\u00c7OS (R DE)", "NUM_POLICIA": "75 C/D", "FREGUESIA": "108", "LOCALIDADE": "LISBOA", "COD_POST_4": "1400", "COD_POST_3": "286", "COM_INT_ID": null, "COD_ACT_ECON": "52104", "DESC_ACT_ECON": "CAFE/PASTELARIA - 3\u00aa CATEGORIA", "ANO": 1996, "TIPO": "Restaura\u00e7\u00e3o e Bebidas", "LOCALIZACAO": "Isolado", "C_INTEGRADO": null, "EMPRESA": "NASCIMENTO SANTOS RIBEIRO LDA", "GlobalID": "8098ed7d-afc6-45a5-b5d0-a8f68308dbb1"}}, {"type": "Feature", "geometry": {"type": "Point", "coordinates": [-1017527.1231000014, 4680980.651299998]}, "properties": {"OBJECTID": 28619, "COD_SIG": null, "IDTIPO": null, "NOME": "SELF SERVICE BONJARDIM REGEDOR", "REGEND": "002184", "MORADA": "JARDIM DO REGEDOR (R DO)", "NUM_POLICIA": "37", "FREGUESIA": "121", "LOCALIDADE": null, "COD_POST_4": null, "COD_POST_3": null, "COM_INT_ID": null, "COD_ACT_ECON": "51302", "DESC_ACT_ECON": "\"SELF-SERVICE\" - 2\u00aa CATEGORIA", "ANO": 1996, "TIPO": "Restaura\u00e7\u00e3o e Bebidas", "LOCALIZACAO": "Isolado", "C_INTEGRADO": null, "EMPRESA": "MARIA ISABEL SILVEIRA MENDES RODRIGUES MOURA", "GlobalID": "c493d2c1-1d73-4c6c-be0b-c10b1b45ba3c"}}, {"type": "Feature", "geometry": {"type": "Point", "coordinates": [-1025712.3933000006, 4678069.163999997]}, "properties": {"OBJECTID": 28746, "COD_SIG": null, "IDTIPO": null, "NOME": "BARTOLOMEU DIAS", "REGEND": "002251", "MORADA": "BARTOLOMEU DIAS (R)", "NUM_POLICIA": "117/119/121", "FREGUESIA": "108", "LOCALIDADE": "LISBOA                         ", "COD_POST_4": "1400", "COD_POST_3": "127", "COM_INT_ID": null, "COD_ACT_ECON": "51107", "DESC_ACT_ECON": "RESTAURANTE - 3\u00aa CATEGORIA", "ANO": 1996, "TIPO": "Restaura\u00e7\u00e3o e Bebidas", "LOCALIZACAO": "Isolado", "C_INTEGRADO": null, "EMPRESA": "MARIA ISABEL SILVEIRA MENDES RODRIGUES MOURA", "GlobalID": "ba89cf34-c872-46e1-b236-605abeeb39ad"}}, {"type": "Feature", "geometry": {"type": "Point", "coordinates": [-1017515.0119999982, 4680993.741099998]}, "properties": {"OBJECTID": 28812, "COD_SIG": null, "IDTIPO": null, "NOME": "ADEGA RIBATEJO", "REGEND": "002187", "MORADA": "JARDIM DO REGEDOR (R DO)", "NUM_POLICIA": "27", "FREGUESIA": "121", "LOCALIDADE": null, "COD_POST_4": null, "COD_POST_3": null, "COM_INT_ID": null, "COD_ACT_ECON": "51109", "DESC_ACT_ECON": "RESTAURANTE - CASA DE PASTO", "ANO": 1996, "TIPO": "Restaura\u00e7\u00e3o e Bebidas", "LOCALIZACAO": "Isolado", "C_INTEGRADO": null, "EMPRESA": "MARIA ISABEL SILVEIRA MENDES RODRIGUES MOURA", "GlobalID": "c8212624-ccd0-4800-877d-9f3630bde969"}}, {"type": "Feature", "geometry": {"type": "Point", "coordinates": [-1015350.8333999999, 4688259.218099996]}, "properties": {"OBJECTID": 29308, "COD_SIG": null, "IDTIPO": null, "NOME": "CAFE ENTRE AEROPORTOS", "REGEND": "002403", "MORADA": "Rua Cidade de Vila Cabral", "NUM_POLICIA": "Lote 45", "FREGUESIA": "117", "LOCALIDADE": "LISBOA", "COD_POST_4": "1800", "COD_POST_3": "131", "COM_INT_ID": null, "COD_ACT_ECON": "52103", "DESC_ACT_ECON": "CAF\u00c9/PASTELARIA - 2\u00aa CATEGORIA", "ANO": 1996, "TIPO": "Restaura\u00e7\u00e3o e Bebidas", "LOCALIZACAO": "Isolado", "C_INTEGRADO": null, "EMPRESA": "MARIA ISABEL SILVEIRA MENDES RODRIGUES MOURA", "GlobalID": "7561dc14-9724-4583-bd02-21053cc10d63"}}, {"type": "Feature", "geometry": {"type": "Point", "coordinates": [-1015264.8165000007, 4687883.346500002]}, "properties": {"OBJECTID": 29526, "COD_SIG": null, "IDTIPO": null, "NOME": "EZEQUIEL MONTEIRO OLIVEIRA", "REGEND": "002397", "MORADA": "CID DE NAMPULA (R)", "NUM_POLICIA": "532 C", "FREGUESIA": "117", "LOCALIDADE": null, "COD_POST_4": null, "COD_POST_3": null, "COM_INT_ID": null, "COD_ACT_ECON": "52104", "DESC_ACT_ECON": "CAFE/PASTELARIA - 3\u00aa CATEGORIA", "ANO": 1996, "TIPO": "Restaura\u00e7\u00e3o e Bebidas", "LOCALIZACAO": "Isolado", "C_INTEGRADO": null, "EMPRESA": "MARIA ISABEL SILVEIRA MENDES RODRIGUES MOURA", "GlobalID": "2b90bbbc-3df7-45de-807d-4b5ce84739b1"}}, {"type": "Feature", "geometry": {"type": "Point", "coordinates": [-1020308.1523999982, 4681714.2927]}, "properties": {"OBJECTID": 29597, "COD_SIG": null, "IDTIPO": null, "NOME": "SNACK BAR OS VELHOTES", "REGEND": "002551", "MORADA": "TOM\u00c1S DA ANUNCIA\u00c7\u00c3O (R)", "NUM_POLICIA": "112 B", "FREGUESIA": "110", "LOCALIDADE": null, "COD_POST_4": null, "COD_POST_3": null, "COM_INT_ID": null, "COD_ACT_ECON": "51203", "DESC_ACT_ECON": "\"SNACK-BAR\" - 3\u00aa CATEGORIA", "ANO": 1996, "TIPO": "Restaura\u00e7\u00e3o e Bebidas", "LOCALIZACAO": "Isolado", "C_INTEGRADO": null, "EMPRESA": "MARIA ISABEL SILVEIRA MENDES RODRIGUES MOURA", "GlobalID": "38f1eef4-a3d6-4417-bb15-41975e16dd3e"}}, {"type": "Feature", "geometry": {"type": "Point", "coordinates": [-1015998.5091999993, 4680536.194899999]}, "properties": {"OBJECTID": 29912, "COD_SIG": null, "IDTIPO": null, "NOME": "MARIA DA CONCEI\u00c7AO MARTINS PEDROSO PEREIRA", "REGEND": "002591", "MORADA": "REM\u00c9DIOS (R DOS) A ALFAMA", "NUM_POLICIA": "61", "FREGUESIA": "121", "LOCALIDADE": null, "COD_POST_4": null, "COD_POST_3": null, "COM_INT_ID": null, "COD_ACT_ECON": "51203", "DESC_ACT_ECON": "\"SNACK-BAR\" - 3\u00aa CATEGORIA", "ANO": 1996, "TIPO": "Restaura\u00e7\u00e3o e Bebidas", "LOCALIZACAO": "Isolado", "C_INTEGRADO": null, "EMPRESA": "MARIA ISABEL SILVEIRA MENDES RODRIGUES MOURA", "GlobalID": "6cf3e3a6-ba66-493f-a196-9d2f3fec4b76"}}, {"type": "Feature", "geometry": {"type": "Point", "coordinates": [-1020297.5364999995, 4681255.4750000015]}, "properties": {"OBJECTID": 30335, "COD_SIG": null, "IDTIPO": null, "NOME": "A TENDINHA CENTRAL CAMPO OURIQUE", "REGEND": "002548", "MORADA": "Rua Tom\u00e1s de Anuncia\u00e7\u00e3o", "NUM_POLICIA": "60", "FREGUESIA": "110", "LOCALIDADE": "LISBOA                         ", "COD_POST_4": "1350", "COD_POST_3": "007", "COM_INT_ID": null, "COD_ACT_ECON": "51203", "DESC_ACT_ECON": "\"SNACK-BAR\" - 3\u00aa CATEGORIA", "ANO": 1996, "TIPO": "Restaura\u00e7\u00e3o e Bebidas", "LOCALIZACAO": "Isolado", "C_INTEGRADO": null, "EMPRESA": "MARIA ISABEL SILVEIRA MENDES RODRIGUES MOURA", "GlobalID": "3389a56d-9381-4773-8ff7-c7328052c865"}}, {"type": "Feature", "geometry": {"type": "Point", "coordinates": [-1020738.6475999989, 4681298.137900002]}, "properties": {"OBJECTID": 30538, "COD_SIG": null, "IDTIPO": null, "NOME": "CAFETARIA KIKAS", "REGEND": "002528", "MORADA": "SAMPAIO BRUNO (R)", "NUM_POLICIA": "28 A", "FREGUESIA": "110", "LOCALIDADE": null, "COD_POST_4": null, "COD_POST_3": null, "COM_INT_ID": null, "COD_ACT_ECON": "52104", "DESC_ACT_ECON": "CAFE/PASTELARIA - 3\u00aa CATEGORIA", "ANO": 1996, "TIPO": "Restaura\u00e7\u00e3o e Bebidas", "LOCALIZACAO": "Isolado", "C_INTEGRADO": null, "EMPRESA": "MARIA ISABEL SILVEIRA MENDES RODRIGUES MOURA", "GlobalID": "8b1d9357-358a-4526-ad8e-56dc5b88d81f"}}, {"type": "Feature", "geometry": {"type": "Point", "coordinates": [-1015947.6972000003, 4680571.446599998]}, "properties": {"OBJECTID": 30544, "COD_SIG": null, "IDTIPO": null, "NOME": "MIMO DE ALFAMA", "REGEND": "002594", "MORADA": "REM\u00c9DIOS (R DOS) A ALFAMA", "NUM_POLICIA": "106", "FREGUESIA": "121", "LOCALIDADE": null, "COD_POST_4": null, "COD_POST_3": null, "COM_INT_ID": null, "COD_ACT_ECON": "51203", "DESC_ACT_ECON": "\"SNACK-BAR\" - 3\u00aa CATEGORIA", "ANO": 1996, "TIPO": "Restaura\u00e7\u00e3o e Bebidas", "LOCALIZACAO": "Isolado", "C_INTEGRADO": null, "EMPRESA": "MARIA ISABEL SILVEIRA MENDES RODRIGUES MOURA", "GlobalID": "462cc193-49d7-4b99-a2d2-f41178ea2520"}}, {"type": "Feature", "geometry": {"type": "Point", "coordinates": [-1019641.0126999989, 4680087.150899999]}, "properties": {"OBJECTID": 31855, "COD_SIG": null, "IDTIPO": null, "NOME": "BERINGELA", "REGEND": "002652", "MORADA": "S JO\u00c3O DA MATA (R DE)", "NUM_POLICIA": "135", "FREGUESIA": "113", "LOCALIDADE": null, "COD_POST_4": null, "COD_POST_3": null, "COM_INT_ID": null, "COD_ACT_ECON": "52704", "DESC_ACT_ECON": "OUTROS EST. DE BEBIDAS - 3\u00aa CATEGORIA", "ANO": 1996, "TIPO": "Restaura\u00e7\u00e3o e Bebidas", "LOCALIZACAO": "Isolado", "C_INTEGRADO": null, "EMPRESA": "ISABEL E GON\u00c7ALO ACTIVIDADES HOTELEIRAS, LDA", "GlobalID": "41d292e7-956f-467b-b47c-c34a7fd76fd6"}}, {"type": "Feature", "geometry": {"type": "Point", "coordinates": [-1016820.6435999982, 4680462.937200002]}, "properties": {"OBJECTID": 32102, "COD_SIG": null, "IDTIPO": null, "NOME": "GARGALHADA GERAL", "REGEND": "002673", "MORADA": "COSTA DO CASTELO", "NUM_POLICIA": "7", "FREGUESIA": "121", "LOCALIDADE": "LISBOA", "COD_POST_4": "1100", "COD_POST_3": "176", "COM_INT_ID": null, "COD_ACT_ECON": "51105", "DESC_ACT_ECON": "RESTAURANTE - 2\u00aa CATEGORIA", "ANO": 1996, "TIPO": "Restaura\u00e7\u00e3o e Bebidas", "LOCALIZACAO": "Isolado", "C_INTEGRADO": null, "EMPRESA": "MARIA ISABEL SILVEIRA MENDES RODRIGUES MOURA", "GlobalID": "f9af8e4b-230c-4b18-8e6d-ee994b8342ff"}}, {"type": "Feature", "geometry": {"type": "Point", "coordinates": [-1022582.1816999987, 4685466.2205]}, "properties": {"OBJECTID": 32308, "COD_SIG": null, "IDTIPO": null, "NOME": "PINGUIM-PRONTO A COMER", "REGEND": "002725", "MORADA": "Estrada de Benfica", "NUM_POLICIA": "445A", "FREGUESIA": "123", "LOCALIDADE": "LISBOA", "COD_POST_4": "1500", "COD_POST_3": "079", "COM_INT_ID": null, "COD_ACT_ECON": "51403", "DESC_ACT_ECON": "OUTROS EST. COMIDAS REFEI\u00c7\u00d5ES - 3\u00aa CAT.", "ANO": 1996, "TIPO": "Restaura\u00e7\u00e3o e Bebidas", "LOCALIZACAO": "Isolado", "C_INTEGRADO": null, "EMPRESA": "PINGUIM-PRONTO A COMER, LDA", "GlobalID": "87c3ce56-d7b0-437e-b08d-83fbbca524ce"}}, {"type": "Feature", "geometry": {"type": "Point", "coordinates": [-1019258.1801999994, 4680043.2141999975]}, "properties": {"OBJECTID": 32388, "COD_SIG": null, "IDTIPO": null, "NOME": "ADELAIDE DA CONCEI\u00c7AO MATEUS PULQUERIS SOARES", "REGEND": "002641", "MORADA": "Rua do Machadinho", "NUM_POLICIA": "44", "FREGUESIA": "113", "LOCALIDADE": "LISBOA", "COD_POST_4": "1200", "COD_POST_3": "705", "COM_INT_ID": null, "COD_ACT_ECON": "52104", "DESC_ACT_ECON": "CAFE/PASTELARIA - 3\u00aa CATEGORIA", "ANO": 1996, "TIPO": "Restaura\u00e7\u00e3o e Bebidas", "LOCALIZACAO": "Isolado", "C_INTEGRADO": null, "EMPRESA": "MARIA ISABEL SILVEIRA MENDES RODRIGUES MOURA", "GlobalID": "f7c009a4-2853-46de-8bf8-1cfe0f51e697"}}, {"type": "Feature", "geometry": {"type": "Point", "coordinates": [-1015119.4213999994, 4682458.136200003]}, "properties": {"OBJECTID": 32398, "COD_SIG": null, "IDTIPO": null, "NOME": "ISAAC E MARIA", "REGEND": "002814", "MORADA": "Avenida Afonso III", "NUM_POLICIA": "67A", "FREGUESIA": "119", "LOCALIDADE": "LISBOA", "COD_POST_4": "1900", "COD_POST_3": "041", "COM_INT_ID": null, "COD_ACT_ECON": "51107", "DESC_ACT_ECON": "RESTAURANTE - 3\u00aa CATEGORIA", "ANO": 1996, "TIPO": "Restaura\u00e7\u00e3o e Bebidas", "LOCALIZACAO": "Isolado", "C_INTEGRADO": null, "EMPRESA": "MARIA ISABEL SILVEIRA MENDES RODRIGUES MOURA", "GlobalID": "51daee95-a780-44af-a1fc-f96ae4b79f0c"}}, {"type": "Feature", "geometry": {"type": "Point", "coordinates": [-1015796.0381999984, 4680728.803800002]}, "properties": {"OBJECTID": 32472, "COD_SIG": null, "IDTIPO": null, "NOME": "FRANCISCO SILVA FERNANDES LDA", "REGEND": "002603", "MORADA": "Rua dos Rem\u00e9dios (Santo Estev\u00e3o)", "NUM_POLICIA": "201", "FREGUESIA": "124", "LOCALIDADE": "LISBOA", "COD_POST_4": "1100", "COD_POST_3": "447", "COM_INT_ID": null, "COD_ACT_ECON": "52199", "DESC_ACT_ECON": "CAF\u00c9/PASTELARIA - (SEM CATEGORIA)", "ANO": 1996, "TIPO": "Restaura\u00e7\u00e3o e Bebidas", "LOCALIZACAO": "Isolado", "C_INTEGRADO": null, "EMPRESA": "FRANCISCO SILVA FERNANDES, LDA", "GlobalID": "d534ee7c-2c2f-4a35-86cd-5a6566a43dd7"}}, {"type": "Feature", "geometry": {"type": "Point", "coordinates": [-1022801.9362999983, 4685535.674999997]}, "properties": {"OBJECTID": 32638, "COD_SIG": null, "IDTIPO": null, "NOME": "O MANJAR DOS DEUSES", "REGEND": "002728", "MORADA": "BENFICA (EST DE)", "NUM_POLICIA": "418 D", "FREGUESIA": "123", "LOCALIDADE": null, "COD_POST_4": null, "COD_POST_3": null, "COM_INT_ID": 77, "COD_ACT_ECON": "52104", "DESC_ACT_ECON": "CAFE/PASTELARIA - 3\u00aa CATEGORIA", "ANO": 1996, "TIPO": "Restaura\u00e7\u00e3o e Bebidas", "LOCALIZACAO": "Integrado - outro", "C_INTEGRADO": "CENTRO COMERCIAL HABIB", "EMPRESA": "MARIA ISABEL SILVEIRA MENDES RODRIGUES MOURA", "GlobalID": "daf737d3-fd3b-40d2-81df-ff3b3b93bab3"}}, {"type": "Feature", "geometry": {"type": "Point", "coordinates": [-1017795.5472999997, 4681364.616899997]}, "properties": {"OBJECTID": 38507, "COD_SIG": null, "IDTIPO": null, "NOME": "RESTAURANTE FROG", "REGEND": "003291", "MORADA": "LIBERDADE (AV)", "NUM_POLICIA": "38 A/C", "FREGUESIA": "122", "LOCALIDADE": null, "COD_POST_4": null, "COD_POST_3": null, "COM_INT_ID": 85, "COD_ACT_ECON": "51105", "DESC_ACT_ECON": "RESTAURANTE - 2\u00aa CATEGORIA", "ANO": 1996, "TIPO": "Restaura\u00e7\u00e3o e Bebidas", "LOCALIZACAO": "Integrado - outro", "C_INTEGRADO": "CENTRO COMERCIAL LIBERSIL", "EMPRESA": "FERNANDO AUGUSTO & MATIAS OLIVEIRA, LDA", "GlobalID": "da445c58-c0f4-47e6-b9fe-ae03994c3fb4"}}, {"type": "Feature", "geometry": {"type": "Point", "coordinates": [-1019037.5361000001, 4681750.468000002]}, "properties": {"OBJECTID": 38581, "COD_SIG": null, "IDTIPO": null, "NOME": "ANTONIO CURRAZ TABORDA", "REGEND": "003436", "MORADA": "S FILIPE NERI (R DE)", "NUM_POLICIA": "20", "FREGUESIA": "122", "LOCALIDADE": null, "COD_POST_4": null, "COD_POST_3": null, "COM_INT_ID": null, "COD_ACT_ECON": "51109", "DESC_ACT_ECON": "RESTAURANTE - CASA DE PASTO", "ANO": 1996, "TIPO": "Restaura\u00e7\u00e3o e Bebidas", "LOCALIZACAO": "Isolado", "C_INTEGRADO": null, "EMPRESA": "MARIA ISABEL SILVEIRA MENDES RODRIGUES MOURA", "GlobalID": "fa1aa9e1-2593-4919-b2dc-70b26f82e188"}}, {"type": "Feature", "geometry": {"type": "Point", "coordinates": [-1016802.6739000008, 4683510.499600001]}, "properties": {"OBJECTID": 38748, "COD_SIG": null, "IDTIPO": null, "NOME": "PASTELARIA MINERVA", "REGEND": "003090", "MORADA": "ALM REIS (AV)", "NUM_POLICIA": "144", "FREGUESIA": "105", "LOCALIDADE": null, "COD_POST_4": null, "COD_POST_3": null, "COM_INT_ID": null, "COD_ACT_ECON": "52103", "DESC_ACT_ECON": "CAF\u00c9/PASTELARIA - 2\u00aa CATEGORIA", "ANO": 1996, "TIPO": "Restaura\u00e7\u00e3o e Bebidas", "LOCALIZACAO": "Isolado", "C_INTEGRADO": null, "EMPRESA": "PASTELARIA MINERVA, LDA", "GlobalID": "537249b3-dbf5-471e-9a9b-335222602b19"}}, {"type": "Feature", "geometry": {"type": "Point", "coordinates": [-1019083.8834999986, 4681718.0163]}, "properties": {"OBJECTID": 39276, "COD_SIG": null, "IDTIPO": null, "NOME": "JULIO PEREIRA SANTOS", "REGEND": "003383", "MORADA": "BENTO DA ROCHA CABRAL (C)", "NUM_POLICIA": "4 A", "FREGUESIA": "122", "LOCALIDADE": null, "COD_POST_4": null, "COD_POST_3": null, "COM_INT_ID": null, "COD_ACT_ECON": "51202", "DESC_ACT_ECON": "\"SNACK-BAR\" - 2\u00aa CATEGORIA", "ANO": 1996, "TIPO": "Restaura\u00e7\u00e3o e Bebidas", "LOCALIZACAO": "Isolado", "C_INTEGRADO": null, "EMPRESA": "MARIA ISABEL SILVEIRA MENDES RODRIGUES MOURA", "GlobalID": "f177d4f6-bc76-4503-9f22-cf1e710d2ad4"}}, {"type": "Feature", "geometry": {"type": "Point", "coordinates": [-1018784.633200001, 4682010.063600004]}, "properties": {"OBJECTID": 39305, "COD_SIG": null, "IDTIPO": null, "NOME": "PIZZAS 48", "REGEND": "003407", "MORADA": "Rua Braamcamp", "NUM_POLICIA": "48", "FREGUESIA": "122", "LOCALIDADE": "LISBOA                         ", "COD_POST_4": "1250", "COD_POST_3": "051", "COM_INT_ID": null, "COD_ACT_ECON": "51403", "DESC_ACT_ECON": "OUTROS EST. COMIDAS REFEI\u00c7\u00d5ES - 3\u00aa CAT.", "ANO": 1996, "TIPO": "Restaura\u00e7\u00e3o e Bebidas", "LOCALIZACAO": "Isolado", "C_INTEGRADO": null, "EMPRESA": "MARIA ISABEL SILVEIRA MENDES RODRIGUES MOURA", "GlobalID": "45c0ff8f-261f-4a2c-bfeb-170224370426"}}, {"type": "Feature", "geometry": {"type": "Point", "coordinates": [-1017677.9642999992, 4679585.001800001]}, "properties": {"OBJECTID": 39370, "COD_SIG": null, "IDTIPO": null, "NOME": "EUREST", "REGEND": "003610", "MORADA": "CAIS DO SODR\u00c9", "NUM_POLICIA": "EST. FLUVIAL", "FREGUESIA": "116", "LOCALIDADE": "LISBOA                         ", "COD_POST_4": "1200", "COD_POST_3": "000", "COM_INT_ID": null, "COD_ACT_ECON": "51203", "DESC_ACT_ECON": "\"SNACK-BAR\" - 3\u00aa CATEGORIA", "ANO": 1996, "TIPO": "Restaura\u00e7\u00e3o e Bebidas", "LOCALIZACAO": "Isolado", "C_INTEGRADO": null, "EMPRESA": "EUREST (PORTUGAL) - SOCIEDADE EUROPEIA DE RESTAURANTES, LDA  ", "GlobalID": "8d63d9e7-218a-4423-be69-233d0ef844e2"}}, {"type": "Feature", "geometry": {"type": "Point", "coordinates": [-1018781.0256999992, 4682050.234399997]}, "properties": {"OBJECTID": 40600, "COD_SIG": null, "IDTIPO": null, "NOME": "A LARANJA", "REGEND": "003408", "MORADA": "CASTILHO (R)", "NUM_POLICIA": "39", "FREGUESIA": "122", "LOCALIDADE": null, "COD_POST_4": null, "COD_POST_3": null, "COM_INT_ID": 58, "COD_ACT_ECON": "51403", "DESC_ACT_ECON": "OUTROS EST. COMIDAS REFEI\u00c7\u00d5ES - 3\u00aa CAT.", "ANO": 1996, "TIPO": "Restaura\u00e7\u00e3o e Bebidas", "LOCALIZACAO": "Integrado - outro", "C_INTEGRADO": "CENTRO COMERCIAL CASTIL", "EMPRESA": "MARIA ISABEL SILVEIRA MENDES RODRIGUES MOURA", "GlobalID": "d610bfb7-cd94-4d67-8943-9602043afc72"}}, {"type": "Feature", "geometry": {"type": "Point", "coordinates": [-1018209.6999999993, 4680219.116300002]}, "properties": {"OBJECTID": 41035, "COD_SIG": null, "IDTIPO": null, "NOME": "ARMANDO DA COSTA GON\u00c7ALVES", "REGEND": "003624", "MORADA": "ALMADA (R DO)", "NUM_POLICIA": "29/31", "FREGUESIA": "116", "LOCALIDADE": null, "COD_POST_4": null, "COD_POST_3": null, "COM_INT_ID": null, "COD_ACT_ECON": "52704", "DESC_ACT_ECON": "OUTROS EST. DE BEBIDAS - 3\u00aa CATEGORIA", "ANO": 1996, "TIPO": "Restaura\u00e7\u00e3o e Bebidas", "LOCALIZACAO": "Isolado", "C_INTEGRADO": null, "EMPRESA": "MARIA ISABEL SILVEIRA MENDES RODRIGUES MOURA", "GlobalID": "223593c1-9455-41ca-9683-050757f04271"}}, {"type": "Feature", "geometry": {"type": "Point", "coordinates": [-1018081.3291000016, 4683486.076200001]}, "properties": {"OBJECTID": 41837, "COD_SIG": null, "IDTIPO": null, "NOME": "MONTE CARLO", "REGEND": "003722", "MORADA": "FONTES PEREIRA DE MELO (AV)", "NUM_POLICIA": "49 C", "FREGUESIA": "106", "LOCALIDADE": null, "COD_POST_4": null, "COD_POST_3": null, "COM_INT_ID": null, "COD_ACT_ECON": "51103", "DESC_ACT_ECON": "Restaurante", "ANO": 1996, "TIPO": "Restaura\u00e7\u00e3o e Bebidas", "LOCALIZACAO": "Isolado", "C_INTEGRADO": null, "EMPRESA": "MARIA ISABEL SILVEIRA MENDES RODRIGUES MOURA", "GlobalID": "2d50ac41-4eff-43b2-84ab-1feffbf0fd73"}}, {"type": "Feature", "geometry": {"type": "Point", "coordinates": [-1018463.9343000017, 4683585.935900003]}, "properties": {"OBJECTID": 42621, "COD_SIG": null, "IDTIPO": null, "NOME": "PRONTO E VIRGULA", "REGEND": "003778", "MORADA": "PINHEIRO CHAGAS (R)", "NUM_POLICIA": "33", "FREGUESIA": "106", "LOCALIDADE": "LISBOA", "COD_POST_4": "1050", "COD_POST_3": "175", "COM_INT_ID": null, "COD_ACT_ECON": "51107", "DESC_ACT_ECON": "RESTAURANTE - 3\u00aa CATEGORIA", "ANO": 1996, "TIPO": "Restaura\u00e7\u00e3o e Bebidas", "LOCALIZACAO": "Isolado", "C_INTEGRADO": null, "EMPRESA": "ESPA\u00c7O M 4 - COMERCIO E INDUSTRIA DE ALIMENTA\u00c7\u00c3O, LDA ", "GlobalID": "f87a35de-b7e8-467d-90c0-85955c1375fc"}}, {"type": "Feature", "geometry": {"type": "Point", "coordinates": [-1023777.8214999996, 4679032.2852]}, "properties": {"OBJECTID": 43150, "COD_SIG": null, "IDTIPO": null, "NOME": "AGOSTINHA ALVES", "REGEND": "003990", "MORADA": "ALEXANDRE DE SA PINTO (R)", "NUM_POLICIA": "38", "FREGUESIA": "101", "LOCALIDADE": null, "COD_POST_4": null, "COD_POST_3": null, "COM_INT_ID": null, "COD_ACT_ECON": "12004", "DESC_ACT_ECON": "Mercearias", "ANO": 1996, "TIPO": "Retalho", "LOCALIZACAO": "Isolado", "C_INTEGRADO": null, "EMPRESA": "MARIA ISABEL SILVEIRA MENDES RODRIGUES MOURA", "GlobalID": "82fe8d72-3bf0-48c2-8228-e6dc18f3e601"}}, {"type": "Feature", "geometry": {"type": "Point", "coordinates": [-1023656.6706000008, 4679289.3957]}, "properties": {"OBJECTID": 43196, "COD_SIG": null, "IDTIPO": null, "NOME": "SOBE DESCE", "REGEND": "004101", "MORADA": "BOA HORA (T DA) \u00c0 AJUDA", "NUM_POLICIA": "17 D", "FREGUESIA": "101", "LOCALIDADE": null, "COD_POST_4": null, "COD_POST_3": null, "COM_INT_ID": null, "COD_ACT_ECON": "21101", "DESC_ACT_ECON": "Artigos Vestu\u00e1rio Diverso (Misto)", "ANO": 1996, "TIPO": "Retalho", "LOCALIZACAO": "Isolado", "C_INTEGRADO": null, "EMPRESA": "MARIA ISABEL SILVEIRA MENDES RODRIGUES MOURA", "GlobalID": "1ddddb15-ef4e-41a5-8e71-065e84612e8b"}}, {"type": "Feature", "geometry": {"type": "Point", "coordinates": [-1024341.6904000007, 4679548.216300003]}, "properties": {"OBJECTID": 43258, "COD_SIG": null, "IDTIPO": null, "NOME": "CARLOS FERNANDES SILVA", "REGEND": "004061", "MORADA": "JARDIM BOTANICO (R DO)", "NUM_POLICIA": "31", "FREGUESIA": "101", "LOCALIDADE": null, "COD_POST_4": null, "COD_POST_3": null, "COM_INT_ID": null, "COD_ACT_ECON": "30006", "DESC_ACT_ECON": "Outras N.E. (Repara\u00e7\u00f5es)", "ANO": 1996, "TIPO": "Retalho", "LOCALIZACAO": "Isolado", "C_INTEGRADO": null, "EMPRESA": "MARIA ISABEL SILVEIRA MENDES RODRIGUES MOURA", "GlobalID": "3ca9ebad-8746-4fc0-9ba9-0885ce5ccd35"}}, {"type": "Feature", "geometry": {"type": "Point", "coordinates": [-1024100.2536999993, 4679249.519500002]}, "properties": {"OBJECTID": 43353, "COD_SIG": null, "IDTIPO": null, "NOME": "FOTO ESTUDANTE", "REGEND": "003952", "MORADA": "AJUDA (C DA)", "NUM_POLICIA": "91/93", "FREGUESIA": "101", "LOCALIDADE": null, "COD_POST_4": null, "COD_POST_3": null, "COM_INT_ID": 64, "COD_ACT_ECON": "21412", "DESC_ACT_ECON": "Material Fotogr\u00e1fico,Cinema", "ANO": 1996, "TIPO": "Retalho", "LOCALIZACAO": "Integrado - outro", "C_INTEGRADO": "SHOPPING CENTER 10 ESTRELAS", "EMPRESA": "FOTO ESTUDARTE, LDA", "GlobalID": "da141725-a347-4b23-bb3e-a5f04f2656ac"}}, {"type": "Feature", "geometry": {"type": "Point", "coordinates": [-1024070.6530000009, 4679289.170000002]}, "properties": {"OBJECTID": 43458, "COD_SIG": null, "IDTIPO": null, "NOME": "CASA M\u00c1RIO SILVA - FERRAGENS", "REGEND": "003936", "MORADA": "AJUDA (C DA)", "NUM_POLICIA": "148/150", "FREGUESIA": "101", "LOCALIDADE": null, "COD_POST_4": null, "COD_POST_3": null, "COM_INT_ID": null, "COD_ACT_ECON": "21501", "DESC_ACT_ECON": "Materiais Constru\u00e7\u00e3o,Metais E Ferragens", "ANO": 1996, "TIPO": "Retalho", "LOCALIZACAO": "Isolado", "C_INTEGRADO": null, "EMPRESA": "CASA M\u00c1RIO SILVA - FERRAGENS, LDA", "GlobalID": "68f6ccb0-86c7-4c92-821a-493ac7931190"}}, {"type": "Feature", "geometry": {"type": "Point", "coordinates": [-1024100.2536999993, 4679249.519500002]}, "properties": {"OBJECTID": 43480, "COD_SIG": null, "IDTIPO": null, "NOME": "ARMAZENS AJUDA", "REGEND": "003950", "MORADA": "AJUDA (C DA)", "NUM_POLICIA": "91/93", "FREGUESIA": "101", "LOCALIDADE": null, "COD_POST_4": null, "COD_POST_3": null, "COM_INT_ID": null, "COD_ACT_ECON": "21101", "DESC_ACT_ECON": "Artigos Vestu\u00e1rio Diverso (Misto)", "ANO": 1996, "TIPO": "Retalho", "LOCALIZACAO": "Isolado", "C_INTEGRADO": null, "EMPRESA": "MARIA ISABEL SILVEIRA MENDES RODRIGUES MOURA", "GlobalID": "d3a178db-3807-4b83-a6e3-2aab43b428e8"}}, {"type": "Feature", "geometry": {"type": "Point", "coordinates": [-1024072.0727000013, 4679521.866800003]}, "properties": {"OBJECTID": 43651, "COD_SIG": null, "IDTIPO": null, "NOME": "NUCLEO GRAFICO COMERCIO EQUIPAMENTO ARTES GRAFICAS", "REGEND": "003944", "MORADA": "AJUDA (C DA)", "NUM_POLICIA": "201", "FREGUESIA": "101", "LOCALIDADE": null, "COD_POST_4": null, "COD_POST_3": null, "COM_INT_ID": null, "COD_ACT_ECON": "21526", "DESC_ACT_ECON": "Outros N.E.(C.N.Alim. Diversos)", "ANO": 1996, "TIPO": "Retalho", "LOCALIZACAO": "Isolado", "C_INTEGRADO": null, "EMPRESA": "MARIA ISABEL SILVEIRA MENDES RODRIGUES MOURA", "GlobalID": "f52b760f-f8c4-40c7-bfa4-9865adee874e"}}, {"type": "Feature", "geometry": {"type": "Point", "coordinates": [-1024192.1726000011, 4679340.9575999975]}, "properties": {"OBJECTID": 43779, "COD_SIG": null, "IDTIPO": null, "NOME": "PANIBEL", "REGEND": "003984", "MORADA": "PAZ (L DA)", "NUM_POLICIA": "1 A", "FREGUESIA": "101", "LOCALIDADE": null, "COD_POST_4": null, "COD_POST_3": null, "COM_INT_ID": null, "COD_ACT_ECON": "11007", "DESC_ACT_ECON": "Padarias", "ANO": 1996, "TIPO": "Retalho", "LOCALIZACAO": "Isolado", "C_INTEGRADO": null, "EMPRESA": "PANIBEL PANIFICA\u00c7AO UNIDA BELEM LDA", "GlobalID": "16e7e48b-c4c1-485c-85a8-c1d534f85034"}}, {"type": "Feature", "geometry": {"type": "Point", "coordinates": [-1023631.7674000002, 4679127.786899999]}, "properties": {"OBJECTID": 43823, "COD_SIG": null, "IDTIPO": null, "NOME": "LEITARIA BELENENSE", "REGEND": "004086", "MORADA": "QUARTEIS (R DOS)", "NUM_POLICIA": "70", "FREGUESIA": "101", "LOCALIDADE": null, "COD_POST_4": null, "COD_POST_3": null, "COM_INT_ID": null, "COD_ACT_ECON": "11009", "DESC_ACT_ECON": "Leite E Derivados", "ANO": 1996, "TIPO": "Retalho", "LOCALIZACAO": "Isolado", "C_INTEGRADO": null, "EMPRESA": "MARIA ISABEL SILVEIRA MENDES RODRIGUES MOURA", "GlobalID": "1fc9165b-ba44-419f-90b9-b224cfba248e"}}, {"type": "Feature", "geometry": {"type": "Point", "coordinates": [-1023688.9611999989, 4679191.706200004]}, "properties": {"OBJECTID": 43837, "COD_SIG": null, "IDTIPO": null, "NOME": "REVILUX SOCIEDADE REVESTIMENTOS ILUMINA\u00c7AO LDA", "REGEND": "004077", "MORADA": "NOVA DO CALHARIZ (R)", "NUM_POLICIA": "22/24", "FREGUESIA": "101", "LOCALIDADE": "LISBOA                         ", "COD_POST_4": "1300", "COD_POST_3": "428", "COM_INT_ID": null, "COD_ACT_ECON": "21210", "DESC_ACT_ECON": "Candeeiros/Ilumina\u00e7\u00e3o", "ANO": 1996, "TIPO": "Retalho", "LOCALIZACAO": "Isolado", "C_INTEGRADO": null, "EMPRESA": "MARIA ISABEL SILVEIRA MENDES RODRIGUES MOURA", "GlobalID": "0dd29644-76e9-410e-a44c-c7d882f9b2cd"}}, {"type": "Feature", "geometry": {"type": "Point", "coordinates": [-1023555.2105999999, 4679176.153300002]}, "properties": {"OBJECTID": 43845, "COD_SIG": null, "IDTIPO": null, "NOME": "MARIA CANDIDA BRITO LAN\u00c7A", "REGEND": "004083", "MORADA": "QUART\u00c9IS (R DOS)", "NUM_POLICIA": "38 A/B", "FREGUESIA": "101", "LOCALIDADE": null, "COD_POST_4": null, "COD_POST_3": null, "COM_INT_ID": null, "COD_ACT_ECON": "52104", "DESC_ACT_ECON": "CAFE/PASTELARIA - 3\u00aa CATEGORIA", "ANO": 1996, "TIPO": "Restaura\u00e7\u00e3o e Bebidas", "LOCALIZACAO": "Isolado", "C_INTEGRADO": null, "EMPRESA": "MARIA ISABEL SILVEIRA MENDES RODRIGUES MOURA", "GlobalID": "ca67addd-925b-4bc1-98dd-358e2e5c2d11"}}, {"type": "Feature", "geometry": {"type": "Point", "coordinates": [-1023489.2824999988, 4679206.001000002]}, "properties": {"OBJECTID": 43907, "COD_SIG": null, "IDTIPO": null, "NOME": "FARMACIA BOA HORA", "REGEND": "004081", "MORADA": "Rua dos Quart\u00e9is", "NUM_POLICIA": "25", "FREGUESIA": "101", "LOCALIDADE": "LISBOA", "COD_POST_4": "1300", "COD_POST_3": "481", "COM_INT_ID": null, "COD_ACT_ECON": "21301", "DESC_ACT_ECON": "Farm\u00e1cias", "ANO": 1996, "TIPO": "Retalho", "LOCALIZACAO": "Isolado", "C_INTEGRADO": null, "EMPRESA": "MARIA ISABEL SILVEIRA MENDES RODRIGUES MOURA", "GlobalID": "162762a7-cacd-4abb-a039-555aa56029d6"}}, {"type": "Feature", "geometry": {"type": "Point", "coordinates": [-1024093.7402999997, 4679349.819899999]}, "properties": {"OBJECTID": 44095, "COD_SIG": null, "IDTIPO": null, "NOME": "ABASTECEDORA AJUDA LDA", "REGEND": "003930", "MORADA": "AJUDA (C DA)", "NUM_POLICIA": "135 A", "FREGUESIA": "101", "LOCALIDADE": null, "COD_POST_4": null, "COD_POST_3": null, "COM_INT_ID": null, "COD_ACT_ECON": "12004", "DESC_ACT_ECON": "Mercearias", "ANO": 1996, "TIPO": "Retalho", "LOCALIZACAO": "Isolado", "C_INTEGRADO": null, "EMPRESA": "MARIA ISABEL SILVEIRA MENDES RODRIGUES MOURA", "GlobalID": "89fb09f0-4e32-4f97-94a2-5b1c16e40c4b"}}, {"type": "Feature", "geometry": {"type": "Point", "coordinates": [-1016300.3794, 4680166.6538999975]}, "properties": {"OBJECTID": 44117, "COD_SIG": null, "IDTIPO": null, "NOME": "FRAGATA BAR", "REGEND": "003881", "MORADA": "CAIS DE SANTAREM (R)", "NUM_POLICIA": "4 A", "FREGUESIA": "121", "LOCALIDADE": null, "COD_POST_4": null, "COD_POST_3": null, "COM_INT_ID": null, "COD_ACT_ECON": "51109", "DESC_ACT_ECON": "RESTAURANTE - CASA DE PASTO", "ANO": 1996, "TIPO": "Restaura\u00e7\u00e3o e Bebidas", "LOCALIZACAO": "Isolado", "C_INTEGRADO": null, "EMPRESA": "MARIA ISABEL SILVEIRA MENDES RODRIGUES MOURA", "GlobalID": "d0bc9e5d-6e49-4776-9982-e77926a583c1"}}, {"type": "Feature", "geometry": {"type": "Point", "coordinates": [-1024091.2707999982, 4679357.558399998]}, "properties": {"OBJECTID": 44165, "COD_SIG": null, "IDTIPO": null, "NOME": "CLUBE VIDEO AJUDA", "REGEND": "003931", "MORADA": "Cal\u00e7ada da Ajuda", "NUM_POLICIA": "137B", "FREGUESIA": "101", "LOCALIDADE": "LISBOA", "COD_POST_4": "1300", "COD_POST_3": "008", "COM_INT_ID": null, "COD_ACT_ECON": "21414", "DESC_ACT_ECON": "Brinquedos E Jogos Para Crian\u00e7as", "ANO": 1996, "TIPO": "Retalho", "LOCALIZACAO": "Isolado", "C_INTEGRADO": null, "EMPRESA": "SUZETE PIRES E VARELA, LDA", "GlobalID": "ef201848-ebea-4e1d-8937-f767cc0a6fe0"}}, {"type": "Feature", "geometry": {"type": "Point", "coordinates": [-1024057.4101000018, 4679417.061800003]}, "properties": {"OBJECTID": 44224, "COD_SIG": null, "IDTIPO": null, "NOME": "O NUNITO PRENDAS", "REGEND": "003945", "MORADA": "AJUDA (C DA)", "NUM_POLICIA": "210", "FREGUESIA": "101", "LOCALIDADE": null, "COD_POST_4": null, "COD_POST_3": null, "COM_INT_ID": null, "COD_ACT_ECON": "21214", "DESC_ACT_ECON": "Loi\u00e7as/Vidros", "ANO": 1996, "TIPO": "Retalho", "LOCALIZACAO": "Isolado", "C_INTEGRADO": null, "EMPRESA": "MARIA ISABEL SILVEIRA MENDES RODRIGUES MOURA", "GlobalID": "2e06f093-ad5c-4cf6-88db-1395f3e54bbb"}}, {"type": "Feature", "geometry": {"type": "Point", "coordinates": [-1023408.6768999994, 4679533.853799999]}, "properties": {"OBJECTID": 44317, "COD_SIG": null, "IDTIPO": null, "NOME": "GIESTALMAR LABORATORIOS FOTOGRAFICOS", "REGEND": "004063", "MORADA": "JOSE OSORIO DE OLIVEIRA (R)", "NUM_POLICIA": "3 A", "FREGUESIA": "101", "LOCALIDADE": null, "COD_POST_4": null, "COD_POST_3": null, "COM_INT_ID": null, "COD_ACT_ECON": "21412", "DESC_ACT_ECON": "Material Fotogr\u00e1fico,Cinema", "ANO": 1996, "TIPO": "Retalho", "LOCALIZACAO": "Isolado", "C_INTEGRADO": null, "EMPRESA": "MARIA ISABEL SILVEIRA MENDES RODRIGUES MOURA", "GlobalID": "12695826-6152-49c7-be2a-564940eb57b6"}}, {"type": "Feature", "geometry": {"type": "Point", "coordinates": [-1024555.1202999987, 4680507.335900001]}, "properties": {"OBJECTID": 44396, "COD_SIG": null, "IDTIPO": null, "NOME": "JULIA FATIMA MELO MORAIS", "REGEND": "003979", "MORADA": "PEDRO TEIXEIRA (EST DE)", "NUM_POLICIA": "LETRAS A N", "FREGUESIA": "101", "LOCALIDADE": null, "COD_POST_4": null, "COD_POST_3": null, "COM_INT_ID": null, "COD_ACT_ECON": "12004", "DESC_ACT_ECON": "Mercearias", "ANO": 1996, "TIPO": "Retalho", "LOCALIZACAO": "Isolado", "C_INTEGRADO": null, "EMPRESA": "MARIA ISABEL SILVEIRA MENDES RODRIGUES MOURA", "GlobalID": "2053e248-f32e-4986-b4c1-3e6932fe4746"}}, {"type": "Feature", "geometry": {"type": "Point", "coordinates": [-1023859.6732000001, 4679468.121200003]}, "properties": {"OBJECTID": 44428, "COD_SIG": null, "IDTIPO": null, "NOME": "ORQUIDEA LUCIA MENDON\u00c7A VICTOR CODER", "REGEND": "004003", "MORADA": "Rua da Bica do Marqu\u00eas", "NUM_POLICIA": "19A", "FREGUESIA": "101", "LOCALIDADE": "LISBOA                         ", "COD_POST_4": "1300", "COD_POST_3": "087", "COM_INT_ID": null, "COD_ACT_ECON": "21108", "DESC_ACT_ECON": "L\u00e3s", "ANO": 1996, "TIPO": "Retalho", "LOCALIZACAO": "Isolado", "C_INTEGRADO": null, "EMPRESA": "MARIA ISABEL SILVEIRA MENDES RODRIGUES MOURA", "GlobalID": "52749ac5-6703-4ef8-85c3-a0175de7e6c0"}}, {"type": "Feature", "geometry": {"type": "Point", "coordinates": [-1023319.8170999996, 4679339.305799998]}, "properties": {"OBJECTID": 44648, "COD_SIG": null, "IDTIPO": null, "NOME": "EDUARDO FERNANDES MEDEIROS", "REGEND": "004067", "MORADA": "Rua do Mirador", "NUM_POLICIA": "34", "FREGUESIA": "101", "LOCALIDADE": "LISBOA", "COD_POST_4": "1300", "COD_POST_3": "416", "COM_INT_ID": null, "COD_ACT_ECON": "12004", "DESC_ACT_ECON": "Mercearias", "ANO": 1996, "TIPO": "Retalho", "LOCALIZACAO": "Isolado", "C_INTEGRADO": null, "EMPRESA": "MARIA ISABEL SILVEIRA MENDES RODRIGUES MOURA", "GlobalID": "eb9c3dd4-dfc0-4433-9a23-015eef551a87"}}, {"type": "Feature", "geometry": {"type": "Point", "coordinates": [-1023459.3460999988, 4679218.4419]}, "properties": {"OBJECTID": 44665, "COD_SIG": null, "IDTIPO": null, "NOME": "OURIVESARIA LUCAS", "REGEND": "004085", "MORADA": "Rua dos Quart\u00e9is", "NUM_POLICIA": "7", "FREGUESIA": "101", "LOCALIDADE": "LISBOA                         ", "COD_POST_4": "1300", "COD_POST_3": "480", "COM_INT_ID": null, "COD_ACT_ECON": "21522", "DESC_ACT_ECON": "Ourivesarias/Relojoarias", "ANO": 1996, "TIPO": "Retalho", "LOCALIZACAO": "Isolado", "C_INTEGRADO": null, "EMPRESA": "MARIA ISABEL SILVEIRA MENDES RODRIGUES MOURA", "GlobalID": "f7485569-c300-4f89-8a3c-04d7e35006d1"}}, {"type": "Feature", "geometry": {"type": "Point", "coordinates": [-1016593.5639999993, 4680248.140699998]}, "properties": {"OBJECTID": 44793, "COD_SIG": null, "IDTIPO": null, "NOME": "LEITARIA ARGANILENSE", "REGEND": "003868", "MORADA": "Rua de Augusto Rosa", "NUM_POLICIA": "38", "FREGUESIA": "121", "LOCALIDADE": "LISBOA", "COD_POST_4": "1100", "COD_POST_3": "059", "COM_INT_ID": null, "COD_ACT_ECON": "52104", "DESC_ACT_ECON": "CAFE/PASTELARIA - 3\u00aa CATEGORIA", "ANO": 1996, "TIPO": "Restaura\u00e7\u00e3o e Bebidas", "LOCALIZACAO": "Isolado", "C_INTEGRADO": null, "EMPRESA": "A P\u00c9ROLA DA S\u00c9 - ARTESANATO E TABACARIA, LDA", "GlobalID": "7b75c464-6317-4f05-9a94-55bde26d86d6"}}, {"type": "Feature", "geometry": {"type": "Point", "coordinates": [-1021357.8220999986, 4679353.210600004]}, "properties": {"OBJECTID": 45184, "COD_SIG": null, "IDTIPO": null, "NOME": "ALCANTARA PESCA", "REGEND": "004355", "MORADA": "CASCAIS (R)", "NUM_POLICIA": "45/47", "FREGUESIA": "102", "LOCALIDADE": null, "COD_POST_4": null, "COD_POST_3": null, "COM_INT_ID": 97, "COD_ACT_ECON": "21406", "DESC_ACT_ECON": "Artigos De Desporto", "ANO": 1996, "TIPO": "Retalho", "LOCALIZACAO": "Integrado - outro", "C_INTEGRADO": "CENTRO COMERCIAL PINGO DOCE", "EMPRESA": "MARIA ISABEL SILVEIRA MENDES RODRIGUES MOURA", "GlobalID": "3c20b5b1-bd7c-4675-8012-03e3a15e62a3"}}, {"type": "Feature", "geometry": {"type": "Point", "coordinates": [-1022387.4774000011, 4679310.544]}, "properties": {"OBJECTID": 45197, "COD_SIG": null, "IDTIPO": null, "NOME": "ALZIRO FIRMINO GALHARDAS VERMELHO", "REGEND": "004331", "MORADA": "AMADEU DE SOUSA CARDOSO (R)", "NUM_POLICIA": "27", "FREGUESIA": "102", "LOCALIDADE": null, "COD_POST_4": null, "COD_POST_3": null, "COM_INT_ID": null, "COD_ACT_ECON": "12004", "DESC_ACT_ECON": "Mercearias", "ANO": 1996, "TIPO": "Retalho", "LOCALIZACAO": "Isolado", "C_INTEGRADO": null, "EMPRESA": "MARIA ISABEL SILVEIRA MENDES RODRIGUES MOURA", "GlobalID": "cfd2f1c2-2beb-4be2-9f0c-117d5dfeed69"}}, {"type": "Feature", "geometry": {"type": "Point", "coordinates": [-1021357.8220999986, 4679353.210600004]}, "properties": {"OBJECTID": 45199, "COD_SIG": null, "IDTIPO": null, "NOME": "HORAS FELIZES", "REGEND": "004335", "MORADA": "CASCAIS (R)", "NUM_POLICIA": "45/47", "FREGUESIA": "102", "LOCALIDADE": null, "COD_POST_4": null, "COD_POST_3": null, "COM_INT_ID": 97, "COD_ACT_ECON": "21414", "DESC_ACT_ECON": "Brinquedos E Jogos Para Crian\u00e7as", "ANO": 1996, "TIPO": "Retalho", "LOCALIZACAO": "Integrado - outro", "C_INTEGRADO": "CENTRO COMERCIAL PINGO DOCE", "EMPRESA": "MARIA ISABEL SILVEIRA MENDES RODRIGUES MOURA", "GlobalID": "c8769f9d-fd62-43c2-b597-1242f7bdb99a"}}, {"type": "Feature", "geometry": {"type": "Point", "coordinates": [-1022377.7542999983, 4679331.635499999]}, "properties": {"OBJECTID": 45206, "COD_SIG": null, "IDTIPO": null, "NOME": "SAFEL", "REGEND": "004324", "MORADA": "Rua Amadeu de Sousa Cardoso", "NUM_POLICIA": "12", "FREGUESIA": "102", "LOCALIDADE": null, "COD_POST_4": "1300", "COD_POST_3": "244", "COM_INT_ID": null, "COD_ACT_ECON": "21508", "DESC_ACT_ECON": "Acess\u00f3rios P/ Ve\u00edculos Excepto Motociclos", "ANO": 1996, "TIPO": "Retalho", "LOCALIZACAO": "Isolado", "C_INTEGRADO": null, "EMPRESA": "SAFEL-SOCIEDADE DE REPRESENTA\u00c7\u00d5ES, LDA", "GlobalID": "de078495-0a1d-4c83-b399-8789b97e968e"}}, {"type": "Feature", "geometry": {"type": "Point", "coordinates": [-1021505.3350000009, 4680172.627800003]}, "properties": {"OBJECTID": 45222, "COD_SIG": null, "IDTIPO": null, "NOME": "VITOR M MARTINS", "REGEND": "004387", "MORADA": "FELICIANO DE SOUSA (R)", "NUM_POLICIA": "117", "FREGUESIA": "102", "LOCALIDADE": null, "COD_POST_4": null, "COD_POST_3": null, "COM_INT_ID": null, "COD_ACT_ECON": "30001", "DESC_ACT_ECON": "Repara\u00e7\u00e3o De Ve\u00edculos Autom\u00f3veis", "ANO": 1996, "TIPO": "Retalho", "LOCALIZACAO": "Isolado", "C_INTEGRADO": null, "EMPRESA": "MARIA ISABEL SILVEIRA MENDES RODRIGUES MOURA", "GlobalID": "57085983-5373-46e8-9741-a3adc21a5439"}}, {"type": "Feature", "geometry": {"type": "Point", "coordinates": [-1023801.432500001, 4679303.125399999]}, "properties": {"OBJECTID": 45236, "COD_SIG": null, "IDTIPO": null, "NOME": "NETO & LURDES", "REGEND": "004116", "MORADA": "BOA HORA (T DA) \u00c0 AJUDA", "NUM_POLICIA": "30 D/E", "FREGUESIA": "101", "LOCALIDADE": null, "COD_POST_4": null, "COD_POST_3": null, "COM_INT_ID": null, "COD_ACT_ECON": "21211", "DESC_ACT_ECON": "Electrodom\u00e9sticos", "ANO": 1996, "TIPO": "Retalho", "LOCALIZACAO": "Isolado", "C_INTEGRADO": null, "EMPRESA": "MARIA ISABEL SILVEIRA MENDES RODRIGUES MOURA", "GlobalID": "0c9858ed-ad36-490c-a764-47efc43edb1b"}}, {"type": "Feature", "geometry": {"type": "Point", "coordinates": [-1024278.1854000017, 4679418.930399999]}, "properties": {"OBJECTID": 45254, "COD_SIG": null, "IDTIPO": null, "NOME": "DELTA PORTES COMERCIO PE\u00c7AS ACESSORIOS AUTO LDA", "REGEND": "004050", "MORADA": "DR ANTONIO RIBEIRO DOS SANTOS (R)", "NUM_POLICIA": "28 A", "FREGUESIA": "101", "LOCALIDADE": null, "COD_POST_4": null, "COD_POST_3": null, "COM_INT_ID": null, "COD_ACT_ECON": "21508", "DESC_ACT_ECON": "Acess\u00f3rios P/ Ve\u00edculos Excepto Motociclos", "ANO": 1996, "TIPO": "Retalho", "LOCALIZACAO": "Isolado", "C_INTEGRADO": null, "EMPRESA": "MARIA ISABEL SILVEIRA MENDES RODRIGUES MOURA", "GlobalID": "26684acb-d43a-4978-a076-9af9ff001188"}}, {"type": "Feature", "geometry": {"type": "Point", "coordinates": [-1021357.8220999986, 4679353.210600004]}, "properties": {"OBJECTID": 45317, "COD_SIG": null, "IDTIPO": null, "NOME": "XICO-XICAO", "REGEND": "004347", "MORADA": "CASCAIS (R)", "NUM_POLICIA": "45/47", "FREGUESIA": "102", "LOCALIDADE": null, "COD_POST_4": null, "COD_POST_3": null, "COM_INT_ID": 97, "COD_ACT_ECON": "21105", "DESC_ACT_ECON": "Roupa B\u00e9b\u00e9", "ANO": 1996, "TIPO": "Retalho", "LOCALIZACAO": "Integrado - outro", "C_INTEGRADO": "CENTRO COMERCIAL PINGO DOCE", "EMPRESA": "MARIA ISABEL SILVEIRA MENDES RODRIGUES MOURA", "GlobalID": "7cd6ce33-487f-417c-849f-890654670d5c"}}, {"type": "Feature", "geometry": {"type": "Point", "coordinates": [-1023125.6495999992, 4679737.599100001]}, "properties": {"OBJECTID": 45366, "COD_SIG": null, "IDTIPO": null, "NOME": "TABACARIA PAPELARIA - GENESIS", "REGEND": "004026", "MORADA": "CRUZEIRO (R DO)", "NUM_POLICIA": "64 A", "FREGUESIA": "101", "LOCALIDADE": "LISBOA", "COD_POST_4": "1300", "COD_POST_3": "167", "COM_INT_ID": null, "COD_ACT_ECON": "21402", "DESC_ACT_ECON": "Papelarias (Art. Escrit.,Jornais ..)", "ANO": 1996, "TIPO": "Retalho", "LOCALIZACAO": "Isolado", "C_INTEGRADO": null, "EMPRESA": "MARIA ISABEL SILVEIRA MENDES RODRIGUES MOURA", "GlobalID": "92a729cb-5068-4412-a902-568b62703f7d"}}, {"type": "Feature", "geometry": {"type": "Point", "coordinates": [-1021382.8313999996, 4679865.626000002]}, "properties": {"OBJECTID": 45433, "COD_SIG": null, "IDTIPO": null, "NOME": "COMUNOLT", "REGEND": "004317", "MORADA": "ALVITO (R DO)", "NUM_POLICIA": "33/33 A", "FREGUESIA": "102", "LOCALIDADE": null, "COD_POST_4": null, "COD_POST_3": null, "COM_INT_ID": null, "COD_ACT_ECON": "21508", "DESC_ACT_ECON": "Acess\u00f3rios P/ Ve\u00edculos Excepto Motociclos", "ANO": 1996, "TIPO": "Retalho", "LOCALIZACAO": "Isolado", "C_INTEGRADO": null, "EMPRESA": "MARIA ISABEL SILVEIRA MENDES RODRIGUES MOURA", "GlobalID": "511bd4f3-c262-4e1f-8d2a-c64a5dc3b8a6"}}, {"type": "Feature", "geometry": {"type": "Point", "coordinates": [-1023092.7038999982, 4679344.8684]}, "properties": {"OBJECTID": 45443, "COD_SIG": null, "IDTIPO": null, "NOME": "FRIO SECO", "REGEND": "004307", "MORADA": "ALIAN\u00c7A OPER\u00c1RIA (R)", "NUM_POLICIA": "50 A", "FREGUESIA": "102", "LOCALIDADE": null, "COD_POST_4": null, "COD_POST_3": null, "COM_INT_ID": null, "COD_ACT_ECON": "11012", "DESC_ACT_ECON": "Produtos Congelados", "ANO": 1996, "TIPO": "Retalho", "LOCALIZACAO": "Isolado", "C_INTEGRADO": null, "EMPRESA": "MARIA ISABEL SILVEIRA MENDES RODRIGUES MOURA", "GlobalID": "fa033b59-37d2-4ea1-bd27-ed471dd4c65b"}}, {"type": "Feature", "geometry": {"type": "Point", "coordinates": [-1023257.7419999987, 4679276.998099998]}, "properties": {"OBJECTID": 45446, "COD_SIG": null, "IDTIPO": null, "NOME": "EXCLUSIVE", "REGEND": "004311", "MORADA": "Rua Alian\u00e7a Oper\u00e1ria", "NUM_POLICIA": "72A", "FREGUESIA": "101", "LOCALIDADE": "LISBOA                         ", "COD_POST_4": "1300", "COD_POST_3": "049", "COM_INT_ID": null, "COD_ACT_ECON": "21201", "DESC_ACT_ECON": "Molduras", "ANO": 1996, "TIPO": "Retalho", "LOCALIZACAO": "Isolado", "C_INTEGRADO": null, "EMPRESA": "MARIA ISABEL SILVEIRA MENDES RODRIGUES MOURA", "GlobalID": "6939e213-5570-4e32-8f65-df1dbd7c716e"}}, {"type": "Feature", "geometry": {"type": "Point", "coordinates": [-1024355.2111000009, 4679336.164300002]}, "properties": {"OBJECTID": 45474, "COD_SIG": null, "IDTIPO": null, "NOME": "PAULO JORGE MARTINS RODRIGUES", "REGEND": "004181", "MORADA": "Travessa de Paulo Martins", "NUM_POLICIA": "47B", "FREGUESIA": "101", "LOCALIDADE": "LISBOA                         ", "COD_POST_4": "1300", "COD_POST_3": "447", "COM_INT_ID": null, "COD_ACT_ECON": "11002", "DESC_ACT_ECON": "Talhos", "ANO": 1996, "TIPO": "Retalho", "LOCALIZACAO": "Isolado", "C_INTEGRADO": null, "EMPRESA": "MARIA ISABEL SILVEIRA MENDES RODRIGUES MOURA", "GlobalID": "03ef99db-b6d9-4bbc-959e-eead0c007f7c"}}, {"type": "Feature", "geometry": {"type": "Point", "coordinates": [-1021506.075100001, 4679547.942400001]}, "properties": {"OBJECTID": 45537, "COD_SIG": null, "IDTIPO": null, "NOME": "CASA FORTES", "REGEND": "004286", "MORADA": "Rua de Alc\u00e2ntara", "NUM_POLICIA": "41A", "FREGUESIA": "102", "LOCALIDADE": "LISBOA", "COD_POST_4": "1300", "COD_POST_3": "257", "COM_INT_ID": null, "COD_ACT_ECON": "21402", "DESC_ACT_ECON": "Papelarias (Art. Escrit.,Jornais ..)", "ANO": 1996, "TIPO": "Retalho", "LOCALIZACAO": "Isolado", "C_INTEGRADO": null, "EMPRESA": "MARIA ISABEL SILVEIRA MENDES RODRIGUES MOURA", "GlobalID": "4e95d8ef-14df-4c01-99cf-81e82389e7c0"}}, {"type": "Feature", "geometry": {"type": "Point", "coordinates": [-1023908.6424999982, 4679278.744199999]}, "properties": {"OBJECTID": 45795, "COD_SIG": null, "IDTIPO": null, "NOME": "CASEIROS", "REGEND": "004145", "MORADA": "Travessa da Boa-Hora \u00e0 Ajuda", "NUM_POLICIA": "51B", "FREGUESIA": "101", "LOCALIDADE": "LISBOA", "COD_POST_4": "1300", "COD_POST_3": "102", "COM_INT_ID": null, "COD_ACT_ECON": "21211", "DESC_ACT_ECON": "Electrodom\u00e9sticos", "ANO": 1996, "TIPO": "Retalho", "LOCALIZACAO": "Isolado", "C_INTEGRADO": null, "EMPRESA": "MARIA ISABEL SILVEIRA MENDES RODRIGUES MOURA", "GlobalID": "1d6ccf2d-b0c8-469a-ab47-5859c8cf7579"}}, {"type": "Feature", "geometry": {"type": "Point", "coordinates": [-1021357.8220999986, 4679353.210600004]}, "properties": {"OBJECTID": 45855, "COD_SIG": null, "IDTIPO": null, "NOME": "ALCANTARO", "REGEND": "004334", "MORADA": "CASCAIS (R)", "NUM_POLICIA": "45/47", "FREGUESIA": "102", "LOCALIDADE": null, "COD_POST_4": null, "COD_POST_3": null, "COM_INT_ID": 97, "COD_ACT_ECON": "21518", "DESC_ACT_ECON": "Artesanato", "ANO": 1996, "TIPO": "Retalho", "LOCALIZACAO": "Integrado - outro", "C_INTEGRADO": "CENTRO COMERCIAL PINGO DOCE", "EMPRESA": "MARIA ISABEL SILVEIRA MENDES RODRIGUES MOURA", "GlobalID": "aceaf332-5815-42d2-a932-27b2a022aeed"}}, {"type": "Feature", "geometry": {"type": "Point", "coordinates": [-1021357.8220999986, 4679353.210600004]}, "properties": {"OBJECTID": 45860, "COD_SIG": null, "IDTIPO": null, "NOME": "STRAUSS", "REGEND": "004353", "MORADA": "CASCAIS (R)", "NUM_POLICIA": "45/47", "FREGUESIA": "102", "LOCALIDADE": null, "COD_POST_4": null, "COD_POST_3": null, "COM_INT_ID": 97, "COD_ACT_ECON": "21411", "DESC_ACT_ECON": "Discos/Cassetes Audio E Video", "ANO": 1996, "TIPO": "Retalho", "LOCALIZACAO": "Integrado - outro", "C_INTEGRADO": "CENTRO COMERCIAL PINGO DOCE", "EMPRESA": "MARIA ISABEL SILVEIRA MENDES RODRIGUES MOURA", "GlobalID": "39406f85-41c0-4853-8e1c-d11cebfd2a27"}}, {"type": "Feature", "geometry": {"type": "Point", "coordinates": [-1021357.8220999986, 4679353.210600004]}, "properties": {"OBJECTID": 45861, "COD_SIG": null, "IDTIPO": null, "NOME": "CECILIA LAVORES", "REGEND": "004357", "MORADA": "CASCAIS (R)", "NUM_POLICIA": "45/47", "FREGUESIA": "102", "LOCALIDADE": null, "COD_POST_4": null, "COD_POST_3": null, "COM_INT_ID": 97, "COD_ACT_ECON": "21202", "DESC_ACT_ECON": "Artigos Diversos Lar/Decora\u00e7\u00e3o", "ANO": 1996, "TIPO": "Retalho", "LOCALIZACAO": "Integrado - outro", "C_INTEGRADO": "CENTRO COMERCIAL PINGO DOCE", "EMPRESA": "CECILIA - LAVORES E ARTIGOS PARA O LAR, LDA", "GlobalID": "c753c4ec-b788-4a35-853b-4b697ec9394e"}}, {"type": "Feature", "geometry": {"type": "Point", "coordinates": [-1021357.8220999986, 4679353.210600004]}, "properties": {"OBJECTID": 45862, "COD_SIG": null, "IDTIPO": null, "NOME": "GELATARIA FREDO", "REGEND": "004361", "MORADA": "CASCAIS (R)", "NUM_POLICIA": "45/47", "FREGUESIA": "102", "LOCALIDADE": null, "COD_POST_4": null, "COD_POST_3": null, "COM_INT_ID": 97, "COD_ACT_ECON": "11018", "DESC_ACT_ECON": "Outros N.E (C. Alim. Especializado)", "ANO": 1996, "TIPO": "Retalho", "LOCALIZACAO": "Integrado - outro", "C_INTEGRADO": "CENTRO COMERCIAL PINGO DOCE", "EMPRESA": "MARIA ISABEL SILVEIRA MENDES RODRIGUES MOURA", "GlobalID": "2577fa04-1c5f-4eb2-9d17-ed957ef0e4ed"}}, {"type": "Feature", "geometry": {"type": "Point", "coordinates": [-1023170.7894000001, 4679767.914399996]}, "properties": {"OBJECTID": 45901, "COD_SIG": null, "IDTIPO": null, "NOME": "A.C.BORGES", "REGEND": "004027", "MORADA": "CRUZEIRO (R DO)", "NUM_POLICIA": "79/81", "FREGUESIA": "101", "LOCALIDADE": null, "COD_POST_4": null, "COD_POST_3": null, "COM_INT_ID": null, "COD_ACT_ECON": "21206", "DESC_ACT_ECON": "M\u00f3veis E Colchoaria (Interior)", "ANO": 1996, "TIPO": "Retalho", "LOCALIZACAO": "Isolado", "C_INTEGRADO": null, "EMPRESA": "MARIA ISABEL SILVEIRA MENDES RODRIGUES MOURA", "GlobalID": "b11150ea-9f7d-4937-95b5-3c3b7a2764fd"}}, {"type": "Feature", "geometry": {"type": "Point", "coordinates": [-1021357.8220999986, 4679353.210600004]}, "properties": {"OBJECTID": 46096, "COD_SIG": null, "IDTIPO": null, "NOME": "STRAUSS", "REGEND": "004341", "MORADA": "CASCAIS (R)", "NUM_POLICIA": "45/47", "FREGUESIA": "102", "LOCALIDADE": null, "COD_POST_4": null, "COD_POST_3": null, "COM_INT_ID": 97, "COD_ACT_ECON": "21411", "DESC_ACT_ECON": "Discos/Cassetes Audio E Video", "ANO": 1996, "TIPO": "Retalho", "LOCALIZACAO": "Integrado - outro", "C_INTEGRADO": "CENTRO COMERCIAL PINGO DOCE", "EMPRESA": "MARIA ISABEL SILVEIRA MENDES RODRIGUES MOURA", "GlobalID": "6f1e3bd5-f862-499f-8e09-1dac77b13153"}}, {"type": "Feature", "geometry": {"type": "Point", "coordinates": [-1021357.8220999986, 4679353.210600004]}, "properties": {"OBJECTID": 46099, "COD_SIG": null, "IDTIPO": null, "NOME": "SNOB", "REGEND": "004352", "MORADA": "CASCAIS (R)", "NUM_POLICIA": "45/47", "FREGUESIA": "102", "LOCALIDADE": null, "COD_POST_4": null, "COD_POST_3": null, "COM_INT_ID": 97, "COD_ACT_ECON": "21103", "DESC_ACT_ECON": "Artigos Vestu\u00e1rio Senhora (Boutique)", "ANO": 1996, "TIPO": "Retalho", "LOCALIZACAO": "Integrado - outro", "C_INTEGRADO": "CENTRO COMERCIAL PINGO DOCE", "EMPRESA": "VISA MODAS, LDA", "GlobalID": "5cf28641-37a3-4539-a609-67a89eb1cc63"}}, {"type": "Feature", "geometry": {"type": "Point", "coordinates": [-1016631.9857000001, 4684647.494900003]}, "properties": {"OBJECTID": 47220, "COD_SIG": null, "IDTIPO": null, "NOME": "CENTRO ELECTRONICO AREEIRO", "REGEND": "004683", "MORADA": "ACT VIRGINIA (R)", "NUM_POLICIA": "16 A", "FREGUESIA": "104", "LOCALIDADE": null, "COD_POST_4": null, "COD_POST_3": null, "COM_INT_ID": null, "COD_ACT_ECON": "21211", "DESC_ACT_ECON": "Electrodom\u00e9sticos", "ANO": 1996, "TIPO": "Retalho", "LOCALIZACAO": "Isolado", "C_INTEGRADO": null, "EMPRESA": "MARIA ISABEL SILVEIRA MENDES RODRIGUES MOURA", "GlobalID": "2052187e-1f9b-4190-9c30-f65d10c15b64"}}, {"type": "Feature", "geometry": {"type": "Point", "coordinates": [-1018290.2503999993, 4685361.965400003]}, "properties": {"OBJECTID": 47334, "COD_SIG": null, "IDTIPO": null, "NOME": "ALFREDO GUEDES SOLAS", "REGEND": "004758", "MORADA": "REP\u00daBLICA (AV) AO SALDANHA", "NUM_POLICIA": "84 C", "FREGUESIA": "103", "LOCALIDADE": null, "COD_POST_4": null, "COD_POST_3": null, "COM_INT_ID": null, "COD_ACT_ECON": "11002", "DESC_ACT_ECON": "Talhos", "ANO": 1996, "TIPO": "Retalho", "LOCALIZACAO": "Isolado", "C_INTEGRADO": null, "EMPRESA": "ALFREDO GUEDES SOLAS", "GlobalID": "4015cb05-ba39-4e1e-b63f-0587f7f80331"}}, {"type": "Feature", "geometry": {"type": "Point", "coordinates": [-1023092.3381999992, 4679034.679499999]}, "properties": {"OBJECTID": 47741, "COD_SIG": null, "IDTIPO": null, "NOME": "NITIN NOVA INDUSTRIA TINTAS SA", "REGEND": "004585", "MORADA": "Travessa do Giestal", "NUM_POLICIA": "24A", "FREGUESIA": "102", "LOCALIDADE": null, "COD_POST_4": "1300", "COD_POST_3": "278", "COM_INT_ID": null, "COD_ACT_ECON": "21502", "DESC_ACT_ECON": "Tintas,Vernizes E Afins", "ANO": 1996, "TIPO": "Retalho", "LOCALIZACAO": "Isolado", "C_INTEGRADO": null, "EMPRESA": "NITIN - NOVA IND\u00daSTRIA DE TINTAS, SA", "GlobalID": "fa9611ad-a86d-4e5e-b1e6-fc3578224499"}}, {"type": "Feature", "geometry": {"type": "Point", "coordinates": [-1023075.4452, 4678933.815399997]}, "properties": {"OBJECTID": 47939, "COD_SIG": null, "IDTIPO": null, "NOME": "CARLOS MARTINS & ALVES LDA", "REGEND": "004583", "MORADA": "GIESTAL (T DO)", "NUM_POLICIA": "13 A/B", "FREGUESIA": "102", "LOCALIDADE": null, "COD_POST_4": null, "COD_POST_3": null, "COM_INT_ID": null, "COD_ACT_ECON": "11005", "DESC_ACT_ECON": "Produtos Horto-Frut\u00edcolas", "ANO": 1996, "TIPO": "Retalho", "LOCALIZACAO": "Isolado", "C_INTEGRADO": null, "EMPRESA": "CARLOS MARTINS & ALVES, LDA", "GlobalID": "51844db2-776b-47eb-ab55-052253953c89"}}, {"type": "Feature", "geometry": {"type": "Point", "coordinates": [-1024288.0307999998, 4679330.839500003]}, "properties": {"OBJECTID": 48081, "COD_SIG": null, "IDTIPO": null, "NOME": "MARIA LURDES CRUZ MARQUES", "REGEND": "004176", "MORADA": "Travessa de Paulo Martins", "NUM_POLICIA": "33A", "FREGUESIA": "101", "LOCALIDADE": "LISBOA", "COD_POST_4": "1300", "COD_POST_3": "447", "COM_INT_ID": null, "COD_ACT_ECON": "21101", "DESC_ACT_ECON": "Artigos Vestu\u00e1rio Diverso (Misto)", "ANO": 1996, "TIPO": "Retalho", "LOCALIZACAO": "Isolado", "C_INTEGRADO": null, "EMPRESA": "MARIA ISABEL SILVEIRA MENDES RODRIGUES MOURA", "GlobalID": "7bc7e615-9628-459a-b740-c6131e781a1f"}}, {"type": "Feature", "geometry": {"type": "Point", "coordinates": [-1021930.6039999984, 4679644.752300002]}, "properties": {"OBJECTID": 48422, "COD_SIG": null, "IDTIPO": null, "NOME": "CRITERIUM SISTEMAS INFORMATICOS LDA", "REGEND": "004212", "MORADA": "TAPADA (C DA)", "NUM_POLICIA": "67", "FREGUESIA": "102", "LOCALIDADE": null, "COD_POST_4": null, "COD_POST_3": null, "COM_INT_ID": null, "COD_ACT_ECON": "21514", "DESC_ACT_ECON": "Equipamento Inform\u00e1tico", "ANO": 1996, "TIPO": "Retalho", "LOCALIZACAO": "Isolado", "C_INTEGRADO": null, "EMPRESA": "MARIA ISABEL SILVEIRA MENDES RODRIGUES MOURA", "GlobalID": "a565519d-0f3d-4f88-915a-0cf0c5185268"}}, {"type": "Feature", "geometry": {"type": "Point", "coordinates": [-1023622.2758999988, 4679298.136299998]}, "properties": {"OBJECTID": 48606, "COD_SIG": null, "IDTIPO": null, "NOME": "HAVANEZA DA BOA HORA", "REGEND": "004098", "MORADA": "BOA HORA (T DA) \u00c0 AJUDA", "NUM_POLICIA": "11 A", "FREGUESIA": "101", "LOCALIDADE": null, "COD_POST_4": null, "COD_POST_3": null, "COM_INT_ID": null, "COD_ACT_ECON": "21402", "DESC_ACT_ECON": "Papelarias (Art. Escrit.,Jornais ..)", "ANO": 1996, "TIPO": "Retalho", "LOCALIZACAO": "Isolado", "C_INTEGRADO": null, "EMPRESA": "MARIA ISABEL SILVEIRA MENDES RODRIGUES MOURA", "GlobalID": "a212d046-6e0b-42b6-9fe5-06067b2b557b"}}, {"type": "Feature", "geometry": {"type": "Point", "coordinates": [-1021451.8621000014, 4679633.538999997]}, "properties": {"OBJECTID": 48657, "COD_SIG": null, "IDTIPO": null, "NOME": "ALEXANDRE MANUEL PATRICIO E IRM\u00c4O", "REGEND": "004274", "MORADA": "ALC\u00c2NTARA (R DE)", "NUM_POLICIA": "31 A", "FREGUESIA": "102", "LOCALIDADE": null, "COD_POST_4": null, "COD_POST_3": null, "COM_INT_ID": null, "COD_ACT_ECON": "21101", "DESC_ACT_ECON": "Artigos Vestu\u00e1rio Diverso (Misto)", "ANO": 1996, "TIPO": "Retalho", "LOCALIZACAO": "Isolado", "C_INTEGRADO": null, "EMPRESA": "MARIA ISABEL SILVEIRA MENDES RODRIGUES MOURA", "GlobalID": "3969dc36-0849-4427-b4f2-268be320cc23"}}, {"type": "Feature", "geometry": {"type": "Point", "coordinates": [-1021428.2507000007, 4679695.487999998]}, "properties": {"OBJECTID": 48671, "COD_SIG": null, "IDTIPO": null, "NOME": "A. MARTINS E MARTINS", "REGEND": "004276", "MORADA": "ALC\u00c2NTARA (R DE)", "NUM_POLICIA": "32 A/B", "FREGUESIA": "102", "LOCALIDADE": null, "COD_POST_4": null, "COD_POST_3": null, "COM_INT_ID": null, "COD_ACT_ECON": "21206", "DESC_ACT_ECON": "M\u00f3veis E Colchoaria (Interior)", "ANO": 1996, "TIPO": "Retalho", "LOCALIZACAO": "Isolado", "C_INTEGRADO": null, "EMPRESA": "MARIA ISABEL SILVEIRA MENDES RODRIGUES MOURA", "GlobalID": "4459f8ad-ac06-46ec-b2cc-18ef7a72ff7f"}}, {"type": "Feature", "geometry": {"type": "Point", "coordinates": [-1022048.4376999997, 4679159.383599997]}, "properties": {"OBJECTID": 48899, "COD_SIG": null, "IDTIPO": null, "NOME": "CUSTODIO ANDRADE LDA", "REGEND": "004487", "MORADA": "LU\u00cdS DE CAM\u00d5ES (R) A ST AMARO", "NUM_POLICIA": "33 B", "FREGUESIA": "102", "LOCALIDADE": null, "COD_POST_4": null, "COD_POST_3": null, "COM_INT_ID": null, "COD_ACT_ECON": "21501", "DESC_ACT_ECON": "Materiais Constru\u00e7\u00e3o,Metais E Ferragens", "ANO": 1996, "TIPO": "Retalho", "LOCALIZACAO": "Isolado", "C_INTEGRADO": null, "EMPRESA": "CUSTODIO ANDRADE LDA", "GlobalID": "e86d027d-d3dc-4439-b687-e72cd0a37941"}}, {"type": "Feature", "geometry": {"type": "Point", "coordinates": [-1021402.805300001, 4679708.628899999]}, "properties": {"OBJECTID": 49006, "COD_SIG": null, "IDTIPO": null, "NOME": "O CATO", "REGEND": "004268", "MORADA": "ALCANTARA (R DE)", "NUM_POLICIA": "28", "FREGUESIA": "102", "LOCALIDADE": null, "COD_POST_4": null, "COD_POST_3": null, "COM_INT_ID": null, "COD_ACT_ECON": "21409", "DESC_ACT_ECON": "Artigos Jardinagem/Flores/Plantas", "ANO": 1996, "TIPO": "Retalho", "LOCALIZACAO": "Isolado", "C_INTEGRADO": null, "EMPRESA": "BRITO & RODRIGUES, LDA", "GlobalID": "21ff0d87-1ba1-4fca-9851-ddc8ba9e5a46"}}, {"type": "Feature", "geometry": {"type": "Point", "coordinates": [-1023789.9043000005, 4679277.771899998]}, "properties": {"OBJECTID": 49050, "COD_SIG": null, "IDTIPO": null, "NOME": "CASA LOI\u00c7AS", "REGEND": "004135", "MORADA": "Travessa da Boa-Hora \u00e0 Ajuda", "NUM_POLICIA": "37A", "FREGUESIA": "101", "LOCALIDADE": null, "COD_POST_4": "1300", "COD_POST_3": "102", "COM_INT_ID": null, "COD_ACT_ECON": "21214", "DESC_ACT_ECON": "Loi\u00e7as/Vidros", "ANO": 1996, "TIPO": "Retalho", "LOCALIZACAO": "Isolado", "C_INTEGRADO": null, "EMPRESA": "MARIA ISABEL SILVEIRA MENDES RODRIGUES MOURA", "GlobalID": "9dc420a7-d199-4acf-86c2-93b1daa99881"}}, {"type": "Feature", "geometry": {"type": "Point", "coordinates": [-1023137.8286999986, 4679128.394900002]}, "properties": {"OBJECTID": 49155, "COD_SIG": null, "IDTIPO": null, "NOME": "HENRIQUE JOSE GUERRA NUNES", "REGEND": "004591", "MORADA": "GIESTAL (T DO)", "NUM_POLICIA": "45 A", "FREGUESIA": "102", "LOCALIDADE": null, "COD_POST_4": null, "COD_POST_3": null, "COM_INT_ID": null, "COD_ACT_ECON": "21117", "DESC_ACT_ECON": "Retrosarias", "ANO": 1996, "TIPO": "Retalho", "LOCALIZACAO": "Isolado", "C_INTEGRADO": null, "EMPRESA": "MARIA ISABEL SILVEIRA MENDES RODRIGUES MOURA", "GlobalID": "190f892e-7101-47f6-a29b-6aefa09d36af"}}, {"type": "Feature", "geometry": {"type": "Point", "coordinates": [-1022318.1457000002, 4679626.1559000015]}, "properties": {"OBJECTID": 49188, "COD_SIG": null, "IDTIPO": null, "NOME": "PNEUS EXPRESSO", "REGEND": "004198", "MORADA": "TAPADA (C DA)", "NUM_POLICIA": "119", "FREGUESIA": "102", "LOCALIDADE": null, "COD_POST_4": null, "COD_POST_3": null, "COM_INT_ID": null, "COD_ACT_ECON": "21508", "DESC_ACT_ECON": "Acess\u00f3rios P/ Ve\u00edculos Excepto Motociclos", "ANO": 1996, "TIPO": "Retalho", "LOCALIZACAO": "Isolado", "C_INTEGRADO": null, "EMPRESA": "MARIA ISABEL SILVEIRA MENDES RODRIGUES MOURA", "GlobalID": "7d2917ce-1763-4bb0-b04e-f1f141b09bbd"}}, {"type": "Feature", "geometry": {"type": "Point", "coordinates": [-1021407.938099999, 4679709.8552]}, "properties": {"OBJECTID": 49198, "COD_SIG": null, "IDTIPO": null, "NOME": "AGENCIA FUNERARIA BAPTISTA", "REGEND": "004209", "MORADA": "TAPADA (C DA)", "NUM_POLICIA": "2", "FREGUESIA": "102", "LOCALIDADE": null, "COD_POST_4": null, "COD_POST_3": null, "COM_INT_ID": null, "COD_ACT_ECON": "21526", "DESC_ACT_ECON": "Outros N.E.(C.N.Alim. Diversos)", "ANO": 1996, "TIPO": "Retalho", "LOCALIZACAO": "Isolado", "C_INTEGRADO": null, "EMPRESA": "MARIA ISABEL SILVEIRA MENDES RODRIGUES MOURA", "GlobalID": "c3e3d761-58f4-4030-b3dd-66e9e54e3767"}}, {"type": "Feature", "geometry": {"type": "Point", "coordinates": [-1015699.9637000002, 4684535.555]}, "properties": {"OBJECTID": 49321, "COD_SIG": null, "IDTIPO": null, "NOME": "MARIA ASSUN\u00c7AO DELGADO RODRIGUES RAMOS", "REGEND": "004634", "MORADA": "ENG ARANTES DE OLIVEIRA (AV)", "NUM_POLICIA": "LT 13 A/D", "FREGUESIA": "104", "LOCALIDADE": null, "COD_POST_4": null, "COD_POST_3": null, "COM_INT_ID": 93, "COD_ACT_ECON": "21106", "DESC_ACT_ECON": "Roupa Interior", "ANO": 1996, "TIPO": "Retalho", "LOCALIZACAO": "Integrado - outro", "C_INTEGRADO": "OLAIAS PLAZA", "EMPRESA": "MARIA ISABEL SILVEIRA MENDES RODRIGUES MOURA", "GlobalID": "d5907fbe-3088-46ad-bd00-7c4d50e218f6"}}, {"type": "Feature", "geometry": {"type": "Point", "coordinates": [-1016517.5476999991, 4684179.203299999]}, "properties": {"OBJECTID": 49525, "COD_SIG": null, "IDTIPO": null, "NOME": "PERFUMARIA LUANDA", "REGEND": "004605", "MORADA": "Alameda Dom Afonso Henriques", "NUM_POLICIA": "56A", "FREGUESIA": "104", "LOCALIDADE": "LISBOA                         ", "COD_POST_4": "1900", "COD_POST_3": "182", "COM_INT_ID": null, "COD_ACT_ECON": "21503", "DESC_ACT_ECON": "Drogarias", "ANO": 1996, "TIPO": "Retalho", "LOCALIZACAO": "Isolado", "C_INTEGRADO": null, "EMPRESA": "MARIA ISABEL SILVEIRA MENDES RODRIGUES MOURA", "GlobalID": "7ee9133e-a524-4101-853a-86b1121275fc"}}, {"type": "Feature", "geometry": {"type": "Point", "coordinates": [-1021707.3627000004, 4679594.632100001]}, "properties": {"OBJECTID": 49727, "COD_SIG": null, "IDTIPO": null, "NOME": "TABACARIA LUSIADAS", "REGEND": "004533", "MORADA": "LUS\u00cdADAS (R DOS)", "NUM_POLICIA": "5 A", "FREGUESIA": "102", "LOCALIDADE": null, "COD_POST_4": null, "COD_POST_3": null, "COM_INT_ID": 87, "COD_ACT_ECON": "21403", "DESC_ACT_ECON": "Tabacaria", "ANO": 1996, "TIPO": "Retalho", "LOCALIZACAO": "Integrado - outro", "C_INTEGRADO": "CENTRO COMERCIAL LUS\u00cdADAS", "EMPRESA": "MARIA ISABEL SILVEIRA MENDES RODRIGUES MOURA", "GlobalID": "f900eb6f-1915-426f-b230-f7cc969a2fae"}}, {"type": "Feature", "geometry": {"type": "Point", "coordinates": [-1021707.3627000004, 4679594.632100001]}, "properties": {"OBJECTID": 49850, "COD_SIG": null, "IDTIPO": null, "NOME": "MAR E VASAO", "REGEND": "004530", "MORADA": "LUS\u00cdADAS (R DOS)", "NUM_POLICIA": "5 A", "FREGUESIA": "102", "LOCALIDADE": null, "COD_POST_4": null, "COD_POST_3": null, "COM_INT_ID": 87, "COD_ACT_ECON": "21406", "DESC_ACT_ECON": "Artigos De Desporto", "ANO": 1996, "TIPO": "Retalho", "LOCALIZACAO": "Integrado - outro", "C_INTEGRADO": "CENTRO COMERCIAL LUS\u00cdADAS", "EMPRESA": "MARIA ISABEL SILVEIRA MENDES RODRIGUES MOURA", "GlobalID": "c3cd687f-d1bd-424e-83e0-294a997ee4b5"}}, {"type": "Feature", "geometry": {"type": "Point", "coordinates": [-1015699.9637000002, 4684535.555]}, "properties": {"OBJECTID": 50632, "COD_SIG": null, "IDTIPO": null, "NOME": "PEDRO BRITO", "REGEND": "004632", "MORADA": "ENG ARANTES DE OLIVEIRA (AV)", "NUM_POLICIA": "LT 13 A/D", "FREGUESIA": "104", "LOCALIDADE": null, "COD_POST_4": null, "COD_POST_3": null, "COM_INT_ID": 93, "COD_ACT_ECON": "21109", "DESC_ACT_ECON": "Camisarias", "ANO": 1996, "TIPO": "Retalho", "LOCALIZACAO": "Integrado - outro", "C_INTEGRADO": "OLAIAS PLAZA", "EMPRESA": "MARIA ISABEL SILVEIRA MENDES RODRIGUES MOURA", "GlobalID": "12b4c2e0-c00d-4184-bac6-b6e836ad89e9"}}, {"type": "Feature", "geometry": {"type": "Point", "coordinates": [-1016317.1471000016, 4684423.398800001]}, "properties": {"OBJECTID": 50647, "COD_SIG": null, "IDTIPO": null, "NOME": "FERREIRA & PINTASSILGO LDA", "REGEND": "004724", "MORADA": "EGAS MONIZ (R) AO AREEIRO", "NUM_POLICIA": "19 A", "FREGUESIA": "104", "LOCALIDADE": null, "COD_POST_4": null, "COD_POST_3": null, "COM_INT_ID": null, "COD_ACT_ECON": "21512", "DESC_ACT_ECON": "Material El\u00e9ctrico E P/ Electr\u00f3nica", "ANO": 1996, "TIPO": "Retalho", "LOCALIZACAO": "Isolado", "C_INTEGRADO": null, "EMPRESA": "MARIA ISABEL SILVEIRA MENDES RODRIGUES MOURA", "GlobalID": "6e0ccb5f-1d09-44d2-a8ce-a68c8c93b8aa"}}, {"type": "Feature", "geometry": {"type": "Point", "coordinates": [-1016151.1081999987, 4684814.750500001]}, "properties": {"OBJECTID": 50854, "COD_SIG": null, "IDTIPO": null, "NOME": "ALCOR", "REGEND": "004728", "MORADA": "JOAO DA SILVA (R)", "NUM_POLICIA": "8 B", "FREGUESIA": "104", "LOCALIDADE": null, "COD_POST_4": null, "COD_POST_3": null, "COM_INT_ID": null, "COD_ACT_ECON": "21512", "DESC_ACT_ECON": "Material El\u00e9ctrico E P/ Electr\u00f3nica", "ANO": 1996, "TIPO": "Retalho", "LOCALIZACAO": "Isolado", "C_INTEGRADO": null, "EMPRESA": "MARIA ISABEL SILVEIRA MENDES RODRIGUES MOURA", "GlobalID": "9f7427b1-51b6-4bd4-a9ee-727aa708349c"}}, {"type": "Feature", "geometry": {"type": "Point", "coordinates": [-1021758.4241999984, 4679583.5407000035]}, "properties": {"OBJECTID": 51018, "COD_SIG": null, "IDTIPO": null, "NOME": "PNEUS EXPRESSO", "REGEND": "004452", "MORADA": "Rua Jos\u00e9 Dias Coelho", "NUM_POLICIA": "11B", "FREGUESIA": "102", "LOCALIDADE": null, "COD_POST_4": "1300", "COD_POST_3": "365", "COM_INT_ID": null, "COD_ACT_ECON": "21509", "DESC_ACT_ECON": "Combust\u00edveis Ve\u00edculos Autom\u00f3veis", "ANO": 1996, "TIPO": "Retalho", "LOCALIZACAO": "Isolado", "C_INTEGRADO": null, "EMPRESA": "MARIA ISABEL SILVEIRA MENDES RODRIGUES MOURA", "GlobalID": "d7ccf211-ac40-4f8b-899f-9d529cde653f"}}, {"type": "Feature", "geometry": {"type": "Point", "coordinates": [-1022569.7743999995, 4679584.702100001]}, "properties": {"OBJECTID": 51034, "COD_SIG": null, "IDTIPO": null, "NOME": "VARIUS", "REGEND": "004554", "MORADA": "PEDRO CALMON (R)", "NUM_POLICIA": "42 A", "FREGUESIA": "102", "LOCALIDADE": null, "COD_POST_4": null, "COD_POST_3": null, "COM_INT_ID": null, "COD_ACT_ECON": "11003", "DESC_ACT_ECON": "Charcutarias", "ANO": 1996, "TIPO": "Retalho", "LOCALIZACAO": "Isolado", "C_INTEGRADO": null, "EMPRESA": "MARIA ISABEL SILVEIRA MENDES RODRIGUES MOURA", "GlobalID": "8e6d6789-a744-411d-bccf-bc4c0e87109e"}}, {"type": "Feature", "geometry": {"type": "Point", "coordinates": [-1020152.807599999, 4690788.619800001]}, "properties": {"OBJECTID": 51060, "COD_SIG": null, "IDTIPO": null, "NOME": "O RECANTO", "REGEND": "005024", "MORADA": "Q DAS LAVADEIRAS (R DAS)", "NUM_POLICIA": "8 C", "FREGUESIA": "120", "LOCALIDADE": null, "COD_POST_4": null, "COD_POST_3": null, "COM_INT_ID": null, "COD_ACT_ECON": "12003", "DESC_ACT_ECON": "Mini-Mercados/Auto-Servi\u00e7os", "ANO": 1996, "TIPO": "Retalho", "LOCALIZACAO": "Isolado", "C_INTEGRADO": null, "EMPRESA": "MARIA ISABEL SILVEIRA MENDES RODRIGUES MOURA", "GlobalID": "e4a561c6-74cf-49a5-a6e8-f53a1b4042d0"}}, {"type": "Feature", "geometry": {"type": "Point", "coordinates": [-1021707.3627000004, 4679594.632100001]}, "properties": {"OBJECTID": 51243, "COD_SIG": null, "IDTIPO": null, "NOME": "QUINTA ESSENCIA", "REGEND": "004524", "MORADA": "LUS\u00cdADAS (R DOS)", "NUM_POLICIA": "5 A", "FREGUESIA": "102", "LOCALIDADE": null, "COD_POST_4": null, "COD_POST_3": null, "COM_INT_ID": 87, "COD_ACT_ECON": "21302", "DESC_ACT_ECON": "Perfumarias", "ANO": 1996, "TIPO": "Retalho", "LOCALIZACAO": "Integrado - outro", "C_INTEGRADO": "CENTRO COMERCIAL LUS\u00cdADAS", "EMPRESA": "QUINTA ESSENCIA - GEST\u00c4O DE PERFUMARIAS, LDA", "GlobalID": "7c29dcf2-7942-435a-95fb-0bedf9e81be7"}}, {"type": "Feature", "geometry": {"type": "Point", "coordinates": [-1021707.3627000004, 4679594.632100001]}, "properties": {"OBJECTID": 51245, "COD_SIG": null, "IDTIPO": null, "NOME": "SOLA ROTA", "REGEND": "004527", "MORADA": "LUSIADAS (R DOS)", "NUM_POLICIA": "5 A", "FREGUESIA": "102", "LOCALIDADE": null, "COD_POST_4": null, "COD_POST_3": null, "COM_INT_ID": 87, "COD_ACT_ECON": "21115", "DESC_ACT_ECON": "Sapatarias", "ANO": 1996, "TIPO": "Retalho", "LOCALIZACAO": "Integrado - outro", "C_INTEGRADO": "CENTRO COMERCIAL LUS\u00cdADAS", "EMPRESA": "MARIA ISABEL SILVEIRA MENDES RODRIGUES MOURA", "GlobalID": "ef87c108-ce2f-41ae-a9b1-743d0ce9eae8"}}, {"type": "Feature", "geometry": {"type": "Point", "coordinates": [-1021429.7016000003, 4679294.436499998]}, "properties": {"OBJECTID": 51263, "COD_SIG": null, "IDTIPO": null, "NOME": "SOCIEDADE LUBRIFICANTES INGLESES LDA", "REGEND": "004550", "MORADA": "PARTICULAR (2\u00aa RUA) \u00e6 R DA COZINHA ECONOMICA 7", "NUM_POLICIA": "26", "FREGUESIA": "102", "LOCALIDADE": null, "COD_POST_4": null, "COD_POST_3": null, "COM_INT_ID": null, "COD_ACT_ECON": "21509", "DESC_ACT_ECON": "Combust\u00edveis Ve\u00edculos Autom\u00f3veis", "ANO": 1996, "TIPO": "Retalho", "LOCALIZACAO": "Isolado", "C_INTEGRADO": null, "EMPRESA": "MARIA ISABEL SILVEIRA MENDES RODRIGUES MOURA", "GlobalID": "2cc07f76-92e0-4cb0-b968-76de54bb6453"}}, {"type": "Feature", "geometry": {"type": "Point", "coordinates": [-1020058.631000001, 4690046.197499998]}, "properties": {"OBJECTID": 52315, "COD_SIG": null, "IDTIPO": null, "NOME": "SOCIEDADE CARNES LUMIAR", "REGEND": "004987", "MORADA": "Estrada do Desvio", "NUM_POLICIA": "6A", "FREGUESIA": "120", "LOCALIDADE": "LISBOA", "COD_POST_4": "1750", "COD_POST_3": "014", "COM_INT_ID": null, "COD_ACT_ECON": "11002", "DESC_ACT_ECON": "Talhos", "ANO": 1996, "TIPO": "Retalho", "LOCALIZACAO": "Isolado", "C_INTEGRADO": null, "EMPRESA": "SOCIEDADE CARNES LUMIAR, LDA", "GlobalID": "4d953cbc-778c-43ef-9878-fc4a6b593a23"}}, {"type": "Feature", "geometry": {"type": "Point", "coordinates": [-1017542.3355999999, 4685582.413800001]}, "properties": {"OBJECTID": 52454, "COD_SIG": null, "IDTIPO": null, "NOME": "LIVRARIA PINTO MENEZES", "REGEND": "004788", "MORADA": "ROMA (AV)", "NUM_POLICIA": "48 B", "FREGUESIA": "103", "LOCALIDADE": "LISBOA", "COD_POST_4": "1700", "COD_POST_3": "348", "COM_INT_ID": 104, "COD_ACT_ECON": "21401", "DESC_ACT_ECON": "Livrarias", "ANO": 1996, "TIPO": "Retalho", "LOCALIZACAO": "Integrado - outro", "C_INTEGRADO": "CENTRO COMERCIAL ROMA", "EMPRESA": "MARIA ISABEL SILVEIRA MENDES RODRIGUES MOURA", "GlobalID": "d16cb87e-be27-4764-81bf-84fa75aba37d"}}, {"type": "Feature", "geometry": {"type": "Point", "coordinates": [-1017226.4510999992, 4685618.0493]}, "properties": {"OBJECTID": 53187, "COD_SIG": null, "IDTIPO": null, "NOME": "PELESCANDIN\u00c1VIA", "REGEND": "004866", "MORADA": "Rua Doutor Gama Barros", "NUM_POLICIA": "44B", "FREGUESIA": "103", "LOCALIDADE": "LISBOA", "COD_POST_4": "1700", "COD_POST_3": "146", "COM_INT_ID": null, "COD_ACT_ECON": "21110", "DESC_ACT_ECON": "Vestu\u00e1rio Pele", "ANO": 1996, "TIPO": "Retalho", "LOCALIZACAO": "Isolado", "C_INTEGRADO": null, "EMPRESA": "NUNO'S ALTA PELARIA, LDA", "GlobalID": "941d1a42-02f2-45c2-8e9c-d512bbdf08b1"}}, {"type": "Feature", "geometry": {"type": "Point", "coordinates": [-1016875.4417999983, 4681732.067699999]}, "properties": {"OBJECTID": 54047, "COD_SIG": null, "IDTIPO": null, "NOME": "FARMACIA INTENDENTE", "REGEND": "005108", "MORADA": "INTENDENTE PINA MANIQUE (L DO)", "NUM_POLICIA": "51", "FREGUESIA": "105", "LOCALIDADE": null, "COD_POST_4": null, "COD_POST_3": null, "COM_INT_ID": null, "COD_ACT_ECON": "21301", "DESC_ACT_ECON": "Farm\u00e1cias", "ANO": 1996, "TIPO": "Retalho", "LOCALIZACAO": "Isolado", "C_INTEGRADO": null, "EMPRESA": "MARIA ISABEL SILVEIRA MENDES RODRIGUES MOURA", "GlobalID": "c8899d6d-1a6a-4ce6-9ad6-6d4c6a3a79c3"}}, {"type": "Feature", "geometry": {"type": "Point", "coordinates": [-1017015.1442999989, 4682217.6450999975]}, "properties": {"OBJECTID": 54280, "COD_SIG": null, "IDTIPO": null, "NOME": "FARM\u00c1CIA S. JOS\u00c9", "REGEND": "005176", "MORADA": "ANJOS (R DOS)", "NUM_POLICIA": "41 A/B", "FREGUESIA": "105", "LOCALIDADE": null, "COD_POST_4": null, "COD_POST_3": null, "COM_INT_ID": null, "COD_ACT_ECON": "21301", "DESC_ACT_ECON": "Farm\u00e1cias", "ANO": 1996, "TIPO": "Retalho", "LOCALIZACAO": "Isolado", "C_INTEGRADO": null, "EMPRESA": "MARIA ISABEL SILVEIRA MENDES RODRIGUES MOURA", "GlobalID": "39e9312f-0fb1-486d-9759-0965956d8c4d"}}, {"type": "Feature", "geometry": {"type": "Point", "coordinates": [-1016694.6548000015, 4682150.485799998]}, "properties": {"OBJECTID": 54890, "COD_SIG": null, "IDTIPO": null, "NOME": "DROBEL", "REGEND": "005312", "MORADA": "MARIA (R) AOS ANJOS", "NUM_POLICIA": "42", "FREGUESIA": "105", "LOCALIDADE": null, "COD_POST_4": null, "COD_POST_3": null, "COM_INT_ID": null, "COD_ACT_ECON": "21503", "DESC_ACT_ECON": "Drogarias", "ANO": 1996, "TIPO": "Retalho", "LOCALIZACAO": "Isolado", "C_INTEGRADO": null, "EMPRESA": "MARIA ISABEL SILVEIRA MENDES RODRIGUES MOURA", "GlobalID": "8b9b3d24-576b-4004-8d3a-5a6c3910a9f7"}}, {"type": "Feature", "geometry": {"type": "Point", "coordinates": [-1016412.2553999983, 4682454.337899998]}, "properties": {"OBJECTID": 55016, "COD_SIG": null, "IDTIPO": null, "NOME": "LEONALDO C NARCISO", "REGEND": "005281", "MORADA": "HELIODORO SALGADO (R)", "NUM_POLICIA": "69", "FREGUESIA": "105", "LOCALIDADE": null, "COD_POST_4": null, "COD_POST_3": null, "COM_INT_ID": null, "COD_ACT_ECON": "21514", "DESC_ACT_ECON": "Equipamento Inform\u00e1tico", "ANO": 1996, "TIPO": "Retalho", "LOCALIZACAO": "Isolado", "C_INTEGRADO": null, "EMPRESA": "MARIA ISABEL SILVEIRA MENDES RODRIGUES MOURA", "GlobalID": "8e81a9a2-8bd0-4d5c-b45f-ab2db12b0eb1"}}, {"type": "Feature", "geometry": {"type": "Point", "coordinates": [-1015585.8601000011, 4684165.2695999965]}, "properties": {"OBJECTID": 55664, "COD_SIG": null, "IDTIPO": null, "NOME": "SILMAR", "REGEND": "005421", "MORADA": "PICHELEIRA (C DA)", "NUM_POLICIA": "113 B", "FREGUESIA": "107", "LOCALIDADE": null, "COD_POST_4": null, "COD_POST_3": null, "COM_INT_ID": null, "COD_ACT_ECON": "21205", "DESC_ACT_ECON": "Roupa/Lar", "ANO": 1996, "TIPO": "Retalho", "LOCALIZACAO": "Isolado", "C_INTEGRADO": null, "EMPRESA": "MARIA ISABEL SILVEIRA MENDES RODRIGUES MOURA", "GlobalID": "5a9c1623-be5c-475c-9eaf-255cb038b5e7"}}, {"type": "Feature", "geometry": {"type": "Point", "coordinates": [-1014874.2133999988, 4683247.129100002]}, "properties": {"OBJECTID": 55791, "COD_SIG": null, "IDTIPO": null, "NOME": "ABILIO QUARESMA & IRMAO", "REGEND": "005527", "MORADA": "GUALDIM PAIS (R)", "NUM_POLICIA": "158 C/D", "FREGUESIA": "107", "LOCALIDADE": "LISBOA", "COD_POST_4": "1900", "COD_POST_3": "256", "COM_INT_ID": null, "COD_ACT_ECON": "11003", "DESC_ACT_ECON": "Charcutarias", "ANO": 1996, "TIPO": "Retalho", "LOCALIZACAO": "Isolado", "C_INTEGRADO": null, "EMPRESA": "AB\u00cdLIO QUARESMA & IRM\u00c3O, LDA", "GlobalID": "a0adf880-3432-4a30-9b34-d4513c531382"}}, {"type": "Feature", "geometry": {"type": "Point", "coordinates": [-1023883.251600001, 4685478.085500002]}, "properties": {"OBJECTID": 56682, "COD_SIG": null, "IDTIPO": null, "NOME": "SEREI SIMPATICA", "REGEND": "005615", "MORADA": "GOMES PEREIRA (AV)", "NUM_POLICIA": "45 A/47 A", "FREGUESIA": "109", "LOCALIDADE": null, "COD_POST_4": null, "COD_POST_3": null, "COM_INT_ID": 107, "COD_ACT_ECON": "11003", "DESC_ACT_ECON": "Charcutarias", "ANO": 1996, "TIPO": "Retalho", "LOCALIZACAO": "Integrado - outro", "C_INTEGRADO": "CENTRO COMERCIAL SANTA CRUZ", "EMPRESA": "MARIA ISABEL SILVEIRA MENDES RODRIGUES MOURA", "GlobalID": "ad63232c-2b00-45dc-afb1-b6ee65543edd"}}, {"type": "Feature", "geometry": {"type": "Point", "coordinates": [-1024853.8784000017, 4686139.125399999]}, "properties": {"OBJECTID": 59224, "COD_SIG": null, "IDTIPO": null, "NOME": "CARLOS HENRIQUE LOPES ALMEIDA", "REGEND": "005725", "MORADA": "Estrada de A-da-Maia", "NUM_POLICIA": "10B", "FREGUESIA": "109", "LOCALIDADE": "LISBOA", "COD_POST_4": "1500", "COD_POST_3": "004", "COM_INT_ID": null, "COD_ACT_ECON": "21115", "DESC_ACT_ECON": "Sapatarias", "ANO": 1996, "TIPO": "Retalho", "LOCALIZACAO": "Isolado", "C_INTEGRADO": null, "EMPRESA": "MARIA ISABEL SILVEIRA MENDES RODRIGUES MOURA", "GlobalID": "9eb8a46c-768f-42ac-ad25-65664451697f"}}, {"type": "Feature", "geometry": {"type": "Point", "coordinates": [-1024219.4408, 4686017.614500001]}, "properties": {"OBJECTID": 59615, "COD_SIG": null, "IDTIPO": null, "NOME": "BOUTIQUE TRES MARIAS", "REGEND": "005906", "MORADA": "Estrada de Benfica", "NUM_POLICIA": "644", "FREGUESIA": "109", "LOCALIDADE": "LISBOA", "COD_POST_4": "1500", "COD_POST_3": "108", "COM_INT_ID": null, "COD_ACT_ECON": "21103", "DESC_ACT_ECON": "Artigos Vestu\u00e1rio Senhora (Boutique)", "ANO": 1996, "TIPO": "Retalho", "LOCALIZACAO": "Isolado", "C_INTEGRADO": null, "EMPRESA": "MARIA ISABEL SILVEIRA MENDES RODRIGUES MOURA", "GlobalID": "09b64266-5379-4711-ac45-b48b8b4700da"}}, {"type": "Feature", "geometry": {"type": "Point", "coordinates": [-1024397.9151000008, 4686021.058600001]}, "properties": {"OBJECTID": 59808, "COD_SIG": null, "IDTIPO": null, "NOME": "LUISA REBOXO PRONTO VESTIR", "REGEND": "005979", "MORADA": "Estrada de Benfica", "NUM_POLICIA": "723A", "FREGUESIA": "109", "LOCALIDADE": "LISBOA", "COD_POST_4": "1500", "COD_POST_3": "088", "COM_INT_ID": 114, "COD_ACT_ECON": "21101", "DESC_ACT_ECON": "Artigos Vestu\u00e1rio Diverso (Misto)", "ANO": 1996, "TIPO": "Retalho", "LOCALIZACAO": "Integrado - outro", "C_INTEGRADO": "CENTRO COMERCIAL TURIM", "EMPRESA": "LUISA REBOXO PRONTO VESTIR LDA", "GlobalID": "66ff4171-2012-4fcc-9071-2fa6a2e14c82"}}, {"type": "Feature", "geometry": {"type": "Point", "coordinates": [-1023101.4362000003, 4685746.913900003]}, "properties": {"OBJECTID": 60512, "COD_SIG": null, "IDTIPO": null, "NOME": "UNITED COLORS OF BENETTON", "REGEND": "005829", "MORADA": "Estrada de Benfica", "NUM_POLICIA": "503", "FREGUESIA": "109", "LOCALIDADE": "LISBOA", "COD_POST_4": "1500", "COD_POST_3": "083", "COM_INT_ID": 71, "COD_ACT_ECON": "21103", "DESC_ACT_ECON": "Artigos Vestu\u00e1rio Senhora (Boutique)", "ANO": 1996, "TIPO": "Retalho", "LOCALIZACAO": "Integrado - outro", "C_INTEGRADO": "CENTRO COMERCIAL FONTE NOVA", "EMPRESA": "MARIA ISABEL SILVEIRA MENDES RODRIGUES MOURA", "GlobalID": "65d60de0-f7de-4784-acf4-860b1f86abd1"}}, {"type": "Feature", "geometry": {"type": "Point", "coordinates": [-1025204.9492000006, 4686047.546599999]}, "properties": {"OBJECTID": 60767, "COD_SIG": null, "IDTIPO": null, "NOME": "FARM\u00c1CIA PROGRESSO", "REGEND": "005755", "MORADA": "Estrada de A-da-Maia", "NUM_POLICIA": "64C", "FREGUESIA": "109", "LOCALIDADE": "LISBOA", "COD_POST_4": "1500", "COD_POST_3": "004", "COM_INT_ID": null, "COD_ACT_ECON": "21301", "DESC_ACT_ECON": "Farm\u00e1cias", "ANO": 1996, "TIPO": "Retalho", "LOCALIZACAO": "Isolado", "C_INTEGRADO": null, "EMPRESA": "MARIA ISABEL SILVEIRA MENDES RODRIGUES MOURA", "GlobalID": "f7958a0a-599b-4db3-9da2-91de1d896d80"}}, {"type": "Feature", "geometry": {"type": "Point", "coordinates": [-1024701.0637000017, 4686832.475100003]}, "properties": {"OBJECTID": 61167, "COD_SIG": null, "IDTIPO": null, "NOME": "CASA LIMIANO", "REGEND": "006229", "MORADA": "Rua Maria Lamas (antiga Rua C do Bairro das Pedralvas)", "NUM_POLICIA": "2B", "FREGUESIA": "109", "LOCALIDADE": "LISBOA", "COD_POST_4": "1500", "COD_POST_3": "438", "COM_INT_ID": null, "COD_ACT_ECON": "52104", "DESC_ACT_ECON": "CAFE/PASTELARIA - 3\u00aa CATEGORIA", "ANO": 1996, "TIPO": "Restaura\u00e7\u00e3o e Bebidas", "LOCALIZACAO": "Isolado", "C_INTEGRADO": null, "EMPRESA": "MARIA ISABEL SILVEIRA MENDES RODRIGUES MOURA", "GlobalID": "614be26f-09bb-4092-ac1e-c837880ed122"}}, {"type": "Feature", "geometry": {"type": "Point", "coordinates": [-1023101.4362000003, 4685746.913900003]}, "properties": {"OBJECTID": 61518, "COD_SIG": null, "IDTIPO": null, "NOME": "JEANS BANK", "REGEND": "005820", "MORADA": "Estrada de Benfica", "NUM_POLICIA": "503", "FREGUESIA": "109", "LOCALIDADE": "LISBOA", "COD_POST_4": "1500", "COD_POST_3": "083", "COM_INT_ID": 71, "COD_ACT_ECON": "21101", "DESC_ACT_ECON": "Artigos Vestu\u00e1rio Diverso (Misto)", "ANO": 1996, "TIPO": "Retalho", "LOCALIZACAO": "Integrado - outro", "C_INTEGRADO": "CENTRO COMERCIAL FONTE NOVA", "EMPRESA": "MARIA ISABEL SILVEIRA MENDES RODRIGUES MOURA", "GlobalID": "d1869445-17fe-46a6-859a-4de7353be0a4"}}, {"type": "Feature", "geometry": {"type": "Point", "coordinates": [-1023101.4362000003, 4685746.913900003]}, "properties": {"OBJECTID": 61525, "COD_SIG": null, "IDTIPO": null, "NOME": "CHEMISE CAROLINE", "REGEND": "005813", "MORADA": "Estrada de Benfica", "NUM_POLICIA": "503", "FREGUESIA": "109", "LOCALIDADE": "LISBOA", "COD_POST_4": "1500", "COD_POST_3": "083", "COM_INT_ID": 71, "COD_ACT_ECON": "21103", "DESC_ACT_ECON": "Artigos Vestu\u00e1rio Senhora (Boutique)", "ANO": 1996, "TIPO": "Retalho", "LOCALIZACAO": "Integrado - outro", "C_INTEGRADO": "CENTRO COMERCIAL FONTE NOVA", "EMPRESA": "MARIA ISABEL SILVEIRA MENDES RODRIGUES MOURA", "GlobalID": "a58a5f50-9db4-494b-a522-313890931cec"}}, {"type": "Feature", "geometry": {"type": "Point", "coordinates": [-1024909.2272000015, 4685616.4604]}, "properties": {"OBJECTID": 62453, "COD_SIG": null, "IDTIPO": null, "NOME": "FARM\u00c1CIA LAVINHA", "REGEND": "006173", "MORADA": "Rua Eng\u00ba Paulo de Barros", "NUM_POLICIA": "28A", "FREGUESIA": "109", "LOCALIDADE": "LISBOA", "COD_POST_4": "1500", "COD_POST_3": "264", "COM_INT_ID": null, "COD_ACT_ECON": "21301", "DESC_ACT_ECON": "Farm\u00e1cias", "ANO": 1996, "TIPO": "Retalho", "LOCALIZACAO": "Isolado", "C_INTEGRADO": null, "EMPRESA": "MARIA ISABEL SILVEIRA MENDES RODRIGUES MOURA", "GlobalID": "3a64ab42-8307-43be-bee2-dc542190fac9"}}, {"type": "Feature", "geometry": {"type": "Point", "coordinates": [-1024461.2212000005, 4686069.173699997]}, "properties": {"OBJECTID": 62833, "COD_SIG": null, "IDTIPO": null, "NOME": "CARMEN VICENTE PERFUMES", "REGEND": "005988", "MORADA": "BENFICA (EST DE)", "NUM_POLICIA": "727", "FREGUESIA": "109", "LOCALIDADE": null, "COD_POST_4": null, "COD_POST_3": null, "COM_INT_ID": 109, "COD_ACT_ECON": "21302", "DESC_ACT_ECON": "Perfumarias", "ANO": 1996, "TIPO": "Retalho", "LOCALIZACAO": "Integrado - outro", "C_INTEGRADO": "DRUGSTORE 75", "EMPRESA": "MARIA ISABEL SILVEIRA MENDES RODRIGUES MOURA", "GlobalID": "be4d8c28-a078-4bd9-80af-671da1c88643"}}, {"type": "Feature", "geometry": {"type": "Point", "coordinates": [-1024699.7672000006, 4686183.096299998]}, "properties": {"OBJECTID": 63264, "COD_SIG": null, "IDTIPO": null, "NOME": "DOCE MEL", "REGEND": "006014", "MORADA": "Estrada de Benfica", "NUM_POLICIA": "749B", "FREGUESIA": "109", "LOCALIDADE": "LISBOA", "COD_POST_4": "1500", "COD_POST_3": "089", "COM_INT_ID": null, "COD_ACT_ECON": "52104", "DESC_ACT_ECON": "CAFE/PASTELARIA - 3\u00aa CATEGORIA", "ANO": 1996, "TIPO": "Restaura\u00e7\u00e3o e Bebidas", "LOCALIZACAO": "Isolado", "C_INTEGRADO": null, "EMPRESA": "MARIA ISABEL SILVEIRA MENDES RODRIGUES MOURA", "GlobalID": "8d36b25a-e221-4fa0-9d38-949cc8615c7d"}}, {"type": "Feature", "geometry": {"type": "Point", "coordinates": [-1018493.8563000001, 4686750.898800001]}, "properties": {"OBJECTID": 64254, "COD_SIG": null, "IDTIPO": null, "NOME": "MARIA DE FATIMA PAIS LUCAS NEVES", "REGEND": "006332", "MORADA": "BRASIL (AV DO)", "NUM_POLICIA": "43 A", "FREGUESIA": "103", "LOCALIDADE": null, "COD_POST_4": null, "COD_POST_3": null, "COM_INT_ID": 54, "COD_ACT_ECON": "21402", "DESC_ACT_ECON": "Papelarias (Art. Escrit.,Jornais ..)", "ANO": 1996, "TIPO": "Retalho", "LOCALIZACAO": "Integrado - outro", "C_INTEGRADO": "CENTRO COMERCIAL BRASIL", "EMPRESA": "MARIA ISABEL SILVEIRA MENDES RODRIGUES MOURA", "GlobalID": "eb23dd06-f882-418f-998d-6d44bf9cec91"}}, {"type": "Feature", "geometry": {"type": "Point", "coordinates": [-1020296.8935000002, 4683786.417499997]}, "properties": {"OBJECTID": 64326, "COD_SIG": null, "IDTIPO": null, "NOME": "MANUEL GOMES SANTOS", "REGEND": "006556", "MORADA": "Rua de Campolide", "NUM_POLICIA": "297B", "FREGUESIA": "111", "LOCALIDADE": "LISBOA", "COD_POST_4": "1070", "COD_POST_3": "032", "COM_INT_ID": null, "COD_ACT_ECON": "12004", "DESC_ACT_ECON": "Mercearias", "ANO": 1996, "TIPO": "Retalho", "LOCALIZACAO": "Isolado", "C_INTEGRADO": null, "EMPRESA": "MARIA ISABEL SILVEIRA MENDES RODRIGUES MOURA", "GlobalID": "94cb1bd0-cbd5-41db-bb6a-b60955223842"}}, {"type": "Feature", "geometry": {"type": "Point", "coordinates": [-1019987.6191000007, 4683264.168899998]}, "properties": {"OBJECTID": 64357, "COD_SIG": null, "IDTIPO": null, "NOME": "CAFE IBIS", "REGEND": "006543", "MORADA": "CAMPOLIDE (R DE)", "NUM_POLICIA": "179 B", "FREGUESIA": "111", "LOCALIDADE": null, "COD_POST_4": null, "COD_POST_3": null, "COM_INT_ID": null, "COD_ACT_ECON": "52104", "DESC_ACT_ECON": "CAFE/PASTELARIA - 3\u00aa CATEGORIA", "ANO": 1996, "TIPO": "Restaura\u00e7\u00e3o e Bebidas", "LOCALIZACAO": "Isolado", "C_INTEGRADO": null, "EMPRESA": "MARIA ISABEL SILVEIRA MENDES RODRIGUES MOURA", "GlobalID": "3d10ee50-39ad-4e19-b821-d3b0b52523be"}}, {"type": "Feature", "geometry": {"type": "Point", "coordinates": [-1018532.5388999991, 4686659.1712]}, "properties": {"OBJECTID": 65351, "COD_SIG": null, "IDTIPO": null, "NOME": "FARMACIA RAINHA SANTA", "REGEND": "006389", "MORADA": "Rua Afonso Lopes Vieira", "NUM_POLICIA": "57B", "FREGUESIA": "103", "LOCALIDADE": "LISBOA", "COD_POST_4": "1700", "COD_POST_3": "011", "COM_INT_ID": null, "COD_ACT_ECON": "21301", "DESC_ACT_ECON": "Farm\u00e1cias", "ANO": 1996, "TIPO": "Retalho", "LOCALIZACAO": "Isolado", "C_INTEGRADO": null, "EMPRESA": "MARIA ISABEL SILVEIRA MENDES RODRIGUES MOURA", "GlobalID": "8efe17ae-b1d2-4bc3-8939-3b3e337d3680"}}, {"type": "Feature", "geometry": {"type": "Point", "coordinates": [-1024742.748399999, 4686491.458400004]}, "properties": {"OBJECTID": 65653, "COD_SIG": null, "IDTIPO": null, "NOME": "COXOLIN", "REGEND": "006248", "MORADA": "PEDRALVAS (R DAS)", "NUM_POLICIA": "LT 38", "FREGUESIA": "109", "LOCALIDADE": null, "COD_POST_4": null, "COD_POST_3": null, "COM_INT_ID": 96, "COD_ACT_ECON": "21302", "DESC_ACT_ECON": "Perfumarias", "ANO": 1996, "TIPO": "Retalho", "LOCALIZACAO": "Integrado - outro", "C_INTEGRADO": "CENTRO COMERCIAL PEDRALVAS", "EMPRESA": "ALZIRA DA CRUZ MIRANDA MOURATO", "GlobalID": "10d5770b-8652-4746-b41d-6fe2a0912440"}}, {"type": "Feature", "geometry": {"type": "Point", "coordinates": [-1018540.4637000002, 4686680.942100003]}, "properties": {"OBJECTID": 65670, "COD_SIG": null, "IDTIPO": null, "NOME": "BOUTIQUE GENESIS", "REGEND": "006321", "MORADA": "BRASIL (AV DO)", "NUM_POLICIA": "30 D", "FREGUESIA": "103", "LOCALIDADE": null, "COD_POST_4": null, "COD_POST_3": null, "COM_INT_ID": null, "COD_ACT_ECON": "21103", "DESC_ACT_ECON": "Artigos Vestu\u00e1rio Senhora (Boutique)", "ANO": 1996, "TIPO": "Retalho", "LOCALIZACAO": "Isolado", "C_INTEGRADO": null, "EMPRESA": "LU\u00cdS LAGE, LDA", "GlobalID": "c93ba27d-012f-4baa-bc7c-eb62b68dda52"}}, {"type": "Feature", "geometry": {"type": "Point", "coordinates": [-1018856.6079000011, 4686435.668499999]}, "properties": {"OBJECTID": 65761, "COD_SIG": null, "IDTIPO": null, "NOME": "LIVRARIA UNIVERSITARIA", "REGEND": "006370", "MORADA": "GRANDE (CP)", "NUM_POLICIA": "115 B/C", "FREGUESIA": "103", "LOCALIDADE": "LISBOA", "COD_POST_4": "1700", "COD_POST_3": "089", "COM_INT_ID": null, "COD_ACT_ECON": "21401", "DESC_ACT_ECON": "Livrarias", "ANO": 1996, "TIPO": "Retalho", "LOCALIZACAO": "Isolado", "C_INTEGRADO": null, "EMPRESA": "MARIA ISABEL SILVEIRA MENDES RODRIGUES MOURA", "GlobalID": "18be3ca6-ded8-4fe4-b329-1f17a9aafa07"}}, {"type": "Feature", "geometry": {"type": "Point", "coordinates": [-1020001.2593999989, 4682425.953299999]}, "properties": {"OBJECTID": 67093, "COD_SIG": null, "IDTIPO": null, "NOME": "PEROLA AMOREIRAS", "REGEND": "006508", "MORADA": "Rua do Arco do Carvalh\u00e3o", "NUM_POLICIA": "1A", "FREGUESIA": "111", "LOCALIDADE": "LISBOA", "COD_POST_4": "1070", "COD_POST_3": "008", "COM_INT_ID": null, "COD_ACT_ECON": "22002", "DESC_ACT_ECON": "Bazares", "ANO": 1996, "TIPO": "Retalho", "LOCALIZACAO": "Isolado", "C_INTEGRADO": null, "EMPRESA": "P\u00c9ROLA DAS AMOREIRAS IMPORTA\u00c7\u00c3O E EXPORTA\u00c7\u00c3O, LDA", "GlobalID": "de8aee63-562b-4f15-9b96-f4ed10268c58"}}, {"type": "Feature", "geometry": {"type": "Point", "coordinates": [-1022106.5767999999, 4687321.9934]}, "properties": {"OBJECTID": 67163, "COD_SIG": null, "IDTIPO": null, "NOME": "SABINA SPORT", "REGEND": "006731", "MORADA": "Estrada da Luz", "NUM_POLICIA": "228B", "FREGUESIA": "112", "LOCALIDADE": "LISBOA", "COD_POST_4": "1600", "COD_POST_3": "165", "COM_INT_ID": null, "COD_ACT_ECON": "22002", "DESC_ACT_ECON": "Bazares", "ANO": 1996, "TIPO": "Retalho", "LOCALIZACAO": "Isolado", "C_INTEGRADO": null, "EMPRESA": "MARIA ISABEL SILVEIRA MENDES RODRIGUES MOURA", "GlobalID": "feae2a52-d971-4205-9f23-2981575fde49"}}, {"type": "Feature", "geometry": {"type": "Point", "coordinates": [-1021692.865699999, 4686867.686999999]}, "properties": {"OBJECTID": 67167, "COD_SIG": null, "IDTIPO": null, "NOME": "FARMACIA J RIBEIRO", "REGEND": "006728", "MORADA": "Estrada da Luz", "NUM_POLICIA": "199A", "FREGUESIA": "123", "LOCALIDADE": "LISBOA", "COD_POST_4": "1600", "COD_POST_3": "155", "COM_INT_ID": null, "COD_ACT_ECON": "21301", "DESC_ACT_ECON": "Farm\u00e1cias", "ANO": 1996, "TIPO": "Retalho", "LOCALIZACAO": "Isolado", "C_INTEGRADO": null, "EMPRESA": "MARIA ISABEL SILVEIRA MENDES RODRIGUES MOURA", "GlobalID": "29fa3354-3d90-4b63-86f7-230ba5275798"}}, {"type": "Feature", "geometry": {"type": "Point", "coordinates": [-1018076.1433999985, 4682551.652900003]}, "properties": {"OBJECTID": 68112, "COD_SIG": null, "IDTIPO": null, "NOME": "FIDALGO", "REGEND": "006959", "MORADA": "CD REDONDO (R DO)", "NUM_POLICIA": "56 A", "FREGUESIA": "122", "LOCALIDADE": null, "COD_POST_4": null, "COD_POST_3": null, "COM_INT_ID": null, "COD_ACT_ECON": "21302", "DESC_ACT_ECON": "Perfumarias", "ANO": 1996, "TIPO": "Retalho", "LOCALIZACAO": "Isolado", "C_INTEGRADO": null, "EMPRESA": "MARIA ISABEL SILVEIRA MENDES RODRIGUES MOURA", "GlobalID": "4736c3ee-d1e4-4319-9df0-495ee34810e3"}}, {"type": "Feature", "geometry": {"type": "Point", "coordinates": [-1018162.6466999985, 4682569.136600003]}, "properties": {"OBJECTID": 68256, "COD_SIG": null, "IDTIPO": null, "NOME": "CASA JAVA", "REGEND": "007042", "MORADA": "SOCIEDADE FARMACEUTICA (R DA)", "NUM_POLICIA": "60/62", "FREGUESIA": "122", "LOCALIDADE": "LISBOA", "COD_POST_4": "1150", "COD_POST_3": "341", "COM_INT_ID": null, "COD_ACT_ECON": "12004", "DESC_ACT_ECON": "Mercearias", "ANO": 1996, "TIPO": "Retalho", "LOCALIZACAO": "Isolado", "C_INTEGRADO": null, "EMPRESA": "MARIA ISABEL SILVEIRA MENDES RODRIGUES MOURA", "GlobalID": "c596baf9-9bc6-4f99-8b0b-52fd15dd4206"}}, {"type": "Feature", "geometry": {"type": "Point", "coordinates": [-1017792.1059999987, 4680227.680299997]}, "properties": {"OBJECTID": 68396, "COD_SIG": null, "IDTIPO": null, "NOME": "LAURINDA DUARTE DA COSTA", "REGEND": "007117", "MORADA": "Rua do Alecrim", "NUM_POLICIA": "84", "FREGUESIA": "116", "LOCALIDADE": "LISBOA", "COD_POST_4": "1200", "COD_POST_3": "018", "COM_INT_ID": null, "COD_ACT_ECON": "21503", "DESC_ACT_ECON": "Drogarias", "ANO": 1996, "TIPO": "Retalho", "LOCALIZACAO": "Isolado", "C_INTEGRADO": null, "EMPRESA": "MARIA ISABEL SILVEIRA MENDES RODRIGUES MOURA", "GlobalID": "724872b3-2b37-406a-b156-07d6d547ff74"}}, {"type": "Feature", "geometry": {"type": "Point", "coordinates": [-1022025.8018000014, 4687313.922499999]}, "properties": {"OBJECTID": 69547, "COD_SIG": null, "IDTIPO": null, "NOME": "FARMACIA GENY", "REGEND": "006747", "MORADA": "CONS JOS\u00c9 SILVESTRE RIBEIRO (R)", "NUM_POLICIA": "12 A", "FREGUESIA": "112", "LOCALIDADE": null, "COD_POST_4": null, "COD_POST_3": null, "COM_INT_ID": null, "COD_ACT_ECON": "21301", "DESC_ACT_ECON": "Farm\u00e1cias", "ANO": 1996, "TIPO": "Retalho", "LOCALIZACAO": "Isolado", "C_INTEGRADO": null, "EMPRESA": "MARIA ISABEL SILVEIRA MENDES RODRIGUES MOURA", "GlobalID": "eeb7558d-563b-435f-a78c-dfb1e22d7d18"}}, {"type": "Feature", "geometry": {"type": "Point", "coordinates": [-1018124.2881000005, 4682390.451899998]}, "properties": {"OBJECTID": 69584, "COD_SIG": null, "IDTIPO": null, "NOME": "SUBWAY", "REGEND": "006952", "MORADA": "CD REDONDO (R DO)", "NUM_POLICIA": "127 A", "FREGUESIA": "122", "LOCALIDADE": null, "COD_POST_4": null, "COD_POST_3": null, "COM_INT_ID": null, "COD_ACT_ECON": "51403", "DESC_ACT_ECON": "OUTROS EST. COMIDAS REFEI\u00c7\u00d5ES - 3\u00aa CAT.", "ANO": 1996, "TIPO": "Restaura\u00e7\u00e3o e Bebidas", "LOCALIZACAO": "Isolado", "C_INTEGRADO": null, "EMPRESA": "NASON - GESTAO IMOBILIARIA, LDA", "GlobalID": "7e7e77cd-01d3-409c-bd9d-25d1fd89630e"}}, {"type": "Feature", "geometry": {"type": "Point", "coordinates": [-1018131.8431000002, 4682727.125799999]}, "properties": {"OBJECTID": 69684, "COD_SIG": null, "IDTIPO": null, "NOME": "REGISCONTA INFORMATICA", "REGEND": "006859", "MORADA": "DUQUE DE LOUL\u00c9 (AV)", "NUM_POLICIA": "72", "FREGUESIA": "122", "LOCALIDADE": null, "COD_POST_4": null, "COD_POST_3": null, "COM_INT_ID": null, "COD_ACT_ECON": "21514", "DESC_ACT_ECON": "Equipamento Inform\u00e1tico", "ANO": 1996, "TIPO": "Retalho", "LOCALIZACAO": "Isolado", "C_INTEGRADO": null, "EMPRESA": "MARIA ISABEL SILVEIRA MENDES RODRIGUES MOURA", "GlobalID": "a7f510a9-27de-4b64-85a5-d2a1489487ef"}}, {"type": "Feature", "geometry": {"type": "Point", "coordinates": [-1019314.0269000009, 4680603.569300003]}, "properties": {"OBJECTID": 70093, "COD_SIG": null, "IDTIPO": null, "NOME": "ARCOS CAL\u00c7ADA DECORA\u00c7OES ANTIGUIDADES", "REGEND": "007446", "MORADA": "ESTRELA (C DA)", "NUM_POLICIA": "56/58", "FREGUESIA": "113", "LOCALIDADE": "LISBOA", "COD_POST_4": "1200", "COD_POST_3": "665", "COM_INT_ID": null, "COD_ACT_ECON": "21207", "DESC_ACT_ECON": "M\u00f3veis Antigos/Antiguidades", "ANO": 1996, "TIPO": "Retalho", "LOCALIZACAO": "Isolado", "C_INTEGRADO": null, "EMPRESA": "MARIA ISABEL SILVEIRA MENDES RODRIGUES MOURA", "GlobalID": "7e4ebf6e-1769-4b36-99f7-387e629a147e"}}, {"type": "Feature", "geometry": {"type": "Point", "coordinates": [-1019399.7041000016, 4680594.8046]}, "properties": {"OBJECTID": 70202, "COD_SIG": null, "IDTIPO": null, "NOME": "CERAMICA EXPERIMENTAL LISBOA", "REGEND": "007430", "MORADA": "ESTRELA (C DA)", "NUM_POLICIA": "141", "FREGUESIA": "113", "LOCALIDADE": null, "COD_POST_4": null, "COD_POST_3": null, "COM_INT_ID": null, "COD_ACT_ECON": "21518", "DESC_ACT_ECON": "Artesanato", "ANO": 1996, "TIPO": "Retalho", "LOCALIZACAO": "Isolado", "C_INTEGRADO": null, "EMPRESA": "MARIA ISABEL SILVEIRA MENDES RODRIGUES MOURA", "GlobalID": "f33d1153-0e88-4892-b1d3-eded9e04b73e"}}, {"type": "Feature", "geometry": {"type": "Point", "coordinates": [-1019532.2349999994, 4680545.855999999]}, "properties": {"OBJECTID": 70224, "COD_SIG": null, "IDTIPO": null, "NOME": "LIGIA FARIA LAJAS PEREIRA", "REGEND": "007464", "MORADA": "BELA VISTA (R DA) \u00c0 LAPA", "NUM_POLICIA": "37", "FREGUESIA": "113", "LOCALIDADE": null, "COD_POST_4": null, "COD_POST_3": null, "COM_INT_ID": null, "COD_ACT_ECON": "21301", "DESC_ACT_ECON": "Farm\u00e1cias", "ANO": 1996, "TIPO": "Retalho", "LOCALIZACAO": "Isolado", "C_INTEGRADO": null, "EMPRESA": "MARIA ISABEL SILVEIRA MENDES RODRIGUES MOURA", "GlobalID": "6d8d2949-1120-4229-a933-cb6d19031b02"}}, {"type": "Feature", "geometry": {"type": "Point", "coordinates": [-1018130.5775999986, 4682053.998000003]}, "properties": {"OBJECTID": 70389, "COD_SIG": null, "IDTIPO": null, "NOME": "DOM GORGOR\u00c3O", "REGEND": "006911", "MORADA": "Rua Barata Salgueiro", "NUM_POLICIA": "2C", "FREGUESIA": "122", "LOCALIDADE": "LISBOA", "COD_POST_4": "1150", "COD_POST_3": "139", "COM_INT_ID": null, "COD_ACT_ECON": "21103", "DESC_ACT_ECON": "Artigos Vestu\u00e1rio Senhora (Boutique)", "ANO": 1996, "TIPO": "Retalho", "LOCALIZACAO": "Isolado", "C_INTEGRADO": null, "EMPRESA": "MARIA ISABEL SILVEIRA MENDES RODRIGUES MOURA", "GlobalID": "b26cc360-999e-4d34-8222-56bf040987f9"}}, {"type": "Feature", "geometry": {"type": "Point", "coordinates": [-1019791.6622000001, 4680168.979099996]}, "properties": {"OBJECTID": 70461, "COD_SIG": null, "IDTIPO": null, "NOME": "TANDEM BOUTIQUES", "REGEND": "007506", "MORADA": "LAPA (R DA)", "NUM_POLICIA": "79 A", "FREGUESIA": "113", "LOCALIDADE": null, "COD_POST_4": null, "COD_POST_3": null, "COM_INT_ID": null, "COD_ACT_ECON": "21101", "DESC_ACT_ECON": "Artigos Vestu\u00e1rio Diverso (Misto)", "ANO": 1996, "TIPO": "Retalho", "LOCALIZACAO": "Isolado", "C_INTEGRADO": null, "EMPRESA": "MARIA ISABEL SILVEIRA MENDES RODRIGUES MOURA", "GlobalID": "fcab0001-1ec8-4733-8fa4-234cb643f683"}}, {"type": "Feature", "geometry": {"type": "Point", "coordinates": [-1016299.5186999999, 4681266.7157000005]}, "properties": {"OBJECTID": 70586, "COD_SIG": null, "IDTIPO": null, "NOME": "SOCIEDADE MARMORES & CANTARIAS LISBOA LDA", "REGEND": "007277", "MORADA": "GRA\u00c7A (L DA)", "NUM_POLICIA": "44", "FREGUESIA": "124", "LOCALIDADE": null, "COD_POST_4": null, "COD_POST_3": null, "COM_INT_ID": null, "COD_ACT_ECON": "21526", "DESC_ACT_ECON": "Outros N.E.(C.N.Alim. Diversos)", "ANO": 1996, "TIPO": "Retalho", "LOCALIZACAO": "Isolado", "C_INTEGRADO": null, "EMPRESA": "MARIA ISABEL SILVEIRA MENDES RODRIGUES MOURA", "GlobalID": "81f37347-5649-4577-8577-f9fbd03ba832"}}, {"type": "Feature", "geometry": {"type": "Point", "coordinates": [-1016201.737399999, 4681810.144000001]}, "properties": {"OBJECTID": 70607, "COD_SIG": null, "IDTIPO": null, "NOME": "SILVA SANTOS", "REGEND": "007364", "MORADA": "SAPADORES (R DOS)", "NUM_POLICIA": "145/149", "FREGUESIA": "124", "LOCALIDADE": null, "COD_POST_4": null, "COD_POST_3": null, "COM_INT_ID": null, "COD_ACT_ECON": "21214", "DESC_ACT_ECON": "Loi\u00e7as/Vidros", "ANO": 1996, "TIPO": "Retalho", "LOCALIZACAO": "Isolado", "C_INTEGRADO": null, "EMPRESA": "MARIA ISABEL SILVEIRA MENDES RODRIGUES MOURA", "GlobalID": "79cf9154-5c22-4f91-9cd4-bb57352ab664"}}, {"type": "Feature", "geometry": {"type": "Point", "coordinates": [-1016625.2611000016, 4681190.2048999965]}, "properties": {"OBJECTID": 70727, "COD_SIG": null, "IDTIPO": null, "NOME": "PASTOR & FILHO", "REGEND": "007346", "MORADA": "Rua dos Lagares", "NUM_POLICIA": "40", "FREGUESIA": "124", "LOCALIDADE": "LISBOA                         ", "COD_POST_4": "1100", "COD_POST_3": "299", "COM_INT_ID": null, "COD_ACT_ECON": "12004", "DESC_ACT_ECON": "Mercearias", "ANO": 1996, "TIPO": "Retalho", "LOCALIZACAO": "Isolado", "C_INTEGRADO": null, "EMPRESA": "MARIA ISABEL SILVEIRA MENDES RODRIGUES MOURA", "GlobalID": "ee9ae1ee-ea3d-4810-8107-87fd6e366296"}}, {"type": "Feature", "geometry": {"type": "Point", "coordinates": [-1018054.6682999991, 4680487.8500000015]}, "properties": {"OBJECTID": 71046, "COD_SIG": null, "IDTIPO": null, "NOME": "TAVARES COSTA E MATOSO", "REGEND": "007228", "MORADA": "Rua da Rosa", "NUM_POLICIA": "48", "FREGUESIA": "116", "LOCALIDADE": "LISBOA", "COD_POST_4": "1200", "COD_POST_3": "388", "COM_INT_ID": null, "COD_ACT_ECON": "11002", "DESC_ACT_ECON": "Talhos", "ANO": 1996, "TIPO": "Retalho", "LOCALIZACAO": "Isolado", "C_INTEGRADO": null, "EMPRESA": "MARIA ISABEL SILVEIRA MENDES RODRIGUES MOURA", "GlobalID": "7a33d7b7-2ebd-4de7-8292-b6cc14e0f9f3"}}, {"type": "Feature", "geometry": {"type": "Point", "coordinates": [-1018099.429299999, 4680833.044200003]}, "properties": {"OBJECTID": 71156, "COD_SIG": null, "IDTIPO": null, "NOME": "MANUEL JOS\u00c9 DA SILVA ANJOS", "REGEND": "007224", "MORADA": "Rua da Rosa", "NUM_POLICIA": "200", "FREGUESIA": "116", "LOCALIDADE": "LISBOA", "COD_POST_4": "1200", "COD_POST_3": "390", "COM_INT_ID": null, "COD_ACT_ECON": "21403", "DESC_ACT_ECON": "Tabacaria", "ANO": 1996, "TIPO": "Retalho", "LOCALIZACAO": "Isolado", "C_INTEGRADO": null, "EMPRESA": "MARIA ISABEL SILVEIRA MENDES RODRIGUES MOURA", "GlobalID": "b6724339-b9f7-43c1-b85d-1dd0c430135f"}}, {"type": "Feature", "geometry": {"type": "Point", "coordinates": [-1019494.2795999981, 4680623.596600004]}, "properties": {"OBJECTID": 71660, "COD_SIG": null, "IDTIPO": null, "NOME": "MUNDO ROMANO", "REGEND": "007435", "MORADA": "Cal\u00e7ada da Estrela", "NUM_POLICIA": "187", "FREGUESIA": "113", "LOCALIDADE": null, "COD_POST_4": "1200", "COD_POST_3": "662", "COM_INT_ID": null, "COD_ACT_ECON": "21211", "DESC_ACT_ECON": "Electrodom\u00e9sticos", "ANO": 1996, "TIPO": "Retalho", "LOCALIZACAO": "Isolado", "C_INTEGRADO": null, "EMPRESA": "MARIA ISABEL SILVEIRA MENDES RODRIGUES MOURA", "GlobalID": "a9a0c344-df82-44b9-9160-5b9b32e2e5b3"}}, {"type": "Feature", "geometry": {"type": "Point", "coordinates": [-1018022.1334000006, 4680565.608499996]}, "properties": {"OBJECTID": 71709, "COD_SIG": null, "IDTIPO": null, "NOME": "ANTONIO BARATA CORREIA HERDEIROS", "REGEND": "007136", "MORADA": "ATALAIA (R DA)", "NUM_POLICIA": "77", "FREGUESIA": "116", "LOCALIDADE": null, "COD_POST_4": null, "COD_POST_3": null, "COM_INT_ID": null, "COD_ACT_ECON": "21117", "DESC_ACT_ECON": "Retrosarias", "ANO": 1996, "TIPO": "Retalho", "LOCALIZACAO": "Isolado", "C_INTEGRADO": null, "EMPRESA": "MARIA ISABEL SILVEIRA MENDES RODRIGUES MOURA", "GlobalID": "dde7e46b-9d04-49d2-b70b-167d3f28ec6f"}}, {"type": "Feature", "geometry": {"type": "Point", "coordinates": [-1016308.6444999985, 4681282.0380000025]}, "properties": {"OBJECTID": 71813, "COD_SIG": null, "IDTIPO": null, "NOME": "FARMACIA ALMEIDA DIAS", "REGEND": "007275", "MORADA": "Largo da Gra\u00e7a", "NUM_POLICIA": "39", "FREGUESIA": "124", "LOCALIDADE": "LISBOA", "COD_POST_4": "1170", "COD_POST_3": "165", "COM_INT_ID": null, "COD_ACT_ECON": "21301", "DESC_ACT_ECON": "Farm\u00e1cias", "ANO": 1996, "TIPO": "Retalho", "LOCALIZACAO": "Isolado", "C_INTEGRADO": null, "EMPRESA": "MARIA ISABEL SILVEIRA MENDES RODRIGUES MOURA", "GlobalID": "1561f06c-cb39-4fd3-89ab-cd12108c9463"}}, {"type": "Feature", "geometry": {"type": "Point", "coordinates": [-1018383.1739000008, 4681955.712200001]}, "properties": {"OBJECTID": 71893, "COD_SIG": null, "IDTIPO": null, "NOME": "JOAQUIM AUGUSTO GIL FERREIRA", "REGEND": "007030", "MORADA": "ROSA ARA\u00daJO (R)", "NUM_POLICIA": "13/15", "FREGUESIA": "122", "LOCALIDADE": null, "COD_POST_4": null, "COD_POST_3": null, "COM_INT_ID": null, "COD_ACT_ECON": "21206", "DESC_ACT_ECON": "M\u00f3veis E Colchoaria (Interior)", "ANO": 1996, "TIPO": "Retalho", "LOCALIZACAO": "Isolado", "C_INTEGRADO": null, "EMPRESA": "MARIA ISABEL SILVEIRA MENDES RODRIGUES MOURA", "GlobalID": "b33c1e35-06b6-40cf-8cea-73d6bd9f7c95"}}, {"type": "Feature", "geometry": {"type": "Point", "coordinates": [-1017938.3944000006, 4682416.2478]}, "properties": {"OBJECTID": 71977, "COD_SIG": null, "IDTIPO": null, "NOME": "SAPATARIA PATRICIA", "REGEND": "006990", "MORADA": "Rua Luciano Cordeiro", "NUM_POLICIA": "58B", "FREGUESIA": "122", "LOCALIDADE": null, "COD_POST_4": "1150", "COD_POST_3": "216", "COM_INT_ID": null, "COD_ACT_ECON": "21115", "DESC_ACT_ECON": "Sapatarias", "ANO": 1996, "TIPO": "Retalho", "LOCALIZACAO": "Isolado", "C_INTEGRADO": null, "EMPRESA": "MARIA ISABEL SILVEIRA MENDES RODRIGUES MOURA", "GlobalID": "b3d49271-0f5e-46cf-8c74-7f5cdd229a35"}}, {"type": "Feature", "geometry": {"type": "Point", "coordinates": [-1016164.7001999989, 4681463.538699999]}, "properties": {"OBJECTID": 72054, "COD_SIG": null, "IDTIPO": null, "NOME": "J NUNES RODRIGUES", "REGEND": "007371", "MORADA": "SOL (R DO) \u00c0 GRA\u00c7A", "NUM_POLICIA": "20/22", "FREGUESIA": "124", "LOCALIDADE": null, "COD_POST_4": null, "COD_POST_3": null, "COM_INT_ID": null, "COD_ACT_ECON": "11012", "DESC_ACT_ECON": "Produtos Congelados", "ANO": 1996, "TIPO": "Retalho", "LOCALIZACAO": "Isolado", "C_INTEGRADO": null, "EMPRESA": "MARIA ISABEL SILVEIRA MENDES RODRIGUES MOURA", "GlobalID": "3d3d2692-4308-4808-af18-49b358867f8b"}}, {"type": "Feature", "geometry": {"type": "Point", "coordinates": [-1019977.1499000005, 4680161.744199999]}, "properties": {"OBJECTID": 72204, "COD_SIG": null, "IDTIPO": null, "NOME": "IDALINA NOGUEIRA BARBOSA & MARIA LURDES BARBOSA SILVA", "REGEND": "007537", "MORADA": "S DOMINGOS (R DE) \u00e6 LAPA", "NUM_POLICIA": "117 B", "FREGUESIA": "113", "LOCALIDADE": null, "COD_POST_4": null, "COD_POST_3": null, "COM_INT_ID": null, "COD_ACT_ECON": "21414", "DESC_ACT_ECON": "Brinquedos E Jogos Para Crian\u00e7as", "ANO": 1996, "TIPO": "Retalho", "LOCALIZACAO": "Isolado", "C_INTEGRADO": null, "EMPRESA": "MARIA ISABEL SILVEIRA MENDES RODRIGUES MOURA", "GlobalID": "12999129-a250-4aca-bc3d-94cdd6ea5fc8"}}, {"type": "Feature", "geometry": {"type": "Point", "coordinates": [-1020231.6986999996, 4680264.237499997]}, "properties": {"OBJECTID": 72227, "COD_SIG": null, "IDTIPO": null, "NOME": "DIAS & REBELO", "REGEND": "007419", "MORADA": "INFANTE SANTO (AV)", "NUM_POLICIA": "70 B", "FREGUESIA": "113", "LOCALIDADE": null, "COD_POST_4": null, "COD_POST_3": null, "COM_INT_ID": null, "COD_ACT_ECON": "21101", "DESC_ACT_ECON": "Artigos Vestu\u00e1rio Diverso (Misto)", "ANO": 1996, "TIPO": "Retalho", "LOCALIZACAO": "Isolado", "C_INTEGRADO": null, "EMPRESA": "MARIA ISABEL SILVEIRA MENDES RODRIGUES MOURA", "GlobalID": "ece9bf8f-7e30-46c3-8c1b-db14acb3a870"}}, {"type": "Feature", "geometry": {"type": "Point", "coordinates": [-1016496.368900001, 4681596.140600003]}, "properties": {"OBJECTID": 72253, "COD_SIG": null, "IDTIPO": null, "NOME": "FARMACIA MONTE", "REGEND": "007386", "MORADA": "SR DO MONTE (R DA)", "NUM_POLICIA": "30 A/B", "FREGUESIA": "124", "LOCALIDADE": null, "COD_POST_4": null, "COD_POST_3": null, "COM_INT_ID": null, "COD_ACT_ECON": "21301", "DESC_ACT_ECON": "Farm\u00e1cias", "ANO": 1996, "TIPO": "Retalho", "LOCALIZACAO": "Isolado", "C_INTEGRADO": null, "EMPRESA": "AGUIAR & SAMPAIO, LDA", "GlobalID": "6f0e15aa-86fa-448c-b0a9-751fdd2c9a36"}}, {"type": "Feature", "geometry": {"type": "Point", "coordinates": [-1016095.3256999999, 4681321.6404]}, "properties": {"OBJECTID": 72302, "COD_SIG": null, "IDTIPO": null, "NOME": "JOSE FERNANDES BANGUESES & HERD", "REGEND": "007404", "MORADA": "SR DA GLORIA (T DA)", "NUM_POLICIA": "19 A/B", "FREGUESIA": "124", "LOCALIDADE": null, "COD_POST_4": null, "COD_POST_3": null, "COM_INT_ID": null, "COD_ACT_ECON": "12004", "DESC_ACT_ECON": "Mercearias", "ANO": 1996, "TIPO": "Retalho", "LOCALIZACAO": "Isolado", "C_INTEGRADO": null, "EMPRESA": "MARIA ISABEL SILVEIRA MENDES RODRIGUES MOURA", "GlobalID": "2d6c48ba-e54d-4e5a-be51-a545d50765c8"}}, {"type": "Feature", "geometry": {"type": "Point", "coordinates": [-1016088.3977999985, 4681272.879199997]}, "properties": {"OBJECTID": 72319, "COD_SIG": null, "IDTIPO": null, "NOME": "UCAL", "REGEND": "007406", "MORADA": "SR DA GLORIA (T DA)", "NUM_POLICIA": "7 B", "FREGUESIA": "124", "LOCALIDADE": null, "COD_POST_4": null, "COD_POST_3": null, "COM_INT_ID": null, "COD_ACT_ECON": "11009", "DESC_ACT_ECON": "Leite E Derivados", "ANO": 1996, "TIPO": "Retalho", "LOCALIZACAO": "Isolado", "C_INTEGRADO": null, "EMPRESA": "MARIA ISABEL SILVEIRA MENDES RODRIGUES MOURA", "GlobalID": "adfd3b39-869e-4afc-ae74-41bfdb6cd926"}}, {"type": "Feature", "geometry": {"type": "Point", "coordinates": [-1019499.1409999989, 4680224.546099998]}, "properties": {"OBJECTID": 72371, "COD_SIG": null, "IDTIPO": null, "NOME": "UCAL", "REGEND": "007507", "MORADA": "MEIO (R DO) \u00e6 LAPA", "NUM_POLICIA": "51 A", "FREGUESIA": "113", "LOCALIDADE": null, "COD_POST_4": null, "COD_POST_3": null, "COM_INT_ID": null, "COD_ACT_ECON": "11009", "DESC_ACT_ECON": "Leite E Derivados", "ANO": 1996, "TIPO": "Retalho", "LOCALIZACAO": "Isolado", "C_INTEGRADO": null, "EMPRESA": "MARIA ISABEL SILVEIRA MENDES RODRIGUES MOURA", "GlobalID": "849e75c3-9307-4132-a970-dc16924ec1b4"}}, {"type": "Feature", "geometry": {"type": "Point", "coordinates": [-1019997.9594999999, 4680891.3358]}, "properties": {"OBJECTID": 72536, "COD_SIG": null, "IDTIPO": null, "NOME": "SAPATARIA FLOR IDEAL", "REGEND": "007478", "MORADA": "DOMINGOS DE SEQUEIRA (R)", "NUM_POLICIA": "11 F", "FREGUESIA": "113", "LOCALIDADE": null, "COD_POST_4": null, "COD_POST_3": null, "COM_INT_ID": null, "COD_ACT_ECON": "21115", "DESC_ACT_ECON": "Sapatarias", "ANO": 1996, "TIPO": "Retalho", "LOCALIZACAO": "Isolado", "C_INTEGRADO": null, "EMPRESA": "MARIA ISABEL SILVEIRA MENDES RODRIGUES MOURA", "GlobalID": "d4e12356-98b2-4e72-b448-e6b4251b47bd"}}, {"type": "Feature", "geometry": {"type": "Point", "coordinates": [-1020061.9310000017, 4680988.381800003]}, "properties": {"OBJECTID": 72564, "COD_SIG": null, "IDTIPO": null, "NOME": "CUNHA & MARTINS", "REGEND": "007484", "MORADA": "DOMINGOS DE SEQUEIRA (R)", "NUM_POLICIA": "74 B", "FREGUESIA": "113", "LOCALIDADE": null, "COD_POST_4": null, "COD_POST_3": null, "COM_INT_ID": null, "COD_ACT_ECON": "21522", "DESC_ACT_ECON": "Ourivesarias/Relojoarias", "ANO": 1996, "TIPO": "Retalho", "LOCALIZACAO": "Isolado", "C_INTEGRADO": null, "EMPRESA": "MARIA ISABEL SILVEIRA MENDES RODRIGUES MOURA", "GlobalID": "3e17ea1a-c0b8-4bd6-8f36-aaedab1557ab"}}, {"type": "Feature", "geometry": {"type": "Point", "coordinates": [-1016365.1220000014, 4681296.842]}, "properties": {"OBJECTID": 72606, "COD_SIG": null, "IDTIPO": null, "NOME": "TAS GIRO", "REGEND": "007259", "MORADA": "GRA\u00c7A (L DA)", "NUM_POLICIA": "103", "FREGUESIA": "124", "LOCALIDADE": null, "COD_POST_4": null, "COD_POST_3": null, "COM_INT_ID": null, "COD_ACT_ECON": "21104", "DESC_ACT_ECON": "Artigos Vestu\u00e1rio Crian\u00e7a", "ANO": 1996, "TIPO": "Retalho", "LOCALIZACAO": "Isolado", "C_INTEGRADO": null, "EMPRESA": "MARIA ISABEL SILVEIRA MENDES RODRIGUES MOURA", "GlobalID": "eefc9417-e11c-4aaf-833f-afdcb04966c6"}}, {"type": "Feature", "geometry": {"type": "Point", "coordinates": [-1016779.3859999999, 4681374.549699999]}, "properties": {"OBJECTID": 72770, "COD_SIG": null, "IDTIPO": null, "NOME": "ADERITO AMARAL BANDARRA", "REGEND": "007352", "MORADA": "OLARIAS (R DAS)", "NUM_POLICIA": "50/58", "FREGUESIA": "124", "LOCALIDADE": null, "COD_POST_4": null, "COD_POST_3": null, "COM_INT_ID": null, "COD_ACT_ECON": "12004", "DESC_ACT_ECON": "Mercearias", "ANO": 1996, "TIPO": "Retalho", "LOCALIZACAO": "Isolado", "C_INTEGRADO": null, "EMPRESA": "MARIA ISABEL SILVEIRA MENDES RODRIGUES MOURA", "GlobalID": "0b565181-7f71-408d-b1fa-1eb3b6e5f9d5"}}, {"type": "Feature", "geometry": {"type": "Point", "coordinates": [-1016363.2067000009, 4681827.6559000015]}, "properties": {"OBJECTID": 72834, "COD_SIG": null, "IDTIPO": null, "NOME": "MOURA & CRUZ LDA", "REGEND": "007315", "MORADA": "GRA\u00c7A (R DA)", "NUM_POLICIA": "2 C", "FREGUESIA": "124", "LOCALIDADE": null, "COD_POST_4": null, "COD_POST_3": null, "COM_INT_ID": null, "COD_ACT_ECON": "21522", "DESC_ACT_ECON": "Ourivesarias/Relojoarias", "ANO": 1996, "TIPO": "Retalho", "LOCALIZACAO": "Isolado", "C_INTEGRADO": null, "EMPRESA": "MARIA ISABEL SILVEIRA MENDES RODRIGUES MOURA", "GlobalID": "5ce1e370-23e0-4b0c-8d22-87594f729c2a"}}, {"type": "Feature", "geometry": {"type": "Point", "coordinates": [-1019426.2844999991, 4680454.4542]}, "properties": {"OBJECTID": 73107, "COD_SIG": null, "IDTIPO": null, "NOME": "ANTUNES & IRMAO EQUIPAMENTOS INDUSTRIAIS SA", "REGEND": "007468", "MORADA": "BORGES CARNEIRO (R)", "NUM_POLICIA": "59 A", "FREGUESIA": "113", "LOCALIDADE": null, "COD_POST_4": null, "COD_POST_3": null, "COM_INT_ID": null, "COD_ACT_ECON": "21526", "DESC_ACT_ECON": "Outros N.E.(C.N.Alim. Diversos)", "ANO": 1996, "TIPO": "Retalho", "LOCALIZACAO": "Isolado", "C_INTEGRADO": null, "EMPRESA": "MARIA ISABEL SILVEIRA MENDES RODRIGUES MOURA", "GlobalID": "e31754b2-fe5d-46f2-b632-afbe85423f6a"}}, {"type": "Feature", "geometry": {"type": "Point", "coordinates": [-1016318.1328999996, 4681330.770999998]}, "properties": {"OBJECTID": 73349, "COD_SIG": null, "IDTIPO": null, "NOME": "SIMOES SANTOS & RODRIGUES", "REGEND": "007271", "MORADA": "GRA\u00c7A (L DA)", "NUM_POLICIA": "24", "FREGUESIA": "124", "LOCALIDADE": null, "COD_POST_4": null, "COD_POST_3": null, "COM_INT_ID": null, "COD_ACT_ECON": "11002", "DESC_ACT_ECON": "Talhos", "ANO": 1996, "TIPO": "Retalho", "LOCALIZACAO": "Isolado", "C_INTEGRADO": null, "EMPRESA": "MARIA ISABEL SILVEIRA MENDES RODRIGUES MOURA", "GlobalID": "b1db445e-63cc-4457-bad4-f0ea5f791b76"}}, {"type": "Feature", "geometry": {"type": "Point", "coordinates": [-1016309.6136999987, 4681607.182599999]}, "properties": {"OBJECTID": 73449, "COD_SIG": null, "IDTIPO": null, "NOME": "PEROLA LOU\u00c7AS", "REGEND": "007331", "MORADA": "GRA\u00c7A (R DA)", "NUM_POLICIA": "65 C", "FREGUESIA": "124", "LOCALIDADE": null, "COD_POST_4": null, "COD_POST_3": null, "COM_INT_ID": null, "COD_ACT_ECON": "21501", "DESC_ACT_ECON": "Materiais Constru\u00e7\u00e3o,Metais E Ferragens", "ANO": 1996, "TIPO": "Retalho", "LOCALIZACAO": "Isolado", "C_INTEGRADO": null, "EMPRESA": "MARIA ISABEL SILVEIRA MENDES RODRIGUES MOURA", "GlobalID": "735b34e6-e35e-45ff-9083-1f6d9b915bda"}}, {"type": "Feature", "geometry": {"type": "Point", "coordinates": [-1019419.9048999995, 4680620.355700001]}, "properties": {"OBJECTID": 73665, "COD_SIG": null, "IDTIPO": null, "NOME": "ELECTRO S PAULO", "REGEND": "007450", "MORADA": "ESTRELA (C DA)", "NUM_POLICIA": "82 A", "FREGUESIA": "113", "LOCALIDADE": null, "COD_POST_4": null, "COD_POST_3": null, "COM_INT_ID": null, "COD_ACT_ECON": "21211", "DESC_ACT_ECON": "Electrodom\u00e9sticos", "ANO": 1996, "TIPO": "Retalho", "LOCALIZACAO": "Isolado", "C_INTEGRADO": null, "EMPRESA": "ELECTRO S PAULO - COM\u00c9RCIO DE ELECTRODOM\u00c9STICOS, LDA", "GlobalID": "98b74a64-3c2b-4a6f-9659-8a47c680c80c"}}, {"type": "Feature", "geometry": {"type": "Point", "coordinates": [-1019388.5289999992, 4680398.404200003]}, "properties": {"OBJECTID": 73669, "COD_SIG": null, "IDTIPO": null, "NOME": "AUTO COMPETI\u00c7AO", "REGEND": "007458", "MORADA": "ALMEIDA BRAND\u00c3O (R)", "NUM_POLICIA": "26 A", "FREGUESIA": "113", "LOCALIDADE": null, "COD_POST_4": null, "COD_POST_3": null, "COM_INT_ID": null, "COD_ACT_ECON": "21504", "DESC_ACT_ECON": "Ve\u00edculos Ligeiros (Novos)", "ANO": 1996, "TIPO": "Retalho", "LOCALIZACAO": "Isolado", "C_INTEGRADO": null, "EMPRESA": "MARIA ISABEL SILVEIRA MENDES RODRIGUES MOURA", "GlobalID": "dd7eb829-8b4f-4075-874e-d09121e4495c"}}, {"type": "Feature", "geometry": {"type": "Point", "coordinates": [-1020329.2379000001, 4680516.2897000015]}, "properties": {"OBJECTID": 73691, "COD_SIG": null, "IDTIPO": null, "NOME": "JOSE VICENTE CHORINCAS", "REGEND": "007520", "MORADA": "POSSOLO (R DO)", "NUM_POLICIA": "50 C", "FREGUESIA": "113", "LOCALIDADE": null, "COD_POST_4": null, "COD_POST_3": null, "COM_INT_ID": null, "COD_ACT_ECON": "21403", "DESC_ACT_ECON": "Tabacaria", "ANO": 1996, "TIPO": "Retalho", "LOCALIZACAO": "Isolado", "C_INTEGRADO": null, "EMPRESA": "MARIA ISABEL SILVEIRA MENDES RODRIGUES MOURA", "GlobalID": "8f16a806-60df-4e32-b16c-409706d77b15"}}, {"type": "Feature", "geometry": {"type": "Point", "coordinates": [-1019565.7980000004, 4680342.436700001]}, "properties": {"OBJECTID": 73725, "COD_SIG": null, "IDTIPO": null, "NOME": "LAPACAR", "REGEND": "007494", "MORADA": "LAPA (R DA)", "NUM_POLICIA": "2", "FREGUESIA": "113", "LOCALIDADE": null, "COD_POST_4": null, "COD_POST_3": null, "COM_INT_ID": null, "COD_ACT_ECON": "21504", "DESC_ACT_ECON": "Ve\u00edculos Ligeiros (Novos)", "ANO": 1996, "TIPO": "Retalho", "LOCALIZACAO": "Isolado", "C_INTEGRADO": null, "EMPRESA": "MARIA ISABEL SILVEIRA MENDES RODRIGUES MOURA", "GlobalID": "16cd8115-631b-4131-8fe1-1391deb292c1"}}, {"type": "Feature", "geometry": {"type": "Point", "coordinates": [-1016259.2016000003, 4681089.803999998]}, "properties": {"OBJECTID": 73769, "COD_SIG": null, "IDTIPO": null, "NOME": "UCAL", "REGEND": "007395", "MORADA": "VOZ DO OPERARIO (R DA)", "NUM_POLICIA": "50 A", "FREGUESIA": "124", "LOCALIDADE": null, "COD_POST_4": null, "COD_POST_3": null, "COM_INT_ID": null, "COD_ACT_ECON": "11009", "DESC_ACT_ECON": "Leite E Derivados", "ANO": 1996, "TIPO": "Retalho", "LOCALIZACAO": "Isolado", "C_INTEGRADO": null, "EMPRESA": "MARIA ISABEL SILVEIRA MENDES RODRIGUES MOURA", "GlobalID": "70cf0c3b-b686-4740-a194-5e2405d1dac0"}}, {"type": "Feature", "geometry": {"type": "Point", "coordinates": [-1019782.0485999994, 4680390.362400003]}, "properties": {"OBJECTID": 73915, "COD_SIG": null, "IDTIPO": null, "NOME": "CARLOS ALBERTO GUIAS ROMAO", "REGEND": "007473", "MORADA": "Rua de Buenos Aires", "NUM_POLICIA": "7B", "FREGUESIA": "113", "LOCALIDADE": "LISBOA", "COD_POST_4": "1200", "COD_POST_3": "622", "COM_INT_ID": null, "COD_ACT_ECON": "21401", "DESC_ACT_ECON": "Livrarias", "ANO": 1996, "TIPO": "Retalho", "LOCALIZACAO": "Isolado", "C_INTEGRADO": null, "EMPRESA": "MARIA ISABEL SILVEIRA MENDES RODRIGUES MOURA", "GlobalID": "1d7e6262-38d9-4aff-aefc-aec0e95b7cb7"}}, {"type": "Feature", "geometry": {"type": "Point", "coordinates": [-1016500.496199999, 4680916.237800002]}, "properties": {"OBJECTID": 74048, "COD_SIG": null, "IDTIPO": null, "NOME": "FARMACIA SILVA", "REGEND": "007251", "MORADA": "ST ANDR\u00c9 (C DE)", "NUM_POLICIA": "16", "FREGUESIA": "124", "LOCALIDADE": null, "COD_POST_4": null, "COD_POST_3": null, "COM_INT_ID": null, "COD_ACT_ECON": "21301", "DESC_ACT_ECON": "Farm\u00e1cias", "ANO": 1996, "TIPO": "Retalho", "LOCALIZACAO": "Isolado", "C_INTEGRADO": null, "EMPRESA": "MARIA ISABEL SILVEIRA MENDES RODRIGUES MOURA", "GlobalID": "933b214d-6375-405f-ab24-b00d0e5db4f5"}}, {"type": "Feature", "geometry": {"type": "Point", "coordinates": [-1016278.2536000013, 4681430.167099997]}, "properties": {"OBJECTID": 74082, "COD_SIG": null, "IDTIPO": null, "NOME": "VAL DO RIO", "REGEND": "007373", "MORADA": "SOL (R DO) \u00e6 GRA\u00c7A", "NUM_POLICIA": "67", "FREGUESIA": "124", "LOCALIDADE": null, "COD_POST_4": null, "COD_POST_3": null, "COM_INT_ID": null, "COD_ACT_ECON": "12004", "DESC_ACT_ECON": "Mercearias", "ANO": 1996, "TIPO": "Retalho", "LOCALIZACAO": "Isolado", "C_INTEGRADO": null, "EMPRESA": "SOCIEDADE COMERCIAL ABEL PEREIRA FONSECA SA", "GlobalID": "dd7c09c5-14b5-4cfe-a63e-b9a41dcd5b9f"}}, {"type": "Feature", "geometry": {"type": "Point", "coordinates": [-1019656.3234999999, 4680682.183200002]}, "properties": {"OBJECTID": 74250, "COD_SIG": null, "IDTIPO": null, "NOME": "COMBUSTIVEIS DA ESTRELA", "REGEND": "007456", "MORADA": "ESTRELA (PR DA)", "NUM_POLICIA": "QUIOSQUE", "FREGUESIA": "113", "LOCALIDADE": null, "COD_POST_4": null, "COD_POST_3": null, "COM_INT_ID": null, "COD_ACT_ECON": "21509", "DESC_ACT_ECON": "Combust\u00edveis Ve\u00edculos Autom\u00f3veis", "ANO": 1996, "TIPO": "Retalho", "LOCALIZACAO": "Isolado", "C_INTEGRADO": null, "EMPRESA": "MARIA ISABEL SILVEIRA MENDES RODRIGUES MOURA", "GlobalID": "5169df8b-0d1e-4f4e-a616-5b39ac8b894b"}}, {"type": "Feature", "geometry": {"type": "Point", "coordinates": [-1016335.7085000016, 4681534.924999997]}, "properties": {"OBJECTID": 74302, "COD_SIG": null, "IDTIPO": null, "NOME": "O MUNDO EM LISBOA", "REGEND": "007300", "MORADA": "GRA\u00c7A (R DA)", "NUM_POLICIA": "128", "FREGUESIA": "124", "LOCALIDADE": null, "COD_POST_4": null, "COD_POST_3": null, "COM_INT_ID": null, "COD_ACT_ECON": "21211", "DESC_ACT_ECON": "Electrodom\u00e9sticos", "ANO": 1996, "TIPO": "Retalho", "LOCALIZACAO": "Isolado", "C_INTEGRADO": null, "EMPRESA": "MUNDO EM LISBOA - COMERCIO DE IMPORTA\u00c7AO E EXPORTA\u00c7AO, LDA", "GlobalID": "f6e2bbcb-e1e5-4519-ab01-037e236582e1"}}, {"type": "Feature", "geometry": {"type": "Point", "coordinates": [-1019975.0637999997, 4688992.457800001]}, "properties": {"OBJECTID": 74335, "COD_SIG": null, "IDTIPO": null, "NOME": "O LIVRINHO", "REGEND": "007761", "MORADA": "LU\u00cdS DE FREITAS BRANCO (R)", "NUM_POLICIA": "26 B", "FREGUESIA": "114", "LOCALIDADE": "LISBOA", "COD_POST_4": "1600", "COD_POST_3": "490", "COM_INT_ID": null, "COD_ACT_ECON": "21402", "DESC_ACT_ECON": "Papelarias (Art. Escrit.,Jornais ..)", "ANO": 1996, "TIPO": "Retalho", "LOCALIZACAO": "Isolado", "C_INTEGRADO": null, "EMPRESA": "MARIA ISABEL SILVEIRA MENDES RODRIGUES MOURA", "GlobalID": "c626398d-befd-4c80-b3ae-b96d437a1b21"}}, {"type": "Feature", "geometry": {"type": "Point", "coordinates": [-1019734.1442999989, 4689096.786799997]}, "properties": {"OBJECTID": 74501, "COD_SIG": null, "IDTIPO": null, "NOME": "DOCE TENTA\u00c7AO", "REGEND": "007609", "MORADA": "LINHAS DE TORRES (AL DAS)", "NUM_POLICIA": "238", "FREGUESIA": "114", "LOCALIDADE": null, "COD_POST_4": null, "COD_POST_3": null, "COM_INT_ID": 86, "COD_ACT_ECON": "11015", "DESC_ACT_ECON": "Bombons E Chocolates", "ANO": 1996, "TIPO": "Retalho", "LOCALIZACAO": "Integrado - outro", "C_INTEGRADO": "CENTRO COMERCIAL LUMIAR", "EMPRESA": "MARIA ISABEL SILVEIRA MENDES RODRIGUES MOURA", "GlobalID": "b914d5f9-0795-466f-b151-7f370f8d5e20"}}, {"type": "Feature", "geometry": {"type": "Point", "coordinates": [-1019368.1136999987, 4687862.425499998]}, "properties": {"OBJECTID": 74562, "COD_SIG": null, "IDTIPO": null, "NOME": "PRINCESS", "REGEND": "007747", "MORADA": "FRANCISCO STROMP (R)", "NUM_POLICIA": "5 B", "FREGUESIA": "114", "LOCALIDADE": null, "COD_POST_4": null, "COD_POST_3": null, "COM_INT_ID": 111, "COD_ACT_ECON": "21115", "DESC_ACT_ECON": "Sapatarias", "ANO": 1996, "TIPO": "Retalho", "LOCALIZACAO": "Integrado - outro", "C_INTEGRADO": "CENTRO COMERCIAL STROMP", "EMPRESA": "MALAS PRINCESA DE ANTONIO GON\u00c7ALVES E GODINHO, LDA", "GlobalID": "e30202c0-af0f-450c-95b7-e7b425a0111e"}}, {"type": "Feature", "geometry": {"type": "Point", "coordinates": [-1019734.1442999989, 4689096.786799997]}, "properties": {"OBJECTID": 74585, "COD_SIG": null, "IDTIPO": null, "NOME": "KLASS BOTIQUE", "REGEND": "007601", "MORADA": "LINHAS DE TORRES (AL DAS)", "NUM_POLICIA": "238", "FREGUESIA": "114", "LOCALIDADE": null, "COD_POST_4": null, "COD_POST_3": null, "COM_INT_ID": 86, "COD_ACT_ECON": "21101", "DESC_ACT_ECON": "Artigos Vestu\u00e1rio Diverso (Misto)", "ANO": 1996, "TIPO": "Retalho", "LOCALIZACAO": "Integrado - outro", "C_INTEGRADO": "CENTRO COMERCIAL LUMIAR", "EMPRESA": "MARIA ISABEL SILVEIRA MENDES RODRIGUES MOURA", "GlobalID": "a29aaf7f-7969-4628-a1c4-f1e9f91a1995"}}, {"type": "Feature", "geometry": {"type": "Point", "coordinates": [-1019883.7177999988, 4689641.7245000005]}, "properties": {"OBJECTID": 74662, "COD_SIG": null, "IDTIPO": null, "NOME": "NIOFRAL", "REGEND": "007723", "MORADA": "ALEXANDRE FERREIRA (R)", "NUM_POLICIA": "32 A/C", "FREGUESIA": "114", "LOCALIDADE": "LISBOA", "COD_POST_4": "1750", "COD_POST_3": "012", "COM_INT_ID": null, "COD_ACT_ECON": "22002", "DESC_ACT_ECON": "Bazares", "ANO": 1996, "TIPO": "Retalho", "LOCALIZACAO": "Isolado", "C_INTEGRADO": null, "EMPRESA": "MARIA ISABEL SILVEIRA MENDES RODRIGUES MOURA", "GlobalID": "aa9e2d7a-16de-4346-b13b-5548c139d5c5"}}, {"type": "Feature", "geometry": {"type": "Point", "coordinates": [-1019984.4353, 4689523.548]}, "properties": {"OBJECTID": 74828, "COD_SIG": null, "IDTIPO": null, "NOME": "MIGUEL MOVEIS & DECORA\u00c7OES LDA", "REGEND": "007775", "MORADA": "LUMIAR (R DO)", "NUM_POLICIA": "30", "FREGUESIA": "114", "LOCALIDADE": null, "COD_POST_4": null, "COD_POST_3": null, "COM_INT_ID": null, "COD_ACT_ECON": "21206", "DESC_ACT_ECON": "M\u00f3veis E Colchoaria (Interior)", "ANO": 1996, "TIPO": "Retalho", "LOCALIZACAO": "Isolado", "C_INTEGRADO": null, "EMPRESA": "MARIA ISABEL SILVEIRA MENDES RODRIGUES MOURA", "GlobalID": "a163c7c3-6337-4a47-a6fb-81c9e5b2995c"}}, {"type": "Feature", "geometry": {"type": "Point", "coordinates": [-1019973.1391999982, 4689505.6608000025]}, "properties": {"OBJECTID": 74835, "COD_SIG": null, "IDTIPO": null, "NOME": "TORRES & TAVARES  LDA", "REGEND": "007774", "MORADA": "Rua do Lumiar", "NUM_POLICIA": "18", "FREGUESIA": "114", "LOCALIDADE": "LISBOA", "COD_POST_4": "1750", "COD_POST_3": "163", "COM_INT_ID": null, "COD_ACT_ECON": "12004", "DESC_ACT_ECON": "Mercearias", "ANO": 1996, "TIPO": "Retalho", "LOCALIZACAO": "Isolado", "C_INTEGRADO": null, "EMPRESA": "TORRES & TAVARES, LDA", "GlobalID": "f3125ec9-9b27-443e-9323-b8d773bae5fc"}}, {"type": "Feature", "geometry": {"type": "Point", "coordinates": [-1019943.8465000018, 4688379.342100002]}, "properties": {"OBJECTID": 74865, "COD_SIG": null, "IDTIPO": null, "NOME": "FARMO MOBILIARIO METALICO ESCRITORIO HOSPITALAR", "REGEND": "007703", "MORADA": "RA SANTA (PR)", "NUM_POLICIA": "2 A/C", "FREGUESIA": "114", "LOCALIDADE": null, "COD_POST_4": null, "COD_POST_3": null, "COM_INT_ID": null, "COD_ACT_ECON": "21115", "DESC_ACT_ECON": "Sapatarias", "ANO": 1996, "TIPO": "Retalho", "LOCALIZACAO": "Isolado", "C_INTEGRADO": null, "EMPRESA": "FAMO - SUL SOCIEDADE DISTRIBUIDORA MOVEIS METALICOS, LDA", "GlobalID": "68c4f543-47e8-4179-96fc-6d812d019570"}}, {"type": "Feature", "geometry": {"type": "Point", "coordinates": [-1018369.699000001, 4687743.721000001]}, "properties": {"OBJECTID": 74872, "COD_SIG": null, "IDTIPO": null, "NOME": "PAULO JORGE SERAPICOS ABREU", "REGEND": "007710", "MORADA": "SANTOS E CASTRO (AV)", "NUM_POLICIA": "2", "FREGUESIA": "114", "LOCALIDADE": null, "COD_POST_4": null, "COD_POST_3": null, "COM_INT_ID": null, "COD_ACT_ECON": "12004", "DESC_ACT_ECON": "Mercearias", "ANO": 1996, "TIPO": "Retalho", "LOCALIZACAO": "Isolado", "C_INTEGRADO": null, "EMPRESA": "MARIA ISABEL SILVEIRA MENDES RODRIGUES MOURA", "GlobalID": "af96f646-566a-4720-bebd-e6fbf10376fb"}}, {"type": "Feature", "geometry": {"type": "Point", "coordinates": [-1019991.8979000002, 4681049.739699997]}, "properties": {"OBJECTID": 75068, "COD_SIG": null, "IDTIPO": null, "NOME": "ROSA DASSILVA", "REGEND": "007556", "MORADA": "SARAIVA DE CARVALHO (R)", "NUM_POLICIA": "107", "FREGUESIA": "113", "LOCALIDADE": "LISBOA", "COD_POST_4": "1250", "COD_POST_3": "242", "COM_INT_ID": null, "COD_ACT_ECON": "21103", "DESC_ACT_ECON": "Artigos Vestu\u00e1rio Senhora (Boutique)", "ANO": 1996, "TIPO": "Retalho", "LOCALIZACAO": "Isolado", "C_INTEGRADO": null, "EMPRESA": "MARIA ISABEL SILVEIRA MENDES RODRIGUES MOURA", "GlobalID": "b35db157-5999-4474-8565-6aa09e9f836e"}}, {"type": "Feature", "geometry": {"type": "Point", "coordinates": [-1019368.1136999987, 4687862.425499998]}, "properties": {"OBJECTID": 75178, "COD_SIG": null, "IDTIPO": null, "NOME": "RETROSARIA", "REGEND": "007755", "MORADA": "FRANCISCO STROMP (R)", "NUM_POLICIA": "5 B", "FREGUESIA": "114", "LOCALIDADE": null, "COD_POST_4": null, "COD_POST_3": null, "COM_INT_ID": 111, "COD_ACT_ECON": "21117", "DESC_ACT_ECON": "Retrosarias", "ANO": 1996, "TIPO": "Retalho", "LOCALIZACAO": "Integrado - outro", "C_INTEGRADO": "CENTRO COMERCIAL STROMP", "EMPRESA": "MARIA ISABEL SILVEIRA MENDES RODRIGUES MOURA", "GlobalID": "f7c8473e-2372-4432-a4c7-3865386b9c05"}}, {"type": "Feature", "geometry": {"type": "Point", "coordinates": [-1021367.75, 4688009.4736]}, "properties": {"OBJECTID": 75283, "COD_SIG": null, "IDTIPO": null, "NOME": "PAPAYA", "REGEND": "007820", "MORADA": "Avenida das Na\u00e7\u00f5es Unidas (antiga Rua E da Urb. da Quinta de Santo  Ant\u00f3nio)", "NUM_POLICIA": "Continente", "FREGUESIA": "114", "LOCALIDADE": "LISBOA                         ", "COD_POST_4": "1600", "COD_POST_3": "774", "COM_INT_ID": 69, "COD_ACT_ECON": "11014", "DESC_ACT_ECON": "Prod. Naturais(Diet.,Medicinais,Espec.)", "ANO": 1996, "TIPO": "Retalho", "LOCALIZACAO": "Integrado - outro", "C_INTEGRADO": "CONTINENTE TELHEIRAS", "EMPRESA": "HOMODIETA - PRODUTOS NATURAIS, LDA", "GlobalID": "50209637-01ac-4fb6-9583-613b7dfc63bd"}}, {"type": "Feature", "geometry": {"type": "Point", "coordinates": [-1018118.7809000015, 4680846.965300001]}, "properties": {"OBJECTID": 75313, "COD_SIG": null, "IDTIPO": null, "NOME": "PEQUIMIL", "REGEND": "007682", "MORADA": "PA\u00c7O DO LUMIAR (EST DO)", "NUM_POLICIA": "BLOCO P1", "FREGUESIA": null, "LOCALIDADE": null, "COD_POST_4": null, "COD_POST_3": null, "COM_INT_ID": null, "COD_ACT_ECON": "21526", "DESC_ACT_ECON": "Outros N.E.(C.N.Alim. Diversos)", "ANO": 1996, "TIPO": "Retalho", "LOCALIZACAO": "Isolado", "C_INTEGRADO": null, "EMPRESA": "MARIA ISABEL SILVEIRA MENDES RODRIGUES MOURA", "GlobalID": "f4a9604c-69c7-4757-ae38-dab61e24ad17"}}, {"type": "Feature", "geometry": {"type": "Point", "coordinates": [-1018856.5509000011, 4689471.806199998]}, "properties": {"OBJECTID": 75324, "COD_SIG": null, "IDTIPO": null, "NOME": "JOSE RIBEIRO MACHADO", "REGEND": "007667", "MORADA": "MUSGUEIRA NORTE (BAIR DA)", "NUM_POLICIA": "LJ F", "FREGUESIA": "114", "LOCALIDADE": null, "COD_POST_4": null, "COD_POST_3": null, "COM_INT_ID": null, "COD_ACT_ECON": "12004", "DESC_ACT_ECON": "Mercearias", "ANO": 1996, "TIPO": "Retalho", "LOCALIZACAO": "Isolado", "C_INTEGRADO": null, "EMPRESA": "MARIA ISABEL SILVEIRA MENDES RODRIGUES MOURA", "GlobalID": "1ecf4c76-d6bb-43d6-852f-289b2f387b8e"}}, {"type": "Feature", "geometry": {"type": "Point", "coordinates": [-1021367.75, 4688009.4736]}, "properties": {"OBJECTID": 75389, "COD_SIG": null, "IDTIPO": null, "NOME": "LUMILUX - COMERCIO MATERIAL ELECTRICO LDA", "REGEND": "007829", "MORADA": "Avenida das Na\u00e7\u00f5es Unidas (antiga Rua E da Urb. da Quinta de Santo  Ant\u00f3nio)", "NUM_POLICIA": "Continente", "FREGUESIA": "114", "LOCALIDADE": "LISBOA", "COD_POST_4": "1600", "COD_POST_3": "774", "COM_INT_ID": 69, "COD_ACT_ECON": "21210", "DESC_ACT_ECON": "Candeeiros/Ilumina\u00e7\u00e3o", "ANO": 1996, "TIPO": "Retalho", "LOCALIZACAO": "Integrado - outro", "C_INTEGRADO": "CONTINENTE TELHEIRAS", "EMPRESA": "MARIA ISABEL SILVEIRA MENDES RODRIGUES MOURA", "GlobalID": "949de887-9c20-4106-944f-5f646f974abf"}}, {"type": "Feature", "geometry": {"type": "Point", "coordinates": [-1020288.3387999982, 4690082.181000002]}, "properties": {"OBJECTID": 75437, "COD_SIG": null, "IDTIPO": null, "NOME": "FERNANDAS MODA IMPORTA\u00c7AO EXPORTA\u00c7AO LDA", "REGEND": "007756", "MORADA": "GARCIA DE RESENDE (R)", "NUM_POLICIA": "LT 5", "FREGUESIA": "114", "LOCALIDADE": null, "COD_POST_4": null, "COD_POST_3": null, "COM_INT_ID": null, "COD_ACT_ECON": "21103", "DESC_ACT_ECON": "Artigos Vestu\u00e1rio Senhora (Boutique)", "ANO": 1996, "TIPO": "Retalho", "LOCALIZACAO": "Isolado", "C_INTEGRADO": null, "EMPRESA": "MARIA ISABEL SILVEIRA MENDES RODRIGUES MOURA", "GlobalID": "b9103165-9ee5-424d-a6cb-a061139b7b7c"}}, {"type": "Feature", "geometry": {"type": "Point", "coordinates": [-1019951.6458999999, 4680284.111599997]}, "properties": {"OBJECTID": 75576, "COD_SIG": null, "IDTIPO": null, "NOME": "DOGGY'S", "REGEND": "007553", "MORADA": "SANT'ANA (R DE) \u00e6 LAPA", "NUM_POLICIA": "69 A", "FREGUESIA": "113", "LOCALIDADE": "LISBOA", "COD_POST_4": "1200", "COD_POST_3": "797", "COM_INT_ID": null, "COD_ACT_ECON": "51403", "DESC_ACT_ECON": "OUTROS EST. COMIDAS REFEI\u00c7\u00d5ES - 3\u00aa CAT.", "ANO": 1996, "TIPO": "Restaura\u00e7\u00e3o e Bebidas", "LOCALIZACAO": "Isolado", "C_INTEGRADO": null, "EMPRESA": "MARIA ISABEL SILVEIRA MENDES RODRIGUES MOURA", "GlobalID": "e20616b7-3688-418e-9de2-a6cfe36ec814"}}, {"type": "Feature", "geometry": {"type": "Point", "coordinates": [-1019734.1442999989, 4689096.786799997]}, "properties": {"OBJECTID": 75618, "COD_SIG": null, "IDTIPO": null, "NOME": "ANTONIO GON\u00c7ALVES", "REGEND": "007595", "MORADA": "LINHAS DE TORRES (AL DAS)", "NUM_POLICIA": "238", "FREGUESIA": "114", "LOCALIDADE": null, "COD_POST_4": null, "COD_POST_3": null, "COM_INT_ID": 86, "COD_ACT_ECON": "21214", "DESC_ACT_ECON": "Loi\u00e7as/Vidros", "ANO": 1996, "TIPO": "Retalho", "LOCALIZACAO": "Integrado - outro", "C_INTEGRADO": "CENTRO COMERCIAL LUMIAR", "EMPRESA": "MARIA ISABEL SILVEIRA MENDES RODRIGUES MOURA", "GlobalID": "a79acb7d-8210-4ac3-8864-e869e8047f2d"}}, {"type": "Feature", "geometry": {"type": "Point", "coordinates": [-1019514.7780999988, 4688416.2883]}, "properties": {"OBJECTID": 75625, "COD_SIG": null, "IDTIPO": null, "NOME": "TORCAR", "REGEND": "007585", "MORADA": "LINHAS DE TORRES (AL DAS)", "NUM_POLICIA": "157 A", "FREGUESIA": "114", "LOCALIDADE": null, "COD_POST_4": null, "COD_POST_3": null, "COM_INT_ID": null, "COD_ACT_ECON": "21504", "DESC_ACT_ECON": "Ve\u00edculos Ligeiros (Novos)", "ANO": 1996, "TIPO": "Retalho", "LOCALIZACAO": "Isolado", "C_INTEGRADO": null, "EMPRESA": "MARIA ISABEL SILVEIRA MENDES RODRIGUES MOURA", "GlobalID": "07bea2a7-7d3e-4f13-a545-39d5a3259adc"}}, {"type": "Feature", "geometry": {"type": "Point", "coordinates": [-1019304.7049000002, 4687803.9833]}, "properties": {"OBJECTID": 75648, "COD_SIG": null, "IDTIPO": null, "NOME": "AUTO MONTE CARLO", "REGEND": "007645", "MORADA": "Alameda das Linhas de Torres", "NUM_POLICIA": "46", "FREGUESIA": "114", "LOCALIDADE": "LISBOA", "COD_POST_4": "1750", "COD_POST_3": "147", "COM_INT_ID": null, "COD_ACT_ECON": "21509", "DESC_ACT_ECON": "Combust\u00edveis Ve\u00edculos Autom\u00f3veis", "ANO": 1996, "TIPO": "Retalho", "LOCALIZACAO": "Isolado", "C_INTEGRADO": null, "EMPRESA": "MIGUEL DUARTE MATEUS LOPES, HERDEIROS", "GlobalID": "6bce9c80-037b-4586-8f78-4e74a0989b85"}}, {"type": "Feature", "geometry": {"type": "Point", "coordinates": [-1020988.6917999983, 4689282.625699997]}, "properties": {"OBJECTID": 75657, "COD_SIG": null, "IDTIPO": null, "NOME": "ARTUR FRANCISCO CARVALHO LDA", "REGEND": "007742", "MORADA": "Rua Direita ao Lumiar", "NUM_POLICIA": "16", "FREGUESIA": "114", "LOCALIDADE": "LISBOA                         ", "COD_POST_4": "1600", "COD_POST_3": "436", "COM_INT_ID": null, "COD_ACT_ECON": "12004", "DESC_ACT_ECON": "Mercearias", "ANO": 1996, "TIPO": "Retalho", "LOCALIZACAO": "Isolado", "C_INTEGRADO": null, "EMPRESA": "MARIA ISABEL SILVEIRA MENDES RODRIGUES MOURA", "GlobalID": "51f1e6e9-40ca-425d-88f5-fa08c1fc1a4b"}}, {"type": "Feature", "geometry": {"type": "Point", "coordinates": [-1019979.3431000002, 4689145.460699998]}, "properties": {"OBJECTID": 75773, "COD_SIG": null, "IDTIPO": null, "NOME": "AUTO ELITE", "REGEND": "007763", "MORADA": "LUIS DE FREITAS BRANCO (R)", "NUM_POLICIA": "42", "FREGUESIA": "114", "LOCALIDADE": "LISBOA", "COD_POST_4": "1600", "COD_POST_3": "491", "COM_INT_ID": null, "COD_ACT_ECON": "21504", "DESC_ACT_ECON": "Ve\u00edculos Ligeiros (Novos)", "ANO": 1996, "TIPO": "Retalho", "LOCALIZACAO": "Isolado", "C_INTEGRADO": null, "EMPRESA": "AUTO ELITE LDA", "GlobalID": "92ef4928-3a20-4fec-ab48-bad2c8f9dd28"}}, {"type": "Feature", "geometry": {"type": "Point", "coordinates": [-1019734.1442999989, 4689096.786799997]}, "properties": {"OBJECTID": 75807, "COD_SIG": null, "IDTIPO": null, "NOME": "FLOR DO LUMIAR", "REGEND": "007599", "MORADA": "Alameda das Linhas de Torres", "NUM_POLICIA": "236A", "FREGUESIA": "114", "LOCALIDADE": "LISBOA", "COD_POST_4": "1750", "COD_POST_3": "151", "COM_INT_ID": 86, "COD_ACT_ECON": "21409", "DESC_ACT_ECON": "Artigos Jardinagem/Flores/Plantas", "ANO": 1996, "TIPO": "Retalho", "LOCALIZACAO": "Integrado - outro", "C_INTEGRADO": "CENTRO COMERCIAL LUMIAR", "EMPRESA": "MARIA ISABEL SILVEIRA MENDES RODRIGUES MOURA", "GlobalID": "e46963ff-419a-4bd2-bb17-34f36b7e40bb"}}, {"type": "Feature", "geometry": {"type": "Point", "coordinates": [-1019368.1136999987, 4687862.425499998]}, "properties": {"OBJECTID": 75884, "COD_SIG": null, "IDTIPO": null, "NOME": "KADO", "REGEND": "007749", "MORADA": "FRANCISCO STROMP (R)", "NUM_POLICIA": "5 B", "FREGUESIA": "114", "LOCALIDADE": null, "COD_POST_4": null, "COD_POST_3": null, "COM_INT_ID": 111, "COD_ACT_ECON": "21520", "DESC_ACT_ECON": "Prendas", "ANO": 1996, "TIPO": "Retalho", "LOCALIZACAO": "Integrado - outro", "C_INTEGRADO": "CENTRO COMERCIAL STROMP", "EMPRESA": "MARIA ISABEL SILVEIRA MENDES RODRIGUES MOURA", "GlobalID": "ac598ba4-f269-4248-8bc5-bd57b9c8af61"}}, {"type": "Feature", "geometry": {"type": "Point", "coordinates": [-1019734.1442999989, 4689096.786799997]}, "properties": {"OBJECTID": 75914, "COD_SIG": null, "IDTIPO": null, "NOME": "LA DIEFERENCE", "REGEND": "007623", "MORADA": "LINHAS DE TORRES (AL DAS)", "NUM_POLICIA": "238", "FREGUESIA": "114", "LOCALIDADE": "LISBOA", "COD_POST_4": "1750", "COD_POST_3": "151", "COM_INT_ID": 86, "COD_ACT_ECON": "21103", "DESC_ACT_ECON": "Artigos Vestu\u00e1rio Senhora (Boutique)", "ANO": 1996, "TIPO": "Retalho", "LOCALIZACAO": "Integrado - outro", "C_INTEGRADO": "CENTRO COMERCIAL LUMIAR", "EMPRESA": "MARIA ISABEL SILVEIRA MENDES RODRIGUES MOURA", "GlobalID": "c34cb7d5-e5d7-491e-8cd1-001f32872993"}}, {"type": "Feature", "geometry": {"type": "Point", "coordinates": [-1019734.1442999989, 4689096.786799997]}, "properties": {"OBJECTID": 76002, "COD_SIG": null, "IDTIPO": null, "NOME": "PERFUMARIA BARREIROS FARIA", "REGEND": "007602", "MORADA": "Alameda das Linhas de Torres", "NUM_POLICIA": "236A", "FREGUESIA": "114", "LOCALIDADE": "LISBOA", "COD_POST_4": "1750", "COD_POST_3": "151", "COM_INT_ID": 86, "COD_ACT_ECON": "21302", "DESC_ACT_ECON": "Perfumarias", "ANO": 1996, "TIPO": "Retalho", "LOCALIZACAO": "Integrado - outro", "C_INTEGRADO": "CENTRO COMERCIAL LUMIAR", "EMPRESA": "MARIA ISABEL SILVEIRA MENDES RODRIGUES MOURA", "GlobalID": "7deca0c4-5693-431e-af42-9e97ee3ff2d3"}}, {"type": "Feature", "geometry": {"type": "Point", "coordinates": [-1018393.4083000012, 4689538.906900004]}, "properties": {"OBJECTID": 76059, "COD_SIG": null, "IDTIPO": null, "NOME": "NORBERTO DIAS RODRIGUES", "REGEND": "007792", "MORADA": "PE ROCHA E MELO (L)", "NUM_POLICIA": "2", "FREGUESIA": "114", "LOCALIDADE": null, "COD_POST_4": null, "COD_POST_3": null, "COM_INT_ID": null, "COD_ACT_ECON": "51203", "DESC_ACT_ECON": "\"SNACK-BAR\" - 3\u00aa CATEGORIA", "ANO": 1996, "TIPO": "Restaura\u00e7\u00e3o e Bebidas", "LOCALIZACAO": "Isolado", "C_INTEGRADO": null, "EMPRESA": "MARIA ISABEL SILVEIRA MENDES RODRIGUES MOURA", "GlobalID": "98f4d485-2196-4bc8-9c40-22d499166c90"}}, {"type": "Feature", "geometry": {"type": "Point", "coordinates": [-1019896.9875000007, 4689682.733400002]}, "properties": {"OBJECTID": 76076, "COD_SIG": null, "IDTIPO": null, "NOME": "ARAUJO & JESUS LDA", "REGEND": "007724", "MORADA": "ALEXANDRE FERREIRA (R)", "NUM_POLICIA": "36 A", "FREGUESIA": "114", "LOCALIDADE": "LISBOA", "COD_POST_4": "1750", "COD_POST_3": "012", "COM_INT_ID": null, "COD_ACT_ECON": "12004", "DESC_ACT_ECON": "Mercearias", "ANO": 1996, "TIPO": "Retalho", "LOCALIZACAO": "Isolado", "C_INTEGRADO": null, "EMPRESA": "ARAUJO & JESUS, LDA", "GlobalID": "0e1b6bda-c3a5-4cda-a863-d4403b105a35"}}, {"type": "Feature", "geometry": {"type": "Point", "coordinates": [-1019079.200100001, 4687680.491400003]}, "properties": {"OBJECTID": 76255, "COD_SIG": null, "IDTIPO": null, "NOME": "PASSAGEM", "REGEND": "007757", "MORADA": "JOS\u00c9 GALHARDO (R)", "NUM_POLICIA": "7 A", "FREGUESIA": "114", "LOCALIDADE": null, "COD_POST_4": null, "COD_POST_3": null, "COM_INT_ID": 146, "COD_ACT_ECON": "51203", "DESC_ACT_ECON": "\"SNACK-BAR\" - 3\u00aa CATEGORIA", "ANO": 1996, "TIPO": "Restaura\u00e7\u00e3o e Bebidas", "LOCALIZACAO": "Integrado - outro", "C_INTEGRADO": "DRUGSTORE PASSAGEM", "EMPRESA": "MARIA ISABEL SILVEIRA MENDES RODRIGUES MOURA", "GlobalID": "f89e21d5-2232-4d43-89ab-715d551a7306"}}, {"type": "Feature", "geometry": {"type": "Point", "coordinates": [-1019081.818500001, 4687685.605899997]}, "properties": {"OBJECTID": 76256, "COD_SIG": null, "IDTIPO": null, "NOME": "SOTINCO SA", "REGEND": "007759", "MORADA": "JOSE GALHARDO (R)", "NUM_POLICIA": "7", "FREGUESIA": "114", "LOCALIDADE": null, "COD_POST_4": null, "COD_POST_3": null, "COM_INT_ID": null, "COD_ACT_ECON": "21502", "DESC_ACT_ECON": "Tintas,Vernizes E Afins", "ANO": 1996, "TIPO": "Retalho", "LOCALIZACAO": "Isolado", "C_INTEGRADO": null, "EMPRESA": "MARIA ISABEL SILVEIRA MENDES RODRIGUES MOURA", "GlobalID": "125e91d5-add2-4441-9d18-cfd11fad5cc9"}}, {"type": "Feature", "geometry": {"type": "Point", "coordinates": [-1017418.0725999996, 4679973.175899997]}, "properties": {"OBJECTID": 76321, "COD_SIG": null, "IDTIPO": null, "NOME": "UPI", "REGEND": "007985", "MORADA": "MUNICIPIO (PR DO)", "NUM_POLICIA": "22", "FREGUESIA": "121", "LOCALIDADE": null, "COD_POST_4": null, "COD_POST_3": null, "COM_INT_ID": null, "COD_ACT_ECON": "21501", "DESC_ACT_ECON": "Materiais Constru\u00e7\u00e3o,Metais E Ferragens", "ANO": 1996, "TIPO": "Retalho", "LOCALIZACAO": "Isolado", "C_INTEGRADO": null, "EMPRESA": "MARIA ISABEL SILVEIRA MENDES RODRIGUES MOURA", "GlobalID": "b35eb8e2-7101-487d-81a1-745fedd3ccf9"}}, {"type": "Feature", "geometry": {"type": "Point", "coordinates": [-1014513.7732999995, 4685438.065700002]}, "properties": {"OBJECTID": 76328, "COD_SIG": null, "IDTIPO": null, "NOME": "SAPATARIA DUQUESA", "REGEND": "008087", "MORADA": "DR FERNANDO AMADO (PR)", "NUM_POLICIA": "LT 566 LJ 3B", "FREGUESIA": "115", "LOCALIDADE": null, "COD_POST_4": null, "COD_POST_3": null, "COM_INT_ID": null, "COD_ACT_ECON": "21115", "DESC_ACT_ECON": "Sapatarias", "ANO": 1996, "TIPO": "Retalho", "LOCALIZACAO": "Isolado", "C_INTEGRADO": null, "EMPRESA": "MARIA ISABEL SILVEIRA MENDES RODRIGUES MOURA", "GlobalID": "be87e4af-c26f-40a8-ab0d-fa06b72674eb"}}, {"type": "Feature", "geometry": {"type": "Point", "coordinates": [-1017032.2036999986, 4680147.055799998]}, "properties": {"OBJECTID": 76396, "COD_SIG": null, "IDTIPO": null, "NOME": "INTER DESPORTO", "REGEND": "007975", "MORADA": "S JULIAO (R DE)", "NUM_POLICIA": "78", "FREGUESIA": "121", "LOCALIDADE": null, "COD_POST_4": null, "COD_POST_3": null, "COM_INT_ID": null, "COD_ACT_ECON": "21406", "DESC_ACT_ECON": "Artigos De Desporto", "ANO": 1996, "TIPO": "Retalho", "LOCALIZACAO": "Isolado", "C_INTEGRADO": null, "EMPRESA": "MARIA ISABEL SILVEIRA MENDES RODRIGUES MOURA", "GlobalID": "27255038-3e7a-4c14-8ade-870976e9f7e9"}}, {"type": "Feature", "geometry": {"type": "Point", "coordinates": [-1014670.4167999998, 4686435.4120000005]}, "properties": {"OBJECTID": 76559, "COD_SIG": null, "IDTIPO": null, "NOME": "DISCOTECA TRIESSE CENTRO", "REGEND": "008147", "MORADA": "ANDRE VIDAL DE NEGREIROS (R)", "NUM_POLICIA": "LT 30 B", "FREGUESIA": "115", "LOCALIDADE": null, "COD_POST_4": null, "COD_POST_3": null, "COM_INT_ID": 94, "COD_ACT_ECON": "21411", "DESC_ACT_ECON": "Discos/Cassetes Audio E Video", "ANO": 1996, "TIPO": "Retalho", "LOCALIZACAO": "Integrado - outro", "C_INTEGRADO": "CENTRO COMERCIAL ORIENTE", "EMPRESA": "MARIA ISABEL SILVEIRA MENDES RODRIGUES MOURA", "GlobalID": "0e72f476-2692-48b3-832a-f452c5cc35ff"}}, {"type": "Feature", "geometry": {"type": "Point", "coordinates": [-1021367.75, 4688009.4736]}, "properties": {"OBJECTID": 76578, "COD_SIG": null, "IDTIPO": null, "NOME": "EXCEL", "REGEND": "007834", "MORADA": "NA\u00c7OES UNIDAS (AV DAS)", "NUM_POLICIA": "CC.CARREFOUR", "FREGUESIA": "114", "LOCALIDADE": null, "COD_POST_4": null, "COD_POST_3": null, "COM_INT_ID": 69, "COD_ACT_ECON": "21211", "DESC_ACT_ECON": "Electrodom\u00e9sticos", "ANO": 1996, "TIPO": "Retalho", "LOCALIZACAO": "Integrado - outro", "C_INTEGRADO": "CONTINENTE TELHEIRAS", "EMPRESA": "EXCEL - PRODUTOS ELECTRICOS, LDA", "GlobalID": "f3e8a1a0-2e58-49f0-8b99-14c7808b2b53"}}, {"type": "Feature", "geometry": {"type": "Point", "coordinates": [-1014473.8429999985, 4686488.002700001]}, "properties": {"OBJECTID": 76715, "COD_SIG": null, "IDTIPO": null, "NOME": "TRAMOIA", "REGEND": "008124", "MORADA": "Rua Actriz Palmira Bastos", "NUM_POLICIA": "8", "FREGUESIA": "115", "LOCALIDADE": "LISBOA", "COD_POST_4": "1950", "COD_POST_3": "004", "COM_INT_ID": null, "COD_ACT_ECON": "21104", "DESC_ACT_ECON": "Artigos Vestu\u00e1rio Crian\u00e7a", "ANO": 1996, "TIPO": "Retalho", "LOCALIZACAO": "Isolado", "C_INTEGRADO": null, "EMPRESA": "TRAMOIA - SOCIEDADE PRONTO VESTIR, LDA", "GlobalID": "13313f8b-18ff-46c3-ba50-0c00b5e26089"}}, {"type": "Feature", "geometry": {"type": "Point", "coordinates": [-1014475.9230000004, 4686470.035499997]}, "properties": {"OBJECTID": 76732, "COD_SIG": null, "IDTIPO": null, "NOME": "SONILIMPA", "REGEND": "008120", "MORADA": "ACT PALMIRA BASTOS (R)", "NUM_POLICIA": "LT 43 LJ 11", "FREGUESIA": "115", "LOCALIDADE": null, "COD_POST_4": null, "COD_POST_3": null, "COM_INT_ID": null, "COD_ACT_ECON": "21115", "DESC_ACT_ECON": "Sapatarias", "ANO": 1996, "TIPO": "Retalho", "LOCALIZACAO": "Isolado", "C_INTEGRADO": null, "EMPRESA": "MARIA ISABEL SILVEIRA MENDES RODRIGUES MOURA", "GlobalID": "82b09ab5-c12b-4e18-96ce-01d183e1ee71"}}, {"type": "Feature", "geometry": {"type": "Point", "coordinates": [-1014694.0837999992, 4686493.018799998]}, "properties": {"OBJECTID": 76751, "COD_SIG": null, "IDTIPO": null, "NOME": "JO\u00c4O CARLOS DIAS COSTA", "REGEND": "008141", "MORADA": "ANDR\u00c9 VIDAL DE NEGREIROS (R)", "NUM_POLICIA": "LT 29", "FREGUESIA": "115", "LOCALIDADE": null, "COD_POST_4": null, "COD_POST_3": null, "COM_INT_ID": 60, "COD_ACT_ECON": "21411", "DESC_ACT_ECON": "Discos/Cassetes Audio E Video", "ANO": 1996, "TIPO": "Retalho", "LOCALIZACAO": "Integrado - outro", "C_INTEGRADO": "CENTRO COMERCIAL CHELAS", "EMPRESA": "MARIA ISABEL SILVEIRA MENDES RODRIGUES MOURA", "GlobalID": "0a61cc23-ad72-46d4-9241-b2917da6e942"}}, {"type": "Feature", "geometry": {"type": "Point", "coordinates": [-1014694.0837999992, 4686493.018799998]}, "properties": {"OBJECTID": 76760, "COD_SIG": null, "IDTIPO": null, "NOME": "MANUEL RIBEIRO OLIVEIRA", "REGEND": "008140", "MORADA": "ANDR\u00c9 VIDAL DE NEGREIROS (R)", "NUM_POLICIA": "LT 29", "FREGUESIA": "115", "LOCALIDADE": null, "COD_POST_4": null, "COD_POST_3": null, "COM_INT_ID": 60, "COD_ACT_ECON": "11012", "DESC_ACT_ECON": "Produtos Congelados", "ANO": 1996, "TIPO": "Retalho", "LOCALIZACAO": "Integrado - outro", "C_INTEGRADO": "CENTRO COMERCIAL CHELAS", "EMPRESA": "MANUEL RIBEIRO OLIVEIRA", "GlobalID": "0307798f-d0eb-437a-bc69-a5effc5d09b2"}}, {"type": "Feature", "geometry": {"type": "Point", "coordinates": [-1014694.0837999992, 4686493.018799998]}, "properties": {"OBJECTID": 76762, "COD_SIG": null, "IDTIPO": null, "NOME": "MARIA DO CARMO VALENTE DA SILVA SOARES", "REGEND": "008143", "MORADA": "ANDR\u00c9 VIDAL DE NEGREIROS (R)", "NUM_POLICIA": "LT 29", "FREGUESIA": "115", "LOCALIDADE": null, "COD_POST_4": null, "COD_POST_3": null, "COM_INT_ID": 60, "COD_ACT_ECON": "21106", "DESC_ACT_ECON": "Roupa Interior", "ANO": 1996, "TIPO": "Retalho", "LOCALIZACAO": "Integrado - outro", "C_INTEGRADO": "CENTRO COMERCIAL CHELAS", "EMPRESA": "MARIA ISABEL SILVEIRA MENDES RODRIGUES MOURA", "GlobalID": "5fab78fb-ddaf-42a3-a011-f656412c957d"}}, {"type": "Feature", "geometry": {"type": "Point", "coordinates": [-1014412.7223000005, 4686633.676200002]}, "properties": {"OBJECTID": 76843, "COD_SIG": null, "IDTIPO": null, "NOME": "AUTOMA", "REGEND": "008132", "MORADA": "ACT PALMIRA BASTOS (R)", "NUM_POLICIA": "14 C", "FREGUESIA": "115", "LOCALIDADE": null, "COD_POST_4": null, "COD_POST_3": null, "COM_INT_ID": null, "COD_ACT_ECON": "21526", "DESC_ACT_ECON": "Outros N.E.(C.N.Alim. Diversos)", "ANO": 1996, "TIPO": "Retalho", "LOCALIZACAO": "Isolado", "C_INTEGRADO": null, "EMPRESA": "MARIA ISABEL SILVEIRA MENDES RODRIGUES MOURA", "GlobalID": "da3c61ec-dcea-474c-a88e-f3553eaf5674"}}, {"type": "Feature", "geometry": {"type": "Point", "coordinates": [-1016943.2487999983, 4680265.4723000005]}, "properties": {"OBJECTID": 77014, "COD_SIG": null, "IDTIPO": null, "NOME": "NOVALBRINCA", "REGEND": "007964", "MORADA": "MADALENA (R DA)", "NUM_POLICIA": "93", "FREGUESIA": "121", "LOCALIDADE": null, "COD_POST_4": null, "COD_POST_3": null, "COM_INT_ID": null, "COD_ACT_ECON": "12003", "DESC_ACT_ECON": "Mini-Mercados/Auto-Servi\u00e7os", "ANO": 1996, "TIPO": "Retalho", "LOCALIZACAO": "Isolado", "C_INTEGRADO": null, "EMPRESA": "MARIA ISABEL SILVEIRA MENDES RODRIGUES MOURA", "GlobalID": "3ce6ecdf-e02a-47fc-93fe-14fd292830ec"}}, {"type": "Feature", "geometry": {"type": "Point", "coordinates": [-1014398.2072999999, 4685287.5988000035]}, "properties": {"OBJECTID": 77053, "COD_SIG": null, "IDTIPO": null, "NOME": "LOJA VERDE", "REGEND": "008067", "MORADA": "JOAO PAULO II (AV)", "NUM_POLICIA": "LT 540 LJ 3", "FREGUESIA": "115", "LOCALIDADE": null, "COD_POST_4": null, "COD_POST_3": null, "COM_INT_ID": null, "COD_ACT_ECON": "11014", "DESC_ACT_ECON": "Prod. Naturais(Diet.,Medicinais,Espec.)", "ANO": 1996, "TIPO": "Retalho", "LOCALIZACAO": "Isolado", "C_INTEGRADO": null, "EMPRESA": "MARIA ISABEL SILVEIRA MENDES RODRIGUES MOURA", "GlobalID": "385e11fa-498f-4a05-bd54-d63872f5de3f"}}, {"type": "Feature", "geometry": {"type": "Point", "coordinates": [-1017338.4563999996, 4680065.2918]}, "properties": {"OBJECTID": 77130, "COD_SIG": null, "IDTIPO": null, "NOME": "M\u00d3VEL 4", "REGEND": "008039", "MORADA": "Rua Nova do Almada", "NUM_POLICIA": "1", "FREGUESIA": "121", "LOCALIDADE": "LISBOA", "COD_POST_4": "1200", "COD_POST_3": "417", "COM_INT_ID": null, "COD_ACT_ECON": "21206", "DESC_ACT_ECON": "M\u00f3veis E Colchoaria (Interior)", "ANO": 1996, "TIPO": "Retalho", "LOCALIZACAO": "Isolado", "C_INTEGRADO": null, "EMPRESA": "MARIA ISABEL SILVEIRA MENDES RODRIGUES MOURA", "GlobalID": "727fea01-6b52-484c-bec5-1de489189fa4"}}, {"type": "Feature", "geometry": {"type": "Point", "coordinates": [-1019875.1055000015, 4682134.330799997]}, "properties": {"OBJECTID": 77156, "COD_SIG": null, "IDTIPO": null, "NOME": "COPIA QUATRO COMERCIO EQUIPAMENTO ESCRITORIO LDA", "REGEND": "007683", "MORADA": "PA\u00c7O DO LUMIAR (EST DO)", "NUM_POLICIA": "BLOC P3A", "FREGUESIA": null, "LOCALIDADE": null, "COD_POST_4": null, "COD_POST_3": null, "COM_INT_ID": null, "COD_ACT_ECON": "21514", "DESC_ACT_ECON": "Equipamento Inform\u00e1tico", "ANO": 1996, "TIPO": "Retalho", "LOCALIZACAO": "Isolado", "C_INTEGRADO": null, "EMPRESA": "MARIA ISABEL SILVEIRA MENDES RODRIGUES MOURA", "GlobalID": "ee449eec-ed45-4c86-a96a-596af942e758"}}, {"type": "Feature", "geometry": {"type": "Point", "coordinates": [-1014500.4012000002, 4685624.637599997]}, "properties": {"OBJECTID": 77199, "COD_SIG": null, "IDTIPO": null, "NOME": "MARIA ADOSINDA TEIXEIRA CARVALHAIS DO PA\u00c7O", "REGEND": "008091", "MORADA": "DR FERNANDO AMADO (PR)", "NUM_POLICIA": "LT 571 D", "FREGUESIA": "115", "LOCALIDADE": "LISBOA", "COD_POST_4": "1900", "COD_POST_3": "666", "COM_INT_ID": null, "COD_ACT_ECON": "52104", "DESC_ACT_ECON": "CAFE/PASTELARIA - 3\u00aa CATEGORIA", "ANO": 1996, "TIPO": "Restaura\u00e7\u00e3o e Bebidas", "LOCALIZACAO": "Isolado", "C_INTEGRADO": null, "EMPRESA": "MARIA ISABEL SILVEIRA MENDES RODRIGUES MOURA", "GlobalID": "e3bbc8c1-847a-4b59-94e6-282a8f13cb2d"}}, {"type": "Feature", "geometry": {"type": "Point", "coordinates": [-1014892.6642999984, 4684830.312200002]}, "properties": {"OBJECTID": 77215, "COD_SIG": null, "IDTIPO": null, "NOME": "VITORINO FERNANDES", "REGEND": "008084", "MORADA": "BROMA (L DO)", "NUM_POLICIA": "1/2", "FREGUESIA": "115", "LOCALIDADE": null, "COD_POST_4": null, "COD_POST_3": null, "COM_INT_ID": null, "COD_ACT_ECON": "12003", "DESC_ACT_ECON": "Mini-Mercados/Auto-Servi\u00e7os", "ANO": 1996, "TIPO": "Retalho", "LOCALIZACAO": "Isolado", "C_INTEGRADO": null, "EMPRESA": "MARIA ISABEL SILVEIRA MENDES RODRIGUES MOURA", "GlobalID": "4b6da7a8-b6af-4dd6-b04e-88d9086b3a4e"}}, {"type": "Feature", "geometry": {"type": "Point", "coordinates": [-1014482.2294999994, 4685601.690300003]}, "properties": {"OBJECTID": 77225, "COD_SIG": null, "IDTIPO": null, "NOME": "RESTAURANTE OS CA\u00c7ADORES", "REGEND": "008094", "MORADA": "Pra\u00e7a Dr. Fernando Amado (antiga Praceta B da Zona J de Chelas)", "NUM_POLICIA": "Lote 572", "FREGUESIA": "115", "LOCALIDADE": "LISBOA", "COD_POST_4": "1950", "COD_POST_3": "089", "COM_INT_ID": null, "COD_ACT_ECON": "51107", "DESC_ACT_ECON": "RESTAURANTE - 3\u00aa CATEGORIA", "ANO": 1996, "TIPO": "Restaura\u00e7\u00e3o e Bebidas", "LOCALIZACAO": "Isolado", "C_INTEGRADO": null, "EMPRESA": "MARIA ISABEL SILVEIRA MENDES RODRIGUES MOURA", "GlobalID": "51d32a9f-3942-4f30-bfc7-2f5d4fbd2786"}}, {"type": "Feature", "geometry": {"type": "Point", "coordinates": [-1014476.4224000014, 4686465.555600002]}, "properties": {"OBJECTID": 77300, "COD_SIG": null, "IDTIPO": null, "NOME": "VALE DO PAIVA", "REGEND": "008122", "MORADA": "ACT PALMIRA BASTOS (R)", "NUM_POLICIA": "LT 43 LJ 13", "FREGUESIA": "115", "LOCALIDADE": "LISBOA", "COD_POST_4": "1900", "COD_POST_3": "602", "COM_INT_ID": null, "COD_ACT_ECON": "21211", "DESC_ACT_ECON": "Electrodom\u00e9sticos", "ANO": 1996, "TIPO": "Retalho", "LOCALIZACAO": "Isolado", "C_INTEGRADO": null, "EMPRESA": "MARIA ISABEL SILVEIRA MENDES RODRIGUES MOURA", "GlobalID": "a6c2ac0f-8981-4e53-9eb3-af6606d0fffe"}}, {"type": "Feature", "geometry": {"type": "Point", "coordinates": [-1014688.9206999987, 4686489.217]}, "properties": {"OBJECTID": 77352, "COD_SIG": null, "IDTIPO": null, "NOME": "BRILEMA", "REGEND": "008144", "MORADA": "ANDRE VIDAL DE NEGREIROS (R)", "NUM_POLICIA": "LT 29 B", "FREGUESIA": "115", "LOCALIDADE": null, "COD_POST_4": null, "COD_POST_3": null, "COM_INT_ID": null, "COD_ACT_ECON": "21501", "DESC_ACT_ECON": "Materiais Constru\u00e7\u00e3o,Metais E Ferragens", "ANO": 1996, "TIPO": "Retalho", "LOCALIZACAO": "Isolado", "C_INTEGRADO": null, "EMPRESA": "BRILEMA, LDA", "GlobalID": "2a8da728-5691-4ab0-b3ae-d406ead41be6"}}, {"type": "Feature", "geometry": {"type": "Point", "coordinates": [-1014670.4167999998, 4686435.4120000005]}, "properties": {"OBJECTID": 77355, "COD_SIG": null, "IDTIPO": null, "NOME": "TERESA & LUIS LDA", "REGEND": "008153", "MORADA": "ANDRE VIDAL DE NEGREIROS (R)", "NUM_POLICIA": "LT 30 B", "FREGUESIA": "115", "LOCALIDADE": null, "COD_POST_4": null, "COD_POST_3": null, "COM_INT_ID": 94, "COD_ACT_ECON": "21101", "DESC_ACT_ECON": "Artigos Vestu\u00e1rio Diverso (Misto)", "ANO": 1996, "TIPO": "Retalho", "LOCALIZACAO": "Integrado - outro", "C_INTEGRADO": "CENTRO COMERCIAL ORIENTE", "EMPRESA": "MARIA ISABEL SILVEIRA MENDES RODRIGUES MOURA", "GlobalID": "1e93ef3a-e6cc-4d35-941a-9f5bb2da44b0"}}, {"type": "Feature", "geometry": {"type": "Point", "coordinates": [-1014694.0837999992, 4686493.018799998]}, "properties": {"OBJECTID": 77368, "COD_SIG": null, "IDTIPO": null, "NOME": "BOUQUET", "REGEND": "008142", "MORADA": "ANDR\u00c9 VIDAL DE NEGREIROS (R)", "NUM_POLICIA": "LT 29", "FREGUESIA": "115", "LOCALIDADE": null, "COD_POST_4": null, "COD_POST_3": null, "COM_INT_ID": 60, "COD_ACT_ECON": "21409", "DESC_ACT_ECON": "Artigos Jardinagem/Flores/Plantas", "ANO": 1996, "TIPO": "Retalho", "LOCALIZACAO": "Integrado - outro", "C_INTEGRADO": "CENTRO COMERCIAL CHELAS", "EMPRESA": "MARIA ISABEL SILVEIRA MENDES RODRIGUES MOURA", "GlobalID": "333012bd-ab5c-4654-97e3-65ed72622890"}}, {"type": "Feature", "geometry": {"type": "Point", "coordinates": [-1014670.4167999998, 4686435.4120000005]}, "properties": {"OBJECTID": 77372, "COD_SIG": null, "IDTIPO": null, "NOME": "JOSE EURICO ULADIMAR", "REGEND": "008152", "MORADA": "ANDRE VIDAL DE NEGREIROS (R)", "NUM_POLICIA": "LT 30 B", "FREGUESIA": "115", "LOCALIDADE": null, "COD_POST_4": null, "COD_POST_3": null, "COM_INT_ID": 94, "COD_ACT_ECON": "21526", "DESC_ACT_ECON": "Outros N.E.(C.N.Alim. Diversos)", "ANO": 1996, "TIPO": "Retalho", "LOCALIZACAO": "Integrado - outro", "C_INTEGRADO": "CENTRO COMERCIAL ORIENTE", "EMPRESA": "MARIA ISABEL SILVEIRA MENDES RODRIGUES MOURA", "GlobalID": "cd8766df-ff97-478c-a897-fabdc0e4a9c3"}}, {"type": "Feature", "geometry": {"type": "Point", "coordinates": [-1019416.6755000018, 4688540.906999998]}, "properties": {"OBJECTID": 77428, "COD_SIG": null, "IDTIPO": null, "NOME": "BIG BLUE", "REGEND": "007900", "MORADA": "SILVA TAVARES (R)", "NUM_POLICIA": "7", "FREGUESIA": "114", "LOCALIDADE": null, "COD_POST_4": null, "COD_POST_3": null, "COM_INT_ID": 91, "COD_ACT_ECON": "21101", "DESC_ACT_ECON": "Artigos Vestu\u00e1rio Diverso (Misto)", "ANO": 1996, "TIPO": "Retalho", "LOCALIZACAO": "Integrado - outro", "C_INTEGRADO": "CENTRO COMERCIAL MOURAS", "EMPRESA": "MARIA ISABEL SILVEIRA MENDES RODRIGUES MOURA", "GlobalID": "e403a78e-5cdb-4c01-8df5-4186b570f588"}}, {"type": "Feature", "geometry": {"type": "Point", "coordinates": [-1019799.4211999997, 4688406.696199998]}, "properties": {"OBJECTID": 77472, "COD_SIG": null, "IDTIPO": null, "NOME": "UCAL", "REGEND": "007696", "MORADA": "LUIS CHAVES (L)", "NUM_POLICIA": "15 A", "FREGUESIA": "114", "LOCALIDADE": null, "COD_POST_4": null, "COD_POST_3": null, "COM_INT_ID": null, "COD_ACT_ECON": "11009", "DESC_ACT_ECON": "Leite E Derivados", "ANO": 1996, "TIPO": "Retalho", "LOCALIZACAO": "Isolado", "C_INTEGRADO": null, "EMPRESA": "MARIA ISABEL SILVEIRA MENDES RODRIGUES MOURA", "GlobalID": "f455fc36-c374-4e23-b21f-5474522bbe79"}}, {"type": "Feature", "geometry": {"type": "Point", "coordinates": [-1014670.4167999998, 4686435.4120000005]}, "properties": {"OBJECTID": 77477, "COD_SIG": null, "IDTIPO": null, "NOME": "LUISA REBOCHO", "REGEND": "008148", "MORADA": "ANDRE VIDAL DE NEGREIROS (R)", "NUM_POLICIA": "LT 30 B", "FREGUESIA": "115", "LOCALIDADE": null, "COD_POST_4": null, "COD_POST_3": null, "COM_INT_ID": 94, "COD_ACT_ECON": "21103", "DESC_ACT_ECON": "Artigos Vestu\u00e1rio Senhora (Boutique)", "ANO": 1996, "TIPO": "Retalho", "LOCALIZACAO": "Integrado - outro", "C_INTEGRADO": "CENTRO COMERCIAL ORIENTE", "EMPRESA": "MARIA ISABEL SILVEIRA MENDES RODRIGUES MOURA", "GlobalID": "817ba75c-4f3f-4f94-8578-3eb90edfd5b3"}}, {"type": "Feature", "geometry": {"type": "Point", "coordinates": [-1014670.4167999998, 4686435.4120000005]}, "properties": {"OBJECTID": 77479, "COD_SIG": null, "IDTIPO": null, "NOME": "TOSTA MISTA", "REGEND": "008154", "MORADA": "ANDR\u00c9 VIDAL DE NEGREIROS (R)", "NUM_POLICIA": "LT 30 B", "FREGUESIA": "115", "LOCALIDADE": null, "COD_POST_4": null, "COD_POST_3": null, "COM_INT_ID": 94, "COD_ACT_ECON": "52104", "DESC_ACT_ECON": "CAFE/PASTELARIA - 3\u00aa CATEGORIA", "ANO": 1996, "TIPO": "Restaura\u00e7\u00e3o e Bebidas", "LOCALIZACAO": "Integrado - outro", "C_INTEGRADO": "CENTRO COMERCIAL ORIENTE", "EMPRESA": "MARIA ISABEL SILVEIRA MENDES RODRIGUES MOURA", "GlobalID": "f660a769-ccd3-4869-a8d9-13b7292aa4df"}}, {"type": "Feature", "geometry": {"type": "Point", "coordinates": [-1018930.3891000003, 4687773.465499997]}, "properties": {"OBJECTID": 77580, "COD_SIG": null, "IDTIPO": null, "NOME": "TALHO E CHARCUTARIA LAMBERT", "REGEND": "007712", "MORADA": "AGOSTINHO NETO (R)", "NUM_POLICIA": "18 F", "FREGUESIA": "114", "LOCALIDADE": null, "COD_POST_4": null, "COD_POST_3": null, "COM_INT_ID": null, "COD_ACT_ECON": "11002", "DESC_ACT_ECON": "Talhos", "ANO": 1996, "TIPO": "Retalho", "LOCALIZACAO": "Isolado", "C_INTEGRADO": null, "EMPRESA": "MARIA ISABEL SILVEIRA MENDES RODRIGUES MOURA", "GlobalID": "f921fd93-5a49-463a-8f0a-8b040fc0608e"}}, {"type": "Feature", "geometry": {"type": "Point", "coordinates": [-1020676.0692000017, 4687322.947499998]}, "properties": {"OBJECTID": 77769, "COD_SIG": null, "IDTIPO": null, "NOME": "LEONILDO & SILVA LDA", "REGEND": "007687", "MORADA": "TELHEIRAS (EST DE)", "NUM_POLICIA": "144 C", "FREGUESIA": "114", "LOCALIDADE": null, "COD_POST_4": null, "COD_POST_3": null, "COM_INT_ID": null, "COD_ACT_ECON": "11002", "DESC_ACT_ECON": "Talhos", "ANO": 1996, "TIPO": "Retalho", "LOCALIZACAO": "Isolado", "C_INTEGRADO": null, "EMPRESA": "MARIA ISABEL SILVEIRA MENDES RODRIGUES MOURA", "GlobalID": "3559a32e-f675-46cc-9f5e-884055a2b394"}}, {"type": "Feature", "geometry": {"type": "Point", "coordinates": [-1019844.0278999992, 4688386.9011999965]}, "properties": {"OBJECTID": 77771, "COD_SIG": null, "IDTIPO": null, "NOME": "MARIA MARGARIDA SOUSA MACHADO MARTINS REIS", "REGEND": "007700", "MORADA": "RA SANTA (PR)", "NUM_POLICIA": "10 A", "FREGUESIA": "114", "LOCALIDADE": null, "COD_POST_4": null, "COD_POST_3": null, "COM_INT_ID": 125, "COD_ACT_ECON": "21402", "DESC_ACT_ECON": "Papelarias (Art. Escrit.,Jornais ..)", "ANO": 1996, "TIPO": "Retalho", "LOCALIZACAO": "Integrado - outro", "C_INTEGRADO": "CENTRO COMERCIAL PADR\u00c3O", "EMPRESA": "MARIA ISABEL SILVEIRA MENDES RODRIGUES MOURA", "GlobalID": "32560d8b-e8fa-41d0-94ee-3541bdcb4580"}}, {"type": "Feature", "geometry": {"type": "Point", "coordinates": [-1018899.5529999994, 4687995.0031]}, "properties": {"OBJECTID": 77783, "COD_SIG": null, "IDTIPO": null, "NOME": "MICRO LOJA", "REGEND": "007713", "MORADA": "AGOSTINHO NETO (R)", "NUM_POLICIA": "36 F", "FREGUESIA": "114", "LOCALIDADE": null, "COD_POST_4": null, "COD_POST_3": null, "COM_INT_ID": null, "COD_ACT_ECON": "21514", "DESC_ACT_ECON": "Equipamento Inform\u00e1tico", "ANO": 1996, "TIPO": "Retalho", "LOCALIZACAO": "Isolado", "C_INTEGRADO": null, "EMPRESA": "MARIA ISABEL SILVEIRA MENDES RODRIGUES MOURA", "GlobalID": "7489673a-db7e-449f-a960-6271dbe86560"}}, {"type": "Feature", "geometry": {"type": "Point", "coordinates": [-1014616.6374999993, 4686555.574299999]}, "properties": {"OBJECTID": 77857, "COD_SIG": null, "IDTIPO": null, "NOME": "SOCAIAL LDA", "REGEND": "008050", "MORADA": "DR AUGUSTO DE CASTRO (AV)", "NUM_POLICIA": "LT 13 B", "FREGUESIA": "115", "LOCALIDADE": null, "COD_POST_4": null, "COD_POST_3": null, "COM_INT_ID": null, "COD_ACT_ECON": "21526", "DESC_ACT_ECON": "Outros N.E.(C.N.Alim. Diversos)", "ANO": 1996, "TIPO": "Retalho", "LOCALIZACAO": "Isolado", "C_INTEGRADO": null, "EMPRESA": "SOCAIAL - SOCIEDADE COMERCIAL DE ACESSORIOS INDUSTRIAIS, LDA", "GlobalID": "57555d9a-c117-4a8e-853b-d777586330c5"}}, {"type": "Feature", "geometry": {"type": "Point", "coordinates": [-1013290.2996999994, 4684771.059500001]}, "properties": {"OBJECTID": 77884, "COD_SIG": null, "IDTIPO": null, "NOME": "SPORTORIENTE", "REGEND": "008160", "MORADA": "A\u00c7\u00daCAR (R DO)", "NUM_POLICIA": "2/4", "FREGUESIA": "115", "LOCALIDADE": null, "COD_POST_4": null, "COD_POST_3": null, "COM_INT_ID": null, "COD_ACT_ECON": "21406", "DESC_ACT_ECON": "Artigos De Desporto", "ANO": 1996, "TIPO": "Retalho", "LOCALIZACAO": "Isolado", "C_INTEGRADO": null, "EMPRESA": "MARIA ISABEL SILVEIRA MENDES RODRIGUES MOURA", "GlobalID": "5bd52251-5e45-4052-b5b2-9ec9783f1d95"}}, {"type": "Feature", "geometry": {"type": "Point", "coordinates": [-1014472.4039999992, 4686479.9789]}, "properties": {"OBJECTID": 78092, "COD_SIG": null, "IDTIPO": null, "NOME": "SILVA & CAMARINHA LDA", "REGEND": "008127", "MORADA": "ACT PALMIRA BASTOS (R)", "NUM_POLICIA": "LT 43 LJ 7", "FREGUESIA": "115", "LOCALIDADE": null, "COD_POST_4": null, "COD_POST_3": null, "COM_INT_ID": null, "COD_ACT_ECON": "21108", "DESC_ACT_ECON": "L\u00e3s", "ANO": 1996, "TIPO": "Retalho", "LOCALIZACAO": "Isolado", "C_INTEGRADO": null, "EMPRESA": "MARIA ISABEL SILVEIRA MENDES RODRIGUES MOURA", "GlobalID": "e026276c-9c27-4d8f-9102-ead4137996f7"}}, {"type": "Feature", "geometry": {"type": "Point", "coordinates": [-1020155.4719000012, 4680770.137100004]}, "properties": {"OBJECTID": 78160, "COD_SIG": null, "IDTIPO": null, "NOME": "NOS E LA\u00c7OS", "REGEND": "007574", "MORADA": "PATROCINIO (T DO)", "NUM_POLICIA": "13", "FREGUESIA": "113", "LOCALIDADE": null, "COD_POST_4": null, "COD_POST_3": null, "COM_INT_ID": null, "COD_ACT_ECON": "21108", "DESC_ACT_ECON": "L\u00e3s", "ANO": 1996, "TIPO": "Retalho", "LOCALIZACAO": "Isolado", "C_INTEGRADO": null, "EMPRESA": "MARIA ISABEL SILVEIRA MENDES RODRIGUES MOURA", "GlobalID": "8982f012-32ec-4d20-afc8-18544d3349a7"}}, {"type": "Feature", "geometry": {"type": "Point", "coordinates": [-1019416.6755000018, 4688540.906999998]}, "properties": {"OBJECTID": 78225, "COD_SIG": null, "IDTIPO": null, "NOME": "ALBERTO CRUZ SILVA", "REGEND": "007883", "MORADA": "SILVA TAVARES (R)", "NUM_POLICIA": "7", "FREGUESIA": "114", "LOCALIDADE": null, "COD_POST_4": null, "COD_POST_3": null, "COM_INT_ID": 91, "COD_ACT_ECON": "21524", "DESC_ACT_ECON": "Armas,Muni\u00e7\u00f5es E Artigos De Ca\u00e7a", "ANO": 1996, "TIPO": "Retalho", "LOCALIZACAO": "Integrado - outro", "C_INTEGRADO": "CENTRO COMERCIAL MOURAS", "EMPRESA": "MARIA ISABEL SILVEIRA MENDES RODRIGUES MOURA", "GlobalID": "12cd34d9-cdf2-465c-b710-817b75a783c3"}}, {"type": "Feature", "geometry": {"type": "Point", "coordinates": [-1018775.7166000009, 4680327.520800002]}, "properties": {"OBJECTID": 78278, "COD_SIG": null, "IDTIPO": null, "NOME": "IDEAL S BENTO LDA", "REGEND": "008377", "MORADA": "Rua dos Poiais de S\u00e3o Bento", "NUM_POLICIA": "108", "FREGUESIA": "116", "LOCALIDADE": null, "COD_POST_4": "1200", "COD_POST_3": "350", "COM_INT_ID": null, "COD_ACT_ECON": "12004", "DESC_ACT_ECON": "Mercearias", "ANO": 1996, "TIPO": "Retalho", "LOCALIZACAO": "Isolado", "C_INTEGRADO": null, "EMPRESA": "MARIA ISABEL SILVEIRA MENDES RODRIGUES MOURA", "GlobalID": "ab0f6866-25be-4e68-92aa-4c3c1770e4ea"}}, {"type": "Feature", "geometry": {"type": "Point", "coordinates": [-1013505.635400001, 4684793.190300003]}, "properties": {"OBJECTID": 78363, "COD_SIG": null, "IDTIPO": null, "NOME": "A GON\u00c7ALVES & SILVA LDA", "REGEND": "008257", "MORADA": "PEREIRA HENRIQUES (R)", "NUM_POLICIA": "60", "FREGUESIA": "115", "LOCALIDADE": null, "COD_POST_4": null, "COD_POST_3": null, "COM_INT_ID": null, "COD_ACT_ECON": "11012", "DESC_ACT_ECON": "Produtos Congelados", "ANO": 1996, "TIPO": "Retalho", "LOCALIZACAO": "Isolado", "C_INTEGRADO": null, "EMPRESA": "MARIA ISABEL SILVEIRA MENDES RODRIGUES MOURA", "GlobalID": "58ecd62e-8088-4c16-8228-f0447898fcaa"}}, {"type": "Feature", "geometry": {"type": "Point", "coordinates": [-1018788.2846000008, 4680877.846600004]}, "properties": {"OBJECTID": 78390, "COD_SIG": null, "IDTIPO": null, "NOME": "ELECTRO ATLANTICO DISTRIBUIDORA GAS", "REGEND": "008359", "MORADA": "NOVA PIEDADE (R)", "NUM_POLICIA": "15/19", "FREGUESIA": "116", "LOCALIDADE": null, "COD_POST_4": null, "COD_POST_3": null, "COM_INT_ID": null, "COD_ACT_ECON": "21510", "DESC_ACT_ECON": "Combust\u00edveis Liq,Gas. N\u00e3o Destinado A Auto", "ANO": 1996, "TIPO": "Retalho", "LOCALIZACAO": "Isolado", "C_INTEGRADO": null, "EMPRESA": "ELECTRO ATL\u00c2NTICO DISTRIBUIDORA DE G\u00c1S, LDA", "GlobalID": "8a14336f-e0c5-4aa0-9b88-bce799f8b205"}}, {"type": "Feature", "geometry": {"type": "Point", "coordinates": [-1018525.1151, 4684486.4021999985]}, "properties": {"OBJECTID": 78521, "COD_SIG": null, "IDTIPO": null, "NOME": "A BELA JOANINHA COMERCIO LAS LDA", "REGEND": "008447", "MORADA": "BARBOSA DU BOCAGE (AV)", "NUM_POLICIA": "128", "FREGUESIA": "106", "LOCALIDADE": null, "COD_POST_4": null, "COD_POST_3": null, "COM_INT_ID": null, "COD_ACT_ECON": "21101", "DESC_ACT_ECON": "Artigos Vestu\u00e1rio Diverso (Misto)", "ANO": 1996, "TIPO": "Retalho", "LOCALIZACAO": "Isolado", "C_INTEGRADO": null, "EMPRESA": "MARIA ISABEL SILVEIRA MENDES RODRIGUES MOURA", "GlobalID": "53af5914-5d2a-4672-a8cb-72c16c1ba667"}}, {"type": "Feature", "geometry": {"type": "Point", "coordinates": [-1017595.7938000001, 4680190.456600003]}, "properties": {"OBJECTID": 78695, "COD_SIG": null, "IDTIPO": null, "NOME": "ARTECNICA", "REGEND": "008005", "MORADA": "CAPELO (R)", "NUM_POLICIA": "24 A", "FREGUESIA": "121", "LOCALIDADE": "LISBOA", "COD_POST_4": "1200", "COD_POST_3": "087", "COM_INT_ID": null, "COD_ACT_ECON": "21202", "DESC_ACT_ECON": "Artigos Diversos Lar/Decora\u00e7\u00e3o", "ANO": 1996, "TIPO": "Retalho", "LOCALIZACAO": "Isolado", "C_INTEGRADO": null, "EMPRESA": "MARIA ISABEL SILVEIRA MENDES RODRIGUES MOURA", "GlobalID": "a5391b23-bacf-43a6-97b1-5f43ccf39803"}}, {"type": "Feature", "geometry": {"type": "Point", "coordinates": [-1014516.1343999989, 4686558.721600004]}, "properties": {"OBJECTID": 78720, "COD_SIG": null, "IDTIPO": null, "NOME": "MINIGRULA", "REGEND": "008117", "MORADA": "Rua Actriz Palmira Bastos", "NUM_POLICIA": "Lote 41", "FREGUESIA": "115", "LOCALIDADE": "LISBOA", "COD_POST_4": "1950", "COD_POST_3": "002", "COM_INT_ID": null, "COD_ACT_ECON": "12003", "DESC_ACT_ECON": "Mini-Mercados/Auto-Servi\u00e7os", "ANO": 1996, "TIPO": "Retalho", "LOCALIZACAO": "Isolado", "C_INTEGRADO": null, "EMPRESA": "MARIA ISABEL SILVEIRA MENDES RODRIGUES MOURA", "GlobalID": "27d86f8c-7c81-48fa-abbb-8f51b6413742"}}, {"type": "Feature", "geometry": {"type": "Point", "coordinates": [-1018488.4901, 4680831.281099997]}, "properties": {"OBJECTID": 78743, "COD_SIG": null, "IDTIPO": null, "NOME": "COOP PORTUCALE PESSOAL COMPANHIA PORTUGUESA RADIO MARCONI", "REGEND": "008347", "MORADA": "EDUARDO COELHO (R)", "NUM_POLICIA": "27/31", "FREGUESIA": "116", "LOCALIDADE": null, "COD_POST_4": null, "COD_POST_3": null, "COM_INT_ID": null, "COD_ACT_ECON": "12005", "DESC_ACT_ECON": "Cooperativas De Consumo, Cantinas", "ANO": 1996, "TIPO": "Retalho", "LOCALIZACAO": "Isolado", "C_INTEGRADO": null, "EMPRESA": "MARIA ISABEL SILVEIRA MENDES RODRIGUES MOURA", "GlobalID": "11d31ba7-6ec1-4d73-af12-47170b350040"}}, {"type": "Feature", "geometry": {"type": "Point", "coordinates": [-1013547.8011000007, 4684785.026500002]}, "properties": {"OBJECTID": 78791, "COD_SIG": null, "IDTIPO": null, "NOME": "JOSE RODRIGUES FERNANDES HERDEIROS", "REGEND": "008221", "MORADA": "MARVILA (R DE)", "NUM_POLICIA": "14/16", "FREGUESIA": "115", "LOCALIDADE": null, "COD_POST_4": null, "COD_POST_3": null, "COM_INT_ID": null, "COD_ACT_ECON": "21205", "DESC_ACT_ECON": "Roupa/Lar", "ANO": 1996, "TIPO": "Retalho", "LOCALIZACAO": "Isolado", "C_INTEGRADO": null, "EMPRESA": "MARIA ISABEL SILVEIRA MENDES RODRIGUES MOURA", "GlobalID": "2bcc0e1e-0258-4110-8e0f-19d0a0397971"}}, {"type": "Feature", "geometry": {"type": "Point", "coordinates": [-1019416.6755000018, 4688540.906999998]}, "properties": {"OBJECTID": 78854, "COD_SIG": null, "IDTIPO": null, "NOME": "AQUI SIM", "REGEND": "007861", "MORADA": "SILVA TAVARES (R)", "NUM_POLICIA": "7", "FREGUESIA": "114", "LOCALIDADE": null, "COD_POST_4": null, "COD_POST_3": null, "COM_INT_ID": 91, "COD_ACT_ECON": "21520", "DESC_ACT_ECON": "Prendas", "ANO": 1996, "TIPO": "Retalho", "LOCALIZACAO": "Integrado - outro", "C_INTEGRADO": "CENTRO COMERCIAL MOURAS", "EMPRESA": "MARIA ISABEL SILVEIRA MENDES RODRIGUES MOURA", "GlobalID": "4b041714-3709-42b3-abe4-b15cd26cbb2a"}}, {"type": "Feature", "geometry": {"type": "Point", "coordinates": [-1018694.5947000012, 4680835.405199997]}, "properties": {"OBJECTID": 78872, "COD_SIG": null, "IDTIPO": null, "NOME": "FRANCISCO MARIA BASTOS & HERDEIROS", "REGEND": "008428", "MORADA": "S MAR\u00c7AL (R DE)", "NUM_POLICIA": "30/32", "FREGUESIA": "116", "LOCALIDADE": null, "COD_POST_4": null, "COD_POST_3": null, "COM_INT_ID": null, "COD_ACT_ECON": "21402", "DESC_ACT_ECON": "Papelarias (Art. Escrit.,Jornais ..)", "ANO": 1996, "TIPO": "Retalho", "LOCALIZACAO": "Isolado", "C_INTEGRADO": null, "EMPRESA": "MARIA ISABEL SILVEIRA MENDES RODRIGUES MOURA", "GlobalID": "e68db986-85c2-4054-8e99-d7419e86e5e2"}}, {"type": "Feature", "geometry": {"type": "Point", "coordinates": [-1013635.4222999997, 4686407.952299997]}, "properties": {"OBJECTID": 78923, "COD_SIG": null, "IDTIPO": null, "NOME": "JOAO SANTANA SAO PEDRO", "REGEND": "008278", "MORADA": "VALE FORMOSO DE CIMA (R DO)", "NUM_POLICIA": "225", "FREGUESIA": "115", "LOCALIDADE": "LISBOA", "COD_POST_4": "1900", "COD_POST_3": "834", "COM_INT_ID": null, "COD_ACT_ECON": "12004", "DESC_ACT_ECON": "Mercearias", "ANO": 1996, "TIPO": "Retalho", "LOCALIZACAO": "Isolado", "C_INTEGRADO": null, "EMPRESA": "MARIA ISABEL SILVEIRA MENDES RODRIGUES MOURA", "GlobalID": "244ee2a0-626d-4ac6-9a6b-06c1642540f1"}}, {"type": "Feature", "geometry": {"type": "Point", "coordinates": [-1021389.1779999994, 4687959.720700003]}, "properties": {"OBJECTID": 79065, "COD_SIG": null, "IDTIPO": null, "NOME": "G.L.F.-INFORM\u00c1TICA", "REGEND": "007833", "MORADA": "Avenida das Na\u00e7\u00f5es Unidas (antiga Rua E da Urb. da Quinta de Santo  Ant\u00f3nio)", "NUM_POLICIA": "Continente", "FREGUESIA": "114", "LOCALIDADE": "LISBOA                         ", "COD_POST_4": "1600", "COD_POST_3": "774", "COM_INT_ID": 69, "COD_ACT_ECON": "21514", "DESC_ACT_ECON": "Equipamento Inform\u00e1tico", "ANO": 1996, "TIPO": "Retalho", "LOCALIZACAO": "Integrado - outro", "C_INTEGRADO": "CONTINENTE TELHEIRAS", "EMPRESA": "MARIA ISABEL SILVEIRA MENDES RODRIGUES MOURA", "GlobalID": "cde1809d-8e81-4644-9c27-5960cac517f1"}}, {"type": "Feature", "geometry": {"type": "Point", "coordinates": [-1017471.7787999995, 4680202.602399997]}, "properties": {"OBJECTID": 79255, "COD_SIG": null, "IDTIPO": null, "NOME": "OS DEZASSETE", "REGEND": "008023", "MORADA": "IVENS (R)", "NUM_POLICIA": "35", "FREGUESIA": "121", "LOCALIDADE": null, "COD_POST_4": null, "COD_POST_3": null, "COM_INT_ID": null, "COD_ACT_ECON": "21411", "DESC_ACT_ECON": "Discos/Cassetes Audio E Video", "ANO": 1996, "TIPO": "Retalho", "LOCALIZACAO": "Isolado", "C_INTEGRADO": null, "EMPRESA": "MARIA ISABEL SILVEIRA MENDES RODRIGUES MOURA", "GlobalID": "860c77b3-a76d-4159-a74f-937255cb4345"}}, {"type": "Feature", "geometry": {"type": "Point", "coordinates": [-1018757.9704000019, 4680895.097400002]}, "properties": {"OBJECTID": 79294, "COD_SIG": null, "IDTIPO": null, "NOME": "JOSE DURO LDA", "REGEND": "008319", "MORADA": "FLORES (PR DAS)", "NUM_POLICIA": "21", "FREGUESIA": "116", "LOCALIDADE": null, "COD_POST_4": null, "COD_POST_3": null, "COM_INT_ID": null, "COD_ACT_ECON": "11002", "DESC_ACT_ECON": "Talhos", "ANO": 1996, "TIPO": "Retalho", "LOCALIZACAO": "Isolado", "C_INTEGRADO": null, "EMPRESA": "MARIA ISABEL SILVEIRA MENDES RODRIGUES MOURA", "GlobalID": "3b06ba27-f405-40fd-9663-b7ebabf2a265"}}, {"type": "Feature", "geometry": {"type": "Point", "coordinates": [-1017496.2074000016, 4680329.552299999]}, "properties": {"OBJECTID": 79360, "COD_SIG": null, "IDTIPO": null, "NOME": "OS DEZASSETE", "REGEND": "008008", "MORADA": "GARRETT (R)", "NUM_POLICIA": "35", "FREGUESIA": "121", "LOCALIDADE": null, "COD_POST_4": null, "COD_POST_3": null, "COM_INT_ID": null, "COD_ACT_ECON": "21101", "DESC_ACT_ECON": "Artigos Vestu\u00e1rio Diverso (Misto)", "ANO": 1996, "TIPO": "Retalho", "LOCALIZACAO": "Isolado", "C_INTEGRADO": null, "EMPRESA": "MARIA ISABEL SILVEIRA MENDES RODRIGUES MOURA", "GlobalID": "50d33388-ee82-4965-a4a6-891ea8db152e"}}, {"type": "Feature", "geometry": {"type": "Point", "coordinates": [-1018649.8475000001, 4680839.760600001]}, "properties": {"OBJECTID": 79405, "COD_SIG": null, "IDTIPO": null, "NOME": "ARLINDO AUGUSTO JESUS DIAS", "REGEND": "008329", "MORADA": "ADELAS (R DAS)", "NUM_POLICIA": "16", "FREGUESIA": "116", "LOCALIDADE": null, "COD_POST_4": null, "COD_POST_3": null, "COM_INT_ID": null, "COD_ACT_ECON": "21519", "DESC_ACT_ECON": "Artigos De 2\u00aa M\u00e3o", "ANO": 1996, "TIPO": "Retalho", "LOCALIZACAO": "Isolado", "C_INTEGRADO": null, "EMPRESA": "MARIA ISABEL SILVEIRA MENDES RODRIGUES MOURA", "GlobalID": "bbb7b117-e8cc-4ad4-8a30-4f06eb8d5b0b"}}, {"type": "Feature", "geometry": {"type": "Point", "coordinates": [-1018566.6387000009, 4680953.781199999]}, "properties": {"OBJECTID": 79408, "COD_SIG": null, "IDTIPO": null, "NOME": "NUTRIDIL - COMERCIO PRODUTOS DIETETICOS LDA", "REGEND": "008332", "MORADA": "CECILIO DE SOUSA (R)", "NUM_POLICIA": "20 B", "FREGUESIA": "116", "LOCALIDADE": null, "COD_POST_4": null, "COD_POST_3": null, "COM_INT_ID": null, "COD_ACT_ECON": "11014", "DESC_ACT_ECON": "Prod. Naturais(Diet.,Medicinais,Espec.)", "ANO": 1996, "TIPO": "Retalho", "LOCALIZACAO": "Isolado", "C_INTEGRADO": null, "EMPRESA": "MARIA ISABEL SILVEIRA MENDES RODRIGUES MOURA", "GlobalID": "bd88a17d-bfda-4a23-99d7-e01ed004b533"}}, {"type": "Feature", "geometry": {"type": "Point", "coordinates": [-1019416.6755000018, 4688540.906999998]}, "properties": {"OBJECTID": 79629, "COD_SIG": null, "IDTIPO": null, "NOME": "G S F INFORMATICA", "REGEND": "007858", "MORADA": "SILVA TAVARES (R)", "NUM_POLICIA": "7", "FREGUESIA": "114", "LOCALIDADE": null, "COD_POST_4": null, "COD_POST_3": null, "COM_INT_ID": 91, "COD_ACT_ECON": "21514", "DESC_ACT_ECON": "Equipamento Inform\u00e1tico", "ANO": 1996, "TIPO": "Retalho", "LOCALIZACAO": "Integrado - outro", "C_INTEGRADO": "CENTRO COMERCIAL MOURAS", "EMPRESA": "MARIA ISABEL SILVEIRA MENDES RODRIGUES MOURA", "GlobalID": "b57a820b-0afb-4e45-be31-f71e578394a0"}}, {"type": "Feature", "geometry": {"type": "Point", "coordinates": [-1015909.1502999999, 4687122.052699998]}, "properties": {"OBJECTID": 79671, "COD_SIG": null, "IDTIPO": null, "NOME": "FARM\u00c1CIA SERRA", "REGEND": "008204", "MORADA": "LU\u00cdS CRISTINO DA SILVA (R)", "NUM_POLICIA": "LT 221 LJ133", "FREGUESIA": "115", "LOCALIDADE": null, "COD_POST_4": null, "COD_POST_3": null, "COM_INT_ID": null, "COD_ACT_ECON": "21301", "DESC_ACT_ECON": "Farm\u00e1cias", "ANO": 1996, "TIPO": "Retalho", "LOCALIZACAO": "Isolado", "C_INTEGRADO": null, "EMPRESA": "MARIA ISABEL SILVEIRA MENDES RODRIGUES MOURA", "GlobalID": "6175bd9a-28a7-485a-84d2-6347ca0355b1"}}, {"type": "Feature", "geometry": {"type": "Point", "coordinates": [-1018841.8612000011, 4680842.753899999]}, "properties": {"OBJECTID": 79695, "COD_SIG": null, "IDTIPO": null, "NOME": "ESTABELECIMENTOS 51", "REGEND": "008367", "MORADA": "NOVA PIEDADE (R)", "NUM_POLICIA": "51", "FREGUESIA": "116", "LOCALIDADE": null, "COD_POST_4": null, "COD_POST_3": null, "COM_INT_ID": null, "COD_ACT_ECON": "21101", "DESC_ACT_ECON": "Artigos Vestu\u00e1rio Diverso (Misto)", "ANO": 1996, "TIPO": "Retalho", "LOCALIZACAO": "Isolado", "C_INTEGRADO": null, "EMPRESA": "MARIA ISABEL SILVEIRA MENDES RODRIGUES MOURA", "GlobalID": "613f58dd-9386-406b-8ac2-8481478aecf2"}}, {"type": "Feature", "geometry": {"type": "Point", "coordinates": [-1013494.4045999981, 4685667.567400001]}, "properties": {"OBJECTID": 79801, "COD_SIG": null, "IDTIPO": null, "NOME": "LEVANTE", "REGEND": "008269", "MORADA": "VALE FORMOSO DE CIMA (R DO)", "NUM_POLICIA": "107", "FREGUESIA": "115", "LOCALIDADE": null, "COD_POST_4": null, "COD_POST_3": null, "COM_INT_ID": null, "COD_ACT_ECON": "11007", "DESC_ACT_ECON": "Padarias", "ANO": 1996, "TIPO": "Retalho", "LOCALIZACAO": "Isolado", "C_INTEGRADO": null, "EMPRESA": "SOCIEDADE PANIFICADORA LEVANTE, LDA", "GlobalID": "905b2a2e-14c2-421c-bb48-7557075ad5e8"}}, {"type": "Feature", "geometry": {"type": "Point", "coordinates": [-1019419.2512000017, 4688542.164099999]}, "properties": {"OBJECTID": 80180, "COD_SIG": null, "IDTIPO": null, "NOME": "ATRA\u00c7AO", "REGEND": "007876", "MORADA": "Rua Silva Tavares", "NUM_POLICIA": "7A", "FREGUESIA": "114", "LOCALIDADE": null, "COD_POST_4": "1750", "COD_POST_3": "287", "COM_INT_ID": 91, "COD_ACT_ECON": "21106", "DESC_ACT_ECON": "Roupa Interior", "ANO": 1996, "TIPO": "Retalho", "LOCALIZACAO": "Integrado - outro", "C_INTEGRADO": "CENTRO COMERCIAL MOURAS", "EMPRESA": "MARIA ISABEL SILVEIRA MENDES RODRIGUES MOURA", "GlobalID": "7ca0913c-d931-4052-ac91-c8287d427c6e"}}, {"type": "Feature", "geometry": {"type": "Point", "coordinates": [-1018735.4772000015, 4680330.433799997]}, "properties": {"OBJECTID": 80583, "COD_SIG": null, "IDTIPO": null, "NOME": "EDGAR CRISTO", "REGEND": "008394", "MORADA": "POIAIS DE S BENTO (R DOS)", "NUM_POLICIA": "90", "FREGUESIA": "116", "LOCALIDADE": null, "COD_POST_4": null, "COD_POST_3": null, "COM_INT_ID": null, "COD_ACT_ECON": "21503", "DESC_ACT_ECON": "Drogarias", "ANO": 1996, "TIPO": "Retalho", "LOCALIZACAO": "Isolado", "C_INTEGRADO": null, "EMPRESA": "EDGAR CRISTO, LDA", "GlobalID": "25478a15-883e-413f-9205-5b6188dd8b91"}}, {"type": "Feature", "geometry": {"type": "Point", "coordinates": [-1018502.5969000012, 4684302.818000004]}, "properties": {"OBJECTID": 80638, "COD_SIG": null, "IDTIPO": null, "NOME": "CASA", "REGEND": "008579", "MORADA": "ELIAS GARCIA (AV)", "NUM_POLICIA": "123 D", "FREGUESIA": "106", "LOCALIDADE": "LISBOA", "COD_POST_4": "1050", "COD_POST_3": "098", "COM_INT_ID": null, "COD_ACT_ECON": "21202", "DESC_ACT_ECON": "Artigos Diversos Lar/Decora\u00e7\u00e3o", "ANO": 1996, "TIPO": "Retalho", "LOCALIZACAO": "Isolado", "C_INTEGRADO": null, "EMPRESA": "GELTEX - UTILIDADES DOM\u00c9STICAS, LDA", "GlobalID": "a1aaffc9-275a-461a-8d9d-66979c7a1851"}}, {"type": "Feature", "geometry": {"type": "Point", "coordinates": [-1014476.5067000017, 4684946.056699999]}, "properties": {"OBJECTID": 80921, "COD_SIG": null, "IDTIPO": null, "NOME": "MARIA GRA\u00c7A & JOSE SALVADOR", "REGEND": "008237", "MORADA": "OVAR (R DE)", "NUM_POLICIA": "LT 556 D", "FREGUESIA": "115", "LOCALIDADE": null, "COD_POST_4": null, "COD_POST_3": null, "COM_INT_ID": null, "COD_ACT_ECON": "12004", "DESC_ACT_ECON": "Mercearias", "ANO": 1996, "TIPO": "Retalho", "LOCALIZACAO": "Isolado", "C_INTEGRADO": null, "EMPRESA": "MARIA ISABEL SILVEIRA MENDES RODRIGUES MOURA", "GlobalID": "c931dbae-9454-4537-9f21-e987e036bca4"}}, {"type": "Feature", "geometry": {"type": "Point", "coordinates": [-1018704.9202999994, 4680958.662100002]}, "properties": {"OBJECTID": 80944, "COD_SIG": null, "IDTIPO": null, "NOME": "FARIA GON\u00c7ALVES & GON\u00c7ALVES", "REGEND": "008324", "MORADA": "FLORES (PR DAS)", "NUM_POLICIA": "57", "FREGUESIA": "116", "LOCALIDADE": null, "COD_POST_4": null, "COD_POST_3": null, "COM_INT_ID": null, "COD_ACT_ECON": "21202", "DESC_ACT_ECON": "Artigos Diversos Lar/Decora\u00e7\u00e3o", "ANO": 1996, "TIPO": "Retalho", "LOCALIZACAO": "Isolado", "C_INTEGRADO": null, "EMPRESA": "MARIA ISABEL SILVEIRA MENDES RODRIGUES MOURA", "GlobalID": "6c350494-0b44-493d-ad43-53efa7a1c5f7"}}, {"type": "Feature", "geometry": {"type": "Point", "coordinates": [-1018767.311900001, 4680352.6831]}, "properties": {"OBJECTID": 81003, "COD_SIG": null, "IDTIPO": null, "NOME": "GRAFISXIDA", "REGEND": "008341", "MORADA": "CRUZ DOS POIAIS (R)", "NUM_POLICIA": "5", "FREGUESIA": "116", "LOCALIDADE": null, "COD_POST_4": null, "COD_POST_3": null, "COM_INT_ID": null, "COD_ACT_ECON": "21403", "DESC_ACT_ECON": "Tabacaria", "ANO": 1996, "TIPO": "Retalho", "LOCALIZACAO": "Isolado", "C_INTEGRADO": null, "EMPRESA": "MARIA ISABEL SILVEIRA MENDES RODRIGUES MOURA", "GlobalID": "1f9ba296-9861-4c02-b523-e863beb23f76"}}, {"type": "Feature", "geometry": {"type": "Point", "coordinates": [-1018888.944600001, 4680587.775899999]}, "properties": {"OBJECTID": 81080, "COD_SIG": null, "IDTIPO": null, "NOME": "HENRIQUE FERREIRA VENTURA", "REGEND": "008399", "MORADA": "S BENTO (R DE)", "NUM_POLICIA": "170", "FREGUESIA": "116", "LOCALIDADE": null, "COD_POST_4": null, "COD_POST_3": null, "COM_INT_ID": null, "COD_ACT_ECON": "21207", "DESC_ACT_ECON": "M\u00f3veis Antigos/Antiguidades", "ANO": 1996, "TIPO": "Retalho", "LOCALIZACAO": "Isolado", "C_INTEGRADO": null, "EMPRESA": "MARIA ISABEL SILVEIRA MENDES RODRIGUES MOURA", "GlobalID": "b675884c-ef0e-4619-950b-28808f2ce367"}}, {"type": "Feature", "geometry": {"type": "Point", "coordinates": [-1018760.4463, 4680426.008599997]}, "properties": {"OBJECTID": 81090, "COD_SIG": null, "IDTIPO": null, "NOME": "UCAL", "REGEND": "008337", "MORADA": "CRUZ DOS POIAIS (R)", "NUM_POLICIA": "35", "FREGUESIA": "116", "LOCALIDADE": null, "COD_POST_4": null, "COD_POST_3": null, "COM_INT_ID": null, "COD_ACT_ECON": "11009", "DESC_ACT_ECON": "Leite E Derivados", "ANO": 1996, "TIPO": "Retalho", "LOCALIZACAO": "Isolado", "C_INTEGRADO": null, "EMPRESA": "MARIA ISABEL SILVEIRA MENDES RODRIGUES MOURA", "GlobalID": "94285157-c98d-4663-8862-f4ee4eb74c48"}}, {"type": "Feature", "geometry": {"type": "Point", "coordinates": [-1018079.7903000005, 4684391.090800002]}, "properties": {"OBJECTID": 81306, "COD_SIG": null, "IDTIPO": null, "NOME": "HELENA FREIRE & VASCONCELOS LDA", "REGEND": "008598", "MORADA": "ELIAS GARCIA (AV)", "NUM_POLICIA": "59", "FREGUESIA": "106", "LOCALIDADE": null, "COD_POST_4": null, "COD_POST_3": null, "COM_INT_ID": null, "COD_ACT_ECON": "21116", "DESC_ACT_ECON": "ARTIGOS DE PELE/CAL\u00c7ADO/MARROQUINARIA", "ANO": 1996, "TIPO": "Retalho", "LOCALIZACAO": "Isolado", "C_INTEGRADO": null, "EMPRESA": "MARIA ISABEL SILVEIRA MENDES RODRIGUES MOURA", "GlobalID": "6b602368-20a1-40cf-bd95-c3670f8f1036"}}, {"type": "Feature", "geometry": {"type": "Point", "coordinates": [-1015398.0747000016, 4686938.017700002]}, "properties": {"OBJECTID": 81355, "COD_SIG": null, "IDTIPO": null, "NOME": "MAVIPE\u00c7AS", "REGEND": "008238", "MORADA": "DOMINGOS PARENTE (R)", "NUM_POLICIA": "LT 247", "FREGUESIA": "115", "LOCALIDADE": null, "COD_POST_4": null, "COD_POST_3": null, "COM_INT_ID": 144, "COD_ACT_ECON": "21508", "DESC_ACT_ECON": "Acess\u00f3rios P/ Ve\u00edculos Excepto Motociclos", "ANO": 1996, "TIPO": "Retalho", "LOCALIZACAO": "Integrado - outro", "C_INTEGRADO": "GALERIA EDIF\u00cdCIO TORRE NOVA", "EMPRESA": "MAVIPE\u00c7AS COMERCIO PE\u00c7AS PARA VEICULOS AUTOMOVEIS, LDA", "GlobalID": "ab36b42a-b4c9-4302-a52d-a2086bcf7e1d"}}, {"type": "Feature", "geometry": {"type": "Point", "coordinates": [-1014076.1678999998, 4686549.816299997]}, "properties": {"OBJECTID": 81474, "COD_SIG": null, "IDTIPO": null, "NOME": "UCAL", "REGEND": "008236", "MORADA": "OLIVEIRA CARDONEGA (R)", "NUM_POLICIA": "55 M", "FREGUESIA": "115", "LOCALIDADE": null, "COD_POST_4": null, "COD_POST_3": null, "COM_INT_ID": null, "COD_ACT_ECON": "12004", "DESC_ACT_ECON": "Mercearias", "ANO": 1996, "TIPO": "Retalho", "LOCALIZACAO": "Isolado", "C_INTEGRADO": null, "EMPRESA": "MARIA ISABEL SILVEIRA MENDES RODRIGUES MOURA", "GlobalID": "b090668c-ade1-439b-867e-bdd728d92bf4"}}, {"type": "Feature", "geometry": {"type": "Point", "coordinates": [-1018364.1834999993, 4684521.623099998]}, "properties": {"OBJECTID": 81545, "COD_SIG": null, "IDTIPO": null, "NOME": "FARO - BOUTIQUE", "REGEND": "008444", "MORADA": "BARBOSA DU BOCAGE (AV)", "NUM_POLICIA": "108", "FREGUESIA": "106", "LOCALIDADE": null, "COD_POST_4": null, "COD_POST_3": null, "COM_INT_ID": null, "COD_ACT_ECON": "21103", "DESC_ACT_ECON": "Artigos Vestu\u00e1rio Senhora (Boutique)", "ANO": 1996, "TIPO": "Retalho", "LOCALIZACAO": "Isolado", "C_INTEGRADO": null, "EMPRESA": "MARIA ISABEL SILVEIRA MENDES RODRIGUES MOURA", "GlobalID": "2fca43f3-58cf-4eef-a869-870f95d860cc"}}, {"type": "Feature", "geometry": {"type": "Point", "coordinates": [-1013796.8214000016, 4684241.134499997]}, "properties": {"OBJECTID": 81559, "COD_SIG": null, "IDTIPO": null, "NOME": "MURAD ALI HAJI ALI", "REGEND": "008220", "MORADA": "MARVILA (R DE)", "NUM_POLICIA": "135", "FREGUESIA": "115", "LOCALIDADE": null, "COD_POST_4": null, "COD_POST_3": null, "COM_INT_ID": null, "COD_ACT_ECON": "21115", "DESC_ACT_ECON": "Sapatarias", "ANO": 1996, "TIPO": "Retalho", "LOCALIZACAO": "Isolado", "C_INTEGRADO": null, "EMPRESA": "MARIA ISABEL SILVEIRA MENDES RODRIGUES MOURA", "GlobalID": "fbd2edcd-7457-4da4-bc34-6e9fb9cba390"}}, {"type": "Feature", "geometry": {"type": "Point", "coordinates": [-1018782.3136, 4680897.395400003]}, "properties": {"OBJECTID": 81614, "COD_SIG": null, "IDTIPO": null, "NOME": "MENDES & ANTUNES LDA", "REGEND": "008369", "MORADA": "NOVA PIEDADE (R)", "NUM_POLICIA": "6", "FREGUESIA": "116", "LOCALIDADE": null, "COD_POST_4": null, "COD_POST_3": null, "COM_INT_ID": null, "COD_ACT_ECON": "12004", "DESC_ACT_ECON": "Mercearias", "ANO": 1996, "TIPO": "Retalho", "LOCALIZACAO": "Isolado", "C_INTEGRADO": null, "EMPRESA": "MARIA ISABEL SILVEIRA MENDES RODRIGUES MOURA", "GlobalID": "c5a49253-0e7e-4a7b-8f00-f28017928ff7"}}, {"type": "Feature", "geometry": {"type": "Point", "coordinates": [-1018808.0681999996, 4680565.549500003]}, "properties": {"OBJECTID": 81943, "COD_SIG": null, "IDTIPO": null, "NOME": "ARMANDO JORGE BRITO HENRIQUES", "REGEND": "008395", "MORADA": "QUINTINHA (R DA)", "NUM_POLICIA": "2/4", "FREGUESIA": "116", "LOCALIDADE": null, "COD_POST_4": null, "COD_POST_3": null, "COM_INT_ID": null, "COD_ACT_ECON": "22002", "DESC_ACT_ECON": "Bazares", "ANO": 1996, "TIPO": "Retalho", "LOCALIZACAO": "Isolado", "C_INTEGRADO": null, "EMPRESA": "MARIA ISABEL SILVEIRA MENDES RODRIGUES MOURA", "GlobalID": "1b7e0cc3-fe10-43d2-b86b-5d14ec0ee2d4"}}, {"type": "Feature", "geometry": {"type": "Point", "coordinates": [-1013490.5647, 4685546.750799999]}, "properties": {"OBJECTID": 82024, "COD_SIG": null, "IDTIPO": null, "NOME": "CLAMI MODAS", "REGEND": "008286", "MORADA": "Rua do Vale Formoso de Cima", "NUM_POLICIA": "81B", "FREGUESIA": "115", "LOCALIDADE": "LISBOA", "COD_POST_4": "1950", "COD_POST_3": "266", "COM_INT_ID": null, "COD_ACT_ECON": "21101", "DESC_ACT_ECON": "Artigos Vestu\u00e1rio Diverso (Misto)", "ANO": 1996, "TIPO": "Retalho", "LOCALIZACAO": "Isolado", "C_INTEGRADO": null, "EMPRESA": "MARIA ISABEL SILVEIRA MENDES RODRIGUES MOURA", "GlobalID": "d5027f3e-725c-4d88-a76c-e91d36678af8"}}, {"type": "Feature", "geometry": {"type": "Point", "coordinates": [-1014742.4235000014, 4686462.922899999]}, "properties": {"OBJECTID": 82221, "COD_SIG": null, "IDTIPO": null, "NOME": "ORGANISANTOS", "REGEND": "008249", "MORADA": "PAULO DIAS DE NOVAIS (R)", "NUM_POLICIA": "LT 24 A", "FREGUESIA": "115", "LOCALIDADE": null, "COD_POST_4": null, "COD_POST_3": null, "COM_INT_ID": null, "COD_ACT_ECON": "21502", "DESC_ACT_ECON": "Tintas,Vernizes E Afins", "ANO": 1996, "TIPO": "Retalho", "LOCALIZACAO": "Isolado", "C_INTEGRADO": null, "EMPRESA": "ORGANISANTOS - CONTAB.,FISCALIDADE,COM.MATERIAIS CONSTRU\u00c7\u00c3O CIVIL", "GlobalID": "c131e27c-06a6-4699-b9d2-e828c2b9c615"}}, {"type": "Feature", "geometry": {"type": "Point", "coordinates": [-1013919.621199999, 4685556.305500001]}, "properties": {"OBJECTID": 82344, "COD_SIG": null, "IDTIPO": null, "NOME": "RUI MANUEL COSTA CUNHA", "REGEND": "008313", "MORADA": "ZONA J DE CHELAS", "NUM_POLICIA": "LT 530 D", "FREGUESIA": "115", "LOCALIDADE": null, "COD_POST_4": null, "COD_POST_3": null, "COM_INT_ID": null, "COD_ACT_ECON": "11002", "DESC_ACT_ECON": "Talhos", "ANO": 1996, "TIPO": "Retalho", "LOCALIZACAO": "Isolado", "C_INTEGRADO": null, "EMPRESA": "MARIA ISABEL SILVEIRA MENDES RODRIGUES MOURA", "GlobalID": "1762853f-e5d6-42a3-af45-be2395df2e98"}}, {"type": "Feature", "geometry": {"type": "Point", "coordinates": [-1018551.9373999983, 4684133.861000001]}, "properties": {"OBJECTID": 82412, "COD_SIG": null, "IDTIPO": null, "NOME": "FARMACIA VALLE", "REGEND": "008685", "MORADA": "MARQ DE TOMAR (AV)", "NUM_POLICIA": "47", "FREGUESIA": "106", "LOCALIDADE": null, "COD_POST_4": null, "COD_POST_3": null, "COM_INT_ID": null, "COD_ACT_ECON": "21301", "DESC_ACT_ECON": "Farm\u00e1cias", "ANO": 1996, "TIPO": "Retalho", "LOCALIZACAO": "Isolado", "C_INTEGRADO": null, "EMPRESA": "MARIA ISABEL SILVEIRA MENDES RODRIGUES MOURA", "GlobalID": "2d7335f6-b34a-41a5-bae7-0c1768cfb30a"}}, {"type": "Feature", "geometry": {"type": "Point", "coordinates": [-1017912.0969999991, 4684093.2773]}, "properties": {"OBJECTID": 82476, "COD_SIG": null, "IDTIPO": null, "NOME": "CASA FILIPE", "REGEND": "008534", "MORADA": "DEFENSORES DE CHAVES (AV DOS)", "NUM_POLICIA": "53 B", "FREGUESIA": "106", "LOCALIDADE": "LISBOA", "COD_POST_4": "1000", "COD_POST_3": "112", "COM_INT_ID": null, "COD_ACT_ECON": "21206", "DESC_ACT_ECON": "M\u00f3veis E Colchoaria (Interior)", "ANO": 1996, "TIPO": "Retalho", "LOCALIZACAO": "Isolado", "C_INTEGRADO": null, "EMPRESA": "MARIA ISABEL SILVEIRA MENDES RODRIGUES MOURA", "GlobalID": "44da94fa-f8e0-4cc0-83c7-38e8839699b4"}}, {"type": "Feature", "geometry": {"type": "Point", "coordinates": [-1019025.7518000007, 4685064.466799997]}, "properties": {"OBJECTID": 82510, "COD_SIG": null, "IDTIPO": null, "NOME": "PES DE BARRO", "REGEND": "008951", "MORADA": "SOUSA LOPES (R)", "NUM_POLICIA": "LT PQRS", "FREGUESIA": "106", "LOCALIDADE": null, "COD_POST_4": null, "COD_POST_3": null, "COM_INT_ID": 74, "COD_ACT_ECON": "21518", "DESC_ACT_ECON": "Artesanato", "ANO": 1996, "TIPO": "Retalho", "LOCALIZACAO": "Integrado - outro", "C_INTEGRADO": "CENTRO COMERCIAL GEMINI", "EMPRESA": "MARIA ISABEL SILVEIRA MENDES RODRIGUES MOURA", "GlobalID": "14c7c641-52ca-4157-92b6-01f588fc1cdd"}}, {"type": "Feature", "geometry": {"type": "Point", "coordinates": [-1019025.7518000007, 4685064.466799997]}, "properties": {"OBJECTID": 82523, "COD_SIG": null, "IDTIPO": null, "NOME": "FANZY", "REGEND": "008955", "MORADA": "SOUSA LOPES (R)", "NUM_POLICIA": "LT PQRS", "FREGUESIA": "106", "LOCALIDADE": null, "COD_POST_4": null, "COD_POST_3": null, "COM_INT_ID": 74, "COD_ACT_ECON": "21103", "DESC_ACT_ECON": "Artigos Vestu\u00e1rio Senhora (Boutique)", "ANO": 1996, "TIPO": "Retalho", "LOCALIZACAO": "Integrado - outro", "C_INTEGRADO": "CENTRO COMERCIAL GEMINI", "EMPRESA": "MARIA ISABEL SILVEIRA MENDES RODRIGUES MOURA", "GlobalID": "46676ecb-ba22-4828-9081-8f2ee4590bb7"}}, {"type": "Feature", "geometry": {"type": "Point", "coordinates": [-1017317.6391000003, 4681202.8323]}, "properties": {"OBJECTID": 82528, "COD_SIG": null, "IDTIPO": null, "NOME": "ARMANDO ALMEIDA SANTOS", "REGEND": "008965", "MORADA": "SANT'ANA (C DE)", "NUM_POLICIA": "139/141", "FREGUESIA": "105", "LOCALIDADE": null, "COD_POST_4": null, "COD_POST_3": null, "COM_INT_ID": null, "COD_ACT_ECON": "51403", "DESC_ACT_ECON": "OUTROS EST. COMIDAS REFEI\u00c7\u00d5ES - 3\u00aa CAT.", "ANO": 1996, "TIPO": "Restaura\u00e7\u00e3o e Bebidas", "LOCALIZACAO": "Isolado", "C_INTEGRADO": null, "EMPRESA": "ARMANDO ALMEIDA DOS SANTOS, LDA", "GlobalID": "58bf6702-6449-4666-926e-b77591ef675b"}}, {"type": "Feature", "geometry": {"type": "Point", "coordinates": [-1018561.4965999983, 4685227.799800001]}, "properties": {"OBJECTID": 82743, "COD_SIG": null, "IDTIPO": null, "NOME": "MENEZES LDA", "REGEND": "008490", "MORADA": "CINCO DE OUTUBRO (AV)", "NUM_POLICIA": "261 A", "FREGUESIA": "106", "LOCALIDADE": "LISBOA                         ", "COD_POST_4": "1600", "COD_POST_3": "034", "COM_INT_ID": null, "COD_ACT_ECON": "21103", "DESC_ACT_ECON": "Artigos Vestu\u00e1rio Senhora (Boutique)", "ANO": 1996, "TIPO": "Retalho", "LOCALIZACAO": "Isolado", "C_INTEGRADO": null, "EMPRESA": "MENEZES LDA", "GlobalID": "a1331cff-22a6-4ff0-a1f7-1f8bc6be414e"}}, {"type": "Feature", "geometry": {"type": "Point", "coordinates": [-1018582.0397000015, 4685348.423799999]}, "properties": {"OBJECTID": 82746, "COD_SIG": null, "IDTIPO": null, "NOME": "BOMBOLEO SOC REPARADORA BOMBAS INJECTORES LDA", "REGEND": "008492", "MORADA": "CINCO DE OUTUBRO (AV)", "NUM_POLICIA": "269 A", "FREGUESIA": "106", "LOCALIDADE": null, "COD_POST_4": null, "COD_POST_3": null, "COM_INT_ID": null, "COD_ACT_ECON": "21511", "DESC_ACT_ECON": "Tubos,Borrachas,Pl\u00e1sticos", "ANO": 1996, "TIPO": "Retalho", "LOCALIZACAO": "Isolado", "C_INTEGRADO": null, "EMPRESA": "BOMBOLEO - SOCIEDADE REPARADORA DE BOMBAS INJECTORAS, LDA", "GlobalID": "07c1bc10-85f2-43ab-9afa-f081a3cc0760"}}, {"type": "Feature", "geometry": {"type": "Point", "coordinates": [-1018670.5185000002, 4684090.113399997]}, "properties": {"OBJECTID": 82969, "COD_SIG": null, "IDTIPO": null, "NOME": "PETRINE", "REGEND": "008477", "MORADA": "CD DE VALBOM (AV)", "NUM_POLICIA": "82 B", "FREGUESIA": "106", "LOCALIDADE": null, "COD_POST_4": null, "COD_POST_3": null, "COM_INT_ID": null, "COD_ACT_ECON": "21115", "DESC_ACT_ECON": "Sapatarias", "ANO": 1996, "TIPO": "Retalho", "LOCALIZACAO": "Isolado", "C_INTEGRADO": null, "EMPRESA": "MARIA ISABEL SILVEIRA MENDES RODRIGUES MOURA", "GlobalID": "fe865981-8f76-4fd0-9a03-145420d3048e"}}, {"type": "Feature", "geometry": {"type": "Point", "coordinates": [-1018449.560899999, 4685641.7575]}, "properties": {"OBJECTID": 83026, "COD_SIG": null, "IDTIPO": null, "NOME": "FLORES MODELO", "REGEND": "008602", "MORADA": "FOR\u00c7AS ARMADAS (AV DAS)", "NUM_POLICIA": "1 F", "FREGUESIA": "106", "LOCALIDADE": null, "COD_POST_4": null, "COD_POST_3": null, "COM_INT_ID": null, "COD_ACT_ECON": "21409", "DESC_ACT_ECON": "Artigos Jardinagem/Flores/Plantas", "ANO": 1996, "TIPO": "Retalho", "LOCALIZACAO": "Isolado", "C_INTEGRADO": null, "EMPRESA": "MARIA ISABEL SILVEIRA MENDES RODRIGUES MOURA", "GlobalID": "e1cc3a39-cb97-4f82-b517-f53f81bbcef2"}}, {"type": "Feature", "geometry": {"type": "Point", "coordinates": [-1013431.5300000012, 4684928.971699998]}, "properties": {"OBJECTID": 83062, "COD_SIG": null, "IDTIPO": null, "NOME": "UCAL", "REGEND": "008176", "MORADA": "DIREITA DE MARVILA (R)", "NUM_POLICIA": "66", "FREGUESIA": "115", "LOCALIDADE": null, "COD_POST_4": null, "COD_POST_3": null, "COM_INT_ID": null, "COD_ACT_ECON": "11009", "DESC_ACT_ECON": "Leite E Derivados", "ANO": 1996, "TIPO": "Retalho", "LOCALIZACAO": "Isolado", "C_INTEGRADO": null, "EMPRESA": "MARIA ISABEL SILVEIRA MENDES RODRIGUES MOURA", "GlobalID": "9e7e152c-45b2-461e-8b77-99f190fc7fac"}}, {"type": "Feature", "geometry": {"type": "Point", "coordinates": [-1017891.7932000011, 4683828.832699999]}, "properties": {"OBJECTID": 83213, "COD_SIG": null, "IDTIPO": null, "NOME": "COGENOL", "REGEND": "008555", "MORADA": "DUQUE DE \u00c1VILA (AV)", "NUM_POLICIA": "18 R/C ESQ", "FREGUESIA": "106", "LOCALIDADE": null, "COD_POST_4": null, "COD_POST_3": null, "COM_INT_ID": null, "COD_ACT_ECON": "21101", "DESC_ACT_ECON": "Artigos Vestu\u00e1rio Diverso (Misto)", "ANO": 1996, "TIPO": "Retalho", "LOCALIZACAO": "Isolado", "C_INTEGRADO": null, "EMPRESA": "MARIA ISABEL SILVEIRA MENDES RODRIGUES MOURA", "GlobalID": "59967543-26d5-448f-9788-41af97cb61d2"}}, {"type": "Feature", "geometry": {"type": "Point", "coordinates": [-1018622.7996000014, 4685560.108099997]}, "properties": {"OBJECTID": 83377, "COD_SIG": null, "IDTIPO": null, "NOME": "INFORGAL INFORMATICA GESTAO SA", "REGEND": "008498", "MORADA": "CINCO DE OUTUBRO (AV)", "NUM_POLICIA": "321", "FREGUESIA": "106", "LOCALIDADE": null, "COD_POST_4": null, "COD_POST_3": null, "COM_INT_ID": null, "COD_ACT_ECON": "21514", "DESC_ACT_ECON": "Equipamento Inform\u00e1tico", "ANO": 1996, "TIPO": "Retalho", "LOCALIZACAO": "Isolado", "C_INTEGRADO": null, "EMPRESA": "MARIA ISABEL SILVEIRA MENDES RODRIGUES MOURA", "GlobalID": "9a00289f-643a-4d8e-821b-7f6b84cb0407"}}, {"type": "Feature", "geometry": {"type": "Point", "coordinates": [-1018540.6495000012, 4684271.008299999]}, "properties": {"OBJECTID": 83482, "COD_SIG": null, "IDTIPO": null, "NOME": "PEDRO LAMEIRAS LDA", "REGEND": "008691", "MORADA": "Avenida Marqu\u00eas de Tomar", "NUM_POLICIA": "94A", "FREGUESIA": "106", "LOCALIDADE": "LISBOA                         ", "COD_POST_4": "1050", "COD_POST_3": "157", "COM_INT_ID": null, "COD_ACT_ECON": "21211", "DESC_ACT_ECON": "Electrodom\u00e9sticos", "ANO": 1996, "TIPO": "Retalho", "LOCALIZACAO": "Isolado", "C_INTEGRADO": null, "EMPRESA": "MARIA ISABEL SILVEIRA MENDES RODRIGUES MOURA", "GlobalID": "4ad256bc-70ae-43ed-affb-9d012ce19531"}}, {"type": "Feature", "geometry": {"type": "Point", "coordinates": [-1017991.6116999984, 4683825.152900003]}, "properties": {"OBJECTID": 83528, "COD_SIG": null, "IDTIPO": null, "NOME": "SUBWAY", "REGEND": "008559", "MORADA": "DUQUE DE \u00c1VILA (AV)", "NUM_POLICIA": "32 A/B", "FREGUESIA": "106", "LOCALIDADE": null, "COD_POST_4": null, "COD_POST_3": null, "COM_INT_ID": null, "COD_ACT_ECON": "51403", "DESC_ACT_ECON": "OUTROS EST. COMIDAS REFEI\u00c7\u00d5ES - 3\u00aa CAT.", "ANO": 1996, "TIPO": "Restaura\u00e7\u00e3o e Bebidas", "LOCALIZACAO": "Isolado", "C_INTEGRADO": null, "EMPRESA": "NASON - GESTAO IMOBILIARIA, LDA", "GlobalID": "8673518c-e74c-4380-aa6c-7bb6c030e206"}}, {"type": "Feature", "geometry": {"type": "Point", "coordinates": [-1018335.5194000006, 4684824.058499999]}, "properties": {"OBJECTID": 83671, "COD_SIG": null, "IDTIPO": null, "NOME": "RIKO", "REGEND": "008667", "MORADA": "JULIO DINIS (AV)", "NUM_POLICIA": "6 A/D", "FREGUESIA": "106", "LOCALIDADE": null, "COD_POST_4": null, "COD_POST_3": null, "COM_INT_ID": 50, "COD_ACT_ECON": "21102", "DESC_ACT_ECON": "Artigos Vestu\u00e1rio Homem", "ANO": 1996, "TIPO": "Retalho", "LOCALIZACAO": "Integrado - outro", "C_INTEGRADO": "CENTRO COMERCIAL ARCO IRIS", "EMPRESA": "MARIA ISABEL SILVEIRA MENDES RODRIGUES MOURA", "GlobalID": "97916a1f-317e-495a-865b-5413a64b791a"}}, {"type": "Feature", "geometry": {"type": "Point", "coordinates": [-1018335.5194000006, 4684824.058499999]}, "properties": {"OBJECTID": 83683, "COD_SIG": null, "IDTIPO": null, "NOME": "CASA CHAVES ARCO IRIS", "REGEND": "008657", "MORADA": "JULIO DINIS (AV)", "NUM_POLICIA": "6 A/D", "FREGUESIA": "106", "LOCALIDADE": null, "COD_POST_4": null, "COD_POST_3": null, "COM_INT_ID": 50, "COD_ACT_ECON": "21501", "DESC_ACT_ECON": "Materiais Constru\u00e7\u00e3o,Metais E Ferragens", "ANO": 1996, "TIPO": "Retalho", "LOCALIZACAO": "Integrado - outro", "C_INTEGRADO": "CENTRO COMERCIAL ARCO IRIS", "EMPRESA": "MARIA ISABEL SILVEIRA MENDES RODRIGUES MOURA", "GlobalID": "67cdbd5a-4e9d-4247-b323-3d4718aa5e76"}}, {"type": "Feature", "geometry": {"type": "Point", "coordinates": [-1018622.7569000013, 4685556.251500003]}, "properties": {"OBJECTID": 83726, "COD_SIG": null, "IDTIPO": null, "NOME": "LOJA COMPUTADORES INFORMATICA GESTAO LDA", "REGEND": "008499", "MORADA": "CINCO DE OUTUBRO (AV)", "NUM_POLICIA": "321", "FREGUESIA": "106", "LOCALIDADE": null, "COD_POST_4": null, "COD_POST_3": null, "COM_INT_ID": null, "COD_ACT_ECON": "21514", "DESC_ACT_ECON": "Equipamento Inform\u00e1tico", "ANO": 1996, "TIPO": "Retalho", "LOCALIZACAO": "Isolado", "C_INTEGRADO": null, "EMPRESA": "MARIA ISABEL SILVEIRA MENDES RODRIGUES MOURA", "GlobalID": "8103f38b-4780-49a1-959d-0809d8825ffc"}}, {"type": "Feature", "geometry": {"type": "Point", "coordinates": [-1018335.5194000006, 4684824.058499999]}, "properties": {"OBJECTID": 83798, "COD_SIG": null, "IDTIPO": null, "NOME": "ALCOFA", "REGEND": "008658", "MORADA": "J\u00daLIO DINIS (AV)", "NUM_POLICIA": "6 A/D", "FREGUESIA": "106", "LOCALIDADE": "LISBOA", "COD_POST_4": "1069", "COD_POST_3": "215", "COM_INT_ID": 50, "COD_ACT_ECON": "21105", "DESC_ACT_ECON": "Roupa B\u00e9b\u00e9", "ANO": 1996, "TIPO": "Retalho", "LOCALIZACAO": "Integrado - outro", "C_INTEGRADO": "CENTRO COMERCIAL ARCO IRIS", "EMPRESA": "JOS\u00c9 FREIRE CARRILHO", "GlobalID": "a605d8b6-f399-4319-83a1-8d4615639440"}}, {"type": "Feature", "geometry": {"type": "Point", "coordinates": [-1018348.5406999998, 4684033.288599998]}, "properties": {"OBJECTID": 83904, "COD_SIG": null, "IDTIPO": null, "NOME": "ALINEA", "REGEND": "008716", "MORADA": "Avenida Miguel Bombarda", "NUM_POLICIA": "65A", "FREGUESIA": "106", "LOCALIDADE": "LISBOA", "COD_POST_4": "1050", "COD_POST_3": "049", "COM_INT_ID": null, "COD_ACT_ECON": "21103", "DESC_ACT_ECON": "Artigos Vestu\u00e1rio Senhora (Boutique)", "ANO": 1996, "TIPO": "Retalho", "LOCALIZACAO": "Isolado", "C_INTEGRADO": null, "EMPRESA": "M\u00c1RIO RIBEIRO, LDA", "GlobalID": "95362363-8b66-475d-a8c3-b329a18f6c9f"}}, {"type": "Feature", "geometry": {"type": "Point", "coordinates": [-1018340.8742000014, 4684034.659500003]}, "properties": {"OBJECTID": 84014, "COD_SIG": null, "IDTIPO": null, "NOME": "CARLOS TRINDADE", "REGEND": "008507", "MORADA": "Avenida Cinco de Outubro", "NUM_POLICIA": "77D", "FREGUESIA": "106", "LOCALIDADE": "LISBOA", "COD_POST_4": "1050", "COD_POST_3": "049", "COM_INT_ID": null, "COD_ACT_ECON": "21102", "DESC_ACT_ECON": "Artigos Vestu\u00e1rio Homem", "ANO": 1996, "TIPO": "Retalho", "LOCALIZACAO": "Isolado", "C_INTEGRADO": null, "EMPRESA": "CUNHA & TRINDADE, LDA", "GlobalID": "cb12edbc-b9dc-44ca-9d4d-9377bb4a9be2"}}, {"type": "Feature", "geometry": {"type": "Point", "coordinates": [-1017237.2531999983, 4680991.669100001]}, "properties": {"OBJECTID": 84412, "COD_SIG": null, "IDTIPO": null, "NOME": "FARMACIA AMERICANA", "REGEND": "008961", "MORADA": "SANT'ANA (C DE)", "NUM_POLICIA": "1/3", "FREGUESIA": "105", "LOCALIDADE": null, "COD_POST_4": null, "COD_POST_3": null, "COM_INT_ID": null, "COD_ACT_ECON": "21301", "DESC_ACT_ECON": "Farm\u00e1cias", "ANO": 1996, "TIPO": "Retalho", "LOCALIZACAO": "Isolado", "C_INTEGRADO": null, "EMPRESA": "MARIA ISABEL SILVEIRA MENDES RODRIGUES MOURA", "GlobalID": "ef89ede6-0cc3-4b10-8827-2c8d2ed31c66"}}, {"type": "Feature", "geometry": {"type": "Point", "coordinates": [-1019442.8508000001, 4685036.637999997]}, "properties": {"OBJECTID": 84496, "COD_SIG": null, "IDTIPO": null, "NOME": "GALERIA SANTA MARIA", "REGEND": "008795", "MORADA": "BENEFICENCIA (R DA)", "NUM_POLICIA": "106 A", "FREGUESIA": "106", "LOCALIDADE": null, "COD_POST_4": null, "COD_POST_3": null, "COM_INT_ID": null, "COD_ACT_ECON": "21206", "DESC_ACT_ECON": "M\u00f3veis E Colchoaria (Interior)", "ANO": 1996, "TIPO": "Retalho", "LOCALIZACAO": "Isolado", "C_INTEGRADO": null, "EMPRESA": "MARIA ISABEL SILVEIRA MENDES RODRIGUES MOURA", "GlobalID": "5572c8da-f7ae-4f24-adc0-0244528a7235"}}, {"type": "Feature", "geometry": {"type": "Point", "coordinates": [-1019163.1297000013, 4684983.215099998]}, "properties": {"OBJECTID": 84511, "COD_SIG": null, "IDTIPO": null, "NOME": "CATARINA DE JESUS", "REGEND": "008896", "MORADA": "FRANCISCO TOM\u00c1S DA COSTA (R)", "NUM_POLICIA": "42 A", "FREGUESIA": "106", "LOCALIDADE": null, "COD_POST_4": null, "COD_POST_3": null, "COM_INT_ID": null, "COD_ACT_ECON": "11005", "DESC_ACT_ECON": "Produtos Horto-Frut\u00edcolas", "ANO": 1996, "TIPO": "Retalho", "LOCALIZACAO": "Isolado", "C_INTEGRADO": null, "EMPRESA": "MARIA ISABEL SILVEIRA MENDES RODRIGUES MOURA", "GlobalID": "875d7580-b07e-4d8b-8b79-6c23a18c8a33"}}, {"type": "Feature", "geometry": {"type": "Point", "coordinates": [-1019233.2608999982, 4684989.7368]}, "properties": {"OBJECTID": 84512, "COD_SIG": null, "IDTIPO": null, "NOME": "UCAL", "REGEND": "008900", "MORADA": "JORGE AFONSO (R)", "NUM_POLICIA": "LETRAS M F A", "FREGUESIA": "106", "LOCALIDADE": null, "COD_POST_4": null, "COD_POST_3": null, "COM_INT_ID": null, "COD_ACT_ECON": "11009", "DESC_ACT_ECON": "Leite E Derivados", "ANO": 1996, "TIPO": "Retalho", "LOCALIZACAO": "Isolado", "C_INTEGRADO": null, "EMPRESA": "MARIA ISABEL SILVEIRA MENDES RODRIGUES MOURA", "GlobalID": "bcb080ba-b3f5-4b3c-8878-81937c611796"}}, {"type": "Feature", "geometry": {"type": "Point", "coordinates": [-1019356.4189999998, 4684864.050300002]}, "properties": {"OBJECTID": 84516, "COD_SIG": null, "IDTIPO": null, "NOME": "LOJA TEM", "REGEND": "008805", "MORADA": "Rua da Benefic\u00eancia", "NUM_POLICIA": "147A", "FREGUESIA": "106", "LOCALIDADE": "LISBOA", "COD_POST_4": "1600", "COD_POST_3": "018", "COM_INT_ID": null, "COD_ACT_ECON": "12003", "DESC_ACT_ECON": "Mini-Mercados/Auto-Servi\u00e7os", "ANO": 1996, "TIPO": "Retalho", "LOCALIZACAO": "Isolado", "C_INTEGRADO": null, "EMPRESA": "MARIA ISABEL SILVEIRA MENDES RODRIGUES MOURA", "GlobalID": "9baca47c-2acf-4782-9c9a-cf70c1f3db2d"}}, {"type": "Feature", "geometry": {"type": "Point", "coordinates": [-1019499.2364000008, 4685155.568599999]}, "properties": {"OBJECTID": 84536, "COD_SIG": null, "IDTIPO": null, "NOME": "PARTACOS", "REGEND": "008803", "MORADA": "BENEFICENCIA (R DA)", "NUM_POLICIA": "130", "FREGUESIA": "106", "LOCALIDADE": null, "COD_POST_4": null, "COD_POST_3": null, "COM_INT_ID": null, "COD_ACT_ECON": "21501", "DESC_ACT_ECON": "Materiais Constru\u00e7\u00e3o,Metais E Ferragens", "ANO": 1996, "TIPO": "Retalho", "LOCALIZACAO": "Isolado", "C_INTEGRADO": null, "EMPRESA": "MARIA ISABEL SILVEIRA MENDES RODRIGUES MOURA", "GlobalID": "0cc69e65-8598-4f82-a414-6c3522aa0130"}}, {"type": "Feature", "geometry": {"type": "Point", "coordinates": [-1019274.8797000013, 4685011.205499999]}, "properties": {"OBJECTID": 84556, "COD_SIG": null, "IDTIPO": null, "NOME": "MERCEARIA PESTANA GON\u00c7ALVES LDA", "REGEND": "008868", "MORADA": "FALCAO TRIGOSO (R)", "NUM_POLICIA": "2 A", "FREGUESIA": "106", "LOCALIDADE": null, "COD_POST_4": null, "COD_POST_3": null, "COM_INT_ID": null, "COD_ACT_ECON": "12004", "DESC_ACT_ECON": "Mercearias", "ANO": 1996, "TIPO": "Retalho", "LOCALIZACAO": "Isolado", "C_INTEGRADO": null, "EMPRESA": "MARIA ISABEL SILVEIRA MENDES RODRIGUES MOURA", "GlobalID": "b948c3ea-d4bc-41b2-8ad0-6f2606176fd6"}}, {"type": "Feature", "geometry": {"type": "Point", "coordinates": [-1019025.7518000007, 4685064.466799997]}, "properties": {"OBJECTID": 84592, "COD_SIG": null, "IDTIPO": null, "NOME": "TERESA MARIA FERNANDES DA SILVA MENDES", "REGEND": "008940", "MORADA": "SOUSA LOPES (R)", "NUM_POLICIA": "LT PQRS", "FREGUESIA": "106", "LOCALIDADE": null, "COD_POST_4": null, "COD_POST_3": null, "COM_INT_ID": 74, "COD_ACT_ECON": "11014", "DESC_ACT_ECON": "Prod. Naturais(Diet.,Medicinais,Espec.)", "ANO": 1996, "TIPO": "Retalho", "LOCALIZACAO": "Integrado - outro", "C_INTEGRADO": "CENTRO COMERCIAL GEMINI", "EMPRESA": "MARIA ISABEL SILVEIRA MENDES RODRIGUES MOURA", "GlobalID": "e30facbf-f57c-48ba-8c4a-8127fcc810e3"}}, {"type": "Feature", "geometry": {"type": "Point", "coordinates": [-1019458.2923000008, 4684906.045599997]}, "properties": {"OBJECTID": 84596, "COD_SIG": null, "IDTIPO": null, "NOME": "KRIS MALHA LDA", "REGEND": "008915", "MORADA": "PORTUGAL DURAO (R)", "NUM_POLICIA": "46", "FREGUESIA": "106", "LOCALIDADE": "LISBOA                         ", "COD_POST_4": "1600", "COD_POST_3": "187", "COM_INT_ID": null, "COD_ACT_ECON": "21103", "DESC_ACT_ECON": "Artigos Vestu\u00e1rio Senhora (Boutique)", "ANO": 1996, "TIPO": "Retalho", "LOCALIZACAO": "Isolado", "C_INTEGRADO": null, "EMPRESA": "MARIA ISABEL SILVEIRA MENDES RODRIGUES MOURA", "GlobalID": "a3bb2515-1add-4c82-a4b7-48cef9aff5b3"}}, {"type": "Feature", "geometry": {"type": "Point", "coordinates": [-1019966.3121999986, 4684674.614500001]}, "properties": {"OBJECTID": 84621, "COD_SIG": null, "IDTIPO": null, "NOME": "SOPAREL", "REGEND": "008877", "MORADA": "FILIPE DA MATA (R)", "NUM_POLICIA": "174", "FREGUESIA": "106", "LOCALIDADE": null, "COD_POST_4": null, "COD_POST_3": null, "COM_INT_ID": null, "COD_ACT_ECON": "11007", "DESC_ACT_ECON": "Padarias", "ANO": 1996, "TIPO": "Retalho", "LOCALIZACAO": "Isolado", "C_INTEGRADO": null, "EMPRESA": "SOPAREL SOCIEDADE PANIFICADORA REUNIDA, SA", "GlobalID": "841ce36e-fe82-4bdc-a26a-45be570d6b32"}}, {"type": "Feature", "geometry": {"type": "Point", "coordinates": [-1019764.1433999985, 4684685.898000002]}, "properties": {"OBJECTID": 84638, "COD_SIG": null, "IDTIPO": null, "NOME": "BOUTIQUE MARIA LAURA", "REGEND": "008873", "MORADA": "FILIPE DA MATA (R)", "NUM_POLICIA": "116 A", "FREGUESIA": "106", "LOCALIDADE": null, "COD_POST_4": null, "COD_POST_3": null, "COM_INT_ID": null, "COD_ACT_ECON": "21103", "DESC_ACT_ECON": "Artigos Vestu\u00e1rio Senhora (Boutique)", "ANO": 1996, "TIPO": "Retalho", "LOCALIZACAO": "Isolado", "C_INTEGRADO": null, "EMPRESA": "MARIA ISABEL SILVEIRA MENDES RODRIGUES MOURA", "GlobalID": "30f8af82-022b-4f4d-85ae-855be935fee0"}}, {"type": "Feature", "geometry": {"type": "Point", "coordinates": [-1018015.7692999989, 4685087.316500001]}, "properties": {"OBJECTID": 84662, "COD_SIG": null, "IDTIPO": null, "NOME": "QUIMAR", "REGEND": "008867", "MORADA": "ENTRECAMPOS (R DE)", "NUM_POLICIA": "5 A", "FREGUESIA": "106", "LOCALIDADE": null, "COD_POST_4": null, "COD_POST_3": null, "COM_INT_ID": null, "COD_ACT_ECON": "21501", "DESC_ACT_ECON": "Materiais Constru\u00e7\u00e3o,Metais E Ferragens", "ANO": 1996, "TIPO": "Retalho", "LOCALIZACAO": "Isolado", "C_INTEGRADO": null, "EMPRESA": "MARIA ISABEL SILVEIRA MENDES RODRIGUES MOURA", "GlobalID": "8c932d6d-9386-40b5-b3ea-281875b79133"}}, {"type": "Feature", "geometry": {"type": "Point", "coordinates": [-1019427.0201999992, 4684765.549000002]}, "properties": {"OBJECTID": 84690, "COD_SIG": null, "IDTIPO": null, "NOME": "ASAF FABRICANTE APARELHAGEM SONORA ANTIFURTO LDA", "REGEND": "008898", "MORADA": "GEN LEMAN (R)", "NUM_POLICIA": "3 A/B", "FREGUESIA": "106", "LOCALIDADE": null, "COD_POST_4": null, "COD_POST_3": null, "COM_INT_ID": null, "COD_ACT_ECON": "21526", "DESC_ACT_ECON": "Outros N.E.(C.N.Alim. Diversos)", "ANO": 1996, "TIPO": "Retalho", "LOCALIZACAO": "Isolado", "C_INTEGRADO": null, "EMPRESA": "MARIA ISABEL SILVEIRA MENDES RODRIGUES MOURA", "GlobalID": "acd05577-2ae1-4728-b921-d5e187ea4212"}}, {"type": "Feature", "geometry": {"type": "Point", "coordinates": [-1017167.0496000014, 4681126.099100001]}, "properties": {"OBJECTID": 84709, "COD_SIG": null, "IDTIPO": null, "NOME": "ARMAZEM DE CONFEC\u00c7\u00d6ES ARCO DA GRA\u00c7A", "REGEND": "009006", "MORADA": "Rua do Arco da Gra\u00e7a", "NUM_POLICIA": "67", "FREGUESIA": "105", "LOCALIDADE": "LISBOA", "COD_POST_4": "1150", "COD_POST_3": "050", "COM_INT_ID": null, "COD_ACT_ECON": "21106", "DESC_ACT_ECON": "Roupa Interior", "ANO": 1996, "TIPO": "Retalho", "LOCALIZACAO": "Isolado", "C_INTEGRADO": null, "EMPRESA": "MARIA ISABEL SILVEIRA MENDES RODRIGUES MOURA", "GlobalID": "7e0fac19-f587-4d6a-9c65-c9d0a4d5e423"}}, {"type": "Feature", "geometry": {"type": "Point", "coordinates": [-1017099.0282999985, 4682045.778099999]}, "properties": {"OBJECTID": 84732, "COD_SIG": null, "IDTIPO": null, "NOME": "ANTONIO ALVES AFONSO", "REGEND": "009018", "MORADA": "CAP RENATO BAPTISTA (R)", "NUM_POLICIA": "75/77", "FREGUESIA": "105", "LOCALIDADE": null, "COD_POST_4": null, "COD_POST_3": null, "COM_INT_ID": null, "COD_ACT_ECON": "12004", "DESC_ACT_ECON": "Mercearias", "ANO": 1996, "TIPO": "Retalho", "LOCALIZACAO": "Isolado", "C_INTEGRADO": null, "EMPRESA": "MARIA ISABEL SILVEIRA MENDES RODRIGUES MOURA", "GlobalID": "310c2cc4-ef45-43b2-92ce-b83566f31587"}}, {"type": "Feature", "geometry": {"type": "Point", "coordinates": [-1019418.0724, 4684872.4573]}, "properties": {"OBJECTID": 84998, "COD_SIG": null, "IDTIPO": null, "NOME": "MARIA EMILIA CAL\u00c7AS", "REGEND": "008837", "MORADA": "CARDEAL MERCIER (R)", "NUM_POLICIA": "9 A", "FREGUESIA": "106", "LOCALIDADE": null, "COD_POST_4": null, "COD_POST_3": null, "COM_INT_ID": null, "COD_ACT_ECON": "11011", "DESC_ACT_ECON": "Cria\u00e7\u00e3o E Ca\u00e7a", "ANO": 1996, "TIPO": "Retalho", "LOCALIZACAO": "Isolado", "C_INTEGRADO": null, "EMPRESA": "MARIA ISABEL SILVEIRA MENDES RODRIGUES MOURA", "GlobalID": "3b8f1766-be3f-422b-8666-7f228b81ebb0"}}, {"type": "Feature", "geometry": {"type": "Point", "coordinates": [-1019530.999499999, 4685159.002499998]}, "properties": {"OBJECTID": 85114, "COD_SIG": null, "IDTIPO": null, "NOME": "SOPORPAL", "REGEND": "008820", "MORADA": "BENEFICENCIA (R DA)", "NUM_POLICIA": "235 A", "FREGUESIA": "106", "LOCALIDADE": null, "COD_POST_4": null, "COD_POST_3": null, "COM_INT_ID": null, "COD_ACT_ECON": "21501", "DESC_ACT_ECON": "Materiais Constru\u00e7\u00e3o,Metais E Ferragens", "ANO": 1996, "TIPO": "Retalho", "LOCALIZACAO": "Isolado", "C_INTEGRADO": null, "EMPRESA": "MARIA ISABEL SILVEIRA MENDES RODRIGUES MOURA", "GlobalID": "6e5adb14-6a44-41cc-bcef-64dc886dd9e1"}}, {"type": "Feature", "geometry": {"type": "Point", "coordinates": [-1019025.7518000007, 4685064.466799997]}, "properties": {"OBJECTID": 85148, "COD_SIG": null, "IDTIPO": null, "NOME": "TARECA", "REGEND": "008932", "MORADA": "SOUSA LOPES (R)", "NUM_POLICIA": "LT PQRS", "FREGUESIA": "106", "LOCALIDADE": null, "COD_POST_4": null, "COD_POST_3": null, "COM_INT_ID": 74, "COD_ACT_ECON": "21104", "DESC_ACT_ECON": "Artigos Vestu\u00e1rio Crian\u00e7a", "ANO": 1996, "TIPO": "Retalho", "LOCALIZACAO": "Integrado - outro", "C_INTEGRADO": "CENTRO COMERCIAL GEMINI", "EMPRESA": "MARIA ISABEL SILVEIRA MENDES RODRIGUES MOURA", "GlobalID": "06748ac1-4b8b-44ff-be51-b1ce380601bd"}}, {"type": "Feature", "geometry": {"type": "Point", "coordinates": [-1019276.6347999983, 4684713.245099999]}, "properties": {"OBJECTID": 85324, "COD_SIG": null, "IDTIPO": null, "NOME": "TRAPOS E TRALHAS", "REGEND": "008882", "MORADA": "FILIPE DA MATA (R)", "NUM_POLICIA": "4 A", "FREGUESIA": "106", "LOCALIDADE": null, "COD_POST_4": null, "COD_POST_3": null, "COM_INT_ID": null, "COD_ACT_ECON": "21103", "DESC_ACT_ECON": "Artigos Vestu\u00e1rio Senhora (Boutique)", "ANO": 1996, "TIPO": "Retalho", "LOCALIZACAO": "Isolado", "C_INTEGRADO": null, "EMPRESA": "MARIA ISABEL SILVEIRA MENDES RODRIGUES MOURA", "GlobalID": "20c8b104-95ab-4aab-a7a1-d3454b29cee1"}}, {"type": "Feature", "geometry": {"type": "Point", "coordinates": [-1019442.0388000011, 4685307.921499997]}, "properties": {"OBJECTID": 85328, "COD_SIG": null, "IDTIPO": null, "NOME": "ANTONIO COREIA MONTEIRO", "REGEND": "008889", "MORADA": "FR CARLOS (R)", "NUM_POLICIA": "16 B", "FREGUESIA": "106", "LOCALIDADE": null, "COD_POST_4": null, "COD_POST_3": null, "COM_INT_ID": null, "COD_ACT_ECON": "21106", "DESC_ACT_ECON": "Roupa Interior", "ANO": 1996, "TIPO": "Retalho", "LOCALIZACAO": "Isolado", "C_INTEGRADO": null, "EMPRESA": "MARIA ISABEL SILVEIRA MENDES RODRIGUES MOURA", "GlobalID": "f2649d29-2036-451b-9b76-9cdf86c9e16c"}}, {"type": "Feature", "geometry": {"type": "Point", "coordinates": [-1019025.7518000007, 4685064.466799997]}, "properties": {"OBJECTID": 85399, "COD_SIG": null, "IDTIPO": null, "NOME": "MARIA MADEIRA", "REGEND": "008944", "MORADA": "SOUSA LOPES (R)", "NUM_POLICIA": "LT PQRS", "FREGUESIA": "106", "LOCALIDADE": null, "COD_POST_4": null, "COD_POST_3": null, "COM_INT_ID": 74, "COD_ACT_ECON": "21409", "DESC_ACT_ECON": "Artigos Jardinagem/Flores/Plantas", "ANO": 1996, "TIPO": "Retalho", "LOCALIZACAO": "Integrado - outro", "C_INTEGRADO": "CENTRO COMERCIAL GEMINI", "EMPRESA": "MARIA ISABEL SILVEIRA MENDES RODRIGUES MOURA", "GlobalID": "4a854609-1397-4839-84a4-79bb1e48be0d"}}, {"type": "Feature", "geometry": {"type": "Point", "coordinates": [-1018818.5861000009, 4683987.319399998]}, "properties": {"OBJECTID": 85404, "COD_SIG": null, "IDTIPO": null, "NOME": "NOVAVENIDA", "REGEND": "008910", "MORADA": "MARQ DE S\u00c1 DA BANDEIRA (R)", "NUM_POLICIA": "58", "FREGUESIA": "106", "LOCALIDADE": null, "COD_POST_4": null, "COD_POST_3": null, "COM_INT_ID": null, "COD_ACT_ECON": "21522", "DESC_ACT_ECON": "Ourivesarias/Relojoarias", "ANO": 1996, "TIPO": "Retalho", "LOCALIZACAO": "Isolado", "C_INTEGRADO": null, "EMPRESA": "MARIA ISABEL SILVEIRA MENDES RODRIGUES MOURA", "GlobalID": "6b34f1b7-694f-478e-909f-6d5f6c6a7d89"}}, {"type": "Feature", "geometry": {"type": "Point", "coordinates": [-1017321.3016999997, 4681887.809]}, "properties": {"OBJECTID": 85454, "COD_SIG": null, "IDTIPO": null, "NOME": "TECNITEMPO RELOJOARIA INDUSTRIAL LDA", "REGEND": "008988", "MORADA": "MASTRO (L DO)", "NUM_POLICIA": "39 D", "FREGUESIA": "105", "LOCALIDADE": null, "COD_POST_4": null, "COD_POST_3": null, "COM_INT_ID": null, "COD_ACT_ECON": "21521", "DESC_ACT_ECON": "Relojoarias", "ANO": 1996, "TIPO": "Retalho", "LOCALIZACAO": "Isolado", "C_INTEGRADO": null, "EMPRESA": "MARIA ISABEL SILVEIRA MENDES RODRIGUES MOURA", "GlobalID": "5dd442a6-00da-4714-b1d6-a64c45605d83"}}, {"type": "Feature", "geometry": {"type": "Point", "coordinates": [-1017201.811999999, 4681044.835600004]}, "properties": {"OBJECTID": 85510, "COD_SIG": null, "IDTIPO": null, "NOME": "JOSE DA SILVA CARDOSO", "REGEND": "009004", "MORADA": "ARCO DA GRA\u00c7A (R DO)", "NUM_POLICIA": "35", "FREGUESIA": "105", "LOCALIDADE": null, "COD_POST_4": null, "COD_POST_3": null, "COM_INT_ID": null, "COD_ACT_ECON": "21101", "DESC_ACT_ECON": "Artigos Vestu\u00e1rio Diverso (Misto)", "ANO": 1996, "TIPO": "Retalho", "LOCALIZACAO": "Isolado", "C_INTEGRADO": null, "EMPRESA": "MARIA ISABEL SILVEIRA MENDES RODRIGUES MOURA", "GlobalID": "97335177-1df9-4a87-be20-d170ef62d8a8"}}, {"type": "Feature", "geometry": {"type": "Point", "coordinates": [-1017188.3253999986, 4681549.975400001]}, "properties": {"OBJECTID": 85586, "COD_SIG": null, "IDTIPO": null, "NOME": "MODAS EUZECA", "REGEND": "009078", "MORADA": "S L\u00c1ZARO (R DE)", "NUM_POLICIA": "213", "FREGUESIA": "105", "LOCALIDADE": null, "COD_POST_4": null, "COD_POST_3": null, "COM_INT_ID": null, "COD_ACT_ECON": "21101", "DESC_ACT_ECON": "Artigos Vestu\u00e1rio Diverso (Misto)", "ANO": 1996, "TIPO": "Retalho", "LOCALIZACAO": "Isolado", "C_INTEGRADO": null, "EMPRESA": "MARIA ISABEL SILVEIRA MENDES RODRIGUES MOURA", "GlobalID": "683cb491-9b1b-4511-9b9c-a2cf1aed2827"}}, {"type": "Feature", "geometry": {"type": "Point", "coordinates": [-1017668.3739, 4682720.703100003]}, "properties": {"OBJECTID": 85589, "COD_SIG": null, "IDTIPO": null, "NOME": "O PADRINHO", "REGEND": "009049", "MORADA": "JOAQUIM BONIF\u00c1CIO (R)", "NUM_POLICIA": "29", "FREGUESIA": "105", "LOCALIDADE": null, "COD_POST_4": null, "COD_POST_3": null, "COM_INT_ID": null, "COD_ACT_ECON": "21102", "DESC_ACT_ECON": "Artigos Vestu\u00e1rio Homem", "ANO": 1996, "TIPO": "Retalho", "LOCALIZACAO": "Isolado", "C_INTEGRADO": null, "EMPRESA": "PADRINHO CONFEC\u00c7OES MASCULINAS, LDA", "GlobalID": "a5042615-b06c-46f7-ac35-70d547cf117b"}}, {"type": "Feature", "geometry": {"type": "Point", "coordinates": [-1019478.313099999, 4685058.108499996]}, "properties": {"OBJECTID": 85779, "COD_SIG": null, "IDTIPO": null, "NOME": "SAPATARIA PATTY", "REGEND": "008816", "MORADA": "BENEFICENCIA (R DA)", "NUM_POLICIA": "203 A", "FREGUESIA": "106", "LOCALIDADE": null, "COD_POST_4": null, "COD_POST_3": null, "COM_INT_ID": null, "COD_ACT_ECON": "21115", "DESC_ACT_ECON": "Sapatarias", "ANO": 1996, "TIPO": "Retalho", "LOCALIZACAO": "Isolado", "C_INTEGRADO": null, "EMPRESA": "MARIA ISABEL SILVEIRA MENDES RODRIGUES MOURA", "GlobalID": "7e6a60e9-c199-4ea5-9db6-68fcc19e7282"}}, {"type": "Feature", "geometry": {"type": "Point", "coordinates": [-1019446.8440999985, 4685279.5825999975]}, "properties": {"OBJECTID": 85815, "COD_SIG": null, "IDTIPO": null, "NOME": "TALHO 718", "REGEND": "008787", "MORADA": "ALFREDO ROQUE GAMEIRO (R)", "NUM_POLICIA": "26 A", "FREGUESIA": "106", "LOCALIDADE": null, "COD_POST_4": null, "COD_POST_3": null, "COM_INT_ID": null, "COD_ACT_ECON": "11002", "DESC_ACT_ECON": "Talhos", "ANO": 1996, "TIPO": "Retalho", "LOCALIZACAO": "Isolado", "C_INTEGRADO": null, "EMPRESA": "MARIA ISABEL SILVEIRA MENDES RODRIGUES MOURA", "GlobalID": "3aa87297-15fa-4b93-a572-10c64c1c2552"}}, {"type": "Feature", "geometry": {"type": "Point", "coordinates": [-1017343.9241000004, 4681265.5154]}, "properties": {"OBJECTID": 85881, "COD_SIG": null, "IDTIPO": null, "NOME": "RAMALHETE & VICTOR LDA", "REGEND": "008968", "MORADA": "SANT'ANA (C DE)", "NUM_POLICIA": "171", "FREGUESIA": "105", "LOCALIDADE": null, "COD_POST_4": null, "COD_POST_3": null, "COM_INT_ID": null, "COD_ACT_ECON": "11002", "DESC_ACT_ECON": "Talhos", "ANO": 1996, "TIPO": "Retalho", "LOCALIZACAO": "Isolado", "C_INTEGRADO": null, "EMPRESA": "MARIA ISABEL SILVEIRA MENDES RODRIGUES MOURA", "GlobalID": "006f9b68-7565-47b9-8ed1-bbcbbde3356a"}}, {"type": "Feature", "geometry": {"type": "Point", "coordinates": [-1019405.2281000018, 4684763.222999997]}, "properties": {"OBJECTID": 85932, "COD_SIG": null, "IDTIPO": null, "NOME": "PAHLDATA", "REGEND": "008916", "MORADA": "PORTUGAL DUR\u00c3O (R)", "NUM_POLICIA": "7 A", "FREGUESIA": "106", "LOCALIDADE": null, "COD_POST_4": null, "COD_POST_3": null, "COM_INT_ID": null, "COD_ACT_ECON": "21514", "DESC_ACT_ECON": "Equipamento Inform\u00e1tico", "ANO": 1996, "TIPO": "Retalho", "LOCALIZACAO": "Isolado", "C_INTEGRADO": null, "EMPRESA": "MARIA ISABEL SILVEIRA MENDES RODRIGUES MOURA", "GlobalID": "ed04d63f-1e86-49e6-b4d7-25886ff35876"}}, {"type": "Feature", "geometry": {"type": "Point", "coordinates": [-1019025.7518000007, 4685064.466799997]}, "properties": {"OBJECTID": 85933, "COD_SIG": null, "IDTIPO": null, "NOME": "GEMINI MOLDURAS", "REGEND": "008920", "MORADA": "SOUSA LOPES (R)", "NUM_POLICIA": "LT PQRS", "FREGUESIA": "106", "LOCALIDADE": null, "COD_POST_4": null, "COD_POST_3": null, "COM_INT_ID": 74, "COD_ACT_ECON": "21201", "DESC_ACT_ECON": "Molduras", "ANO": 1996, "TIPO": "Retalho", "LOCALIZACAO": "Integrado - outro", "C_INTEGRADO": "CENTRO COMERCIAL GEMINI", "EMPRESA": "MARIA ISABEL SILVEIRA MENDES RODRIGUES MOURA", "GlobalID": "ffc36c68-098c-46ec-9e94-e90873897832"}}, {"type": "Feature", "geometry": {"type": "Point", "coordinates": [-1017060.6647000015, 4681226.570900001]}, "properties": {"OBJECTID": 86032, "COD_SIG": null, "IDTIPO": null, "NOME": "ARMAZ\u00c9NS PAI NATAL", "REGEND": "009051", "MORADA": "JOS\u00c9 ANT\u00d3NIO SERRANO (R)", "NUM_POLICIA": "5 A", "FREGUESIA": "105", "LOCALIDADE": null, "COD_POST_4": null, "COD_POST_3": null, "COM_INT_ID": null, "COD_ACT_ECON": "21205", "DESC_ACT_ECON": "Roupa/Lar", "ANO": 1996, "TIPO": "Retalho", "LOCALIZACAO": "Isolado", "C_INTEGRADO": null, "EMPRESA": "HUMBERTO FARIA & FARIA, LDA", "GlobalID": "02f826f4-22bb-4849-8250-e71330b7bd11"}}, {"type": "Feature", "geometry": {"type": "Point", "coordinates": [-1019025.7518000007, 4685064.466799997]}, "properties": {"OBJECTID": 86047, "COD_SIG": null, "IDTIPO": null, "NOME": "ABRILHANTINA", "REGEND": "008917", "MORADA": "SOUSA LOPES (R)", "NUM_POLICIA": "LT PQRS", "FREGUESIA": "106", "LOCALIDADE": null, "COD_POST_4": null, "COD_POST_3": null, "COM_INT_ID": 74, "COD_ACT_ECON": "21101", "DESC_ACT_ECON": "Artigos Vestu\u00e1rio Diverso (Misto)", "ANO": 1996, "TIPO": "Retalho", "LOCALIZACAO": "Integrado - outro", "C_INTEGRADO": "CENTRO COMERCIAL GEMINI", "EMPRESA": "MARIA ISABEL SILVEIRA MENDES RODRIGUES MOURA", "GlobalID": "e42e58c8-3d07-4560-8652-792cacec4d20"}}, {"type": "Feature", "geometry": {"type": "Point", "coordinates": [-1019025.7518000007, 4685064.466799997]}, "properties": {"OBJECTID": 86048, "COD_SIG": null, "IDTIPO": null, "NOME": "FOR MAN", "REGEND": "008923", "MORADA": "SOUSA LOPES (R)", "NUM_POLICIA": "LT PQRS", "FREGUESIA": "106", "LOCALIDADE": null, "COD_POST_4": null, "COD_POST_3": null, "COM_INT_ID": 74, "COD_ACT_ECON": "21102", "DESC_ACT_ECON": "Artigos Vestu\u00e1rio Homem", "ANO": 1996, "TIPO": "Retalho", "LOCALIZACAO": "Integrado - outro", "C_INTEGRADO": "CENTRO COMERCIAL GEMINI", "EMPRESA": "MARIA ISABEL SILVEIRA MENDES RODRIGUES MOURA", "GlobalID": "7a6272c1-f5cd-4933-b28c-e957860bd93d"}}, {"type": "Feature", "geometry": {"type": "Point", "coordinates": [-1017803.0639999993, 4684374.881499998]}, "properties": {"OBJECTID": 86081, "COD_SIG": null, "IDTIPO": null, "NOME": "PERFUMARIA NOVA IMAGEM", "REGEND": "008866", "MORADA": "EIFFEL (R)", "NUM_POLICIA": "8 A", "FREGUESIA": "106", "LOCALIDADE": null, "COD_POST_4": null, "COD_POST_3": null, "COM_INT_ID": null, "COD_ACT_ECON": "21302", "DESC_ACT_ECON": "Perfumarias", "ANO": 1996, "TIPO": "Retalho", "LOCALIZACAO": "Isolado", "C_INTEGRADO": null, "EMPRESA": "MARIA ISABEL SILVEIRA MENDES RODRIGUES MOURA", "GlobalID": "5d006e6b-9fae-4ac2-9d10-d88644d03b06"}}, {"type": "Feature", "geometry": {"type": "Point", "coordinates": [-1019262.8106999993, 4685081.0896999985]}, "properties": {"OBJECTID": 86108, "COD_SIG": null, "IDTIPO": null, "NOME": "JOAQUINA LIZETE NUNES", "REGEND": "008904", "MORADA": "JORGE AFONSO (R)", "NUM_POLICIA": "38 A", "FREGUESIA": "106", "LOCALIDADE": null, "COD_POST_4": null, "COD_POST_3": null, "COM_INT_ID": null, "COD_ACT_ECON": "22002", "DESC_ACT_ECON": "Bazares", "ANO": 1996, "TIPO": "Retalho", "LOCALIZACAO": "Isolado", "C_INTEGRADO": null, "EMPRESA": "MARIA ISABEL SILVEIRA MENDES RODRIGUES MOURA", "GlobalID": "2a8b539c-6778-4855-860f-c7c154bd57e1"}}, {"type": "Feature", "geometry": {"type": "Point", "coordinates": [-1017134.3997999988, 4682119.934299998]}, "properties": {"OBJECTID": 86178, "COD_SIG": null, "IDTIPO": null, "NOME": "FRANGUEIROS LISBOA LDA", "REGEND": "009012", "MORADA": "Rua da Bempostinha", "NUM_POLICIA": "41A", "FREGUESIA": "105", "LOCALIDADE": "LISBOA", "COD_POST_4": "1150", "COD_POST_3": "065", "COM_INT_ID": null, "COD_ACT_ECON": "12006", "DESC_ACT_ECON": "Outros N.E (C. Alim. N Especializado)", "ANO": 1996, "TIPO": "Retalho", "LOCALIZACAO": "Isolado", "C_INTEGRADO": null, "EMPRESA": "TEIXEIRAS, LDA", "GlobalID": "4c471f37-20dc-466f-b019-e4ed1a554c23"}}, {"type": "Feature", "geometry": {"type": "Point", "coordinates": [-1017102.8202, 4681338.8605]}, "properties": {"OBJECTID": 86382, "COD_SIG": null, "IDTIPO": null, "NOME": "TECIDOS TAMARIZ LDA", "REGEND": "009085", "MORADA": "S LAZARO (R DE)", "NUM_POLICIA": "71", "FREGUESIA": "105", "LOCALIDADE": null, "COD_POST_4": null, "COD_POST_3": null, "COM_INT_ID": null, "COD_ACT_ECON": "21101", "DESC_ACT_ECON": "Artigos Vestu\u00e1rio Diverso (Misto)", "ANO": 1996, "TIPO": "Retalho", "LOCALIZACAO": "Isolado", "C_INTEGRADO": null, "EMPRESA": "MARIA ISABEL SILVEIRA MENDES RODRIGUES MOURA", "GlobalID": "32017c84-3023-430f-bc54-42216e92ef9a"}}, {"type": "Feature", "geometry": {"type": "Point", "coordinates": [-1017197.4105999991, 4681561.442100003]}, "properties": {"OBJECTID": 86401, "COD_SIG": null, "IDTIPO": null, "NOME": "DIAS MARTINS E VITORINO", "REGEND": "009079", "MORADA": "S L\u00c1ZARO (R DE)", "NUM_POLICIA": "225", "FREGUESIA": "105", "LOCALIDADE": null, "COD_POST_4": null, "COD_POST_3": null, "COM_INT_ID": null, "COD_ACT_ECON": "22002", "DESC_ACT_ECON": "Bazares", "ANO": 1996, "TIPO": "Retalho", "LOCALIZACAO": "Isolado", "C_INTEGRADO": null, "EMPRESA": "MARIA ISABEL SILVEIRA MENDES RODRIGUES MOURA", "GlobalID": "09d9b46a-175f-4eea-9786-c389ee0d7b53"}}, {"type": "Feature", "geometry": {"type": "Point", "coordinates": [-1016242.7157000005, 4683345.676799998]}, "properties": {"OBJECTID": 86599, "COD_SIG": null, "IDTIPO": null, "NOME": "CASA BICA", "REGEND": "009213", "MORADA": "CARRILHO VIDEIRA (R)", "NUM_POLICIA": "13", "FREGUESIA": "119", "LOCALIDADE": "LISBOA", "COD_POST_4": "1170", "COD_POST_3": "078", "COM_INT_ID": null, "COD_ACT_ECON": "21103", "DESC_ACT_ECON": "Artigos Vestu\u00e1rio Senhora (Boutique)", "ANO": 1996, "TIPO": "Retalho", "LOCALIZACAO": "Isolado", "C_INTEGRADO": null, "EMPRESA": "MARIA ISABEL SILVEIRA MENDES RODRIGUES MOURA", "GlobalID": "97c57e27-7202-4d8b-8b0d-e51ca9cb173a"}}, {"type": "Feature", "geometry": {"type": "Point", "coordinates": [-1016389.6169999987, 4683434.049500003]}, "properties": {"OBJECTID": 86643, "COD_SIG": null, "IDTIPO": null, "NOME": "VILARENSE LDA", "REGEND": "009322", "MORADA": "MORAIS SOARES (R)", "NUM_POLICIA": "85 A", "FREGUESIA": "119", "LOCALIDADE": "LISBOA", "COD_POST_4": "1900", "COD_POST_3": "342", "COM_INT_ID": null, "COD_ACT_ECON": "12004", "DESC_ACT_ECON": "Mercearias", "ANO": 1996, "TIPO": "Retalho", "LOCALIZACAO": "Isolado", "C_INTEGRADO": null, "EMPRESA": "VILARENSE, LDA", "GlobalID": "f20ab39d-301a-4966-8f0e-e16f7123e19e"}}, {"type": "Feature", "geometry": {"type": "Point", "coordinates": [-1020496.9120999984, 4679835.887699999]}, "properties": {"OBJECTID": 86764, "COD_SIG": null, "IDTIPO": null, "NOME": "PAPELARIA RILINGUE", "REGEND": "009403", "MORADA": "INFANTE SANTO (AV)", "NUM_POLICIA": "48 B", "FREGUESIA": "113", "LOCALIDADE": null, "COD_POST_4": null, "COD_POST_3": null, "COM_INT_ID": null, "COD_ACT_ECON": "21402", "DESC_ACT_ECON": "Papelarias (Art. Escrit.,Jornais ..)", "ANO": 1996, "TIPO": "Retalho", "LOCALIZACAO": "Isolado", "C_INTEGRADO": null, "EMPRESA": "MARIA ISABEL SILVEIRA MENDES RODRIGUES MOURA", "GlobalID": "8f12860b-31f9-4074-89c7-ca6849b94f81"}}, {"type": "Feature", "geometry": {"type": "Point", "coordinates": [-1020149.5236000009, 4679328.409999996]}, "properties": {"OBJECTID": 86765, "COD_SIG": null, "IDTIPO": null, "NOME": "SERVISAN PRODUTOS HIGIENE SA", "REGEND": "009405", "MORADA": "VINTE E QUATRO DE JULHO (AV)", "NUM_POLICIA": "124", "FREGUESIA": "113", "LOCALIDADE": null, "COD_POST_4": null, "COD_POST_3": null, "COM_INT_ID": null, "COD_ACT_ECON": "21503", "DESC_ACT_ECON": "Drogarias", "ANO": 1996, "TIPO": "Retalho", "LOCALIZACAO": "Isolado", "C_INTEGRADO": null, "EMPRESA": "MARIA ISABEL SILVEIRA MENDES RODRIGUES MOURA", "GlobalID": "26f9959e-d4fe-4835-9159-a4222fde6d4a"}}, {"type": "Feature", "geometry": {"type": "Point", "coordinates": [-1020486.0152999982, 4679436.385700002]}, "properties": {"OBJECTID": 86897, "COD_SIG": null, "IDTIPO": null, "NOME": "PAMP'S BURGERS", "REGEND": "009410", "MORADA": "PAMPULHA (CAL\u00c7 DA)", "NUM_POLICIA": "23", "FREGUESIA": "113", "LOCALIDADE": null, "COD_POST_4": null, "COD_POST_3": null, "COM_INT_ID": null, "COD_ACT_ECON": "51203", "DESC_ACT_ECON": "\"SNACK-BAR\" - 3\u00aa CATEGORIA", "ANO": 1996, "TIPO": "Restaura\u00e7\u00e3o e Bebidas", "LOCALIZACAO": "Isolado", "C_INTEGRADO": null, "EMPRESA": "MARIA ISABEL SILVEIRA MENDES RODRIGUES MOURA", "GlobalID": "56a04ed7-993c-4d21-b082-c15a07f98610"}}, {"type": "Feature", "geometry": {"type": "Point", "coordinates": [-1016435.4175000004, 4683054.347999997]}, "properties": {"OBJECTID": 86923, "COD_SIG": null, "IDTIPO": null, "NOME": "ESPERAN\u00c7A COSTA ALMEIDA", "REGEND": "009239", "MORADA": "CESARIO VERDE (R) \u00e6 PENHA", "NUM_POLICIA": "2", "FREGUESIA": "119", "LOCALIDADE": null, "COD_POST_4": null, "COD_POST_3": null, "COM_INT_ID": null, "COD_ACT_ECON": "21117", "DESC_ACT_ECON": "Retrosarias", "ANO": 1996, "TIPO": "Retalho", "LOCALIZACAO": "Isolado", "C_INTEGRADO": null, "EMPRESA": "MARIA ISABEL SILVEIRA MENDES RODRIGUES MOURA", "GlobalID": "030606bd-5cf5-4af0-ac26-667193a35484"}}, {"type": "Feature", "geometry": {"type": "Point", "coordinates": [-1016519.9967, 4682827.193099998]}, "properties": {"OBJECTID": 87157, "COD_SIG": null, "IDTIPO": null, "NOME": "JOAQUIM SANTOS CAPELO", "REGEND": "009243", "MORADA": "CID DE CARDIFF (R)", "NUM_POLICIA": "30 A/B", "FREGUESIA": "119", "LOCALIDADE": null, "COD_POST_4": null, "COD_POST_3": null, "COM_INT_ID": null, "COD_ACT_ECON": "30001", "DESC_ACT_ECON": "Repara\u00e7\u00e3o De Ve\u00edculos Autom\u00f3veis", "ANO": 1996, "TIPO": "Retalho", "LOCALIZACAO": "Isolado", "C_INTEGRADO": null, "EMPRESA": "MARIA ISABEL SILVEIRA MENDES RODRIGUES MOURA", "GlobalID": "e3b614f4-d7a0-4a9e-b5e7-d9eb19eefdde"}}, {"type": "Feature", "geometry": {"type": "Point", "coordinates": [-1016175.5716000013, 4682702.428000003]}, "properties": {"OBJECTID": 87201, "COD_SIG": null, "IDTIPO": null, "NOME": "DOMINGAS & ELISA LDA", "REGEND": "009103", "MORADA": "GEN RO\u00c7ADAS (AV)", "NUM_POLICIA": "115 A", "FREGUESIA": "119", "LOCALIDADE": "LISBOA", "COD_POST_4": "1170", "COD_POST_3": "157", "COM_INT_ID": null, "COD_ACT_ECON": "21117", "DESC_ACT_ECON": "Retrosarias", "ANO": 1996, "TIPO": "Retalho", "LOCALIZACAO": "Isolado", "C_INTEGRADO": null, "EMPRESA": "DOMINGAS & ELISA, LDA", "GlobalID": "0abbb2ba-edc1-473c-b218-7c928a48bc7c"}}, {"type": "Feature", "geometry": {"type": "Point", "coordinates": [-1017513.1651999988, 4682341.9629999995]}, "properties": {"OBJECTID": 87230, "COD_SIG": null, "IDTIPO": null, "NOME": "ARMAZENS MOVEIS INFANTE NORTE LDA", "REGEND": "009038", "MORADA": "GOMES FREIRE (R)", "NUM_POLICIA": "143 A/B/C", "FREGUESIA": "105", "LOCALIDADE": null, "COD_POST_4": null, "COD_POST_3": null, "COM_INT_ID": null, "COD_ACT_ECON": "21206", "DESC_ACT_ECON": "M\u00f3veis E Colchoaria (Interior)", "ANO": 1996, "TIPO": "Retalho", "LOCALIZACAO": "Isolado", "C_INTEGRADO": null, "EMPRESA": "MARIA ISABEL SILVEIRA MENDES RODRIGUES MOURA", "GlobalID": "472f0871-41dd-497a-8ab2-efe7b53c1afc"}}, {"type": "Feature", "geometry": {"type": "Point", "coordinates": [-1016148.2133000009, 4682411.6131]}, "properties": {"OBJECTID": 87259, "COD_SIG": null, "IDTIPO": null, "NOME": "DULCILENA MODAS & CONFEC\u00c7OES LDA", "REGEND": "009215", "MORADA": "CASTELO BRANCO SARAIVA (R)", "NUM_POLICIA": "1", "FREGUESIA": "119", "LOCALIDADE": "LISBOA                         ", "COD_POST_4": "1170", "COD_POST_3": "080", "COM_INT_ID": null, "COD_ACT_ECON": "21111", "DESC_ACT_ECON": "Tecidos Para Confec\u00e7\u00e3o Vestu\u00e1rio", "ANO": 1996, "TIPO": "Retalho", "LOCALIZACAO": "Isolado", "C_INTEGRADO": null, "EMPRESA": "MARIA ISABEL SILVEIRA MENDES RODRIGUES MOURA", "GlobalID": "14597a75-971e-47c1-beac-278e24b9db61"}}, {"type": "Feature", "geometry": {"type": "Point", "coordinates": [-1016400.865699999, 4683437.874700002]}, "properties": {"OBJECTID": 87303, "COD_SIG": null, "IDTIPO": null, "NOME": "LUIZ & ALBERTO MENDES LDA", "REGEND": "009323", "MORADA": "MORAIS SOARES (R)", "NUM_POLICIA": "87", "FREGUESIA": "119", "LOCALIDADE": null, "COD_POST_4": null, "COD_POST_3": null, "COM_INT_ID": null, "COD_ACT_ECON": "21101", "DESC_ACT_ECON": "Artigos Vestu\u00e1rio Diverso (Misto)", "ANO": 1996, "TIPO": "Retalho", "LOCALIZACAO": "Isolado", "C_INTEGRADO": null, "EMPRESA": "MARIA ISABEL SILVEIRA MENDES RODRIGUES MOURA", "GlobalID": "8e76b724-9131-4fe7-825c-81d9406bdca6"}}, {"type": "Feature", "geometry": {"type": "Point", "coordinates": [-1018625.2749000005, 4684166.465499997]}, "properties": {"OBJECTID": 87372, "COD_SIG": null, "IDTIPO": null, "NOME": "PNEUS EXPRESSO", "REGEND": "008772", "MORADA": "VISCONDE DE VALMOR (AV)", "NUM_POLICIA": "70 A", "FREGUESIA": "106", "LOCALIDADE": null, "COD_POST_4": null, "COD_POST_3": null, "COM_INT_ID": null, "COD_ACT_ECON": "21508", "DESC_ACT_ECON": "Acess\u00f3rios P/ Ve\u00edculos Excepto Motociclos", "ANO": 1996, "TIPO": "Retalho", "LOCALIZACAO": "Isolado", "C_INTEGRADO": null, "EMPRESA": "MARIA ISABEL SILVEIRA MENDES RODRIGUES MOURA", "GlobalID": "d2df7599-c314-41bc-85e0-6578bdec21e6"}}, {"type": "Feature", "geometry": {"type": "Point", "coordinates": [-1016105.2089000009, 4683297.048299998]}, "properties": {"OBJECTID": 87468, "COD_SIG": null, "IDTIPO": null, "NOME": "MAGILAR - GAFFAR IQBAL & MAGID LDA", "REGEND": "009190", "MORADA": "PAIVA COUCEIRO (PR)", "NUM_POLICIA": "7 A", "FREGUESIA": "119", "LOCALIDADE": null, "COD_POST_4": null, "COD_POST_3": null, "COM_INT_ID": null, "COD_ACT_ECON": "21211", "DESC_ACT_ECON": "Electrodom\u00e9sticos", "ANO": 1996, "TIPO": "Retalho", "LOCALIZACAO": "Isolado", "C_INTEGRADO": null, "EMPRESA": "MARIA ISABEL SILVEIRA MENDES RODRIGUES MOURA", "GlobalID": "2e4abcfc-89f6-4573-8781-374116d89613"}}, {"type": "Feature", "geometry": {"type": "Point", "coordinates": [-1016104.2881999984, 4683093.9624999985]}, "properties": {"OBJECTID": 87575, "COD_SIG": null, "IDTIPO": null, "NOME": "MARIA ROSARIO ALVES COSTA REIS", "REGEND": "009148", "MORADA": "GEN RO\u00c7ADAS (AV)", "NUM_POLICIA": "72 C", "FREGUESIA": "119", "LOCALIDADE": "LISBOA", "COD_POST_4": "1170", "COD_POST_3": "164", "COM_INT_ID": null, "COD_ACT_ECON": "21202", "DESC_ACT_ECON": "Artigos Diversos Lar/Decora\u00e7\u00e3o", "ANO": 1996, "TIPO": "Retalho", "LOCALIZACAO": "Isolado", "C_INTEGRADO": null, "EMPRESA": "MARIA ISABEL SILVEIRA MENDES RODRIGUES MOURA", "GlobalID": "dcf37c5c-6589-41ac-aded-251d17cfd42d"}}, {"type": "Feature", "geometry": {"type": "Point", "coordinates": [-1019025.7518000007, 4685064.466799997]}, "properties": {"OBJECTID": 87631, "COD_SIG": null, "IDTIPO": null, "NOME": "MUSICMALL", "REGEND": "008941", "MORADA": "SOUSA LOPES (R)", "NUM_POLICIA": "LT PQRS", "FREGUESIA": "106", "LOCALIDADE": null, "COD_POST_4": null, "COD_POST_3": null, "COM_INT_ID": 74, "COD_ACT_ECON": "21212", "DESC_ACT_ECON": "T.V./Video/Alta Fidelidade", "ANO": 1996, "TIPO": "Retalho", "LOCALIZACAO": "Integrado - outro", "C_INTEGRADO": "CENTRO COMERCIAL GEMINI", "EMPRESA": "MARIA ISABEL SILVEIRA MENDES RODRIGUES MOURA", "GlobalID": "0f10924a-8ff9-4a1c-a210-e2fb3cfc8c4a"}}, {"type": "Feature", "geometry": {"type": "Point", "coordinates": [-1019025.7518000007, 4685064.466799997]}, "properties": {"OBJECTID": 87640, "COD_SIG": null, "IDTIPO": null, "NOME": "HELLIUS", "REGEND": "008943", "MORADA": "SOUSA LOPES (R)", "NUM_POLICIA": "LT PQRS", "FREGUESIA": "106", "LOCALIDADE": null, "COD_POST_4": null, "COD_POST_3": null, "COM_INT_ID": 74, "COD_ACT_ECON": "21115", "DESC_ACT_ECON": "Sapatarias", "ANO": 1996, "TIPO": "Retalho", "LOCALIZACAO": "Integrado - outro", "C_INTEGRADO": "CENTRO COMERCIAL GEMINI", "EMPRESA": "H\u00c9LIO E MACEDO SOCIEDADE COM\u00c9RCIO DE SAPATARIAS, LDA", "GlobalID": "02c6161b-ecc1-4232-bb94-39d2d4ae758c"}}, {"type": "Feature", "geometry": {"type": "Point", "coordinates": [-1016294.5954999998, 4682695.003300004]}, "properties": {"OBJECTID": 87716, "COD_SIG": null, "IDTIPO": null, "NOME": "TABACARIA LEMANS", "REGEND": "009232", "MORADA": "Rua Conde de Monsaraz", "NUM_POLICIA": "10B", "FREGUESIA": "119", "LOCALIDADE": null, "COD_POST_4": "1170", "COD_POST_3": "104", "COM_INT_ID": null, "COD_ACT_ECON": "21403", "DESC_ACT_ECON": "Tabacaria", "ANO": 1996, "TIPO": "Retalho", "LOCALIZACAO": "Isolado", "C_INTEGRADO": null, "EMPRESA": "MARIA ISABEL SILVEIRA MENDES RODRIGUES MOURA", "GlobalID": "6b83c58b-32fc-4f19-85f6-dc7bbc2a1178"}}, {"type": "Feature", "geometry": {"type": "Point", "coordinates": [-1017242.2052000016, 4682262.6976]}, "properties": {"OBJECTID": 87769, "COD_SIG": null, "IDTIPO": null, "NOME": "SOC AUTOMOVEIS & ACESSORIOS LDA", "REGEND": "009031", "MORADA": "ESCOLA DO EXERCITO (R DA)", "NUM_POLICIA": "5 A", "FREGUESIA": "105", "LOCALIDADE": null, "COD_POST_4": null, "COD_POST_3": null, "COM_INT_ID": null, "COD_ACT_ECON": "21508", "DESC_ACT_ECON": "Acess\u00f3rios P/ Ve\u00edculos Excepto Motociclos", "ANO": 1996, "TIPO": "Retalho", "LOCALIZACAO": "Isolado", "C_INTEGRADO": null, "EMPRESA": "MARIA ISABEL SILVEIRA MENDES RODRIGUES MOURA", "GlobalID": "2d6d1ac0-0318-463f-97f7-a4961c418d4f"}}, {"type": "Feature", "geometry": {"type": "Point", "coordinates": [-1017489.0989999995, 4682281.171700001]}, "properties": {"OBJECTID": 87770, "COD_SIG": null, "IDTIPO": null, "NOME": "SOCIEDADE HIGIOFONE", "REGEND": "009034", "MORADA": "Rua Gomes Freire", "NUM_POLICIA": "11A", "FREGUESIA": "105", "LOCALIDADE": null, "COD_POST_4": "1150", "COD_POST_3": "176", "COM_INT_ID": null, "COD_ACT_ECON": "21514", "DESC_ACT_ECON": "Equipamento Inform\u00e1tico", "ANO": 1996, "TIPO": "Retalho", "LOCALIZACAO": "Isolado", "C_INTEGRADO": null, "EMPRESA": "MARIA ISABEL SILVEIRA MENDES RODRIGUES MOURA", "GlobalID": "6a0eaa05-fbb2-4c7f-a2d6-1ed2d6b14a0d"}}, {"type": "Feature", "geometry": {"type": "Point", "coordinates": [-1017242.3740000017, 4682278.119400002]}, "properties": {"OBJECTID": 87781, "COD_SIG": null, "IDTIPO": null, "NOME": "SHORTES PORTUGAL", "REGEND": "009032", "MORADA": "ESCOLA DO EX\u00c9RCITO (R DA)", "NUM_POLICIA": "5 B", "FREGUESIA": "105", "LOCALIDADE": null, "COD_POST_4": null, "COD_POST_3": null, "COM_INT_ID": null, "COD_ACT_ECON": "21304", "DESC_ACT_ECON": "Instrumentos E Art.M\u00e9dicos-Cir\u00farg./Ortop", "ANO": 1996, "TIPO": "Retalho", "LOCALIZACAO": "Isolado", "C_INTEGRADO": null, "EMPRESA": "MARIA ISABEL SILVEIRA MENDES RODRIGUES MOURA", "GlobalID": "49a2116a-4e09-42e8-96e9-6d57d8082109"}}, {"type": "Feature", "geometry": {"type": "Point", "coordinates": [-1016115.9882000014, 4682947.776500002]}, "properties": {"OBJECTID": 87799, "COD_SIG": null, "IDTIPO": null, "NOME": "PAPELARIA SATELITE", "REGEND": "009137", "MORADA": "GEN RO\u00c7ADAS (AV)", "NUM_POLICIA": "60 B", "FREGUESIA": "119", "LOCALIDADE": null, "COD_POST_4": null, "COD_POST_3": null, "COM_INT_ID": null, "COD_ACT_ECON": "21402", "DESC_ACT_ECON": "Papelarias (Art. Escrit.,Jornais ..)", "ANO": 1996, "TIPO": "Retalho", "LOCALIZACAO": "Isolado", "C_INTEGRADO": null, "EMPRESA": "J SILVA & LEITAO LDA", "GlobalID": "4fd8c9f5-1ff8-4034-a032-55a5ee85c276"}}, {"type": "Feature", "geometry": {"type": "Point", "coordinates": [-1016336.4479999989, 4682378.065800004]}, "properties": {"OBJECTID": 87856, "COD_SIG": null, "IDTIPO": null, "NOME": "SANTOS E PALMA", "REGEND": "009351", "MORADA": "PENHA DE FRAN\u00c7A (R DA)", "NUM_POLICIA": "123 B", "FREGUESIA": "119", "LOCALIDADE": null, "COD_POST_4": null, "COD_POST_3": null, "COM_INT_ID": null, "COD_ACT_ECON": "21403", "DESC_ACT_ECON": "Tabacaria", "ANO": 1996, "TIPO": "Retalho", "LOCALIZACAO": "Isolado", "C_INTEGRADO": null, "EMPRESA": "MARIA ISABEL SILVEIRA MENDES RODRIGUES MOURA", "GlobalID": "f058d816-ae95-4ff0-884f-abf1b7af1fec"}}, {"type": "Feature", "geometry": {"type": "Point", "coordinates": [-1017477.4800000004, 4682239.533500001]}, "properties": {"OBJECTID": 87891, "COD_SIG": null, "IDTIPO": null, "NOME": "BLOCO UNIVERSAL LDA", "REGEND": "009045", "MORADA": "GOMES FREIRE (R)", "NUM_POLICIA": "9 A", "FREGUESIA": "105", "LOCALIDADE": null, "COD_POST_4": null, "COD_POST_3": null, "COM_INT_ID": null, "COD_ACT_ECON": "21508", "DESC_ACT_ECON": "Acess\u00f3rios P/ Ve\u00edculos Excepto Motociclos", "ANO": 1996, "TIPO": "Retalho", "LOCALIZACAO": "Isolado", "C_INTEGRADO": null, "EMPRESA": "MARIA ISABEL SILVEIRA MENDES RODRIGUES MOURA", "GlobalID": "1057837e-60a8-4d22-8521-ed3604de4f45"}}, {"type": "Feature", "geometry": {"type": "Point", "coordinates": [-1016467.9932000004, 4683460.185000002]}, "properties": {"OBJECTID": 88093, "COD_SIG": null, "IDTIPO": null, "NOME": "M.N.T.INFORMATICA", "REGEND": "009329", "MORADA": "MORAIS SOARES (R)", "NUM_POLICIA": "93 A", "FREGUESIA": "119", "LOCALIDADE": null, "COD_POST_4": null, "COD_POST_3": null, "COM_INT_ID": 72, "COD_ACT_ECON": "21514", "DESC_ACT_ECON": "Equipamento Inform\u00e1tico", "ANO": 1996, "TIPO": "Retalho", "LOCALIZACAO": "Integrado - outro", "C_INTEGRADO": "CENTRO COMERCIAL GALERIA 80", "EMPRESA": "MARIA ISABEL SILVEIRA MENDES RODRIGUES MOURA", "GlobalID": "40c1c2c7-2304-4990-84a4-2a81403825ac"}}, {"type": "Feature", "geometry": {"type": "Point", "coordinates": [-1016452.2219000012, 4683304.819700003]}, "properties": {"OBJECTID": 88127, "COD_SIG": null, "IDTIPO": null, "NOME": "ANGELO SILVA MANELINO", "REGEND": "009169", "MORADA": "PO\u00c7O DOS MOUROS (C DOS)", "NUM_POLICIA": "55 A", "FREGUESIA": "119", "LOCALIDADE": null, "COD_POST_4": null, "COD_POST_3": null, "COM_INT_ID": null, "COD_ACT_ECON": "12003", "DESC_ACT_ECON": "Mini-Mercados/Auto-Servi\u00e7os", "ANO": 1996, "TIPO": "Retalho", "LOCALIZACAO": "Isolado", "C_INTEGRADO": null, "EMPRESA": "MARIA ISABEL SILVEIRA MENDES RODRIGUES MOURA", "GlobalID": "f4174277-de67-4cb4-99f1-782c9d61e57d"}}, {"type": "Feature", "geometry": {"type": "Point", "coordinates": [-1019233.7294000015, 4684654.5898]}, "properties": {"OBJECTID": 88190, "COD_SIG": null, "IDTIPO": null, "NOME": "SUPER GAS", "REGEND": "008861", "MORADA": "DR ALVARO DE CASTRO (R)", "NUM_POLICIA": "2/4", "FREGUESIA": "106", "LOCALIDADE": null, "COD_POST_4": null, "COD_POST_3": null, "COM_INT_ID": null, "COD_ACT_ECON": "21510", "DESC_ACT_ECON": "Combust\u00edveis Liq,Gas. N\u00e3o Destinado A Auto", "ANO": 1996, "TIPO": "Retalho", "LOCALIZACAO": "Isolado", "C_INTEGRADO": null, "EMPRESA": "SUPERGAS DISTRIBUIDORA GAS, LDA", "GlobalID": "3487abfa-cc41-4433-aed9-dc12a34c8c41"}}, {"type": "Feature", "geometry": {"type": "Point", "coordinates": [-1016411.125500001, 4683057.185000002]}, "properties": {"OBJECTID": 88230, "COD_SIG": null, "IDTIPO": null, "NOME": "HUMBERTO CARLOS GARCIA SILVA", "REGEND": "009397", "MORADA": "CALADO (T DO)", "NUM_POLICIA": "1/3", "FREGUESIA": "119", "LOCALIDADE": null, "COD_POST_4": null, "COD_POST_3": null, "COM_INT_ID": null, "COD_ACT_ECON": "11003", "DESC_ACT_ECON": "Charcutarias", "ANO": 1996, "TIPO": "Retalho", "LOCALIZACAO": "Isolado", "C_INTEGRADO": null, "EMPRESA": "MARIA ISABEL SILVEIRA MENDES RODRIGUES MOURA", "GlobalID": "b8286dc5-2758-4d8c-9e72-5049f9afb055"}}, {"type": "Feature", "geometry": {"type": "Point", "coordinates": [-1020477.2177000009, 4679450.619900003]}, "properties": {"OBJECTID": 88237, "COD_SIG": null, "IDTIPO": null, "NOME": "PAMPULA", "REGEND": "009409", "MORADA": "PAMPULHA (CAL\u00c7 DA)", "NUM_POLICIA": "16", "FREGUESIA": "113", "LOCALIDADE": null, "COD_POST_4": null, "COD_POST_3": null, "COM_INT_ID": null, "COD_ACT_ECON": "21108", "DESC_ACT_ECON": "L\u00e3s", "ANO": 1996, "TIPO": "Retalho", "LOCALIZACAO": "Isolado", "C_INTEGRADO": null, "EMPRESA": "MARIA ISABEL SILVEIRA MENDES RODRIGUES MOURA", "GlobalID": "1b0b919f-224a-4d08-85df-82529445f802"}}, {"type": "Feature", "geometry": {"type": "Point", "coordinates": [-1016260.4745000005, 4683180.483900003]}, "properties": {"OBJECTID": 88422, "COD_SIG": null, "IDTIPO": null, "NOME": "INTERFER", "REGEND": "009340", "MORADA": "NEVES FERREIRA (R)", "NUM_POLICIA": "4 A", "FREGUESIA": "119", "LOCALIDADE": null, "COD_POST_4": null, "COD_POST_3": null, "COM_INT_ID": null, "COD_ACT_ECON": "21501", "DESC_ACT_ECON": "Materiais Constru\u00e7\u00e3o,Metais E Ferragens", "ANO": 1996, "TIPO": "Retalho", "LOCALIZACAO": "Isolado", "C_INTEGRADO": null, "EMPRESA": "MARIA ISABEL SILVEIRA MENDES RODRIGUES MOURA", "GlobalID": "fa58aa19-d0fc-4bcd-ac9b-1dbbb9ce77b9"}}, {"type": "Feature", "geometry": {"type": "Point", "coordinates": [-1017551.7996999994, 4682712.996600002]}, "properties": {"OBJECTID": 88438, "COD_SIG": null, "IDTIPO": null, "NOME": "STAND VIDAL", "REGEND": "009046", "MORADA": "JOAQUIM BONIF\u00c1CIO (R)", "NUM_POLICIA": "13 C", "FREGUESIA": "105", "LOCALIDADE": null, "COD_POST_4": null, "COD_POST_3": null, "COM_INT_ID": null, "COD_ACT_ECON": "21507", "DESC_ACT_ECON": "Motociclos", "ANO": 1996, "TIPO": "Retalho", "LOCALIZACAO": "Isolado", "C_INTEGRADO": null, "EMPRESA": "MARIA ISABEL SILVEIRA MENDES RODRIGUES MOURA", "GlobalID": "9b4fbb80-95eb-4b4f-ab90-24088920a790"}}, {"type": "Feature", "geometry": {"type": "Point", "coordinates": [-1016391.688099999, 4683035.5462]}, "properties": {"OBJECTID": 88500, "COD_SIG": null, "IDTIPO": null, "NOME": "UCAL", "REGEND": "009242", "MORADA": "CESARIO VERDE (R) \u00e6 PENHA", "NUM_POLICIA": "5 B", "FREGUESIA": "119", "LOCALIDADE": null, "COD_POST_4": null, "COD_POST_3": null, "COM_INT_ID": null, "COD_ACT_ECON": "11009", "DESC_ACT_ECON": "Leite E Derivados", "ANO": 1996, "TIPO": "Retalho", "LOCALIZACAO": "Isolado", "C_INTEGRADO": null, "EMPRESA": "MARIA ISABEL SILVEIRA MENDES RODRIGUES MOURA", "GlobalID": "1eb30dfa-26d6-4082-816d-c569ad7a78a9"}}, {"type": "Feature", "geometry": {"type": "Point", "coordinates": [-1016239.0150999986, 4683358.571699999]}, "properties": {"OBJECTID": 88583, "COD_SIG": null, "IDTIPO": null, "NOME": "JOSE DANGEL SILVA", "REGEND": "009214", "MORADA": "CARRILHO VIDEIRA (R)", "NUM_POLICIA": "7", "FREGUESIA": "119", "LOCALIDADE": null, "COD_POST_4": null, "COD_POST_3": null, "COM_INT_ID": null, "COD_ACT_ECON": "21526", "DESC_ACT_ECON": "Outros N.E.(C.N.Alim. Diversos)", "ANO": 1996, "TIPO": "Retalho", "LOCALIZACAO": "Isolado", "C_INTEGRADO": null, "EMPRESA": "MARIA ISABEL SILVEIRA MENDES RODRIGUES MOURA", "GlobalID": "9539e648-f3bf-4585-b691-fba58a9a6b6c"}}, {"type": "Feature", "geometry": {"type": "Point", "coordinates": [-1016331.0681000017, 4681866.632100001]}, "properties": {"OBJECTID": 88590, "COD_SIG": null, "IDTIPO": null, "NOME": "D GAMITO", "REGEND": "009194", "MORADA": "Rua Angelina Vidal", "NUM_POLICIA": "2", "FREGUESIA": "119", "LOCALIDADE": "LISBOA", "COD_POST_4": "1170", "COD_POST_3": "019", "COM_INT_ID": null, "COD_ACT_ECON": "21101", "DESC_ACT_ECON": "Artigos Vestu\u00e1rio Diverso (Misto)", "ANO": 1996, "TIPO": "Retalho", "LOCALIZACAO": "Isolado", "C_INTEGRADO": null, "EMPRESA": "MARIA ISABEL SILVEIRA MENDES RODRIGUES MOURA", "GlobalID": "1695ba5f-52d6-4cbf-83a9-e29deed90272"}}, {"type": "Feature", "geometry": {"type": "Point", "coordinates": [-1016351.0124000013, 4683421.7223000005]}, "properties": {"OBJECTID": 88642, "COD_SIG": null, "IDTIPO": null, "NOME": "IMPORTRADE", "REGEND": "009320", "MORADA": "MORAIS SOARES (R)", "NUM_POLICIA": "77 A", "FREGUESIA": "119", "LOCALIDADE": "LISBOA", "COD_POST_4": "1900", "COD_POST_3": "342", "COM_INT_ID": null, "COD_ACT_ECON": "21101", "DESC_ACT_ECON": "Artigos Vestu\u00e1rio Diverso (Misto)", "ANO": 1996, "TIPO": "Retalho", "LOCALIZACAO": "Isolado", "C_INTEGRADO": null, "EMPRESA": "MARIA ISABEL SILVEIRA MENDES RODRIGUES MOURA", "GlobalID": "bdfac8c1-e249-4ccb-ba0c-af167d11b02d"}}, {"type": "Feature", "geometry": {"type": "Point", "coordinates": [-1016467.9932000004, 4683460.185000002]}, "properties": {"OBJECTID": 88650, "COD_SIG": null, "IDTIPO": null, "NOME": "FATIMA RITO E HELENA CARVALHO", "REGEND": "009328", "MORADA": "MORAIS SOARES (R)", "NUM_POLICIA": "93 A", "FREGUESIA": "119", "LOCALIDADE": null, "COD_POST_4": null, "COD_POST_3": null, "COM_INT_ID": 72, "COD_ACT_ECON": "21106", "DESC_ACT_ECON": "Roupa Interior", "ANO": 1996, "TIPO": "Retalho", "LOCALIZACAO": "Integrado - outro", "C_INTEGRADO": "CENTRO COMERCIAL GALERIA 80", "EMPRESA": "MARIA ISABEL SILVEIRA MENDES RODRIGUES MOURA", "GlobalID": "1b7cebe5-40fd-4e31-934d-7a5c6e00009a"}}, {"type": "Feature", "geometry": {"type": "Point", "coordinates": [-1017639.8247000016, 4680354.9494]}, "properties": {"OBJECTID": 88905, "COD_SIG": null, "IDTIPO": null, "NOME": "AMERICO BANZA & CARVALHO", "REGEND": "009686", "MORADA": "SERPA PINTO (R) AO CHIADO", "NUM_POLICIA": "14 A B", "FREGUESIA": "121", "LOCALIDADE": null, "COD_POST_4": null, "COD_POST_3": null, "COM_INT_ID": null, "COD_ACT_ECON": "21111", "DESC_ACT_ECON": "Tecidos Para Confec\u00e7\u00e3o Vestu\u00e1rio", "ANO": 1996, "TIPO": "Retalho", "LOCALIZACAO": "Isolado", "C_INTEGRADO": null, "EMPRESA": "MARIA ISABEL SILVEIRA MENDES RODRIGUES MOURA", "GlobalID": "44cbbdf6-7d16-4968-ae15-5b6adc3c7e1f"}}, {"type": "Feature", "geometry": {"type": "Point", "coordinates": [-1020109.2457999997, 4679502.3330999985]}, "properties": {"OBJECTID": 88953, "COD_SIG": null, "IDTIPO": null, "NOME": "MERCEARIA OLIVANLENSE LDA", "REGEND": "009456", "MORADA": "OLIVAL (R DO)", "NUM_POLICIA": "146/148", "FREGUESIA": "113", "LOCALIDADE": null, "COD_POST_4": null, "COD_POST_3": null, "COM_INT_ID": null, "COD_ACT_ECON": "12004", "DESC_ACT_ECON": "Mercearias", "ANO": 1996, "TIPO": "Retalho", "LOCALIZACAO": "Isolado", "C_INTEGRADO": null, "EMPRESA": "MARIA ISABEL SILVEIRA MENDES RODRIGUES MOURA", "GlobalID": "3cd34e03-2c39-4dac-a98a-4be9108da5db"}}, {"type": "Feature", "geometry": {"type": "Point", "coordinates": [-1020284.6726000011, 4679511.9113000035]}, "properties": {"OBJECTID": 88970, "COD_SIG": null, "IDTIPO": null, "NOME": "BEIRA TEJO", "REGEND": "009547", "MORADA": "RIBEIRO SANCHES (R)", "NUM_POLICIA": "10", "FREGUESIA": "113", "LOCALIDADE": null, "COD_POST_4": null, "COD_POST_3": null, "COM_INT_ID": null, "COD_ACT_ECON": "11007", "DESC_ACT_ECON": "Padarias", "ANO": 1996, "TIPO": "Retalho", "LOCALIZACAO": "Isolado", "C_INTEGRADO": null, "EMPRESA": "SOCIEDADE DE PANIFICA\u00c7\u00c3O BEIRA TEJO, LDA", "GlobalID": "ee77bd21-555f-481f-ac06-05955691829a"}}, {"type": "Feature", "geometry": {"type": "Point", "coordinates": [-1017571.7773999982, 4680335.1417]}, "properties": {"OBJECTID": 89125, "COD_SIG": null, "IDTIPO": null, "NOME": "SABOIA", "REGEND": "009639", "MORADA": "GARRETT (R)", "NUM_POLICIA": "66/68", "FREGUESIA": "121", "LOCALIDADE": null, "COD_POST_4": null, "COD_POST_3": null, "COM_INT_ID": null, "COD_ACT_ECON": "21102", "DESC_ACT_ECON": "Artigos Vestu\u00e1rio Homem", "ANO": 1996, "TIPO": "Retalho", "LOCALIZACAO": "Isolado", "C_INTEGRADO": null, "EMPRESA": "MARIA ISABEL SILVEIRA MENDES RODRIGUES MOURA", "GlobalID": "806cf33c-ed8c-4cef-85ea-a857e3f5f2b9"}}, {"type": "Feature", "geometry": {"type": "Point", "coordinates": [-1016213.6218999997, 4683016.3576000035]}, "properties": {"OBJECTID": 89168, "COD_SIG": null, "IDTIPO": null, "NOME": "CARLOS ALBERTO CRUZ CARDOSO", "REGEND": "009295", "MORADA": "MARTINS SARMENTO (R)", "NUM_POLICIA": "14 F", "FREGUESIA": "119", "LOCALIDADE": "LISBOA                         ", "COD_POST_4": "1170", "COD_POST_3": "230", "COM_INT_ID": null, "COD_ACT_ECON": "12004", "DESC_ACT_ECON": "Mercearias", "ANO": 1996, "TIPO": "Retalho", "LOCALIZACAO": "Isolado", "C_INTEGRADO": null, "EMPRESA": "MARIA ISABEL SILVEIRA MENDES RODRIGUES MOURA", "GlobalID": "67f12f6b-7ecb-4e0f-b06a-bd895b92762a"}}, {"type": "Feature", "geometry": {"type": "Point", "coordinates": [-1016483.1070000008, 4682966.418499999]}, "properties": {"OBJECTID": 89293, "COD_SIG": null, "IDTIPO": null, "NOME": "JOAQUIM ALMEIDA TOME", "REGEND": "009370", "MORADA": "PENHA DE FRAN\u00c7A (R DA)", "NUM_POLICIA": "254", "FREGUESIA": "119", "LOCALIDADE": null, "COD_POST_4": null, "COD_POST_3": null, "COM_INT_ID": null, "COD_ACT_ECON": "21206", "DESC_ACT_ECON": "M\u00f3veis E Colchoaria (Interior)", "ANO": 1996, "TIPO": "Retalho", "LOCALIZACAO": "Isolado", "C_INTEGRADO": null, "EMPRESA": "MARIA ISABEL SILVEIRA MENDES RODRIGUES MOURA", "GlobalID": "305c2ca2-1e54-4f5d-b199-a313ed446248"}}, {"type": "Feature", "geometry": {"type": "Point", "coordinates": [-1016160.0625, 4682479.499600001]}, "properties": {"OBJECTID": 89432, "COD_SIG": null, "IDTIPO": null, "NOME": "DEP", "REGEND": "009128", "MORADA": "GEN RO\u00c7ADAS (AV)", "NUM_POLICIA": "34 D", "FREGUESIA": "119", "LOCALIDADE": null, "COD_POST_4": null, "COD_POST_3": null, "COM_INT_ID": null, "COD_ACT_ECON": "21202", "DESC_ACT_ECON": "Artigos Diversos Lar/Decora\u00e7\u00e3o", "ANO": 1996, "TIPO": "Retalho", "LOCALIZACAO": "Isolado", "C_INTEGRADO": null, "EMPRESA": "MARIA ISABEL SILVEIRA MENDES RODRIGUES MOURA", "GlobalID": "7260e081-10cc-44b3-84db-1f0d374e4695"}}, {"type": "Feature", "geometry": {"type": "Point", "coordinates": [-1017582.8588000014, 4680333.603399999]}, "properties": {"OBJECTID": 89530, "COD_SIG": null, "IDTIPO": null, "NOME": "DAVID & MONTEIRO", "REGEND": "009642", "MORADA": "GARRETT (R)", "NUM_POLICIA": "72", "FREGUESIA": "121", "LOCALIDADE": null, "COD_POST_4": null, "COD_POST_3": null, "COM_INT_ID": 82, "COD_ACT_ECON": "21102", "DESC_ACT_ECON": "Artigos Vestu\u00e1rio Homem", "ANO": 1996, "TIPO": "Retalho", "LOCALIZACAO": "Integrado - outro", "C_INTEGRADO": "GALERIA IMP\u00c9RIO", "EMPRESA": "MANUEL F. MONTEIRO & FILHO, REPRESENTA\u00c7\u00d5ES E COM\u00c9RCIO, LDA", "GlobalID": "2b567b59-b107-4828-a25f-e952fe75efe5"}}, {"type": "Feature", "geometry": {"type": "Point", "coordinates": [-1017456.9079999998, 4680357.162699997]}, "properties": {"OBJECTID": 89541, "COD_SIG": null, "IDTIPO": null, "NOME": "A FAROL ELECTRODOMESTICOS", "REGEND": "009629", "MORADA": "Rua Garrett", "NUM_POLICIA": "20", "FREGUESIA": "121", "LOCALIDADE": null, "COD_POST_4": "1200", "COD_POST_3": "204", "COM_INT_ID": null, "COD_ACT_ECON": "21211", "DESC_ACT_ECON": "Electrodom\u00e9sticos", "ANO": 1996, "TIPO": "Retalho", "LOCALIZACAO": "Isolado", "C_INTEGRADO": null, "EMPRESA": "MARIA ISABEL SILVEIRA MENDES RODRIGUES MOURA", "GlobalID": "a7755bdb-3136-4c24-9ff3-fee2383832c0"}}, {"type": "Feature", "geometry": {"type": "Point", "coordinates": [-1016290.1015000008, 4682286.013999999]}, "properties": {"OBJECTID": 89747, "COD_SIG": null, "IDTIPO": null, "NOME": "JOAQUIM LOPES & HERDEIROS", "REGEND": "009347", "MORADA": "PENHA DE FRAN\u00c7A (R DA)", "NUM_POLICIA": "116 A", "FREGUESIA": "119", "LOCALIDADE": "LISBOA", "COD_POST_4": "1170", "COD_POST_3": "307", "COM_INT_ID": null, "COD_ACT_ECON": "21509", "DESC_ACT_ECON": "Combust\u00edveis Ve\u00edculos Autom\u00f3veis", "ANO": 1996, "TIPO": "Retalho", "LOCALIZACAO": "Isolado", "C_INTEGRADO": null, "EMPRESA": "HERDEIROS DE JOAQUIM LOPES, LDA", "GlobalID": "b26b928f-0a28-46e1-9063-d3a7ed5ed514"}}, {"type": "Feature", "geometry": {"type": "Point", "coordinates": [-1016196.6411000006, 4682992.692000002]}, "properties": {"OBJECTID": 89825, "COD_SIG": null, "IDTIPO": null, "NOME": "JOSE RAMOS FONSECA ANDRADE", "REGEND": "009296", "MORADA": "MARTINS SARMENTO (R)", "NUM_POLICIA": "15 C", "FREGUESIA": "119", "LOCALIDADE": null, "COD_POST_4": null, "COD_POST_3": null, "COM_INT_ID": null, "COD_ACT_ECON": "21402", "DESC_ACT_ECON": "Papelarias (Art. Escrit.,Jornais ..)", "ANO": 1996, "TIPO": "Retalho", "LOCALIZACAO": "Isolado", "C_INTEGRADO": null, "EMPRESA": "MARIA ISABEL SILVEIRA MENDES RODRIGUES MOURA", "GlobalID": "3eafd1a8-6366-4b3d-ad3a-49dde3bca13d"}}, {"type": "Feature", "geometry": {"type": "Point", "coordinates": [-1016350.997299999, 4683282.4728000015]}, "properties": {"OBJECTID": 89941, "COD_SIG": null, "IDTIPO": null, "NOME": "SUPER CONFEX MACONDE", "REGEND": "009286", "MORADA": "JACINTO NUNES (R)", "NUM_POLICIA": "22 A/B", "FREGUESIA": "119", "LOCALIDADE": null, "COD_POST_4": null, "COD_POST_3": null, "COM_INT_ID": null, "COD_ACT_ECON": "21101", "DESC_ACT_ECON": "Artigos Vestu\u00e1rio Diverso (Misto)", "ANO": 1996, "TIPO": "Retalho", "LOCALIZACAO": "Isolado", "C_INTEGRADO": null, "EMPRESA": "MARIA ISABEL SILVEIRA MENDES RODRIGUES MOURA", "GlobalID": "64756fc2-2820-4fbb-9d83-e442f2cc70c7"}}, {"type": "Feature", "geometry": {"type": "Point", "coordinates": [-1016234.8940999992, 4682715.468699999]}, "properties": {"OBJECTID": 89961, "COD_SIG": null, "IDTIPO": null, "NOME": "TABACARIA NAU PENHA FRAN\u00c7A", "REGEND": "009299", "MORADA": "MARTINS SARMENTO (R)", "NUM_POLICIA": "52 A", "FREGUESIA": "119", "LOCALIDADE": null, "COD_POST_4": null, "COD_POST_3": null, "COM_INT_ID": null, "COD_ACT_ECON": "21403", "DESC_ACT_ECON": "Tabacaria", "ANO": 1996, "TIPO": "Retalho", "LOCALIZACAO": "Isolado", "C_INTEGRADO": null, "EMPRESA": "MARIA ISABEL SILVEIRA MENDES RODRIGUES MOURA", "GlobalID": "44a8a9b6-6566-48af-acd8-8b881f7d4383"}}, {"type": "Feature", "geometry": {"type": "Point", "coordinates": [-1018246.5647, 4680364.918899998]}, "properties": {"OBJECTID": 90035, "COD_SIG": null, "IDTIPO": null, "NOME": "MARTINS & ANDRADE LDA", "REGEND": "009707", "MORADA": "COMBRO (C DO)", "NUM_POLICIA": "38 I/J", "FREGUESIA": "116", "LOCALIDADE": null, "COD_POST_4": null, "COD_POST_3": null, "COM_INT_ID": null, "COD_ACT_ECON": "12004", "DESC_ACT_ECON": "Mercearias", "ANO": 1996, "TIPO": "Retalho", "LOCALIZACAO": "Isolado", "C_INTEGRADO": null, "EMPRESA": "MARIA ISABEL SILVEIRA MENDES RODRIGUES MOURA", "GlobalID": "acdb3319-a186-4e73-99fe-e5652feca674"}}, {"type": "Feature", "geometry": {"type": "Point", "coordinates": [-1016327.8883999996, 4682347.295199998]}, "properties": {"OBJECTID": 90076, "COD_SIG": null, "IDTIPO": null, "NOME": "GRACIETE E ALMICAR", "REGEND": "009350", "MORADA": "PENHA DE FRAN\u00c7A (R DA)", "NUM_POLICIA": "121 B", "FREGUESIA": "119", "LOCALIDADE": null, "COD_POST_4": null, "COD_POST_3": null, "COM_INT_ID": null, "COD_ACT_ECON": "21302", "DESC_ACT_ECON": "Perfumarias", "ANO": 1996, "TIPO": "Retalho", "LOCALIZACAO": "Isolado", "C_INTEGRADO": null, "EMPRESA": "MARIA ISABEL SILVEIRA MENDES RODRIGUES MOURA", "GlobalID": "373b7661-f174-4695-994a-10954ccbf259"}}, {"type": "Feature", "geometry": {"type": "Point", "coordinates": [-1016458.7679000013, 4682847.145000003]}, "properties": {"OBJECTID": 90095, "COD_SIG": null, "IDTIPO": null, "NOME": "RUMOSATE EQUIPAMENTO ELECTRONICO LDA", "REGEND": "009364", "MORADA": "PENHA DE FRAN\u00c7A (R DA)", "NUM_POLICIA": "221 B", "FREGUESIA": "119", "LOCALIDADE": null, "COD_POST_4": null, "COD_POST_3": null, "COM_INT_ID": null, "COD_ACT_ECON": "21512", "DESC_ACT_ECON": "Material El\u00e9ctrico E P/ Electr\u00f3nica", "ANO": 1996, "TIPO": "Retalho", "LOCALIZACAO": "Isolado", "C_INTEGRADO": null, "EMPRESA": "MARIA ISABEL SILVEIRA MENDES RODRIGUES MOURA", "GlobalID": "032fc052-dd5b-44ac-84e8-ca197073eba2"}}, {"type": "Feature", "geometry": {"type": "Point", "coordinates": [-1016136.2938000001, 4682503.629199997]}, "properties": {"OBJECTID": 90208, "COD_SIG": null, "IDTIPO": null, "NOME": "UCAL", "REGEND": "009131", "MORADA": "GEN RO\u00c7ADAS (AV)", "NUM_POLICIA": "36 A", "FREGUESIA": "119", "LOCALIDADE": null, "COD_POST_4": null, "COD_POST_3": null, "COM_INT_ID": null, "COD_ACT_ECON": "11009", "DESC_ACT_ECON": "Leite E Derivados", "ANO": 1996, "TIPO": "Retalho", "LOCALIZACAO": "Isolado", "C_INTEGRADO": null, "EMPRESA": "MARIA ISABEL SILVEIRA MENDES RODRIGUES MOURA", "GlobalID": "9f1e6e2a-1275-41ca-9058-cae6b39a0008"}}, {"type": "Feature", "geometry": {"type": "Point", "coordinates": [-1016200.5386999995, 4682407.812899999]}, "properties": {"OBJECTID": 90241, "COD_SIG": null, "IDTIPO": null, "NOME": "ANGUSTIAS SALGUEIRO RAMALHO GON\u00c7ALVES", "REGEND": "009135", "MORADA": "GEN RO\u00c7ADAS (AV)", "NUM_POLICIA": "51/53", "FREGUESIA": "119", "LOCALIDADE": null, "COD_POST_4": null, "COD_POST_3": null, "COM_INT_ID": null, "COD_ACT_ECON": "11002", "DESC_ACT_ECON": "Talhos", "ANO": 1996, "TIPO": "Retalho", "LOCALIZACAO": "Isolado", "C_INTEGRADO": null, "EMPRESA": "MARIA ISABEL SILVEIRA MENDES RODRIGUES MOURA", "GlobalID": "15efcff9-43d2-4dd0-8460-72d22d362b56"}}, {"type": "Feature", "geometry": {"type": "Point", "coordinates": [-1016424.2347999997, 4682143.162900001]}, "properties": {"OBJECTID": 90253, "COD_SIG": null, "IDTIPO": null, "NOME": "PEROLA PENHA LDA", "REGEND": "009209", "MORADA": "AUGUSTO JOSE VIEIRA (R)", "NUM_POLICIA": "39", "FREGUESIA": "119", "LOCALIDADE": null, "COD_POST_4": null, "COD_POST_3": null, "COM_INT_ID": null, "COD_ACT_ECON": "12004", "DESC_ACT_ECON": "Mercearias", "ANO": 1996, "TIPO": "Retalho", "LOCALIZACAO": "Isolado", "C_INTEGRADO": null, "EMPRESA": "PEROLA PENHA LDA", "GlobalID": "442f2b34-187e-44f9-910a-5f34d2421b3f"}}, {"type": "Feature", "geometry": {"type": "Point", "coordinates": [-1019889.688099999, 4680008.529200003]}, "properties": {"OBJECTID": 90431, "COD_SIG": null, "IDTIPO": null, "NOME": "J MARIA DUARTE LDA", "REGEND": "009548", "MORADA": "S DOMINGOS (R DE) \u00e6 LAPA", "NUM_POLICIA": "81", "FREGUESIA": "113", "LOCALIDADE": null, "COD_POST_4": null, "COD_POST_3": null, "COM_INT_ID": null, "COD_ACT_ECON": "21207", "DESC_ACT_ECON": "M\u00f3veis Antigos/Antiguidades", "ANO": 1996, "TIPO": "Retalho", "LOCALIZACAO": "Isolado", "C_INTEGRADO": null, "EMPRESA": "MARIA ISABEL SILVEIRA MENDES RODRIGUES MOURA", "GlobalID": "2df9a168-f15c-497f-ac23-566936784de1"}}, {"type": "Feature", "geometry": {"type": "Point", "coordinates": [-1016154.8458000012, 4682960.2927]}, "properties": {"OBJECTID": 90539, "COD_SIG": null, "IDTIPO": null, "NOME": "JOAO GON\u00c7ALVES FERNANDES", "REGEND": "009112", "MORADA": "GEN RO\u00c7ADAS (AV)", "NUM_POLICIA": "159 A", "FREGUESIA": "119", "LOCALIDADE": null, "COD_POST_4": null, "COD_POST_3": null, "COM_INT_ID": null, "COD_ACT_ECON": "12004", "DESC_ACT_ECON": "Mercearias", "ANO": 1996, "TIPO": "Retalho", "LOCALIZACAO": "Isolado", "C_INTEGRADO": null, "EMPRESA": "MARIA ISABEL SILVEIRA MENDES RODRIGUES MOURA", "GlobalID": "63013e39-ea7f-4920-bd3a-028d34d6a092"}}, {"type": "Feature", "geometry": {"type": "Point", "coordinates": [-1017427.4061000012, 4680591.183200002]}, "properties": {"OBJECTID": 90574, "COD_SIG": null, "IDTIPO": null, "NOME": "LOJA MALHAS", "REGEND": "009621", "MORADA": "CARMO (R DO)", "NUM_POLICIA": "97", "FREGUESIA": "121", "LOCALIDADE": null, "COD_POST_4": null, "COD_POST_3": null, "COM_INT_ID": null, "COD_ACT_ECON": "21103", "DESC_ACT_ECON": "Artigos Vestu\u00e1rio Senhora (Boutique)", "ANO": 1996, "TIPO": "Retalho", "LOCALIZACAO": "Isolado", "C_INTEGRADO": null, "EMPRESA": "MARIA ISABEL SILVEIRA MENDES RODRIGUES MOURA", "GlobalID": "23b26c23-3689-45d7-8e67-d3f4fa5d3429"}}, {"type": "Feature", "geometry": {"type": "Point", "coordinates": [-1016182.8431000002, 4683239.390100002]}, "properties": {"OBJECTID": 90604, "COD_SIG": null, "IDTIPO": null, "NOME": "LOPRANEL SOC PE\u00c7AS & FERRAMENTAS LDA", "REGEND": "009291", "MORADA": "JACINTO NUNES (R)", "NUM_POLICIA": "6 A", "FREGUESIA": "119", "LOCALIDADE": "LISBOA                         ", "COD_POST_4": "1170", "COD_POST_3": "188", "COM_INT_ID": null, "COD_ACT_ECON": "21508", "DESC_ACT_ECON": "Acess\u00f3rios P/ Ve\u00edculos Excepto Motociclos", "ANO": 1996, "TIPO": "Retalho", "LOCALIZACAO": "Isolado", "C_INTEGRADO": null, "EMPRESA": "MARIA ISABEL SILVEIRA MENDES RODRIGUES MOURA", "GlobalID": "3284e2a1-5509-4caf-b739-8b5708aa0191"}}, {"type": "Feature", "geometry": {"type": "Point", "coordinates": [-1016158.2760999985, 4683232.4564]}, "properties": {"OBJECTID": 90619, "COD_SIG": null, "IDTIPO": null, "NOME": "BRINDEFLOR", "REGEND": "009284", "MORADA": "JACINTO NUNES (R)", "NUM_POLICIA": "2 B/C", "FREGUESIA": "119", "LOCALIDADE": "LISBOA", "COD_POST_4": "1170", "COD_POST_3": "188", "COM_INT_ID": null, "COD_ACT_ECON": "21414", "DESC_ACT_ECON": "Brinquedos E Jogos Para Crian\u00e7as", "ANO": 1996, "TIPO": "Retalho", "LOCALIZACAO": "Isolado", "C_INTEGRADO": null, "EMPRESA": "MARIA ISABEL SILVEIRA MENDES RODRIGUES MOURA", "GlobalID": "d97e13e0-d4d1-4fc8-a824-9a5b35eadee3"}}, {"type": "Feature", "geometry": {"type": "Point", "coordinates": [-1020949.4354000017, 4679564.749700002]}, "properties": {"OBJECTID": 90632, "COD_SIG": null, "IDTIPO": null, "NOME": "SAPATARIA FIORDE", "REGEND": "009520", "MORADA": "PRIOR DO CRATO (R) A ALC\u00c2NTARA", "NUM_POLICIA": "17", "FREGUESIA": "113", "LOCALIDADE": null, "COD_POST_4": null, "COD_POST_3": null, "COM_INT_ID": null, "COD_ACT_ECON": "21103", "DESC_ACT_ECON": "Artigos Vestu\u00e1rio Senhora (Boutique)", "ANO": 1996, "TIPO": "Retalho", "LOCALIZACAO": "Isolado", "C_INTEGRADO": null, "EMPRESA": "MARIA ISABEL SILVEIRA MENDES RODRIGUES MOURA", "GlobalID": "22810316-aa59-41dd-97b7-e05c2d579afd"}}, {"type": "Feature", "geometry": {"type": "Point", "coordinates": [-1016209.1066999994, 4682345.281499997]}, "properties": {"OBJECTID": 90681, "COD_SIG": null, "IDTIPO": null, "NOME": "ALMEIDA & PIRES LDA", "REGEND": "009123", "MORADA": "GEN RO\u00c7ADAS (AV)", "NUM_POLICIA": "25", "FREGUESIA": "119", "LOCALIDADE": "LISBOA                         ", "COD_POST_4": "1170", "COD_POST_3": "156", "COM_INT_ID": null, "COD_ACT_ECON": "21402", "DESC_ACT_ECON": "Papelarias (Art. Escrit.,Jornais ..)", "ANO": 1996, "TIPO": "Retalho", "LOCALIZACAO": "Isolado", "C_INTEGRADO": null, "EMPRESA": "MARIA ISABEL SILVEIRA MENDES RODRIGUES MOURA", "GlobalID": "5f2c33b4-7535-447f-aa3a-a9ca22e327d4"}}, {"type": "Feature", "geometry": {"type": "Point", "coordinates": [-1017602.4081999995, 4680705.631499998]}, "properties": {"OBJECTID": 91147, "COD_SIG": null, "IDTIPO": null, "NOME": "DANICA BOUTIQUE INFANTIL & JUVENIL LDA", "REGEND": "009584", "MORADA": "Cal\u00e7ada do Duque", "NUM_POLICIA": "19B", "FREGUESIA": "121", "LOCALIDADE": "LISBOA                         ", "COD_POST_4": "1200", "COD_POST_3": "155", "COM_INT_ID": null, "COD_ACT_ECON": "21101", "DESC_ACT_ECON": "Artigos Vestu\u00e1rio Diverso (Misto)", "ANO": 1996, "TIPO": "Retalho", "LOCALIZACAO": "Isolado", "C_INTEGRADO": null, "EMPRESA": "MARIA ISABEL SILVEIRA MENDES RODRIGUES MOURA", "GlobalID": "f474fc57-b13e-41fd-8c64-426a6b07faa1"}}, {"type": "Feature", "geometry": {"type": "Point", "coordinates": [-1020397.0285999998, 4679432.9733000025]}, "properties": {"OBJECTID": 91211, "COD_SIG": null, "IDTIPO": null, "NOME": "CARLOS FREIRE FERNANDES", "REGEND": "009495", "MORADA": "PRES ARRIAGA (R)", "NUM_POLICIA": "144", "FREGUESIA": "113", "LOCALIDADE": null, "COD_POST_4": null, "COD_POST_3": null, "COM_INT_ID": null, "COD_ACT_ECON": "30003", "DESC_ACT_ECON": "Repara\u00e7\u00e3o De Cal\u00e7ado E Art. Couro", "ANO": 1996, "TIPO": "Retalho", "LOCALIZACAO": "Isolado", "C_INTEGRADO": null, "EMPRESA": "CARLOS FREIRE FERNANDES", "GlobalID": "48b6da0f-8cc6-449d-82f8-f7fdc1a8defa"}}, {"type": "Feature", "geometry": {"type": "Point", "coordinates": [-1019892.8751000017, 4682163.814999998]}, "properties": {"OBJECTID": 91319, "COD_SIG": null, "IDTIPO": null, "NOME": "MAJOR BABE", "REGEND": "009956", "MORADA": "Avenida Engenheiro Duarte Pacheco", "NUM_POLICIA": "Lote 7", "FREGUESIA": "110", "LOCALIDADE": "LISBOA                         ", "COD_POST_4": "1070", "COD_POST_3": "100", "COM_INT_ID": 48, "COD_ACT_ECON": "21101", "DESC_ACT_ECON": "Artigos Vestu\u00e1rio Diverso (Misto)", "ANO": 1996, "TIPO": "Retalho", "LOCALIZACAO": "Integrado - outro", "C_INTEGRADO": "SHOPPING CENTER AMOREIRAS", "EMPRESA": "MARIA ISABEL SILVEIRA MENDES RODRIGUES MOURA", "GlobalID": "93a7fd17-4b0e-47bc-b23b-7193a98bfff1"}}, {"type": "Feature", "geometry": {"type": "Point", "coordinates": [-1019879.4765999988, 4679668.120700002]}, "properties": {"OBJECTID": 91346, "COD_SIG": null, "IDTIPO": null, "NOME": "COMERCIAL R CONDE LDA", "REGEND": "009565", "MORADA": "PAZ (T DA)", "NUM_POLICIA": "26/28", "FREGUESIA": "113", "LOCALIDADE": null, "COD_POST_4": null, "COD_POST_3": null, "COM_INT_ID": null, "COD_ACT_ECON": "21503", "DESC_ACT_ECON": "Drogarias", "ANO": 1996, "TIPO": "Retalho", "LOCALIZACAO": "Isolado", "C_INTEGRADO": null, "EMPRESA": "COMERCIAL RUA CONDE LDA", "GlobalID": "d0ad2afa-073a-4048-b02c-6c020af786b5"}}, {"type": "Feature", "geometry": {"type": "Point", "coordinates": [-1017506.8059, 4680712.389700003]}, "properties": {"OBJECTID": 91360, "COD_SIG": null, "IDTIPO": null, "NOME": "CELEIRO", "REGEND": "009569", "MORADA": "CARMO (C)", "NUM_POLICIA": "21", "FREGUESIA": "121", "LOCALIDADE": null, "COD_POST_4": null, "COD_POST_3": null, "COM_INT_ID": null, "COD_ACT_ECON": "11007", "DESC_ACT_ECON": "Padarias", "ANO": 1996, "TIPO": "Retalho", "LOCALIZACAO": "Isolado", "C_INTEGRADO": null, "EMPRESA": "DANTAS & VALE LDA", "GlobalID": "1f70551b-e3ef-4544-a9de-80f38adecdec"}}, {"type": "Feature", "geometry": {"type": "Point", "coordinates": [-1017710.685800001, 4680397.856700003]}, "properties": {"OBJECTID": 91390, "COD_SIG": null, "IDTIPO": null, "NOME": "BOUTIQ ROMANTIC", "REGEND": "009666", "MORADA": "NOVA DA TRINDADE (R)", "NUM_POLICIA": "6 B", "FREGUESIA": "121", "LOCALIDADE": null, "COD_POST_4": null, "COD_POST_3": null, "COM_INT_ID": null, "COD_ACT_ECON": "21103", "DESC_ACT_ECON": "Artigos Vestu\u00e1rio Senhora (Boutique)", "ANO": 1996, "TIPO": "Retalho", "LOCALIZACAO": "Isolado", "C_INTEGRADO": null, "EMPRESA": "MARIA ISABEL SILVEIRA MENDES RODRIGUES MOURA", "GlobalID": "59d2f183-b96e-4fcb-82ca-279745fdcda3"}}, {"type": "Feature", "geometry": {"type": "Point", "coordinates": [-1017710.6433999985, 4680394.001999997]}, "properties": {"OBJECTID": 91498, "COD_SIG": null, "IDTIPO": null, "NOME": "MARIA VAIDOSA", "REGEND": "009665", "MORADA": "NOVA DA TRINDADE (R)", "NUM_POLICIA": "6 A", "FREGUESIA": "121", "LOCALIDADE": null, "COD_POST_4": null, "COD_POST_3": null, "COM_INT_ID": null, "COD_ACT_ECON": "21103", "DESC_ACT_ECON": "Artigos Vestu\u00e1rio Senhora (Boutique)", "ANO": 1996, "TIPO": "Retalho", "LOCALIZACAO": "Isolado", "C_INTEGRADO": null, "EMPRESA": "MARIA ISABEL SILVEIRA MENDES RODRIGUES MOURA", "GlobalID": "6d658e38-3481-44dc-aabc-30830fbc1db6"}}, {"type": "Feature", "geometry": {"type": "Point", "coordinates": [-1017582.8588000014, 4680333.603399999]}, "properties": {"OBJECTID": 91607, "COD_SIG": null, "IDTIPO": null, "NOME": "ANTONIO SILVA OLIVEIRA TEQUE", "REGEND": "009643", "MORADA": "GARRETT (R)", "NUM_POLICIA": "72", "FREGUESIA": "121", "LOCALIDADE": null, "COD_POST_4": null, "COD_POST_3": null, "COM_INT_ID": 82, "COD_ACT_ECON": "21403", "DESC_ACT_ECON": "Tabacaria", "ANO": 1996, "TIPO": "Retalho", "LOCALIZACAO": "Integrado - outro", "C_INTEGRADO": "GALERIA IMP\u00c9RIO", "EMPRESA": "MARIA ISABEL SILVEIRA MENDES RODRIGUES MOURA", "GlobalID": "77d62bd7-240e-4333-9160-006c324a6f2e"}}, {"type": "Feature", "geometry": {"type": "Point", "coordinates": [-1021007.0311000012, 4679339.227499999]}, "properties": {"OBJECTID": 91616, "COD_SIG": null, "IDTIPO": null, "NOME": "COOPERATIVA CONSUMO TRABALHADORES CUF/LISBOA", "REGEND": "009406", "MORADA": "VINTE E QUATRO DE JULHO (AV)", "NUM_POLICIA": "170", "FREGUESIA": "113", "LOCALIDADE": null, "COD_POST_4": null, "COD_POST_3": null, "COM_INT_ID": null, "COD_ACT_ECON": "12005", "DESC_ACT_ECON": "Cooperativas De Consumo, Cantinas", "ANO": 1996, "TIPO": "Retalho", "LOCALIZACAO": "Isolado", "C_INTEGRADO": null, "EMPRESA": "MARIA ISABEL SILVEIRA MENDES RODRIGUES MOURA", "GlobalID": "431ad478-3a52-40d0-b184-64333eb92bd6"}}, {"type": "Feature", "geometry": {"type": "Point", "coordinates": [-1020378.2846999988, 4679415.374600001]}, "properties": {"OBJECTID": 91903, "COD_SIG": null, "IDTIPO": null, "NOME": "FARMACIA MATILDE AUGUSTA", "REGEND": "009500", "MORADA": "PRES ARRIAGA (R)", "NUM_POLICIA": "39", "FREGUESIA": "113", "LOCALIDADE": null, "COD_POST_4": null, "COD_POST_3": null, "COM_INT_ID": null, "COD_ACT_ECON": "21301", "DESC_ACT_ECON": "Farm\u00e1cias", "ANO": 1996, "TIPO": "Retalho", "LOCALIZACAO": "Isolado", "C_INTEGRADO": null, "EMPRESA": "MARIA ISABEL SILVEIRA MENDES RODRIGUES MOURA", "GlobalID": "a487efa4-76f3-4c75-bc29-6f210e5a3197"}}, {"type": "Feature", "geometry": {"type": "Point", "coordinates": [-1017101.5144000016, 4680165.567900002]}, "properties": {"OBJECTID": 92114, "COD_SIG": null, "IDTIPO": null, "NOME": "CHARLES MARTIN GOLD", "REGEND": "010011", "MORADA": "ENG DUARTE PACHECO (AV)", "NUM_POLICIA": null, "FREGUESIA": "121", "LOCALIDADE": null, "COD_POST_4": null, "COD_POST_3": null, "COM_INT_ID": 48, "COD_ACT_ECON": "21522", "DESC_ACT_ECON": "Ourivesarias/Relojoarias", "ANO": 1996, "TIPO": "Retalho", "LOCALIZACAO": "Integrado - outro", "C_INTEGRADO": "SHOPPING CENTER AMOREIRAS", "EMPRESA": "MARIA ISABEL SILVEIRA MENDES RODRIGUES MOURA", "GlobalID": "e037a6fa-0354-407f-9afa-f90c57bc581e"}}, {"type": "Feature", "geometry": {"type": "Point", "coordinates": [-1017537.4200000018, 4680703.055399999]}, "properties": {"OBJECTID": 92131, "COD_SIG": null, "IDTIPO": null, "NOME": "ROMAIA", "REGEND": "009571", "MORADA": "CARMO (C)", "NUM_POLICIA": "37 B", "FREGUESIA": "121", "LOCALIDADE": null, "COD_POST_4": null, "COD_POST_3": null, "COM_INT_ID": null, "COD_ACT_ECON": "21406", "DESC_ACT_ECON": "Artigos De Desporto", "ANO": 1996, "TIPO": "Retalho", "LOCALIZACAO": "Isolado", "C_INTEGRADO": null, "EMPRESA": "ROMAIA - COM\u00c9RCIO E REPRESENTA\u00c7\u00d5ES DE DESPORTO, SA", "GlobalID": "5c44997a-1e04-4384-8ae7-66933ee96509"}}, {"type": "Feature", "geometry": {"type": "Point", "coordinates": [-1017582.8588000014, 4680333.603399999]}, "properties": {"OBJECTID": 92147, "COD_SIG": null, "IDTIPO": null, "NOME": "ANTONIO ABREU LDA", "REGEND": "009640", "MORADA": "GARRETT (R)", "NUM_POLICIA": "72", "FREGUESIA": "121", "LOCALIDADE": null, "COD_POST_4": null, "COD_POST_3": null, "COM_INT_ID": 82, "COD_ACT_ECON": "21522", "DESC_ACT_ECON": "Ourivesarias/Relojoarias", "ANO": 1996, "TIPO": "Retalho", "LOCALIZACAO": "Integrado - outro", "C_INTEGRADO": "GALERIA IMP\u00c9RIO", "EMPRESA": "MARIA ISABEL SILVEIRA MENDES RODRIGUES MOURA", "GlobalID": "deace5a9-9870-447b-979c-5b2867f8e391"}}, {"type": "Feature", "geometry": {"type": "Point", "coordinates": [-1017651.9668000005, 4680319.720299996]}, "properties": {"OBJECTID": 92163, "COD_SIG": null, "IDTIPO": null, "NOME": "ITALUS", "REGEND": "009649", "MORADA": "Rua Garrett", "NUM_POLICIA": "98", "FREGUESIA": "121", "LOCALIDADE": "LISBOA                         ", "COD_POST_4": "1200", "COD_POST_3": "204", "COM_INT_ID": null, "COD_ACT_ECON": "21115", "DESC_ACT_ECON": "Sapatarias", "ANO": 1996, "TIPO": "Retalho", "LOCALIZACAO": "Isolado", "C_INTEGRADO": null, "EMPRESA": "MARIA ISABEL SILVEIRA MENDES RODRIGUES MOURA", "GlobalID": "4b388c19-cbfe-436a-8b03-df3fe6e58eea"}}, {"type": "Feature", "geometry": {"type": "Point", "coordinates": [-1018648.4591999985, 4680252.492299996]}, "properties": {"OBJECTID": 92239, "COD_SIG": null, "IDTIPO": null, "NOME": "MANUEL DOMINGOS MORAIS & CARLOS ALBERTO FERNANDES ALVES", "REGEND": "009794", "MORADA": "PO\u00c7O DOS NEGROS (R DO)", "NUM_POLICIA": "71", "FREGUESIA": "116", "LOCALIDADE": null, "COD_POST_4": null, "COD_POST_3": null, "COM_INT_ID": null, "COD_ACT_ECON": "11005", "DESC_ACT_ECON": "Produtos Horto-Frut\u00edcolas", "ANO": 1996, "TIPO": "Retalho", "LOCALIZACAO": "Isolado", "C_INTEGRADO": null, "EMPRESA": "MARIA ISABEL SILVEIRA MENDES RODRIGUES MOURA", "GlobalID": "953a03ab-5b9c-474e-9169-40881b5cf85c"}}, {"type": "Feature", "geometry": {"type": "Point", "coordinates": [-1017786.2342000008, 4680517.816399999]}, "properties": {"OBJECTID": 92254, "COD_SIG": null, "IDTIPO": null, "NOME": "TAMOSAGA", "REGEND": "009652", "MORADA": "MISERIC\u00d3RDIA (R DA)", "NUM_POLICIA": "64", "FREGUESIA": "121", "LOCALIDADE": null, "COD_POST_4": null, "COD_POST_3": null, "COM_INT_ID": null, "COD_ACT_ECON": "21101", "DESC_ACT_ECON": "Artigos Vestu\u00e1rio Diverso (Misto)", "ANO": 1996, "TIPO": "Retalho", "LOCALIZACAO": "Isolado", "C_INTEGRADO": null, "EMPRESA": "MARIA ISABEL SILVEIRA MENDES RODRIGUES MOURA", "GlobalID": "acb762c7-a7f2-4226-a322-2a18170f5e0f"}}, {"type": "Feature", "geometry": {"type": "Point", "coordinates": [-1017582.8588000014, 4680333.603399999]}, "properties": {"OBJECTID": 92258, "COD_SIG": null, "IDTIPO": null, "NOME": "MARIOLA", "REGEND": "009641", "MORADA": "GARRETT (R)", "NUM_POLICIA": "72", "FREGUESIA": "121", "LOCALIDADE": null, "COD_POST_4": null, "COD_POST_3": null, "COM_INT_ID": 82, "COD_ACT_ECON": "21105", "DESC_ACT_ECON": "Roupa B\u00e9b\u00e9", "ANO": 1996, "TIPO": "Retalho", "LOCALIZACAO": "Integrado - outro", "C_INTEGRADO": "GALERIA IMP\u00c9RIO", "EMPRESA": "MOREIRA, SANTOS & GALVEIAS, LDA", "GlobalID": "4ade9a66-ad3b-412b-b9c3-796439041f87"}}, {"type": "Feature", "geometry": {"type": "Point", "coordinates": [-1020926.6409000009, 4679583.600699998]}, "properties": {"OBJECTID": 92320, "COD_SIG": null, "IDTIPO": null, "NOME": "DROGARIA BRASILIA", "REGEND": "009521", "MORADA": "PRIOR DO CRATO (R) A ALCANTARA", "NUM_POLICIA": "20/22", "FREGUESIA": "113", "LOCALIDADE": "LISBOA", "COD_POST_4": "1350", "COD_POST_3": "261", "COM_INT_ID": null, "COD_ACT_ECON": "21503", "DESC_ACT_ECON": "Drogarias", "ANO": 1996, "TIPO": "Retalho", "LOCALIZACAO": "Isolado", "C_INTEGRADO": null, "EMPRESA": "MARIA ISABEL SILVEIRA MENDES RODRIGUES MOURA", "GlobalID": "fd312533-d9b4-4ad1-a735-dd6952593ec6"}}, {"type": "Feature", "geometry": {"type": "Point", "coordinates": [-1020961.3143999986, 4679596.738399997]}, "properties": {"OBJECTID": 92339, "COD_SIG": null, "IDTIPO": null, "NOME": "JOSE LUIS CONCEI\u00c7AO FELICIANO", "REGEND": "009528", "MORADA": "PRIOR DO CRATO (R) A ALCANTARA", "NUM_POLICIA": "40/42", "FREGUESIA": "113", "LOCALIDADE": null, "COD_POST_4": null, "COD_POST_3": null, "COM_INT_ID": null, "COD_ACT_ECON": "21206", "DESC_ACT_ECON": "M\u00f3veis E Colchoaria (Interior)", "ANO": 1996, "TIPO": "Retalho", "LOCALIZACAO": "Isolado", "C_INTEGRADO": null, "EMPRESA": "JOSE LUIS CONCEI\u00c7AO FELICIANO", "GlobalID": "ee7b3563-c37d-4714-9585-f5ae851a4852"}}, {"type": "Feature", "geometry": {"type": "Point", "coordinates": [-1018068.8306000009, 4680637.8587]}, "properties": {"OBJECTID": 92371, "COD_SIG": null, "IDTIPO": null, "NOME": "FIGUEIREDO PEREIRA & NUNES LDA", "REGEND": "009802", "MORADA": "ROSA (R DA)", "NUM_POLICIA": "137/139", "FREGUESIA": "116", "LOCALIDADE": null, "COD_POST_4": null, "COD_POST_3": null, "COM_INT_ID": null, "COD_ACT_ECON": "21117", "DESC_ACT_ECON": "Retrosarias", "ANO": 1996, "TIPO": "Retalho", "LOCALIZACAO": "Isolado", "C_INTEGRADO": null, "EMPRESA": "MARIA ISABEL SILVEIRA MENDES RODRIGUES MOURA", "GlobalID": "401fb008-8689-4218-872e-398110f7f622"}}, {"type": "Feature", "geometry": {"type": "Point", "coordinates": [-1018112.0705999993, 4680818.767300002]}, "properties": {"OBJECTID": 92375, "COD_SIG": null, "IDTIPO": null, "NOME": "ALASCA COMERCIO LDA", "REGEND": "009804", "MORADA": "ROSA (R DA)", "NUM_POLICIA": "225", "FREGUESIA": "116", "LOCALIDADE": null, "COD_POST_4": null, "COD_POST_3": null, "COM_INT_ID": null, "COD_ACT_ECON": "12003", "DESC_ACT_ECON": "Mini-Mercados/Auto-Servi\u00e7os", "ANO": 1996, "TIPO": "Retalho", "LOCALIZACAO": "Isolado", "C_INTEGRADO": null, "EMPRESA": "MARIA ISABEL SILVEIRA MENDES RODRIGUES MOURA", "GlobalID": "e81d136b-8b01-4c9a-a1dc-35f1faf20897"}}, {"type": "Feature", "geometry": {"type": "Point", "coordinates": [-1017638.304299999, 4680447.2897000015]}, "properties": {"OBJECTID": 92472, "COD_SIG": null, "IDTIPO": null, "NOME": "VIDEOCENTRO", "REGEND": "009600", "MORADA": "RAFAEL BORDALO PINHEIRO (L)", "NUM_POLICIA": "30 A", "FREGUESIA": "121", "LOCALIDADE": null, "COD_POST_4": null, "COD_POST_3": null, "COM_INT_ID": null, "COD_ACT_ECON": "21411", "DESC_ACT_ECON": "Discos/Cassetes Audio E Video", "ANO": 1996, "TIPO": "Retalho", "LOCALIZACAO": "Isolado", "C_INTEGRADO": null, "EMPRESA": "MARIA ISABEL SILVEIRA MENDES RODRIGUES MOURA", "GlobalID": "4c3b7042-014e-41bf-8ba5-c2602462adf0"}}, {"type": "Feature", "geometry": {"type": "Point", "coordinates": [-1015812.9664000012, 4681780.273800001]}, "properties": {"OBJECTID": 92499, "COD_SIG": null, "IDTIPO": null, "NOME": "AGUIA D'OURO", "REGEND": "009891", "MORADA": "Rua dos Sapadores", "NUM_POLICIA": "21", "FREGUESIA": "124", "LOCALIDADE": "LISBOA", "COD_POST_4": "1170", "COD_POST_3": "339", "COM_INT_ID": null, "COD_ACT_ECON": "11003", "DESC_ACT_ECON": "Charcutarias", "ANO": 1996, "TIPO": "Retalho", "LOCALIZACAO": "Isolado", "C_INTEGRADO": null, "EMPRESA": "MARIA ISABEL SILVEIRA MENDES RODRIGUES MOURA", "GlobalID": "fc57c85d-6b01-477a-b828-bc49abc1a7e4"}}, {"type": "Feature", "geometry": {"type": "Point", "coordinates": [-1020391.3300999999, 4679437.460000001]}, "properties": {"OBJECTID": 92656, "COD_SIG": null, "IDTIPO": null, "NOME": "SOC PRODUTOS ALIMENTARES SANTINHO LDA", "REGEND": "009494", "MORADA": "PRES ARRIAGA (R)", "NUM_POLICIA": "138/140", "FREGUESIA": "113", "LOCALIDADE": null, "COD_POST_4": null, "COD_POST_3": null, "COM_INT_ID": null, "COD_ACT_ECON": "11002", "DESC_ACT_ECON": "Talhos", "ANO": 1996, "TIPO": "Retalho", "LOCALIZACAO": "Isolado", "C_INTEGRADO": null, "EMPRESA": "MARIA ISABEL SILVEIRA MENDES RODRIGUES MOURA", "GlobalID": "6c774488-9185-45b6-971d-f48248cf6d7e"}}, {"type": "Feature", "geometry": {"type": "Point", "coordinates": [-1020401.5518999994, 4679436.059100002]}, "properties": {"OBJECTID": 92657, "COD_SIG": null, "IDTIPO": null, "NOME": "O.M.T", "REGEND": "009496", "MORADA": "PRES ARRIAGA (R)", "NUM_POLICIA": "146", "FREGUESIA": "113", "LOCALIDADE": null, "COD_POST_4": null, "COD_POST_3": null, "COM_INT_ID": null, "COD_ACT_ECON": "21512", "DESC_ACT_ECON": "Material El\u00e9ctrico E P/ Electr\u00f3nica", "ANO": 1996, "TIPO": "Retalho", "LOCALIZACAO": "Isolado", "C_INTEGRADO": null, "EMPRESA": "MARIA ISABEL SILVEIRA MENDES RODRIGUES MOURA", "GlobalID": "99d6d3f1-f75c-47eb-af77-c1e8c1240e62"}}, {"type": "Feature", "geometry": {"type": "Point", "coordinates": [-1017499.1418000013, 4680713.759599999]}, "properties": {"OBJECTID": 92668, "COD_SIG": null, "IDTIPO": null, "NOME": "LINOS CONFEC\u00c7OES LDA", "REGEND": "009568", "MORADA": "CARMO (C)", "NUM_POLICIA": "17", "FREGUESIA": "121", "LOCALIDADE": null, "COD_POST_4": null, "COD_POST_3": null, "COM_INT_ID": null, "COD_ACT_ECON": "21111", "DESC_ACT_ECON": "Tecidos Para Confec\u00e7\u00e3o Vestu\u00e1rio", "ANO": 1996, "TIPO": "Retalho", "LOCALIZACAO": "Isolado", "C_INTEGRADO": null, "EMPRESA": "MARIA ISABEL SILVEIRA MENDES RODRIGUES MOURA", "GlobalID": "c765115c-c103-48c0-9ead-2436cbdd24cd"}}, {"type": "Feature", "geometry": {"type": "Point", "coordinates": [-1017534.6284000017, 4680448.638499998]}, "properties": {"OBJECTID": 92691, "COD_SIG": null, "IDTIPO": null, "NOME": "PRE NATAL", "REGEND": "009594", "MORADA": "CARMO (L DO)", "NUM_POLICIA": "4", "FREGUESIA": "121", "LOCALIDADE": null, "COD_POST_4": null, "COD_POST_3": null, "COM_INT_ID": null, "COD_ACT_ECON": "21105", "DESC_ACT_ECON": "Roupa B\u00e9b\u00e9", "ANO": 1996, "TIPO": "Retalho", "LOCALIZACAO": "Isolado", "C_INTEGRADO": null, "EMPRESA": "PR\u00c9 NATAL, LDA", "GlobalID": "b4a0d3c7-622f-4620-b899-a99863cd024b"}}, {"type": "Feature", "geometry": {"type": "Point", "coordinates": [-1017590.8524999991, 4680700.430600002]}, "properties": {"OBJECTID": 92695, "COD_SIG": null, "IDTIPO": null, "NOME": "CASA CHAVES CARMO", "REGEND": "009581", "MORADA": "DUQUE (C DO)", "NUM_POLICIA": "17 A", "FREGUESIA": "121", "LOCALIDADE": null, "COD_POST_4": null, "COD_POST_3": null, "COM_INT_ID": null, "COD_ACT_ECON": "21501", "DESC_ACT_ECON": "Materiais Constru\u00e7\u00e3o,Metais E Ferragens", "ANO": 1996, "TIPO": "Retalho", "LOCALIZACAO": "Isolado", "C_INTEGRADO": null, "EMPRESA": "MARIA ISABEL SILVEIRA MENDES RODRIGUES MOURA", "GlobalID": "37e08d1e-53da-44e6-9746-6c384caaa823"}}, {"type": "Feature", "geometry": {"type": "Point", "coordinates": [-1017751.3214999996, 4680601.734099999]}, "properties": {"OBJECTID": 92716, "COD_SIG": null, "IDTIPO": null, "NOME": "LINHA MARMORE", "REGEND": "009661", "MORADA": "NOVA DA TRINDADE (R)", "NUM_POLICIA": "22 E", "FREGUESIA": "121", "LOCALIDADE": null, "COD_POST_4": null, "COD_POST_3": null, "COM_INT_ID": null, "COD_ACT_ECON": "21202", "DESC_ACT_ECON": "Artigos Diversos Lar/Decora\u00e7\u00e3o", "ANO": 1996, "TIPO": "Retalho", "LOCALIZACAO": "Isolado", "C_INTEGRADO": null, "EMPRESA": "MARIA ISABEL SILVEIRA MENDES RODRIGUES MOURA", "GlobalID": "834c176f-a3f0-4190-a4db-9137e4ddab8c"}}, {"type": "Feature", "geometry": {"type": "Point", "coordinates": [-1019875.1055000015, 4682134.330799997]}, "properties": {"OBJECTID": 92769, "COD_SIG": null, "IDTIPO": null, "NOME": "PIED POULE", "REGEND": "010009", "MORADA": "Avenida Engenheiro Duarte Pacheco", "NUM_POLICIA": "Lote 7", "FREGUESIA": "110", "LOCALIDADE": "LISBOA                         ", "COD_POST_4": "1070", "COD_POST_3": "100", "COM_INT_ID": 48, "COD_ACT_ECON": "21103", "DESC_ACT_ECON": "Artigos Vestu\u00e1rio Senhora (Boutique)", "ANO": 1996, "TIPO": "Retalho", "LOCALIZACAO": "Integrado - outro", "C_INTEGRADO": "SHOPPING CENTER AMOREIRAS", "EMPRESA": "VENI COMERCIO CONFEC\u00c7OES, LDA", "GlobalID": "95c00425-e77f-4fd2-818f-23adb91bdbca"}}, {"type": "Feature", "geometry": {"type": "Point", "coordinates": [-1017513.1761999987, 4680709.7491]}, "properties": {"OBJECTID": 92784, "COD_SIG": null, "IDTIPO": null, "NOME": "NUMIFILARTE LDA", "REGEND": "009570", "MORADA": "CARMO (C)", "NUM_POLICIA": "25", "FREGUESIA": "121", "LOCALIDADE": null, "COD_POST_4": null, "COD_POST_3": null, "COM_INT_ID": null, "COD_ACT_ECON": "21404", "DESC_ACT_ECON": "Alfarrabista/Filatelia/Numism\u00e1tica", "ANO": 1996, "TIPO": "Retalho", "LOCALIZACAO": "Isolado", "C_INTEGRADO": null, "EMPRESA": "NUMIFILARTE - ESCRIT\u00d3RIO NUMISMATICO, FILATELICO E DE PINTURA, LDA", "GlobalID": "1e0c3422-afcd-4d6a-bfc3-bab6670e8d4a"}}, {"type": "Feature", "geometry": {"type": "Point", "coordinates": [-1015653.0916000009, 4681333.933700003]}, "properties": {"OBJECTID": 92850, "COD_SIG": null, "IDTIPO": null, "NOME": "VOLFICAR", "REGEND": "009872", "MORADA": "LEITE DE VASCONCELOS (R)", "NUM_POLICIA": "20 B", "FREGUESIA": "124", "LOCALIDADE": null, "COD_POST_4": null, "COD_POST_3": null, "COM_INT_ID": null, "COD_ACT_ECON": "21505", "DESC_ACT_ECON": "Ve\u00edculos Pesados (Novos)", "ANO": 1996, "TIPO": "Retalho", "LOCALIZACAO": "Isolado", "C_INTEGRADO": null, "EMPRESA": "MARIA ISABEL SILVEIRA MENDES RODRIGUES MOURA", "GlobalID": "72456d00-969a-4d6f-a836-c5dea4d56864"}}, {"type": "Feature", "geometry": {"type": "Point", "coordinates": [-1015605.3354999982, 4681342.402500004]}, "properties": {"OBJECTID": 92865, "COD_SIG": null, "IDTIPO": null, "NOME": "CESSIONARIOS SOC INDUSTRIAL TOLDOS ENCERADOS", "REGEND": "009871", "MORADA": "LEITE DE VASCONCELOS (R)", "NUM_POLICIA": "16 A/B", "FREGUESIA": "124", "LOCALIDADE": null, "COD_POST_4": null, "COD_POST_3": null, "COM_INT_ID": null, "COD_ACT_ECON": "21526", "DESC_ACT_ECON": "Outros N.E.(C.N.Alim. Diversos)", "ANO": 1996, "TIPO": "Retalho", "LOCALIZACAO": "Isolado", "C_INTEGRADO": null, "EMPRESA": "MARIA ISABEL SILVEIRA MENDES RODRIGUES MOURA", "GlobalID": "192e127b-911c-47db-b5de-82b0168098b7"}}, {"type": "Feature", "geometry": {"type": "Point", "coordinates": [-1015680.6686999984, 4681562.637400001]}, "properties": {"OBJECTID": 92904, "COD_SIG": null, "IDTIPO": null, "NOME": "TALHO 67", "REGEND": "009902", "MORADA": "VALE DE ST ANTONIO (R DO)", "NUM_POLICIA": "139/141", "FREGUESIA": "124", "LOCALIDADE": null, "COD_POST_4": null, "COD_POST_3": null, "COM_INT_ID": null, "COD_ACT_ECON": "11002", "DESC_ACT_ECON": "Talhos", "ANO": 1996, "TIPO": "Retalho", "LOCALIZACAO": "Isolado", "C_INTEGRADO": null, "EMPRESA": "MARIA ISABEL SILVEIRA MENDES RODRIGUES MOURA", "GlobalID": "72eb5a95-cc6e-4459-bbfe-7dc808f3480f"}}, {"type": "Feature", "geometry": {"type": "Point", "coordinates": [-1018073.2884000018, 4680465.206900001]}, "properties": {"OBJECTID": 92912, "COD_SIG": null, "IDTIPO": null, "NOME": "CASA RIBEIRO SILVA", "REGEND": "009838", "MORADA": "FIEIS DE DEUS (T DOS)", "NUM_POLICIA": "69", "FREGUESIA": "116", "LOCALIDADE": null, "COD_POST_4": null, "COD_POST_3": null, "COM_INT_ID": null, "COD_ACT_ECON": "21202", "DESC_ACT_ECON": "Artigos Diversos Lar/Decora\u00e7\u00e3o", "ANO": 1996, "TIPO": "Retalho", "LOCALIZACAO": "Isolado", "C_INTEGRADO": null, "EMPRESA": "MARIA ISABEL SILVEIRA MENDES RODRIGUES MOURA", "GlobalID": "1f35cd03-511e-4aa3-ba03-5931316fea3d"}}, {"type": "Feature", "geometry": {"type": "Point", "coordinates": [-1018288.8365000002, 4681063.545900002]}, "properties": {"OBJECTID": 92970, "COD_SIG": null, "IDTIPO": null, "NOME": "SOCIEDADE PADARIAS SARL", "REGEND": "009733", "MORADA": "D PEDRO V (R)", "NUM_POLICIA": "119/121", "FREGUESIA": "116", "LOCALIDADE": "LISBOA", "COD_POST_4": "1250", "COD_POST_3": "093", "COM_INT_ID": null, "COD_ACT_ECON": "11007", "DESC_ACT_ECON": "Padarias", "ANO": 1996, "TIPO": "Retalho", "LOCALIZACAO": "Isolado", "C_INTEGRADO": null, "EMPRESA": "PASTELARIA CASTANHEIRA, SA", "GlobalID": "0bd83501-3bd2-4432-bfa2-4ecc7ac8e783"}}, {"type": "Feature", "geometry": {"type": "Point", "coordinates": [-1018719.5659000017, 4680317.235299997]}, "properties": {"OBJECTID": 92983, "COD_SIG": null, "IDTIPO": null, "NOME": "NATURALUSA", "REGEND": "009764", "MORADA": "POIAIS DE S BENTO (R DOS)", "NUM_POLICIA": "63/65", "FREGUESIA": "116", "LOCALIDADE": null, "COD_POST_4": null, "COD_POST_3": null, "COM_INT_ID": null, "COD_ACT_ECON": "11014", "DESC_ACT_ECON": "Prod. Naturais(Diet.,Medicinais,Espec.)", "ANO": 1996, "TIPO": "Retalho", "LOCALIZACAO": "Isolado", "C_INTEGRADO": null, "EMPRESA": "NATURALUSA - PRODUTOS NATURAIS, LDA", "GlobalID": "87fc6e0a-c43d-45d8-a1d5-90d005e4d235"}}, {"type": "Feature", "geometry": {"type": "Point", "coordinates": [-1018874.8737999983, 4680357.9048999995]}, "properties": {"OBJECTID": 93070, "COD_SIG": null, "IDTIPO": null, "NOME": "A MOBILADORA ESTRELA S BENTO LDA", "REGEND": "009824", "MORADA": "S BENTO (R DE)", "NUM_POLICIA": "41", "FREGUESIA": "116", "LOCALIDADE": null, "COD_POST_4": null, "COD_POST_3": null, "COM_INT_ID": null, "COD_ACT_ECON": "21211", "DESC_ACT_ECON": "Electrodom\u00e9sticos", "ANO": 1996, "TIPO": "Retalho", "LOCALIZACAO": "Isolado", "C_INTEGRADO": null, "EMPRESA": "A MOBILADORA ESTRELA DE S.BENTO, LDA  ", "GlobalID": "7718f571-44df-4c47-ad2f-fddf26c32ead"}}, {"type": "Feature", "geometry": {"type": "Point", "coordinates": [-1015439.4574999996, 4681309.818599999]}, "properties": {"OBJECTID": 93112, "COD_SIG": null, "IDTIPO": null, "NOME": "ARMANDA E CLAUDIO", "REGEND": "009859", "MORADA": "Rua da Cruz de Santa Apol\u00f3nia", "NUM_POLICIA": "124", "FREGUESIA": "124", "LOCALIDADE": "LISBOA", "COD_POST_4": "1100", "COD_POST_3": "188", "COM_INT_ID": null, "COD_ACT_ECON": "12004", "DESC_ACT_ECON": "Mercearias", "ANO": 1996, "TIPO": "Retalho", "LOCALIZACAO": "Isolado", "C_INTEGRADO": null, "EMPRESA": "MARIA ISABEL SILVEIRA MENDES RODRIGUES MOURA", "GlobalID": "dc843b76-3390-42ef-b5f5-b1dc8ffacc0b"}}, {"type": "Feature", "geometry": {"type": "Point", "coordinates": [-1019254.4957999997, 4681578.383500002]}, "properties": {"OBJECTID": 93138, "COD_SIG": null, "IDTIPO": null, "NOME": "BRAZILIA", "REGEND": "009930", "MORADA": "ALVARES CABRAL (AV)", "NUM_POLICIA": "12 A", "FREGUESIA": "110", "LOCALIDADE": null, "COD_POST_4": null, "COD_POST_3": null, "COM_INT_ID": null, "COD_ACT_ECON": "21101", "DESC_ACT_ECON": "Artigos Vestu\u00e1rio Diverso (Misto)", "ANO": 1996, "TIPO": "Retalho", "LOCALIZACAO": "Isolado", "C_INTEGRADO": null, "EMPRESA": "MARIA ISABEL SILVEIRA MENDES RODRIGUES MOURA", "GlobalID": "a0dafe2f-cbc2-443b-8495-7c7b317ca715"}}, {"type": "Feature", "geometry": {"type": "Point", "coordinates": [-1015548.2300000004, 4681388.004900001]}, "properties": {"OBJECTID": 93223, "COD_SIG": null, "IDTIPO": null, "NOME": "OLIVEIRA & JACINTO LDA", "REGEND": "009916", "MORADA": "VALE DE ST ANTONIO (R DO)", "NUM_POLICIA": "48 C", "FREGUESIA": "124", "LOCALIDADE": null, "COD_POST_4": null, "COD_POST_3": null, "COM_INT_ID": null, "COD_ACT_ECON": "21211", "DESC_ACT_ECON": "Electrodom\u00e9sticos", "ANO": 1996, "TIPO": "Retalho", "LOCALIZACAO": "Isolado", "C_INTEGRADO": null, "EMPRESA": "MARIA ISABEL SILVEIRA MENDES RODRIGUES MOURA", "GlobalID": "009bbd93-35b2-4ef0-a22d-70c8ce2022eb"}}, {"type": "Feature", "geometry": {"type": "Point", "coordinates": [-1019337.372299999, 4681434.794500001]}, "properties": {"OBJECTID": 93248, "COD_SIG": null, "IDTIPO": null, "NOME": "DECOR", "REGEND": "009939", "MORADA": "ALVARES CABRAL (AV)", "NUM_POLICIA": "46", "FREGUESIA": "110", "LOCALIDADE": null, "COD_POST_4": null, "COD_POST_3": null, "COM_INT_ID": null, "COD_ACT_ECON": "21204", "DESC_ACT_ECON": "Tecidos Para Decora\u00e7\u00e3o", "ANO": 1996, "TIPO": "Retalho", "LOCALIZACAO": "Isolado", "C_INTEGRADO": null, "EMPRESA": "MARIA ISABEL SILVEIRA MENDES RODRIGUES MOURA", "GlobalID": "4ff1fb0c-c566-42f2-9e3f-51fdde3eb32a"}}, {"type": "Feature", "geometry": {"type": "Point", "coordinates": [-1019257.0267999992, 4681575.784599997]}, "properties": {"OBJECTID": 93256, "COD_SIG": null, "IDTIPO": null, "NOME": "TABACARIA FUMO", "REGEND": "009931", "MORADA": "Avenida \u00c1lvares Cabral", "NUM_POLICIA": "12C", "FREGUESIA": "110", "LOCALIDADE": "LISBOA", "COD_POST_4": "1250", "COD_POST_3": "018", "COM_INT_ID": null, "COD_ACT_ECON": "21403", "DESC_ACT_ECON": "Tabacaria", "ANO": 1996, "TIPO": "Retalho", "LOCALIZACAO": "Isolado", "C_INTEGRADO": null, "EMPRESA": "MARIA ISABEL SILVEIRA MENDES RODRIGUES MOURA", "GlobalID": "115eaf18-0359-4679-8359-db03674a4e87"}}, {"type": "Feature", "geometry": {"type": "Point", "coordinates": [-1019431.3454999998, 4681271.612400003]}, "properties": {"OBJECTID": 93263, "COD_SIG": null, "IDTIPO": null, "NOME": "STYLE", "REGEND": "009949", "MORADA": "Avenida \u00c1lvares Cabral", "NUM_POLICIA": "86A", "FREGUESIA": "110", "LOCALIDADE": "LISBOA                         ", "COD_POST_4": "1250", "COD_POST_3": "018", "COM_INT_ID": null, "COD_ACT_ECON": "21101", "DESC_ACT_ECON": "Artigos Vestu\u00e1rio Diverso (Misto)", "ANO": 1996, "TIPO": "Retalho", "LOCALIZACAO": "Isolado", "C_INTEGRADO": null, "EMPRESA": "MARIA ISABEL SILVEIRA MENDES RODRIGUES MOURA", "GlobalID": "ac9fef74-b1a3-4a0a-9a34-750cc54d4116"}}, {"type": "Feature", "geometry": {"type": "Point", "coordinates": [-1019875.1055000015, 4682134.330799997]}, "properties": {"OBJECTID": 93280, "COD_SIG": null, "IDTIPO": null, "NOME": "BROOKLIN'S", "REGEND": "009990", "MORADA": "Avenida Engenheiro Duarte Pacheco", "NUM_POLICIA": "Lote 7", "FREGUESIA": "110", "LOCALIDADE": "LISBOA                         ", "COD_POST_4": "1070", "COD_POST_3": "100", "COM_INT_ID": 48, "COD_ACT_ECON": "21406", "DESC_ACT_ECON": "Artigos De Desporto", "ANO": 1996, "TIPO": "Retalho", "LOCALIZACAO": "Integrado - outro", "C_INTEGRADO": "SHOPPING CENTER AMOREIRAS", "EMPRESA": "MARIA ISABEL SILVEIRA MENDES RODRIGUES MOURA", "GlobalID": "a7a2083a-7c04-4a3d-8ce1-62180c31f3eb"}}, {"type": "Feature", "geometry": {"type": "Point", "coordinates": [-1018552.8808000013, 4680326.017499998]}, "properties": {"OBJECTID": 93299, "COD_SIG": null, "IDTIPO": null, "NOME": "LIVRARIA PROGRESSO EDITORA", "REGEND": "009788", "MORADA": "PO\u00c7O DOS NEGROS (R DO)", "NUM_POLICIA": "5", "FREGUESIA": "116", "LOCALIDADE": null, "COD_POST_4": null, "COD_POST_3": null, "COM_INT_ID": null, "COD_ACT_ECON": "21401", "DESC_ACT_ECON": "Livrarias", "ANO": 1996, "TIPO": "Retalho", "LOCALIZACAO": "Isolado", "C_INTEGRADO": null, "EMPRESA": "LIVRARIA PROGRESSO EDITORA LDA", "GlobalID": "a0fddc7c-8622-4108-be6b-0bc39ed5d374"}}, {"type": "Feature", "geometry": {"type": "Point", "coordinates": [-1018895.3533999994, 4680127.6523]}, "properties": {"OBJECTID": 93309, "COD_SIG": null, "IDTIPO": null, "NOME": "ANTONIO HENRIQUES", "REGEND": "009778", "MORADA": "PO\u00c7O DOS NEGROS (R DO)", "NUM_POLICIA": "188", "FREGUESIA": "116", "LOCALIDADE": null, "COD_POST_4": null, "COD_POST_3": null, "COM_INT_ID": null, "COD_ACT_ECON": "12004", "DESC_ACT_ECON": "Mercearias", "ANO": 1996, "TIPO": "Retalho", "LOCALIZACAO": "Isolado", "C_INTEGRADO": null, "EMPRESA": "MARIA ISABEL SILVEIRA MENDES RODRIGUES MOURA", "GlobalID": "af979c0b-473d-4bdf-a4c7-a18ad6710728"}}, {"type": "Feature", "geometry": {"type": "Point", "coordinates": [-1019875.1055000015, 4682134.330799997]}, "properties": {"OBJECTID": 93373, "COD_SIG": null, "IDTIPO": null, "NOME": "JORGE VIRGILIO", "REGEND": "009985", "MORADA": "Avenida Engenheiro Duarte Pacheco", "NUM_POLICIA": "Lote 7", "FREGUESIA": "110", "LOCALIDADE": "LISBOA                         ", "COD_POST_4": "1070", "COD_POST_3": "100", "COM_INT_ID": 48, "COD_ACT_ECON": "21102", "DESC_ACT_ECON": "Artigos Vestu\u00e1rio Homem", "ANO": 1996, "TIPO": "Retalho", "LOCALIZACAO": "Integrado - outro", "C_INTEGRADO": "SHOPPING CENTER AMOREIRAS", "EMPRESA": "MARIA ISABEL SILVEIRA MENDES RODRIGUES MOURA", "GlobalID": "891cd814-0618-4392-95ea-53891217a409"}}, {"type": "Feature", "geometry": {"type": "Point", "coordinates": [-1015487.112399999, 4681536.467100002]}, "properties": {"OBJECTID": 93417, "COD_SIG": null, "IDTIPO": null, "NOME": "MANUEL CUNHA & CUNHA LDA", "REGEND": "009858", "MORADA": "CORTES REAIS (R DOS)", "NUM_POLICIA": "3", "FREGUESIA": "124", "LOCALIDADE": null, "COD_POST_4": null, "COD_POST_3": null, "COM_INT_ID": null, "COD_ACT_ECON": "12004", "DESC_ACT_ECON": "Mercearias", "ANO": 1996, "TIPO": "Retalho", "LOCALIZACAO": "Isolado", "C_INTEGRADO": null, "EMPRESA": "MANUEL CUNHA & CUNHA, LDA", "GlobalID": "9510ade1-693e-4170-8bed-38431122857d"}}, {"type": "Feature", "geometry": {"type": "Point", "coordinates": [-1018840.1196999997, 4680224.648400001]}, "properties": {"OBJECTID": 93493, "COD_SIG": null, "IDTIPO": null, "NOME": "ARMAZENS CONDE BARAO", "REGEND": "009746", "MORADA": "FRESCA (R)", "NUM_POLICIA": "15", "FREGUESIA": "116", "LOCALIDADE": null, "COD_POST_4": null, "COD_POST_3": null, "COM_INT_ID": null, "COD_ACT_ECON": "21206", "DESC_ACT_ECON": "M\u00f3veis E Colchoaria (Interior)", "ANO": 1996, "TIPO": "Retalho", "LOCALIZACAO": "Isolado", "C_INTEGRADO": null, "EMPRESA": "MARIA ISABEL SILVEIRA MENDES RODRIGUES MOURA", "GlobalID": "c2776bed-4dda-48be-9d9e-a0c48ed196ff"}}, {"type": "Feature", "geometry": {"type": "Point", "coordinates": [-1018690.2622000016, 4680329.128399998]}, "properties": {"OBJECTID": 93502, "COD_SIG": null, "IDTIPO": null, "NOME": "GLORIA & NUNES LDA", "REGEND": "009761", "MORADA": "POIAIS DE S BENTO (R DOS)", "NUM_POLICIA": "47/49", "FREGUESIA": "116", "LOCALIDADE": null, "COD_POST_4": null, "COD_POST_3": null, "COM_INT_ID": null, "COD_ACT_ECON": "11003", "DESC_ACT_ECON": "Charcutarias", "ANO": 1996, "TIPO": "Retalho", "LOCALIZACAO": "Isolado", "C_INTEGRADO": null, "EMPRESA": "GLORIA & NUNES, LDA", "GlobalID": "d0b0733b-00c8-4a03-8b19-06ccf5f493a7"}}, {"type": "Feature", "geometry": {"type": "Point", "coordinates": [-1018795.1077999994, 4680320.245800003]}, "properties": {"OBJECTID": 93507, "COD_SIG": null, "IDTIPO": null, "NOME": "DINAMICA", "REGEND": "009768", "MORADA": "POIAIS DE S BENTO (R DOS)", "NUM_POLICIA": "87", "FREGUESIA": "116", "LOCALIDADE": null, "COD_POST_4": null, "COD_POST_3": null, "COM_INT_ID": null, "COD_ACT_ECON": "21206", "DESC_ACT_ECON": "M\u00f3veis E Colchoaria (Interior)", "ANO": 1996, "TIPO": "Retalho", "LOCALIZACAO": "Isolado", "C_INTEGRADO": null, "EMPRESA": "MARIA ISABEL SILVEIRA MENDES RODRIGUES MOURA", "GlobalID": "512e0889-4052-42c6-a7df-4ce159f982dd"}}, {"type": "Feature", "geometry": {"type": "Point", "coordinates": [-1015412.6966000013, 4681638.807300001]}, "properties": {"OBJECTID": 93701, "COD_SIG": null, "IDTIPO": null, "NOME": "RODRIGUES & CUSTODIO LDA", "REGEND": "009843", "MORADA": "BARBADINHOS (C DOS)", "NUM_POLICIA": "135", "FREGUESIA": "124", "LOCALIDADE": null, "COD_POST_4": null, "COD_POST_3": null, "COM_INT_ID": null, "COD_ACT_ECON": "12004", "DESC_ACT_ECON": "Mercearias", "ANO": 1996, "TIPO": "Retalho", "LOCALIZACAO": "Isolado", "C_INTEGRADO": null, "EMPRESA": "MARIA ISABEL SILVEIRA MENDES RODRIGUES MOURA", "GlobalID": "ad1a9515-d527-4a12-b949-4fe7f8af97e6"}}, {"type": "Feature", "geometry": {"type": "Point", "coordinates": [-1015668.9701000005, 4681546.056900002]}, "properties": {"OBJECTID": 93727, "COD_SIG": null, "IDTIPO": null, "NOME": "LEITARIA MARTINS", "REGEND": "009898", "MORADA": "Rua do Vale de Santo Ant\u00f3nio", "NUM_POLICIA": "123", "FREGUESIA": "124", "LOCALIDADE": "LISBOA", "COD_POST_4": "1170", "COD_POST_3": "378", "COM_INT_ID": null, "COD_ACT_ECON": "11003", "DESC_ACT_ECON": "Charcutarias", "ANO": 1996, "TIPO": "Retalho", "LOCALIZACAO": "Isolado", "C_INTEGRADO": null, "EMPRESA": "MARIA ISABEL SILVEIRA MENDES RODRIGUES MOURA", "GlobalID": "c30eb263-cc53-4470-b265-c95b13292b87"}}, {"type": "Feature", "geometry": {"type": "Point", "coordinates": [-1015663.8220000006, 4681536.435599998]}, "properties": {"OBJECTID": 93756, "COD_SIG": null, "IDTIPO": null, "NOME": "AUTO SERVI\u00c7O VALE", "REGEND": "009897", "MORADA": "VALE DE ST ANTONIO (R DO)", "NUM_POLICIA": "115", "FREGUESIA": "124", "LOCALIDADE": "LISBOA                         ", "COD_POST_4": "1170", "COD_POST_3": "378", "COM_INT_ID": null, "COD_ACT_ECON": "12004", "DESC_ACT_ECON": "Mercearias", "ANO": 1996, "TIPO": "Retalho", "LOCALIZACAO": "Isolado", "C_INTEGRADO": null, "EMPRESA": "MARIA ISABEL SILVEIRA MENDES RODRIGUES MOURA", "GlobalID": "2f023d1a-3061-480f-aaf9-71784bec64e5"}}, {"type": "Feature", "geometry": {"type": "Point", "coordinates": [-1015561.2357000001, 4681407.141400002]}, "properties": {"OBJECTID": 93827, "COD_SIG": null, "IDTIPO": null, "NOME": "ELECTROMANOS LDA", "REGEND": "009917", "MORADA": "VALE DE ST ANTONIO (R DO)", "NUM_POLICIA": "74 A/B", "FREGUESIA": "124", "LOCALIDADE": null, "COD_POST_4": null, "COD_POST_3": null, "COM_INT_ID": null, "COD_ACT_ECON": "21512", "DESC_ACT_ECON": "Material El\u00e9ctrico E P/ Electr\u00f3nica", "ANO": 1996, "TIPO": "Retalho", "LOCALIZACAO": "Isolado", "C_INTEGRADO": null, "EMPRESA": "MARIA ISABEL SILVEIRA MENDES RODRIGUES MOURA", "GlobalID": "c196524d-59d5-43c4-8e29-bdf22dde656a"}}, {"type": "Feature", "geometry": {"type": "Point", "coordinates": [-1015801.0102999993, 4681683.423199996]}, "properties": {"OBJECTID": 93853, "COD_SIG": null, "IDTIPO": null, "NOME": "LIVRARIA DIARIO NOTICIAS", "REGEND": "009904", "MORADA": "VALE DE ST ANTONIO (R DO)", "NUM_POLICIA": "205", "FREGUESIA": "124", "LOCALIDADE": null, "COD_POST_4": null, "COD_POST_3": null, "COM_INT_ID": null, "COD_ACT_ECON": "21401", "DESC_ACT_ECON": "Livrarias", "ANO": 1996, "TIPO": "Retalho", "LOCALIZACAO": "Isolado", "C_INTEGRADO": null, "EMPRESA": "OFICINA DO LIVRO - SOCIEDADE EDITORIAL, LDA", "GlobalID": "02c27d37-ffa3-48af-b87a-355ee3c96dd9"}}, {"type": "Feature", "geometry": {"type": "Point", "coordinates": [-1018079.0258999988, 4681536.256200001]}, "properties": {"OBJECTID": 93904, "COD_SIG": null, "IDTIPO": null, "NOME": "BEBE E COMPANHIA", "REGEND": "010123", "MORADA": "ENG DUARTE PACHECO (AV)", "NUM_POLICIA": null, "FREGUESIA": "122", "LOCALIDADE": null, "COD_POST_4": null, "COD_POST_3": null, "COM_INT_ID": 48, "COD_ACT_ECON": "21104", "DESC_ACT_ECON": "Artigos Vestu\u00e1rio Crian\u00e7a", "ANO": 1996, "TIPO": "Retalho", "LOCALIZACAO": "Integrado - outro", "C_INTEGRADO": "SHOPPING CENTER AMOREIRAS", "EMPRESA": "V & T - ARTIGOS TEXTEIS E DECORA\u00c7\u00c3O, SOCIEDADE UNIPESSOAL, LDA  ", "GlobalID": "2bb4a365-64d9-413c-a0fa-1fa27f777b32"}}, {"type": "Feature", "geometry": {"type": "Point", "coordinates": [-1021655.5603, 4685390.756200001]}, "properties": {"OBJECTID": 93921, "COD_SIG": null, "IDTIPO": null, "NOME": "BEIRA TEJO", "REGEND": "010181", "MORADA": "ARRABIDA (R DA)", "NUM_POLICIA": "44", "FREGUESIA": "123", "LOCALIDADE": null, "COD_POST_4": null, "COD_POST_3": null, "COM_INT_ID": null, "COD_ACT_ECON": "11007", "DESC_ACT_ECON": "Padarias", "ANO": 1996, "TIPO": "Retalho", "LOCALIZACAO": "Isolado", "C_INTEGRADO": null, "EMPRESA": "SOCIEDADE DE PANIFICA\u00c7\u00c3O BEIRA TEJO, LDA", "GlobalID": "31ef6bd4-8870-4d24-8508-d0c3bf9bf6d6"}}, {"type": "Feature", "geometry": {"type": "Point", "coordinates": [-1015435.8401999995, 4681450.917999998]}, "properties": {"OBJECTID": 93938, "COD_SIG": null, "IDTIPO": null, "NOME": "UCAL", "REGEND": "009923", "MORADA": "WASHINGTON (R)", "NUM_POLICIA": "49 A", "FREGUESIA": "124", "LOCALIDADE": null, "COD_POST_4": null, "COD_POST_3": null, "COM_INT_ID": null, "COD_ACT_ECON": "11009", "DESC_ACT_ECON": "Leite E Derivados", "ANO": 1996, "TIPO": "Retalho", "LOCALIZACAO": "Isolado", "C_INTEGRADO": null, "EMPRESA": "MARIA ISABEL SILVEIRA MENDES RODRIGUES MOURA", "GlobalID": "100195f5-f796-42d1-a962-bddfc56aa6b6"}}, {"type": "Feature", "geometry": {"type": "Point", "coordinates": [-1018808.9807000011, 4680186.445600003]}, "properties": {"OBJECTID": 93994, "COD_SIG": null, "IDTIPO": null, "NOME": "OURIVESARIA RELOJOARIA JACOME LDA", "REGEND": "009775", "MORADA": "PO\u00c7O DOS NEGROS (R DO)", "NUM_POLICIA": "154", "FREGUESIA": "116", "LOCALIDADE": null, "COD_POST_4": null, "COD_POST_3": null, "COM_INT_ID": null, "COD_ACT_ECON": "21522", "DESC_ACT_ECON": "Ourivesarias/Relojoarias", "ANO": 1996, "TIPO": "Retalho", "LOCALIZACAO": "Isolado", "C_INTEGRADO": null, "EMPRESA": "MARIA ISABEL SILVEIRA MENDES RODRIGUES MOURA", "GlobalID": "03772c67-717e-451f-b00b-2f2528522ce3"}}, {"type": "Feature", "geometry": {"type": "Point", "coordinates": [-1019875.1055000015, 4682134.330799997]}, "properties": {"OBJECTID": 94077, "COD_SIG": null, "IDTIPO": null, "NOME": "MIGACHO", "REGEND": "010019", "MORADA": "Avenida Engenheiro Duarte Pacheco", "NUM_POLICIA": "Lote 7", "FREGUESIA": "110", "LOCALIDADE": "LISBOA                         ", "COD_POST_4": "1070", "COD_POST_3": "100", "COM_INT_ID": 48, "COD_ACT_ECON": "21103", "DESC_ACT_ECON": "Artigos Vestu\u00e1rio Senhora (Boutique)", "ANO": 1996, "TIPO": "Retalho", "LOCALIZACAO": "Integrado - outro", "C_INTEGRADO": "SHOPPING CENTER AMOREIRAS", "EMPRESA": "GRA\u00c7A & PAV\u00c3O, LDA", "GlobalID": "5477f613-34b2-4b6b-9ce6-8f8d81c55a31"}}, {"type": "Feature", "geometry": {"type": "Point", "coordinates": [-1018777.4167999998, 4680314.427199997]}, "properties": {"OBJECTID": 94116, "COD_SIG": null, "IDTIPO": null, "NOME": "RESTAURANTE MARINA", "REGEND": "009767", "MORADA": "POIAIS DE S BENTO (R DOS)", "NUM_POLICIA": "77/79", "FREGUESIA": "116", "LOCALIDADE": null, "COD_POST_4": null, "COD_POST_3": null, "COM_INT_ID": null, "COD_ACT_ECON": "51107", "DESC_ACT_ECON": "RESTAURANTE - 3\u00aa CATEGORIA", "ANO": 1996, "TIPO": "Restaura\u00e7\u00e3o e Bebidas", "LOCALIZACAO": "Isolado", "C_INTEGRADO": null, "EMPRESA": "MARIA ISABEL SILVEIRA MENDES RODRIGUES MOURA", "GlobalID": "94448742-08ea-4be7-a4a2-f65c0fb28941"}}, {"type": "Feature", "geometry": {"type": "Point", "coordinates": [-1018473.1772000007, 4680257.019100003]}, "properties": {"OBJECTID": 94126, "COD_SIG": null, "IDTIPO": null, "NOME": "PANIFICA\u00c7AO REUNIDA S ROQUE LDA", "REGEND": "009834", "MORADA": "ALCAIDE (T DO)", "NUM_POLICIA": "14 A", "FREGUESIA": "116", "LOCALIDADE": null, "COD_POST_4": null, "COD_POST_3": null, "COM_INT_ID": null, "COD_ACT_ECON": "11007", "DESC_ACT_ECON": "Padarias", "ANO": 1996, "TIPO": "Retalho", "LOCALIZACAO": "Isolado", "C_INTEGRADO": null, "EMPRESA": "PANIFICA\u00c7\u00c3O REUNIDA DE S\u00c3O ROQUE, LDA", "GlobalID": "5c35e330-c7ac-4419-8fd1-026c981ebe6a"}}, {"type": "Feature", "geometry": {"type": "Point", "coordinates": [-1019875.1055000015, 4682134.330799997]}, "properties": {"OBJECTID": 94137, "COD_SIG": null, "IDTIPO": null, "NOME": "NUDAL", "REGEND": "009965", "MORADA": "Avenida Engenheiro Duarte Pacheco", "NUM_POLICIA": "Lote 7", "FREGUESIA": "110", "LOCALIDADE": "LISBOA                         ", "COD_POST_4": "1070", "COD_POST_3": "100", "COM_INT_ID": 48, "COD_ACT_ECON": "21214", "DESC_ACT_ECON": "Loi\u00e7as/Vidros", "ANO": 1996, "TIPO": "Retalho", "LOCALIZACAO": "Integrado - outro", "C_INTEGRADO": "SHOPPING CENTER AMOREIRAS", "EMPRESA": "MARIA ISABEL SILVEIRA MENDES RODRIGUES MOURA", "GlobalID": "31f08fb6-551f-40db-9464-30b911014c18"}}, {"type": "Feature", "geometry": {"type": "Point", "coordinates": [-1018711.7146000005, 4680186.248199999]}, "properties": {"OBJECTID": 94171, "COD_SIG": null, "IDTIPO": null, "NOME": "ADEGA COOPERATIVA MERCEANA", "REGEND": "009748", "MORADA": "GAIVOTAS (R DAS)", "NUM_POLICIA": "26 A", "FREGUESIA": "116", "LOCALIDADE": null, "COD_POST_4": null, "COD_POST_3": null, "COM_INT_ID": null, "COD_ACT_ECON": "11001", "DESC_ACT_ECON": "Bebidas", "ANO": 1996, "TIPO": "Retalho", "LOCALIZACAO": "Isolado", "C_INTEGRADO": null, "EMPRESA": "MARIA ISABEL SILVEIRA MENDES RODRIGUES MOURA", "GlobalID": "9445150e-597b-4f05-9c30-9e8a347c1507"}}, {"type": "Feature", "geometry": {"type": "Point", "coordinates": [-1018616.2276999988, 4680346.6613000035]}, "properties": {"OBJECTID": 94175, "COD_SIG": null, "IDTIPO": null, "NOME": "BENTOMAR", "REGEND": "009755", "MORADA": "POIAIS DE S BENTO (R DOS)", "NUM_POLICIA": "13/15", "FREGUESIA": "116", "LOCALIDADE": null, "COD_POST_4": null, "COD_POST_3": null, "COM_INT_ID": null, "COD_ACT_ECON": "11012", "DESC_ACT_ECON": "Produtos Congelados", "ANO": 1996, "TIPO": "Retalho", "LOCALIZACAO": "Isolado", "C_INTEGRADO": null, "EMPRESA": "MARIA ISABEL SILVEIRA MENDES RODRIGUES MOURA", "GlobalID": "39a7be6a-2b89-4a5d-ba9c-c3018386496b"}}, {"type": "Feature", "geometry": {"type": "Point", "coordinates": [-1018223.6937999986, 4681043.503700003]}, "properties": {"OBJECTID": 94189, "COD_SIG": null, "IDTIPO": null, "NOME": "LEITARIA RIO JANEIRO", "REGEND": "009743", "MORADA": "D PEDRO V (R)", "NUM_POLICIA": "97", "FREGUESIA": "116", "LOCALIDADE": null, "COD_POST_4": null, "COD_POST_3": null, "COM_INT_ID": null, "COD_ACT_ECON": "11009", "DESC_ACT_ECON": "Leite E Derivados", "ANO": 1996, "TIPO": "Retalho", "LOCALIZACAO": "Isolado", "C_INTEGRADO": null, "EMPRESA": "MARIA ISABEL SILVEIRA MENDES RODRIGUES MOURA", "GlobalID": "636aa008-436d-4921-842a-326a569262cd"}}, {"type": "Feature", "geometry": {"type": "Point", "coordinates": [-1018294.1464999989, 4680733.2086]}, "properties": {"OBJECTID": 94295, "COD_SIG": null, "IDTIPO": null, "NOME": "ARTEBRUTA", "REGEND": "009828", "MORADA": "SECULO (R DO)", "NUM_POLICIA": "104", "FREGUESIA": "116", "LOCALIDADE": null, "COD_POST_4": null, "COD_POST_3": null, "COM_INT_ID": null, "COD_ACT_ECON": "21206", "DESC_ACT_ECON": "M\u00f3veis E Colchoaria (Interior)", "ANO": 1996, "TIPO": "Retalho", "LOCALIZACAO": "Isolado", "C_INTEGRADO": null, "EMPRESA": "MARIA ISABEL SILVEIRA MENDES RODRIGUES MOURA", "GlobalID": "836e44f5-de06-4d25-9a42-d93764b5e5e0"}}, {"type": "Feature", "geometry": {"type": "Point", "coordinates": [-1018300.3693000004, 4680923.714500003]}, "properties": {"OBJECTID": 94394, "COD_SIG": null, "IDTIPO": null, "NOME": "M DURENCE", "REGEND": "009831", "MORADA": "SECULO (R DO)", "NUM_POLICIA": "162/164", "FREGUESIA": "116", "LOCALIDADE": null, "COD_POST_4": null, "COD_POST_3": null, "COM_INT_ID": null, "COD_ACT_ECON": "12004", "DESC_ACT_ECON": "Mercearias", "ANO": 1996, "TIPO": "Retalho", "LOCALIZACAO": "Isolado", "C_INTEGRADO": null, "EMPRESA": "MARIA ISABEL SILVEIRA MENDES RODRIGUES MOURA", "GlobalID": "33e490f9-9580-42b8-87d0-7237dc7738c6"}}, {"type": "Feature", "geometry": {"type": "Point", "coordinates": [-1019875.1055000015, 4682134.330799997]}, "properties": {"OBJECTID": 94494, "COD_SIG": null, "IDTIPO": null, "NOME": "BETTY BARCLAY", "REGEND": "009998", "MORADA": "Avenida Engenheiro Duarte Pacheco", "NUM_POLICIA": "Lote 7", "FREGUESIA": "110", "LOCALIDADE": "LISBOA                         ", "COD_POST_4": "1070", "COD_POST_3": "100", "COM_INT_ID": 48, "COD_ACT_ECON": "21103", "DESC_ACT_ECON": "Artigos Vestu\u00e1rio Senhora (Boutique)", "ANO": 1996, "TIPO": "Retalho", "LOCALIZACAO": "Integrado - outro", "C_INTEGRADO": "SHOPPING CENTER AMOREIRAS", "EMPRESA": "MARIA ISABEL SILVEIRA MENDES RODRIGUES MOURA", "GlobalID": "9ed3f2ea-0e3a-480b-870b-5920333bfb76"}}, {"type": "Feature", "geometry": {"type": "Point", "coordinates": [-1018847.2840000018, 4680178.306699999]}, "properties": {"OBJECTID": 94513, "COD_SIG": null, "IDTIPO": null, "NOME": "ARMAZENS S BENTO", "REGEND": "009821", "MORADA": "S BENTO (R DE)", "NUM_POLICIA": "2", "FREGUESIA": "116", "LOCALIDADE": null, "COD_POST_4": null, "COD_POST_3": null, "COM_INT_ID": null, "COD_ACT_ECON": "21519", "DESC_ACT_ECON": "Artigos De 2\u00aa M\u00e3o", "ANO": 1996, "TIPO": "Retalho", "LOCALIZACAO": "Isolado", "C_INTEGRADO": null, "EMPRESA": "MARIA ISABEL SILVEIRA MENDES RODRIGUES MOURA", "GlobalID": "e8adf573-e778-4292-9f91-0ca7f4bf8d93"}}, {"type": "Feature", "geometry": {"type": "Point", "coordinates": [-1015516.7972999997, 4681559.278399996]}, "properties": {"OBJECTID": 94541, "COD_SIG": null, "IDTIPO": null, "NOME": "CARDOSO & RAMOS LDA", "REGEND": "009921", "MORADA": "WASHINGTON (R)", "NUM_POLICIA": "114 B", "FREGUESIA": "124", "LOCALIDADE": null, "COD_POST_4": null, "COD_POST_3": null, "COM_INT_ID": null, "COD_ACT_ECON": "21403", "DESC_ACT_ECON": "Tabacaria", "ANO": 1996, "TIPO": "Retalho", "LOCALIZACAO": "Isolado", "C_INTEGRADO": null, "EMPRESA": "MARIA ISABEL SILVEIRA MENDES RODRIGUES MOURA", "GlobalID": "4f2731e6-faa6-46c3-9632-dbf4966a1196"}}, {"type": "Feature", "geometry": {"type": "Point", "coordinates": [-1019875.1055999994, 4682134.331]}, "properties": {"OBJECTID": 94561, "COD_SIG": null, "IDTIPO": null, "NOME": "BOXER SHORTS", "REGEND": "009961", "MORADA": "Avenida Engenheiro Duarte Pacheco", "NUM_POLICIA": "Lote 7", "FREGUESIA": "110", "LOCALIDADE": "LISBOA                         ", "COD_POST_4": "1070", "COD_POST_3": "100", "COM_INT_ID": 48, "COD_ACT_ECON": "21102", "DESC_ACT_ECON": "Artigos Vestu\u00e1rio Homem", "ANO": 1996, "TIPO": "Retalho", "LOCALIZACAO": "Integrado - outro", "C_INTEGRADO": "SHOPPING CENTER AMOREIRAS", "EMPRESA": "Brasopi - Com\u00e9rcio de Vestu\u00e1rio, SA", "GlobalID": "99275300-bcb1-4ad8-9dd1-76ac73e58b46"}}, {"type": "Feature", "geometry": {"type": "Point", "coordinates": [-1018798.7578999996, 4680187.844999999]}, "properties": {"OBJECTID": 94610, "COD_SIG": null, "IDTIPO": null, "NOME": "CHAPELARIA ROYAL", "REGEND": "009774", "MORADA": "PO\u00c7O DOS NEGROS (R DO)", "NUM_POLICIA": "150", "FREGUESIA": "116", "LOCALIDADE": null, "COD_POST_4": null, "COD_POST_3": null, "COM_INT_ID": null, "COD_ACT_ECON": "21113", "DESC_ACT_ECON": "Chap\u00e9us E Guarda-Chuvas", "ANO": 1996, "TIPO": "Retalho", "LOCALIZACAO": "Isolado", "C_INTEGRADO": null, "EMPRESA": "MARIA ISABEL SILVEIRA MENDES RODRIGUES MOURA", "GlobalID": "7712d65d-2a9f-4f05-835c-49430072d341"}}, {"type": "Feature", "geometry": {"type": "Point", "coordinates": [-1019875.1055000015, 4682134.330799997]}, "properties": {"OBJECTID": 94643, "COD_SIG": null, "IDTIPO": null, "NOME": "BOUTIQUE LACOSTE", "REGEND": "009979", "MORADA": "Avenida Engenheiro Duarte Pacheco", "NUM_POLICIA": "Lote 7", "FREGUESIA": "110", "LOCALIDADE": "LISBOA                         ", "COD_POST_4": "1070", "COD_POST_3": "100", "COM_INT_ID": 48, "COD_ACT_ECON": "21102", "DESC_ACT_ECON": "Artigos Vestu\u00e1rio Homem", "ANO": 1996, "TIPO": "Retalho", "LOCALIZACAO": "Integrado - outro", "C_INTEGRADO": "SHOPPING CENTER AMOREIRAS", "EMPRESA": "MARIA ISABEL SILVEIRA MENDES RODRIGUES MOURA", "GlobalID": "32b490a6-97f3-4be8-b964-cbec512c7be7"}}, {"type": "Feature", "geometry": {"type": "Point", "coordinates": [-1018530.9312000014, 4680156.141400002]}, "properties": {"OBJECTID": 94658, "COD_SIG": null, "IDTIPO": null, "NOME": "FRUTARIA SANTA CATARINA LDA", "REGEND": "009744", "MORADA": "FERNANDES TOMAS (R)", "NUM_POLICIA": "12", "FREGUESIA": "116", "LOCALIDADE": null, "COD_POST_4": null, "COD_POST_3": null, "COM_INT_ID": null, "COD_ACT_ECON": "11006", "DESC_ACT_ECON": "Frutarias", "ANO": 1996, "TIPO": "Retalho", "LOCALIZACAO": "Isolado", "C_INTEGRADO": null, "EMPRESA": "MARIA ISABEL SILVEIRA MENDES RODRIGUES MOURA", "GlobalID": "130f43a8-2685-44d2-b267-6a89e0b1f0f4"}}, {"type": "Feature", "geometry": {"type": "Point", "coordinates": [-1018588.7857999988, 4680295.565499999]}, "properties": {"OBJECTID": 94711, "COD_SIG": null, "IDTIPO": null, "NOME": "A FERREIRA MACIEL LDA", "REGEND": "009783", "MORADA": "PO\u00c7O DOS NEGROS (R DO)", "NUM_POLICIA": "31", "FREGUESIA": "116", "LOCALIDADE": null, "COD_POST_4": null, "COD_POST_3": null, "COM_INT_ID": null, "COD_ACT_ECON": "21101", "DESC_ACT_ECON": "Artigos Vestu\u00e1rio Diverso (Misto)", "ANO": 1996, "TIPO": "Retalho", "LOCALIZACAO": "Isolado", "C_INTEGRADO": null, "EMPRESA": "MARIA ISABEL SILVEIRA MENDES RODRIGUES MOURA", "GlobalID": "3ae0ec10-a322-4148-9696-0a6b45554853"}}, {"type": "Feature", "geometry": {"type": "Point", "coordinates": [-1016857.0925999992, 4684977.9956]}, "properties": {"OBJECTID": 94923, "COD_SIG": null, "IDTIPO": null, "NOME": "CAVIAR HOUSE", "REGEND": "010038", "MORADA": "ENG DUARTE PACHECO (AV)", "NUM_POLICIA": null, "FREGUESIA": "104", "LOCALIDADE": null, "COD_POST_4": null, "COD_POST_3": null, "COM_INT_ID": 48, "COD_ACT_ECON": "12004", "DESC_ACT_ECON": "Mercearias", "ANO": 1996, "TIPO": "Retalho", "LOCALIZACAO": "Integrado - outro", "C_INTEGRADO": "SHOPPING CENTER AMOREIRAS", "EMPRESA": "MARIA ISABEL SILVEIRA MENDES RODRIGUES MOURA", "GlobalID": "2af170c1-75d5-4882-8ac4-3e862700369e"}}, {"type": "Feature", "geometry": {"type": "Point", "coordinates": [-1019875.1055000015, 4682134.330799997]}, "properties": {"OBJECTID": 94975, "COD_SIG": null, "IDTIPO": null, "NOME": "UNANIME", "REGEND": "010065", "MORADA": "ENG DUARTE PACHECO (AV)", "NUM_POLICIA": null, "FREGUESIA": "110", "LOCALIDADE": null, "COD_POST_4": null, "COD_POST_3": null, "COM_INT_ID": 48, "COD_ACT_ECON": "21103", "DESC_ACT_ECON": "Artigos Vestu\u00e1rio Senhora (Boutique)", "ANO": 1996, "TIPO": "Retalho", "LOCALIZACAO": "Integrado - outro", "C_INTEGRADO": "SHOPPING CENTER AMOREIRAS", "EMPRESA": "MARIA ISABEL SILVEIRA MENDES RODRIGUES MOURA", "GlobalID": "5d948163-b525-4edb-9d09-e0f18624280c"}}, {"type": "Feature", "geometry": {"type": "Point", "coordinates": [-1019875.1055000015, 4682134.330799997]}, "properties": {"OBJECTID": 95028, "COD_SIG": null, "IDTIPO": null, "NOME": "TAMOSAGA", "REGEND": "010095", "MORADA": "Avenida Jo\u00e3o Cris\u00f3stomo", "NUM_POLICIA": "47C", "FREGUESIA": "110", "LOCALIDADE": null, "COD_POST_4": "1050", "COD_POST_3": "126", "COM_INT_ID": 48, "COD_ACT_ECON": "21102", "DESC_ACT_ECON": "Artigos Vestu\u00e1rio Homem", "ANO": 1996, "TIPO": "Retalho", "LOCALIZACAO": "Integrado - outro", "C_INTEGRADO": "SHOPPING CENTER AMOREIRAS", "EMPRESA": "MARIA ISABEL SILVEIRA MENDES RODRIGUES MOURA", "GlobalID": "6274bdc0-1888-47cf-9c0e-74673f6f31dc"}}, {"type": "Feature", "geometry": {"type": "Point", "coordinates": [-1019875.1055000015, 4682134.330799997]}, "properties": {"OBJECTID": 95126, "COD_SIG": null, "IDTIPO": null, "NOME": "MESSICANO", "REGEND": "010149", "MORADA": "Avenida Engenheiro Duarte Pacheco", "NUM_POLICIA": "Lote 7", "FREGUESIA": "110", "LOCALIDADE": "LISBOA                         ", "COD_POST_4": "1070", "COD_POST_3": "100", "COM_INT_ID": 48, "COD_ACT_ECON": "21101", "DESC_ACT_ECON": "Artigos Vestu\u00e1rio Diverso (Misto)", "ANO": 1996, "TIPO": "Retalho", "LOCALIZACAO": "Integrado - outro", "C_INTEGRADO": "SHOPPING CENTER AMOREIRAS", "EMPRESA": "MARIA ISABEL SILVEIRA MENDES RODRIGUES MOURA", "GlobalID": "0e1971b5-caf8-4ebe-b542-a01ea78ce28e"}}, {"type": "Feature", "geometry": {"type": "Point", "coordinates": [-1025064.2322999984, 4685950.206500001]}, "properties": {"OBJECTID": 95129, "COD_SIG": null, "IDTIPO": null, "NOME": "Q-ELLOS", "REGEND": "010132", "MORADA": "ENG DUARTE PACHECO (AV)", "NUM_POLICIA": null, "FREGUESIA": "109", "LOCALIDADE": null, "COD_POST_4": null, "COD_POST_3": null, "COM_INT_ID": 48, "COD_ACT_ECON": "21109", "DESC_ACT_ECON": "Camisarias", "ANO": 1996, "TIPO": "Retalho", "LOCALIZACAO": "Integrado - outro", "C_INTEGRADO": "SHOPPING CENTER AMOREIRAS", "EMPRESA": "MARIA ISABEL SILVEIRA MENDES RODRIGUES MOURA", "GlobalID": "49ad564c-1a87-426d-a7b1-d0a32ba5b5e5"}}, {"type": "Feature", "geometry": {"type": "Point", "coordinates": [-1018121.6871000007, 4680298.200199999]}, "properties": {"OBJECTID": 95139, "COD_SIG": null, "IDTIPO": null, "NOME": "SOCIEDADE PORTUGUESA DESENVOLVIMENTO QUIMICA MONSANTO", "REGEND": "010222", "MORADA": "D JOAO V (R)", "NUM_POLICIA": "25", "FREGUESIA": "116", "LOCALIDADE": null, "COD_POST_4": null, "COD_POST_3": null, "COM_INT_ID": null, "COD_ACT_ECON": "21525", "DESC_ACT_ECON": "Sementes Adubos E Ra\u00e7\u00f5es", "ANO": 1996, "TIPO": "Retalho", "LOCALIZACAO": "Isolado", "C_INTEGRADO": null, "EMPRESA": "MARIA ISABEL SILVEIRA MENDES RODRIGUES MOURA", "GlobalID": "d26a15d4-9f68-4dc1-8850-2a41b765b9fe"}}, {"type": "Feature", "geometry": {"type": "Point", "coordinates": [-1019412.4461999983, 4680975.363600001]}, "properties": {"OBJECTID": 95160, "COD_SIG": null, "IDTIPO": null, "NOME": "GIRANDOLA LDA", "REGEND": "010239", "MORADA": "JOAO ANASTACIO ROSA (R)", "NUM_POLICIA": "4 B", "FREGUESIA": "110", "LOCALIDADE": null, "COD_POST_4": null, "COD_POST_3": null, "COM_INT_ID": null, "COD_ACT_ECON": "21518", "DESC_ACT_ECON": "Artesanato", "ANO": 1996, "TIPO": "Retalho", "LOCALIZACAO": "Isolado", "C_INTEGRADO": null, "EMPRESA": "MARIA ISABEL SILVEIRA MENDES RODRIGUES MOURA", "GlobalID": "19e61bc6-7ba5-4f99-b49a-a59b5bb1f3e4"}}, {"type": "Feature", "geometry": {"type": "Point", "coordinates": [-1019875.1055000015, 4682134.330799997]}, "properties": {"OBJECTID": 95171, "COD_SIG": null, "IDTIPO": null, "NOME": "LOJA AMARELA", "REGEND": "010054", "MORADA": "Avenida Engenheiro Duarte Pacheco", "NUM_POLICIA": "Lote 7", "FREGUESIA": "110", "LOCALIDADE": "LISBOA                         ", "COD_POST_4": "1070", "COD_POST_3": "100", "COM_INT_ID": 48, "COD_ACT_ECON": "21103", "DESC_ACT_ECON": "Artigos Vestu\u00e1rio Senhora (Boutique)", "ANO": 1996, "TIPO": "Retalho", "LOCALIZACAO": "Integrado - outro", "C_INTEGRADO": "SHOPPING CENTER AMOREIRAS", "EMPRESA": "T. DE MATOS, LDA", "GlobalID": "2867b478-6e67-4939-beee-e77755b72d1a"}}, {"type": "Feature", "geometry": {"type": "Point", "coordinates": [-1019898.0089999996, 4682165.042199999]}, "properties": {"OBJECTID": 95207, "COD_SIG": null, "IDTIPO": null, "NOME": "CACHAREL", "REGEND": "010129", "MORADA": "Avenida Engenheiro Duarte Pacheco", "NUM_POLICIA": "Lote 7", "FREGUESIA": "110", "LOCALIDADE": "LISBOA                         ", "COD_POST_4": "1070", "COD_POST_3": "100", "COM_INT_ID": 48, "COD_ACT_ECON": "21103", "DESC_ACT_ECON": "Artigos Vestu\u00e1rio Senhora (Boutique)", "ANO": 1996, "TIPO": "Retalho", "LOCALIZACAO": "Integrado - outro", "C_INTEGRADO": "SHOPPING CENTER AMOREIRAS", "EMPRESA": "MARIA ISABEL SILVEIRA MENDES RODRIGUES MOURA", "GlobalID": "e13d48c7-b779-4994-912d-058cca6a10c3"}}, {"type": "Feature", "geometry": {"type": "Point", "coordinates": [-1017616.8262999989, 4680941.208899997]}, "properties": {"OBJECTID": 95208, "COD_SIG": null, "IDTIPO": null, "NOME": "JUNIOR E COMPANHIA", "REGEND": "010130", "MORADA": "ENG DUARTE PACHECO (AV)", "NUM_POLICIA": null, "FREGUESIA": "121", "LOCALIDADE": null, "COD_POST_4": null, "COD_POST_3": null, "COM_INT_ID": 48, "COD_ACT_ECON": "21104", "DESC_ACT_ECON": "Artigos Vestu\u00e1rio Crian\u00e7a", "ANO": 1996, "TIPO": "Retalho", "LOCALIZACAO": "Integrado - outro", "C_INTEGRADO": "SHOPPING CENTER AMOREIRAS", "EMPRESA": "V & T - ARTIGOS TEXTEIS E DECORA\u00c7\u00c3O, SOCIEDADE UNIPESSOAL, LDA  ", "GlobalID": "aa9c43eb-cab6-4055-b9c1-0b2e7bd01cc4"}}, {"type": "Feature", "geometry": {"type": "Point", "coordinates": [-1019496.4902000017, 4681700.328500003]}, "properties": {"OBJECTID": 95238, "COD_SIG": null, "IDTIPO": null, "NOME": "FARM\u00c1CIA D JO\u00c3O V", "REGEND": "010220", "MORADA": "Rua Dom Jo\u00e3o V", "NUM_POLICIA": "16C", "FREGUESIA": "110", "LOCALIDADE": "LISBOA", "COD_POST_4": "1250", "COD_POST_3": "090", "COM_INT_ID": null, "COD_ACT_ECON": "21301", "DESC_ACT_ECON": "Farm\u00e1cias", "ANO": 1996, "TIPO": "Retalho", "LOCALIZACAO": "Isolado", "C_INTEGRADO": null, "EMPRESA": "MARIA ISABEL SILVEIRA MENDES RODRIGUES MOURA", "GlobalID": "60897a2b-b633-445d-a6e2-643cd8417c91"}}, {"type": "Feature", "geometry": {"type": "Point", "coordinates": [-1019875.1055000015, 4682134.330799997]}, "properties": {"OBJECTID": 95444, "COD_SIG": null, "IDTIPO": null, "NOME": "HELLIUS", "REGEND": "010046", "MORADA": "Avenida Engenheiro Duarte Pacheco", "NUM_POLICIA": "Lote 7", "FREGUESIA": "110", "LOCALIDADE": "LISBOA                         ", "COD_POST_4": "1070", "COD_POST_3": "100", "COM_INT_ID": 48, "COD_ACT_ECON": "21115", "DESC_ACT_ECON": "Sapatarias", "ANO": 1996, "TIPO": "Retalho", "LOCALIZACAO": "Integrado - outro", "C_INTEGRADO": "SHOPPING CENTER AMOREIRAS", "EMPRESA": "H\u00c9LIO E MACEDO SOCIEDADE COM\u00c9RCIO DE SAPATARIAS, LDA", "GlobalID": "3c983427-6e94-438c-9cdc-aa243782c0e1"}}, {"type": "Feature", "geometry": {"type": "Point", "coordinates": [-1019875.1055000015, 4682134.330799997]}, "properties": {"OBJECTID": 95481, "COD_SIG": null, "IDTIPO": null, "NOME": "MYGOD", "REGEND": "010152", "MORADA": "Avenida Engenheiro Duarte Pacheco", "NUM_POLICIA": "Lote 7", "FREGUESIA": "110", "LOCALIDADE": "LISBOA                         ", "COD_POST_4": "1070", "COD_POST_3": "100", "COM_INT_ID": 48, "COD_ACT_ECON": "21101", "DESC_ACT_ECON": "Artigos Vestu\u00e1rio Diverso (Misto)", "ANO": 1996, "TIPO": "Retalho", "LOCALIZACAO": "Integrado - outro", "C_INTEGRADO": "SHOPPING CENTER AMOREIRAS", "EMPRESA": "MARIA ISABEL SILVEIRA MENDES RODRIGUES MOURA", "GlobalID": "68b4e323-07a5-4289-bbf3-20ca8f96acc9"}}, {"type": "Feature", "geometry": {"type": "Point", "coordinates": [-1019875.1055000015, 4682134.330799997]}, "properties": {"OBJECTID": 95523, "COD_SIG": null, "IDTIPO": null, "NOME": "DENTINHO", "REGEND": "010040", "MORADA": "Avenida Engenheiro Duarte Pacheco", "NUM_POLICIA": "Lote 7", "FREGUESIA": "110", "LOCALIDADE": "LISBOA                         ", "COD_POST_4": "1070", "COD_POST_3": "100", "COM_INT_ID": 48, "COD_ACT_ECON": "21414", "DESC_ACT_ECON": "Brinquedos E Jogos Para Crian\u00e7as", "ANO": 1996, "TIPO": "Retalho", "LOCALIZACAO": "Integrado - outro", "C_INTEGRADO": "SHOPPING CENTER AMOREIRAS", "EMPRESA": "ROCHA & VASCONCELOS, LDA", "GlobalID": "e20f35e2-4039-4923-9df2-90d708e2c033"}}, {"type": "Feature", "geometry": {"type": "Point", "coordinates": [-1019875.1055000015, 4682134.330799997]}, "properties": {"OBJECTID": 95537, "COD_SIG": null, "IDTIPO": null, "NOME": "ROMAIA", "REGEND": "010082", "MORADA": "Avenida Engenheiro Duarte Pacheco", "NUM_POLICIA": "Lote 7", "FREGUESIA": "110", "LOCALIDADE": "LISBOA                         ", "COD_POST_4": "1070", "COD_POST_3": "100", "COM_INT_ID": 48, "COD_ACT_ECON": "21406", "DESC_ACT_ECON": "Artigos De Desporto", "ANO": 1996, "TIPO": "Retalho", "LOCALIZACAO": "Integrado - outro", "C_INTEGRADO": "SHOPPING CENTER AMOREIRAS", "EMPRESA": "ROMAIA - COM\u00c9RCIO E REPRESENTA\u00c7\u00d5ES DE DESPORTO, SA", "GlobalID": "0cc56343-c9d9-45ec-b623-a95f96316856"}}, {"type": "Feature", "geometry": {"type": "Point", "coordinates": [-1019875.1055000015, 4682134.330799997]}, "properties": {"OBJECTID": 95544, "COD_SIG": null, "IDTIPO": null, "NOME": "CREARE", "REGEND": "010088", "MORADA": "ENG DUARTE PACHECO (AV)", "NUM_POLICIA": null, "FREGUESIA": "110", "LOCALIDADE": null, "COD_POST_4": null, "COD_POST_3": null, "COM_INT_ID": 48, "COD_ACT_ECON": "21520", "DESC_ACT_ECON": "Prendas", "ANO": 1996, "TIPO": "Retalho", "LOCALIZACAO": "Integrado - outro", "C_INTEGRADO": "SHOPPING CENTER AMOREIRAS", "EMPRESA": "MARIA ISABEL SILVEIRA MENDES RODRIGUES MOURA", "GlobalID": "b2dacf8c-739f-423f-a7db-f62e9c9b2beb"}}, {"type": "Feature", "geometry": {"type": "Point", "coordinates": [-1019678.3533999994, 4681709.846500002]}, "properties": {"OBJECTID": 95579, "COD_SIG": null, "IDTIPO": null, "NOME": "FORD AMOREIRAS", "REGEND": "010223", "MORADA": "D JO\u00c3O V (R)", "NUM_POLICIA": "25 A/C", "FREGUESIA": "110", "LOCALIDADE": "LISBOA", "COD_POST_4": "1250", "COD_POST_3": "089", "COM_INT_ID": null, "COD_ACT_ECON": "21504", "DESC_ACT_ECON": "Ve\u00edculos Ligeiros (Novos)", "ANO": 1996, "TIPO": "Retalho", "LOCALIZACAO": "Isolado", "C_INTEGRADO": null, "EMPRESA": "MARIA ISABEL SILVEIRA MENDES RODRIGUES MOURA", "GlobalID": "3dcf73ea-0fcf-4c09-8c5c-edcac36306d8"}}, {"type": "Feature", "geometry": {"type": "Point", "coordinates": [-1019875.1055000015, 4682134.330799997]}, "properties": {"OBJECTID": 95636, "COD_SIG": null, "IDTIPO": null, "NOME": "CERNE", "REGEND": "010094", "MORADA": "ENG DUARTE PACHECO (AV)", "NUM_POLICIA": null, "FREGUESIA": "110", "LOCALIDADE": null, "COD_POST_4": null, "COD_POST_3": null, "COM_INT_ID": 48, "COD_ACT_ECON": "21206", "DESC_ACT_ECON": "M\u00f3veis E Colchoaria (Interior)", "ANO": 1996, "TIPO": "Retalho", "LOCALIZACAO": "Integrado - outro", "C_INTEGRADO": "SHOPPING CENTER AMOREIRAS", "EMPRESA": "MARIA ISABEL SILVEIRA MENDES RODRIGUES MOURA", "GlobalID": "0daff8f0-bb0d-4c74-abcc-6db9e8f41b7d"}}, {"type": "Feature", "geometry": {"type": "Point", "coordinates": [-1019799.7045000009, 4681459.1461]}, "properties": {"OBJECTID": 95663, "COD_SIG": null, "IDTIPO": null, "NOME": "LUIS PATRICIO GAMA", "REGEND": "010201", "MORADA": "CAMPO DE OURIQUE (R DE)", "NUM_POLICIA": "50 C", "FREGUESIA": "110", "LOCALIDADE": null, "COD_POST_4": null, "COD_POST_3": null, "COM_INT_ID": null, "COD_ACT_ECON": "12004", "DESC_ACT_ECON": "Mercearias", "ANO": 1996, "TIPO": "Retalho", "LOCALIZACAO": "Isolado", "C_INTEGRADO": null, "EMPRESA": "MARIA ISABEL SILVEIRA MENDES RODRIGUES MOURA", "GlobalID": "fa09a952-b86a-483a-bbab-b2c14b8cd8db"}}, {"type": "Feature", "geometry": {"type": "Point", "coordinates": [-1019875.1055000015, 4682134.330799997]}, "properties": {"OBJECTID": 95700, "COD_SIG": null, "IDTIPO": null, "NOME": "VISAO EXPRESS", "REGEND": "010122", "MORADA": "Avenida Engenheiro Duarte Pacheco", "NUM_POLICIA": "Lote 7", "FREGUESIA": "110", "LOCALIDADE": "LISBOA                         ", "COD_POST_4": "1070", "COD_POST_3": "100", "COM_INT_ID": 48, "COD_ACT_ECON": "21303", "DESC_ACT_ECON": "Material \u00d3ptico (Oculistas)", "ANO": 1996, "TIPO": "Retalho", "LOCALIZACAO": "Integrado - outro", "C_INTEGRADO": "SHOPPING CENTER AMOREIRAS", "EMPRESA": "MARIA ISABEL SILVEIRA MENDES RODRIGUES MOURA", "GlobalID": "6ae0306d-bca0-47e6-bba1-ccbc7bf27329"}}, {"type": "Feature", "geometry": {"type": "Point", "coordinates": [-1020647.5133000016, 4682296.5200999975]}, "properties": {"OBJECTID": 95714, "COD_SIG": null, "IDTIPO": null, "NOME": "LEICA COMERCIAL", "REGEND": "010171", "MORADA": "\u00c1GUAS LIVRES (PR DAS)", "NUM_POLICIA": "8", "FREGUESIA": "111", "LOCALIDADE": null, "COD_POST_4": null, "COD_POST_3": null, "COM_INT_ID": null, "COD_ACT_ECON": "21303", "DESC_ACT_ECON": "Material \u00d3ptico (Oculistas)", "ANO": 1996, "TIPO": "Retalho", "LOCALIZACAO": "Isolado", "C_INTEGRADO": null, "EMPRESA": "MARIA ISABEL SILVEIRA MENDES RODRIGUES MOURA", "GlobalID": "392d3f0e-cc67-4637-ba06-fa25fa837a67"}}, {"type": "Feature", "geometry": {"type": "Point", "coordinates": [-1019499.9996000007, 4681670.728799999]}, "properties": {"OBJECTID": 95782, "COD_SIG": null, "IDTIPO": null, "NOME": "A BOLOTA", "REGEND": "010216", "MORADA": "D JO\u00c3O V (R)", "NUM_POLICIA": "15 B", "FREGUESIA": "110", "LOCALIDADE": null, "COD_POST_4": null, "COD_POST_3": null, "COM_INT_ID": null, "COD_ACT_ECON": "51403", "DESC_ACT_ECON": "OUTROS EST. COMIDAS REFEI\u00c7\u00d5ES - 3\u00aa CAT.", "ANO": 1996, "TIPO": "Restaura\u00e7\u00e3o e Bebidas", "LOCALIZACAO": "Isolado", "C_INTEGRADO": null, "EMPRESA": "MARIA ISABEL SILVEIRA MENDES RODRIGUES MOURA", "GlobalID": "f149f8bb-d64e-4781-bb7a-e771c4e4260e"}}, {"type": "Feature", "geometry": {"type": "Point", "coordinates": [-1019875.1055000015, 4682134.330799997]}, "properties": {"OBJECTID": 95839, "COD_SIG": null, "IDTIPO": null, "NOME": "MEXX", "REGEND": "010140", "MORADA": "Avenida Engenheiro Duarte Pacheco", "NUM_POLICIA": "Lote 7", "FREGUESIA": "110", "LOCALIDADE": "LISBOA                         ", "COD_POST_4": "1070", "COD_POST_3": "100", "COM_INT_ID": 48, "COD_ACT_ECON": "21101", "DESC_ACT_ECON": "Artigos Vestu\u00e1rio Diverso (Misto)", "ANO": 1996, "TIPO": "Retalho", "LOCALIZACAO": "Integrado - outro", "C_INTEGRADO": "SHOPPING CENTER AMOREIRAS", "EMPRESA": "MARIA ISABEL SILVEIRA MENDES RODRIGUES MOURA", "GlobalID": "840687bf-f1d5-45dc-ab8f-429966e3cbf5"}}, {"type": "Feature", "geometry": {"type": "Point", "coordinates": [-1024106.6997999996, 4686415.354999997]}, "properties": {"OBJECTID": 95897, "COD_SIG": null, "IDTIPO": null, "NOME": "MOVEIS FRANCO", "REGEND": "010113", "MORADA": "ENG DUARTE PACHECO (AV)", "NUM_POLICIA": null, "FREGUESIA": "109", "LOCALIDADE": null, "COD_POST_4": null, "COD_POST_3": null, "COM_INT_ID": 48, "COD_ACT_ECON": "21206", "DESC_ACT_ECON": "M\u00f3veis E Colchoaria (Interior)", "ANO": 1996, "TIPO": "Retalho", "LOCALIZACAO": "Integrado - outro", "C_INTEGRADO": "SHOPPING CENTER AMOREIRAS", "EMPRESA": "MARIA ISABEL SILVEIRA MENDES RODRIGUES MOURA", "GlobalID": "ba9ef114-18be-49c7-87e1-a9aefa4190ad"}}, {"type": "Feature", "geometry": {"type": "Point", "coordinates": [-1019875.1055000015, 4682134.330799997]}, "properties": {"OBJECTID": 95904, "COD_SIG": null, "IDTIPO": null, "NOME": "WORKOUT", "REGEND": "010086", "MORADA": "Avenida Engenheiro Duarte Pacheco", "NUM_POLICIA": "Lote 7", "FREGUESIA": "110", "LOCALIDADE": "LISBOA                         ", "COD_POST_4": "1070", "COD_POST_3": "100", "COM_INT_ID": 48, "COD_ACT_ECON": "21109", "DESC_ACT_ECON": "Camisarias", "ANO": 1996, "TIPO": "Retalho", "LOCALIZACAO": "Integrado - outro", "C_INTEGRADO": "SHOPPING CENTER AMOREIRAS", "EMPRESA": "MARIA ISABEL SILVEIRA MENDES RODRIGUES MOURA", "GlobalID": "283db2e1-0872-44a4-8f2a-84871b1a02a8"}}, {"type": "Feature", "geometry": {"type": "Point", "coordinates": [-1019875.1055000015, 4682134.330799997]}, "properties": {"OBJECTID": 96010, "COD_SIG": null, "IDTIPO": null, "NOME": "TECNOLOGIA INFORMATICA", "REGEND": "010165", "MORADA": "ENG DUARTE PACHECO (AV)", "NUM_POLICIA": null, "FREGUESIA": "110", "LOCALIDADE": null, "COD_POST_4": null, "COD_POST_3": null, "COM_INT_ID": 48, "COD_ACT_ECON": "21514", "DESC_ACT_ECON": "Equipamento Inform\u00e1tico", "ANO": 1996, "TIPO": "Retalho", "LOCALIZACAO": "Integrado - outro", "C_INTEGRADO": "SHOPPING CENTER AMOREIRAS", "EMPRESA": "MARIA ISABEL SILVEIRA MENDES RODRIGUES MOURA", "GlobalID": "bf6db47e-3d62-4311-879c-1ce841dfe5cb"}}, {"type": "Feature", "geometry": {"type": "Point", "coordinates": [-1020471.5797000006, 4681905.2245000005]}, "properties": {"OBJECTID": 96184, "COD_SIG": null, "IDTIPO": null, "NOME": "MANUEL NEVES ALMEIDA", "REGEND": "010231", "MORADA": "D JOAO V (R)", "NUM_POLICIA": "8 A", "FREGUESIA": "110", "LOCALIDADE": null, "COD_POST_4": null, "COD_POST_3": null, "COM_INT_ID": null, "COD_ACT_ECON": "12006", "DESC_ACT_ECON": "Outros N.E (C. Alim. N Especializado)", "ANO": 1996, "TIPO": "Retalho", "LOCALIZACAO": "Isolado", "C_INTEGRADO": null, "EMPRESA": "MARIA ISABEL SILVEIRA MENDES RODRIGUES MOURA", "GlobalID": "1d4b887d-9846-4600-a586-30ba1ac9d6fa"}}, {"type": "Feature", "geometry": {"type": "Point", "coordinates": [-1019875.1055000015, 4682134.330799997]}, "properties": {"OBJECTID": 96194, "COD_SIG": null, "IDTIPO": null, "NOME": "APRIORI", "REGEND": "010062", "MORADA": "Avenida Engenheiro Duarte Pacheco", "NUM_POLICIA": "Lote 7", "FREGUESIA": "110", "LOCALIDADE": "LISBOA", "COD_POST_4": "1070", "COD_POST_3": "100", "COM_INT_ID": 48, "COD_ACT_ECON": "21103", "DESC_ACT_ECON": "Artigos Vestu\u00e1rio Senhora (Boutique)", "ANO": 1996, "TIPO": "Retalho", "LOCALIZACAO": "Integrado - outro", "C_INTEGRADO": "SHOPPING CENTER AMOREIRAS", "EMPRESA": "MARIA ISABEL SILVEIRA MENDES RODRIGUES MOURA", "GlobalID": "010deadc-a179-4b13-b23a-a5905e019308"}}, {"type": "Feature", "geometry": {"type": "Point", "coordinates": [-1019387.1915000007, 4691291.246399999]}, "properties": {"OBJECTID": 96227, "COD_SIG": null, "IDTIPO": null, "NOME": "GUILHERME MARQUES AMARO", "REGEND": "010182", "MORADA": "ARRABIDA (R DA)", "NUM_POLICIA": "44 B", "FREGUESIA": "120", "LOCALIDADE": null, "COD_POST_4": null, "COD_POST_3": null, "COM_INT_ID": null, "COD_ACT_ECON": "21207", "DESC_ACT_ECON": "M\u00f3veis Antigos/Antiguidades", "ANO": 1996, "TIPO": "Retalho", "LOCALIZACAO": "Isolado", "C_INTEGRADO": null, "EMPRESA": "MARIA ISABEL SILVEIRA MENDES RODRIGUES MOURA", "GlobalID": "3d10b935-c3d2-4a3b-937d-915a6c4a0a02"}}, {"type": "Feature", "geometry": {"type": "Point", "coordinates": [-1015200.305399999, 4682480.395999998]}, "properties": {"OBJECTID": 96260, "COD_SIG": null, "IDTIPO": null, "NOME": "SWISH JEANS", "REGEND": "010141", "MORADA": "ENG DUARTE PACHECO (AV)", "NUM_POLICIA": null, "FREGUESIA": "119", "LOCALIDADE": null, "COD_POST_4": null, "COD_POST_3": null, "COM_INT_ID": 48, "COD_ACT_ECON": "21101", "DESC_ACT_ECON": "Artigos Vestu\u00e1rio Diverso (Misto)", "ANO": 1996, "TIPO": "Retalho", "LOCALIZACAO": "Integrado - outro", "C_INTEGRADO": "SHOPPING CENTER AMOREIRAS", "EMPRESA": "MARIA ISABEL SILVEIRA MENDES RODRIGUES MOURA", "GlobalID": "398a5134-1e1f-44ac-960c-85787a96c1b5"}}, {"type": "Feature", "geometry": {"type": "Point", "coordinates": [-1022867.3167000003, 4687323.484999999]}, "properties": {"OBJECTID": 96303, "COD_SIG": null, "IDTIPO": null, "NOME": "SABOIA", "REGEND": "010061", "MORADA": "ENG DUARTE PACHECO (AV)", "NUM_POLICIA": null, "FREGUESIA": "112", "LOCALIDADE": null, "COD_POST_4": null, "COD_POST_3": null, "COM_INT_ID": 48, "COD_ACT_ECON": "21102", "DESC_ACT_ECON": "Artigos Vestu\u00e1rio Homem", "ANO": 1996, "TIPO": "Retalho", "LOCALIZACAO": "Integrado - outro", "C_INTEGRADO": "SHOPPING CENTER AMOREIRAS", "EMPRESA": "MARIA ISABEL SILVEIRA MENDES RODRIGUES MOURA", "GlobalID": "17f07aac-6c4b-47bb-8c66-1f80078ab877"}}, {"type": "Feature", "geometry": {"type": "Point", "coordinates": [-1018855.3856000006, 4680101.114]}, "properties": {"OBJECTID": 96322, "COD_SIG": null, "IDTIPO": null, "NOME": "CAMPER", "REGEND": "010108", "MORADA": "ENG DUARTE PACHECO (AV)", "NUM_POLICIA": null, "FREGUESIA": "116", "LOCALIDADE": null, "COD_POST_4": null, "COD_POST_3": null, "COM_INT_ID": 48, "COD_ACT_ECON": "21115", "DESC_ACT_ECON": "Sapatarias", "ANO": 1996, "TIPO": "Retalho", "LOCALIZACAO": "Integrado - outro", "C_INTEGRADO": "SHOPPING CENTER AMOREIRAS", "EMPRESA": "MARIA ISABEL SILVEIRA MENDES RODRIGUES MOURA", "GlobalID": "584986a7-c8ad-4557-a457-854d0e8469b1"}}, {"type": "Feature", "geometry": {"type": "Point", "coordinates": [-1019875.1055000015, 4682134.330799997]}, "properties": {"OBJECTID": 96520, "COD_SIG": null, "IDTIPO": null, "NOME": "BANDEIRA JUNIOR", "REGEND": "010475", "MORADA": "PO\u00c7O DO BORRATEM", "NUM_POLICIA": "8/9", "FREGUESIA": "110", "LOCALIDADE": null, "COD_POST_4": null, "COD_POST_3": null, "COM_INT_ID": null, "COD_ACT_ECON": "21517", "DESC_ACT_ECON": "Solas E Cabedais", "ANO": 1996, "TIPO": "Retalho", "LOCALIZACAO": "Isolado", "C_INTEGRADO": null, "EMPRESA": "MARIA ISABEL SILVEIRA MENDES RODRIGUES MOURA", "GlobalID": "47fd86dd-5662-4194-9ee2-363a72adacf5"}}, {"type": "Feature", "geometry": {"type": "Point", "coordinates": [-1018137.5945000015, 4682088.259300001]}, "properties": {"OBJECTID": 96529, "COD_SIG": null, "IDTIPO": null, "NOME": "MAYUR DATTANI", "REGEND": "010421", "MORADA": "MARTIN MONIZ (L)", "NUM_POLICIA": "C.C.MOURARIA", "FREGUESIA": "122", "LOCALIDADE": null, "COD_POST_4": null, "COD_POST_3": null, "COM_INT_ID": 90, "COD_ACT_ECON": "21101", "DESC_ACT_ECON": "Artigos Vestu\u00e1rio Diverso (Misto)", "ANO": 1996, "TIPO": "Retalho", "LOCALIZACAO": "Integrado - outro", "C_INTEGRADO": "CENTRO COMERCIAL MOURARIA", "EMPRESA": "MARIA ISABEL SILVEIRA MENDES RODRIGUES MOURA", "GlobalID": "640e1575-2de6-4bec-b92c-43711cab1598"}}, {"type": "Feature", "geometry": {"type": "Point", "coordinates": [-1017318.0456999987, 4683810.762500003]}, "properties": {"OBJECTID": 96543, "COD_SIG": null, "IDTIPO": null, "NOME": "RODRIGUES & NOBRE LDA", "REGEND": "010474", "MORADA": "PO\u00c7O DO BORRATEM", "NUM_POLICIA": "5", "FREGUESIA": "105", "LOCALIDADE": null, "COD_POST_4": null, "COD_POST_3": null, "COM_INT_ID": null, "COD_ACT_ECON": "21101", "DESC_ACT_ECON": "Artigos Vestu\u00e1rio Diverso (Misto)", "ANO": 1996, "TIPO": "Retalho", "LOCALIZACAO": "Isolado", "C_INTEGRADO": null, "EMPRESA": "MARIA ISABEL SILVEIRA MENDES RODRIGUES MOURA", "GlobalID": "0ca2355c-53a7-435c-8c5d-2d80bc7c36e7"}}, {"type": "Feature", "geometry": {"type": "Point", "coordinates": [-1024279.7142000012, 4686867.2272000015]}, "properties": {"OBJECTID": 96597, "COD_SIG": null, "IDTIPO": null, "NOME": "ARTEVIVA", "REGEND": "010255", "MORADA": "S BENTO (R DE)", "NUM_POLICIA": "363 A", "FREGUESIA": "109", "LOCALIDADE": null, "COD_POST_4": null, "COD_POST_3": null, "COM_INT_ID": null, "COD_ACT_ECON": "21207", "DESC_ACT_ECON": "M\u00f3veis Antigos/Antiguidades", "ANO": 1996, "TIPO": "Retalho", "LOCALIZACAO": "Isolado", "C_INTEGRADO": null, "EMPRESA": "MARIA ISABEL SILVEIRA MENDES RODRIGUES MOURA", "GlobalID": "e3ae1dff-c667-4b96-b454-ae07226e4f5f"}}, {"type": "Feature", "geometry": {"type": "Point", "coordinates": [-1020241.0263999999, 4682288.272100002]}, "properties": {"OBJECTID": 96647, "COD_SIG": null, "IDTIPO": null, "NOME": "PONTALDATA", "REGEND": "010467", "MORADA": "RESTAURADORES (PR DOS)", "NUM_POLICIA": null, "FREGUESIA": "111", "LOCALIDADE": null, "COD_POST_4": null, "COD_POST_3": null, "COM_INT_ID": 177, "COD_ACT_ECON": "21514", "DESC_ACT_ECON": "Equipamento Inform\u00e1tico", "ANO": 1996, "TIPO": "Retalho", "LOCALIZACAO": "Integrado - outro", "C_INTEGRADO": "ESTA\u00c7\u00c3O METROPOLITANO RESTAURADORES", "EMPRESA": "MARIA ISABEL SILVEIRA MENDES RODRIGUES MOURA", "GlobalID": "234c642d-d848-4d4f-b36b-e4670c0dc437"}}, {"type": "Feature", "geometry": {"type": "Point", "coordinates": [-1017055.2912000008, 4682728.762599997]}, "properties": {"OBJECTID": 96763, "COD_SIG": null, "IDTIPO": null, "NOME": "LOJA FOTOVISOR LDA", "REGEND": "010552", "MORADA": "RESTAURADORES (PR DOS)", "NUM_POLICIA": "20", "FREGUESIA": "105", "LOCALIDADE": null, "COD_POST_4": null, "COD_POST_3": null, "COM_INT_ID": 61, "COD_ACT_ECON": "21412", "DESC_ACT_ECON": "Material Fotogr\u00e1fico,Cinema", "ANO": 1996, "TIPO": "Retalho", "LOCALIZACAO": "Integrado - outro", "C_INTEGRADO": "CENTRO COMERCIAL CHIC-CHOC", "EMPRESA": "MARIA ISABEL SILVEIRA MENDES RODRIGUES MOURA", "GlobalID": "d0cfcd95-eeb9-445d-8467-cc43de385b15"}}, {"type": "Feature", "geometry": {"type": "Point", "coordinates": [-1017573.0232000016, 4681031.6536]}, "properties": {"OBJECTID": 96789, "COD_SIG": null, "IDTIPO": null, "NOME": "CENTRO OPTICO DE SANTA LUZIA", "REGEND": "010545", "MORADA": "RESTAURADORES (PR DOS)", "NUM_POLICIA": "65 - 2\u00ba ESQ", "FREGUESIA": "121", "LOCALIDADE": null, "COD_POST_4": null, "COD_POST_3": null, "COM_INT_ID": null, "COD_ACT_ECON": "21303", "DESC_ACT_ECON": "Material \u00d3ptico (Oculistas)", "ANO": 1996, "TIPO": "Retalho", "LOCALIZACAO": "Isolado", "C_INTEGRADO": null, "EMPRESA": "MARIA ISABEL SILVEIRA MENDES RODRIGUES MOURA", "GlobalID": "29b1e7b1-58c4-43d7-b440-f81307d6d6fb"}}, {"type": "Feature", "geometry": {"type": "Point", "coordinates": [-1017926.1827000007, 4684161.399099998]}, "properties": {"OBJECTID": 96795, "COD_SIG": null, "IDTIPO": null, "NOME": "UNICAR COMERCIO AUTOMOVEIS LDA", "REGEND": "010554", "MORADA": "RESTAURADORES (PR DOS)", "NUM_POLICIA": "46", "FREGUESIA": "106", "LOCALIDADE": null, "COD_POST_4": null, "COD_POST_3": null, "COM_INT_ID": null, "COD_ACT_ECON": "21504", "DESC_ACT_ECON": "Ve\u00edculos Ligeiros (Novos)", "ANO": 1996, "TIPO": "Retalho", "LOCALIZACAO": "Isolado", "C_INTEGRADO": null, "EMPRESA": "MARIA ISABEL SILVEIRA MENDES RODRIGUES MOURA", "GlobalID": "11281e03-a2aa-4b2b-b295-e904c8d2e816"}}, {"type": "Feature", "geometry": {"type": "Point", "coordinates": [-1018388.8410999998, 4689424.4815]}, "properties": {"OBJECTID": 96796, "COD_SIG": null, "IDTIPO": null, "NOME": "AMARO & PEREIRA LDA", "REGEND": "010553", "MORADA": "RESTAURADORES (PR DOS)", "NUM_POLICIA": "20", "FREGUESIA": "114", "LOCALIDADE": null, "COD_POST_4": null, "COD_POST_3": null, "COM_INT_ID": 61, "COD_ACT_ECON": "21518", "DESC_ACT_ECON": "Artesanato", "ANO": 1996, "TIPO": "Retalho", "LOCALIZACAO": "Integrado - outro", "C_INTEGRADO": "CENTRO COMERCIAL CHIC-CHOC", "EMPRESA": "MARIA ISABEL SILVEIRA MENDES RODRIGUES MOURA", "GlobalID": "11fe37f2-c2b5-4936-aec1-0ef71e86033c"}}, {"type": "Feature", "geometry": {"type": "Point", "coordinates": [-1019915.2289999984, 4681535.928499997]}, "properties": {"OBJECTID": 96842, "COD_SIG": null, "IDTIPO": null, "NOME": "MINI MERCADO ABA LDA", "REGEND": "010285", "MORADA": "Rua Silva Carvalho", "NUM_POLICIA": "153B", "FREGUESIA": "110", "LOCALIDADE": "LISBOA", "COD_POST_4": "1250", "COD_POST_3": "249", "COM_INT_ID": null, "COD_ACT_ECON": "12003", "DESC_ACT_ECON": "Mini-Mercados/Auto-Servi\u00e7os", "ANO": 1996, "TIPO": "Retalho", "LOCALIZACAO": "Isolado", "C_INTEGRADO": null, "EMPRESA": "MINI-MERCADO ABA, LDA", "GlobalID": "d17f7bce-5d0f-4673-bbfd-4e7ef2336a9f"}}, {"type": "Feature", "geometry": {"type": "Point", "coordinates": [-1019779.6939999983, 4681876.826099999]}, "properties": {"OBJECTID": 96927, "COD_SIG": null, "IDTIPO": null, "NOME": "ANA & CARINA", "REGEND": "010302", "MORADA": "Rua Silva Carvalho", "NUM_POLICIA": "289", "FREGUESIA": "110", "LOCALIDADE": "LISBOA", "COD_POST_4": "1250", "COD_POST_3": "252", "COM_INT_ID": null, "COD_ACT_ECON": "21101", "DESC_ACT_ECON": "Artigos Vestu\u00e1rio Diverso (Misto)", "ANO": 1996, "TIPO": "Retalho", "LOCALIZACAO": "Isolado", "C_INTEGRADO": null, "EMPRESA": "ANA & CARINA, LDA", "GlobalID": "7b7fbc1a-2e36-4c44-8a79-de29b3eda449"}}, {"type": "Feature", "geometry": {"type": "Point", "coordinates": [-1017345.7628999986, 4680831.281999998]}, "properties": {"OBJECTID": 96983, "COD_SIG": null, "IDTIPO": null, "NOME": "CASA BULHA", "REGEND": "010503", "MORADA": "D PEDRO IV (PR DE) ROSSIO", "NUM_POLICIA": "82", "FREGUESIA": "121", "LOCALIDADE": "LISBOA", "COD_POST_4": "1100", "COD_POST_3": "202", "COM_INT_ID": null, "COD_ACT_ECON": "21115", "DESC_ACT_ECON": "Sapatarias", "ANO": 1996, "TIPO": "Retalho", "LOCALIZACAO": "Isolado", "C_INTEGRADO": null, "EMPRESA": "MARIA ISABEL SILVEIRA MENDES RODRIGUES MOURA", "GlobalID": "6d5d7eaa-c08f-4f76-82a4-95d22a46473c"}}, {"type": "Feature", "geometry": {"type": "Point", "coordinates": [-1017152.5276999995, 4680500.406099997]}, "properties": {"OBJECTID": 97027, "COD_SIG": null, "IDTIPO": null, "NOME": "CASH AND CARRY CABELEIREIRO", "REGEND": "010407", "MORADA": "MARTIN MONIZ (L)", "NUM_POLICIA": "C.C.MOURARIA", "FREGUESIA": "121", "LOCALIDADE": null, "COD_POST_4": null, "COD_POST_3": null, "COM_INT_ID": 90, "COD_ACT_ECON": "21302", "DESC_ACT_ECON": "Perfumarias", "ANO": 1996, "TIPO": "Retalho", "LOCALIZACAO": "Integrado - outro", "C_INTEGRADO": "CENTRO COMERCIAL MOURARIA", "EMPRESA": "MARIA ISABEL SILVEIRA MENDES RODRIGUES MOURA", "GlobalID": "242cd4a6-2509-4764-ac41-8d9af7ecb3d7"}}, {"type": "Feature", "geometry": {"type": "Point", "coordinates": [-1017512.8370000012, 4683128.605899997]}, "properties": {"OBJECTID": 97305, "COD_SIG": null, "IDTIPO": null, "NOME": "BARROS & FILHOS", "REGEND": "010183", "MORADA": "ARR\u00c1BIDA (R DA)", "NUM_POLICIA": "77 C", "FREGUESIA": "105", "LOCALIDADE": null, "COD_POST_4": null, "COD_POST_3": null, "COM_INT_ID": null, "COD_ACT_ECON": "12004", "DESC_ACT_ECON": "Mercearias", "ANO": 1996, "TIPO": "Retalho", "LOCALIZACAO": "Isolado", "C_INTEGRADO": null, "EMPRESA": "MARIA ISABEL SILVEIRA MENDES RODRIGUES MOURA", "GlobalID": "192220ae-1d6f-4579-a336-c53615ba9791"}}, {"type": "Feature", "geometry": {"type": "Point", "coordinates": [-1020009.1656000018, 4681761.376000002]}, "properties": {"OBJECTID": 97326, "COD_SIG": null, "IDTIPO": null, "NOME": "STOCKHOTEL", "REGEND": "010244", "MORADA": "S BENTO (R DE)", "NUM_POLICIA": "225/227", "FREGUESIA": "110", "LOCALIDADE": null, "COD_POST_4": null, "COD_POST_3": null, "COM_INT_ID": null, "COD_ACT_ECON": "21513", "DESC_ACT_ECON": "Equipamento P/ Industria Hoteleira", "ANO": 1996, "TIPO": "Retalho", "LOCALIZACAO": "Isolado", "C_INTEGRADO": null, "EMPRESA": "MARIA ISABEL SILVEIRA MENDES RODRIGUES MOURA", "GlobalID": "ffe3e994-5144-4dce-96a9-3b184d74cd40"}}, {"type": "Feature", "geometry": {"type": "Point", "coordinates": [-1017150.6968999989, 4680801.1395]}, "properties": {"OBJECTID": 97382, "COD_SIG": null, "IDTIPO": null, "NOME": "NUNES", "REGEND": "010543", "MORADA": "Pra\u00e7a da Figueira", "NUM_POLICIA": "9B", "FREGUESIA": "121", "LOCALIDADE": "LISBOA", "COD_POST_4": "1100", "COD_POST_3": "241", "COM_INT_ID": null, "COD_ACT_ECON": "21102", "DESC_ACT_ECON": "Artigos Vestu\u00e1rio Homem", "ANO": 1996, "TIPO": "Retalho", "LOCALIZACAO": "Isolado", "C_INTEGRADO": null, "EMPRESA": "MARIA ISABEL SILVEIRA MENDES RODRIGUES MOURA", "GlobalID": "92f53590-eb5b-46c8-ab04-62e302f3728d"}}, {"type": "Feature", "geometry": {"type": "Point", "coordinates": [-1019749.3616999984, 4681878.6972]}, "properties": {"OBJECTID": 97436, "COD_SIG": null, "IDTIPO": null, "NOME": "DELMIRO FILIPE", "REGEND": "010189", "MORADA": "CABO (R DO)", "NUM_POLICIA": "77 B", "FREGUESIA": "110", "LOCALIDADE": null, "COD_POST_4": null, "COD_POST_3": null, "COM_INT_ID": null, "COD_ACT_ECON": "21206", "DESC_ACT_ECON": "M\u00f3veis E Colchoaria (Interior)", "ANO": 1996, "TIPO": "Retalho", "LOCALIZACAO": "Isolado", "C_INTEGRADO": null, "EMPRESA": "MARIA ISABEL SILVEIRA MENDES RODRIGUES MOURA", "GlobalID": "a0550cd8-1d4b-4790-b9da-72209be567e7"}}, {"type": "Feature", "geometry": {"type": "Point", "coordinates": [-1017218.8322999999, 4680990.8576000035]}, "properties": {"OBJECTID": 97487, "COD_SIG": null, "IDTIPO": null, "NOME": "VAL DO RIO", "REGEND": "010343", "MORADA": "Cal\u00e7ada do Garcia", "NUM_POLICIA": "44", "FREGUESIA": "121", "LOCALIDADE": null, "COD_POST_4": "1150", "COD_POST_3": "168", "COM_INT_ID": null, "COD_ACT_ECON": "12004", "DESC_ACT_ECON": "Mercearias", "ANO": 1996, "TIPO": "Retalho", "LOCALIZACAO": "Isolado", "C_INTEGRADO": null, "EMPRESA": "SOCIEDADE COMERCIAL ABEL PEREIRA FONSECA SA", "GlobalID": "e07b50e4-f039-4e9b-afd2-b62a2fe70539"}}, {"type": "Feature", "geometry": {"type": "Point", "coordinates": [-1019228.990699999, 4681593.6548999995]}, "properties": {"OBJECTID": 97491, "COD_SIG": null, "IDTIPO": null, "NOME": "DISCOTECA XARANGA LDA", "REGEND": "010357", "MORADA": "D JOAO DA CAMARA (PR)", "NUM_POLICIA": "427", "FREGUESIA": "110", "LOCALIDADE": null, "COD_POST_4": null, "COD_POST_3": null, "COM_INT_ID": 112, "COD_ACT_ECON": "21411", "DESC_ACT_ECON": "Discos/Cassetes Audio E Video", "ANO": 1996, "TIPO": "Retalho", "LOCALIZACAO": "Integrado - outro", "C_INTEGRADO": "CENTRO COMERCIAL TERMINAL", "EMPRESA": "DISCOTECA XARANGA, LDA", "GlobalID": "87301abf-7a31-4cba-bb6d-19f3225b6e5e"}}, {"type": "Feature", "geometry": {"type": "Point", "coordinates": [-1023018.7219000012, 4679675.8763]}, "properties": {"OBJECTID": 97572, "COD_SIG": null, "IDTIPO": null, "NOME": "SOMASIL", "REGEND": "010422", "MORADA": "MARTIN MONIZ (L)", "NUM_POLICIA": "C.C.MOURARIA", "FREGUESIA": "101", "LOCALIDADE": null, "COD_POST_4": null, "COD_POST_3": null, "COM_INT_ID": 90, "COD_ACT_ECON": "12002", "DESC_ACT_ECON": "Supermercados", "ANO": 1996, "TIPO": "Retalho", "LOCALIZACAO": "Integrado - outro", "C_INTEGRADO": "CENTRO COMERCIAL MOURARIA", "EMPRESA": "MARIA ISABEL SILVEIRA MENDES RODRIGUES MOURA", "GlobalID": "c8664e46-b5c1-4e27-963e-cdb3a7ae558f"}}, {"type": "Feature", "geometry": {"type": "Point", "coordinates": [-1024873.6984999999, 4680279.985799998]}, "properties": {"OBJECTID": 97659, "COD_SIG": null, "IDTIPO": null, "NOME": "CREARE 1", "REGEND": "010074", "MORADA": "ENG DUARTE PACHECO (AV)", "NUM_POLICIA": null, "FREGUESIA": "108", "LOCALIDADE": null, "COD_POST_4": null, "COD_POST_3": null, "COM_INT_ID": 48, "COD_ACT_ECON": "21520", "DESC_ACT_ECON": "Prendas", "ANO": 1996, "TIPO": "Retalho", "LOCALIZACAO": "Integrado - outro", "C_INTEGRADO": "SHOPPING CENTER AMOREIRAS", "EMPRESA": "MARIA ISABEL SILVEIRA MENDES RODRIGUES MOURA", "GlobalID": "e4806749-5c75-4784-b1a3-46cbccaa6ddf"}}, {"type": "Feature", "geometry": {"type": "Point", "coordinates": [-1016171.0232000016, 4682755.177500002]}, "properties": {"OBJECTID": 97674, "COD_SIG": null, "IDTIPO": null, "NOME": "SEMPRE EM FESTA", "REGEND": "010075", "MORADA": "ENG DUARTE PACHECO (AV)", "NUM_POLICIA": null, "FREGUESIA": "119", "LOCALIDADE": null, "COD_POST_4": null, "COD_POST_3": null, "COM_INT_ID": 48, "COD_ACT_ECON": "21520", "DESC_ACT_ECON": "Prendas", "ANO": 1996, "TIPO": "Retalho", "LOCALIZACAO": "Integrado - outro", "C_INTEGRADO": "SHOPPING CENTER AMOREIRAS", "EMPRESA": "MARIA ISABEL SILVEIRA MENDES RODRIGUES MOURA", "GlobalID": "2eb362a8-d58c-4f04-b74e-95e1f9b2b161"}}, {"type": "Feature", "geometry": {"type": "Point", "coordinates": [-1017360.1486000009, 4680877.2206000015]}, "properties": {"OBJECTID": 97689, "COD_SIG": null, "IDTIPO": null, "NOME": "CLUB BAL\u00c3O", "REGEND": "010498", "MORADA": "Pra\u00e7a D. Pedro IV", "NUM_POLICIA": "70", "FREGUESIA": "121", "LOCALIDADE": "LISBOA", "COD_POST_4": "1100", "COD_POST_3": "202", "COM_INT_ID": null, "COD_ACT_ECON": "21102", "DESC_ACT_ECON": "Artigos Vestu\u00e1rio Homem", "ANO": 1996, "TIPO": "Retalho", "LOCALIZACAO": "Isolado", "C_INTEGRADO": null, "EMPRESA": "TE\u00d3FILO & CASTRO, LDA", "GlobalID": "06999514-8e79-4d1c-bde0-bd4d42faf1a3"}}, {"type": "Feature", "geometry": {"type": "Point", "coordinates": [-1017356.1545999981, 4680863.128300004]}, "properties": {"OBJECTID": 97703, "COD_SIG": null, "IDTIPO": null, "NOME": "BULBUL", "REGEND": "010500", "MORADA": "D PEDRO IV (PR DE) ROSSIO", "NUM_POLICIA": "75", "FREGUESIA": "121", "LOCALIDADE": null, "COD_POST_4": null, "COD_POST_3": null, "COM_INT_ID": null, "COD_ACT_ECON": "21103", "DESC_ACT_ECON": "Artigos Vestu\u00e1rio Senhora (Boutique)", "ANO": 1996, "TIPO": "Retalho", "LOCALIZACAO": "Isolado", "C_INTEGRADO": null, "EMPRESA": "MARIA ISABEL SILVEIRA MENDES RODRIGUES MOURA", "GlobalID": "3e6a65b7-7b65-4bd2-a8b1-ed510a91cc68"}}, {"type": "Feature", "geometry": {"type": "Point", "coordinates": [-1024429.6711999997, 4678416.918700002]}, "properties": {"OBJECTID": 97834, "COD_SIG": null, "IDTIPO": null, "NOME": "TRAPOS MIMOSOS", "REGEND": "010376", "MORADA": "D JOAO DA CAMARA (PR)", "NUM_POLICIA": "427", "FREGUESIA": "108", "LOCALIDADE": null, "COD_POST_4": null, "COD_POST_3": null, "COM_INT_ID": 112, "COD_ACT_ECON": "21101", "DESC_ACT_ECON": "Artigos Vestu\u00e1rio Diverso (Misto)", "ANO": 1996, "TIPO": "Retalho", "LOCALIZACAO": "Integrado - outro", "C_INTEGRADO": "CENTRO COMERCIAL TERMINAL", "EMPRESA": "ALDA MARIA MODAS NOVIDADES LDA", "GlobalID": "2f7d3b9d-04b6-4213-95e4-e5325cc90965"}}, {"type": "Feature", "geometry": {"type": "Point", "coordinates": [-1016677.5507000014, 4682718.7788999975]}, "properties": {"OBJECTID": 97836, "COD_SIG": null, "IDTIPO": null, "NOME": "PAPSCRIT", "REGEND": "010387", "MORADA": "D JOAO DA CAMARA (PR)", "NUM_POLICIA": "427", "FREGUESIA": "105", "LOCALIDADE": null, "COD_POST_4": null, "COD_POST_3": null, "COM_INT_ID": 112, "COD_ACT_ECON": "21402", "DESC_ACT_ECON": "Papelarias (Art. Escrit.,Jornais ..)", "ANO": 1996, "TIPO": "Retalho", "LOCALIZACAO": "Integrado - outro", "C_INTEGRADO": "CENTRO COMERCIAL TERMINAL", "EMPRESA": "MARIA ISABEL SILVEIRA MENDES RODRIGUES MOURA", "GlobalID": "3ac8ffd6-7fc2-4881-a99f-186d86039fce"}}, {"type": "Feature", "geometry": {"type": "Point", "coordinates": [-1020315.1524999999, 4682678.18]}, "properties": {"OBJECTID": 97843, "COD_SIG": null, "IDTIPO": null, "NOME": "SAPATARIA RICAR", "REGEND": "010442", "MORADA": "MARTIN MONIZ (L)", "NUM_POLICIA": null, "FREGUESIA": "111", "LOCALIDADE": null, "COD_POST_4": null, "COD_POST_3": null, "COM_INT_ID": null, "COD_ACT_ECON": "21115", "DESC_ACT_ECON": "Sapatarias", "ANO": 1996, "TIPO": "Retalho", "LOCALIZACAO": "Isolado", "C_INTEGRADO": null, "EMPRESA": "MARIA ISABEL SILVEIRA MENDES RODRIGUES MOURA", "GlobalID": "9d5c20e1-7255-4d58-94ce-b748087765ec"}}, {"type": "Feature", "geometry": {"type": "Point", "coordinates": [-1024164.7454000004, 4686341.383500002]}, "properties": {"OBJECTID": 97845, "COD_SIG": null, "IDTIPO": null, "NOME": "INACIO LOPES E LOPES, LDA", "REGEND": "010452", "MORADA": "MARTIN MONIZ (L)", "NUM_POLICIA": "PAV.A LJ 4", "FREGUESIA": "109", "LOCALIDADE": null, "COD_POST_4": null, "COD_POST_3": null, "COM_INT_ID": null, "COD_ACT_ECON": "21522", "DESC_ACT_ECON": "Ourivesarias/Relojoarias", "ANO": 1996, "TIPO": "Retalho", "LOCALIZACAO": "Isolado", "C_INTEGRADO": null, "EMPRESA": "MARIA ISABEL SILVEIRA MENDES RODRIGUES MOURA", "GlobalID": "b5f80471-7f63-408f-93c5-53c18b89a062"}}, {"type": "Feature", "geometry": {"type": "Point", "coordinates": [-1023065.8454000019, 4678989.176799998]}, "properties": {"OBJECTID": 97846, "COD_SIG": null, "IDTIPO": null, "NOME": "ALGO CONFEC\u00c7OES LDA", "REGEND": "010460", "MORADA": "MARTIN MONIZ (L)", "NUM_POLICIA": null, "FREGUESIA": "102", "LOCALIDADE": null, "COD_POST_4": null, "COD_POST_3": null, "COM_INT_ID": null, "COD_ACT_ECON": "21101", "DESC_ACT_ECON": "Artigos Vestu\u00e1rio Diverso (Misto)", "ANO": 1996, "TIPO": "Retalho", "LOCALIZACAO": "Isolado", "C_INTEGRADO": null, "EMPRESA": "MARIA ISABEL SILVEIRA MENDES RODRIGUES MOURA", "GlobalID": "2315dcf9-8a5f-447e-a846-38fe5ad34757"}}, {"type": "Feature", "geometry": {"type": "Point", "coordinates": [-1016388.4554000013, 4681441.812799998]}, "properties": {"OBJECTID": 97877, "COD_SIG": null, "IDTIPO": null, "NOME": "FILATELIA \u00cdRIS", "REGEND": "010493", "MORADA": "D PEDRO IV (PR DE) ROSSIO", "NUM_POLICIA": "45 V/ESC", "FREGUESIA": "124", "LOCALIDADE": null, "COD_POST_4": null, "COD_POST_3": null, "COM_INT_ID": null, "COD_ACT_ECON": "21404", "DESC_ACT_ECON": "Alfarrabista/Filatelia/Numism\u00e1tica", "ANO": 1996, "TIPO": "Retalho", "LOCALIZACAO": "Isolado", "C_INTEGRADO": null, "EMPRESA": "MARIA ISABEL SILVEIRA MENDES RODRIGUES MOURA", "GlobalID": "235dd322-ca5c-4f44-b600-21c40cf6cf3b"}}, {"type": "Feature", "geometry": {"type": "Point", "coordinates": [-1019100.8447000012, 4680934.822700001]}, "properties": {"OBJECTID": 97941, "COD_SIG": null, "IDTIPO": null, "NOME": "CANAMAR", "REGEND": "010326", "MORADA": "ST AMARO (R DE)", "NUM_POLICIA": "6 A", "FREGUESIA": "110", "LOCALIDADE": null, "COD_POST_4": null, "COD_POST_3": null, "COM_INT_ID": null, "COD_ACT_ECON": "11012", "DESC_ACT_ECON": "Produtos Congelados", "ANO": 1996, "TIPO": "Retalho", "LOCALIZACAO": "Isolado", "C_INTEGRADO": null, "EMPRESA": "MARIA ISABEL SILVEIRA MENDES RODRIGUES MOURA", "GlobalID": "ef2924c4-6925-42a7-b105-75fdb594fc88"}}, {"type": "Feature", "geometry": {"type": "Point", "coordinates": [-1019712.6917999983, 4682033.342]}, "properties": {"OBJECTID": 97966, "COD_SIG": null, "IDTIPO": null, "NOME": "SAPATARIA TABOZA", "REGEND": "010443", "MORADA": "MARTIN MONIZ (L)", "NUM_POLICIA": null, "FREGUESIA": "110", "LOCALIDADE": null, "COD_POST_4": null, "COD_POST_3": null, "COM_INT_ID": null, "COD_ACT_ECON": "21115", "DESC_ACT_ECON": "Sapatarias", "ANO": 1996, "TIPO": "Retalho", "LOCALIZACAO": "Isolado", "C_INTEGRADO": null, "EMPRESA": "MARIA ISABEL SILVEIRA MENDES RODRIGUES MOURA", "GlobalID": "eefedcb6-6b89-4745-a8e6-dc5bb400d716"}}, {"type": "Feature", "geometry": {"type": "Point", "coordinates": [-1020754.1182000004, 4685389.490699999]}, "properties": {"OBJECTID": 97968, "COD_SIG": null, "IDTIPO": null, "NOME": "MANUEL LOPES JOALHEIRO LDA", "REGEND": "010453", "MORADA": "MARTIN MONIZ (L)", "NUM_POLICIA": null, "FREGUESIA": "123", "LOCALIDADE": null, "COD_POST_4": null, "COD_POST_3": null, "COM_INT_ID": null, "COD_ACT_ECON": "21522", "DESC_ACT_ECON": "Ourivesarias/Relojoarias", "ANO": 1996, "TIPO": "Retalho", "LOCALIZACAO": "Isolado", "C_INTEGRADO": null, "EMPRESA": "MANUEL LOPES JOALHEIROS, LDA", "GlobalID": "5fa8b9fa-e56b-444a-b14b-0b9d5916361d"}}, {"type": "Feature", "geometry": {"type": "Point", "coordinates": [-1018271.9255000018, 4682776.980800003]}, "properties": {"OBJECTID": 97969, "COD_SIG": null, "IDTIPO": null, "NOME": "ARCO ALEGRETE", "REGEND": "010461", "MORADA": "MARTIN MONIZ (L)", "NUM_POLICIA": null, "FREGUESIA": "122", "LOCALIDADE": null, "COD_POST_4": null, "COD_POST_3": null, "COM_INT_ID": null, "COD_ACT_ECON": "21202", "DESC_ACT_ECON": "Artigos Diversos Lar/Decora\u00e7\u00e3o", "ANO": 1996, "TIPO": "Retalho", "LOCALIZACAO": "Isolado", "C_INTEGRADO": null, "EMPRESA": "MARIA ISABEL SILVEIRA MENDES RODRIGUES MOURA", "GlobalID": "66a66a46-b098-4ba9-bf56-a908f79277cf"}}, {"type": "Feature", "geometry": {"type": "Point", "coordinates": [-1016541.2203000002, 4685132.986599997]}, "properties": {"OBJECTID": 97996, "COD_SIG": null, "IDTIPO": null, "NOME": "LIVRARIA CLASSICA EDITORA", "REGEND": "010550", "MORADA": "RESTAURADORES (PR DOS)", "NUM_POLICIA": "17", "FREGUESIA": "104", "LOCALIDADE": null, "COD_POST_4": null, "COD_POST_3": null, "COM_INT_ID": null, "COD_ACT_ECON": "21401", "DESC_ACT_ECON": "Livrarias", "ANO": 1996, "TIPO": "Retalho", "LOCALIZACAO": "Isolado", "C_INTEGRADO": null, "EMPRESA": "MARIA ISABEL SILVEIRA MENDES RODRIGUES MOURA", "GlobalID": "735f3c60-1617-439e-b072-8b6ba2ebd0e3"}}, {"type": "Feature", "geometry": {"type": "Point", "coordinates": [-1019833.1123000011, 4689355.474100001]}, "properties": {"OBJECTID": 98019, "COD_SIG": null, "IDTIPO": null, "NOME": "JOSE DIAS MARTINS", "REGEND": "010179", "MORADA": "ARRABIDA (R DA)", "NUM_POLICIA": "14", "FREGUESIA": "114", "LOCALIDADE": null, "COD_POST_4": null, "COD_POST_3": null, "COM_INT_ID": null, "COD_ACT_ECON": "21101", "DESC_ACT_ECON": "Artigos Vestu\u00e1rio Diverso (Misto)", "ANO": 1996, "TIPO": "Retalho", "LOCALIZACAO": "Isolado", "C_INTEGRADO": null, "EMPRESA": "MARIA ISABEL SILVEIRA MENDES RODRIGUES MOURA", "GlobalID": "556b7254-a36b-466e-876d-4b12d32f6321"}}, {"type": "Feature", "geometry": {"type": "Point", "coordinates": [-1017695.5218999982, 4691244.5515]}, "properties": {"OBJECTID": 98024, "COD_SIG": null, "IDTIPO": null, "NOME": "SIBERIA", "REGEND": "010186", "MORADA": "CABO (R DO)", "NUM_POLICIA": "58 A", "FREGUESIA": "120", "LOCALIDADE": null, "COD_POST_4": null, "COD_POST_3": null, "COM_INT_ID": null, "COD_ACT_ECON": "11012", "DESC_ACT_ECON": "Produtos Congelados", "ANO": 1996, "TIPO": "Retalho", "LOCALIZACAO": "Isolado", "C_INTEGRADO": null, "EMPRESA": "MARIA ISABEL SILVEIRA MENDES RODRIGUES MOURA", "GlobalID": "88e6e7e9-82a0-4dad-9357-471d7e09167b"}}, {"type": "Feature", "geometry": {"type": "Point", "coordinates": [-1017997.3944000006, 4679935.917499997]}, "properties": {"OBJECTID": 98044, "COD_SIG": null, "IDTIPO": null, "NOME": "DISCOTECA TOP", "REGEND": "010374", "MORADA": "D JOAO DA CAMARA (PR)", "NUM_POLICIA": "427", "FREGUESIA": "116", "LOCALIDADE": null, "COD_POST_4": null, "COD_POST_3": null, "COM_INT_ID": 112, "COD_ACT_ECON": "21411", "DESC_ACT_ECON": "Discos/Cassetes Audio E Video", "ANO": 1996, "TIPO": "Retalho", "LOCALIZACAO": "Integrado - outro", "C_INTEGRADO": "CENTRO COMERCIAL TERMINAL", "EMPRESA": "MARIA ISABEL SILVEIRA MENDES RODRIGUES MOURA", "GlobalID": "3fb54bac-7b00-45d7-87da-8aee99a6b87e"}}, {"type": "Feature", "geometry": {"type": "Point", "coordinates": [-1019293.5417000018, 4691509.708800003]}, "properties": {"OBJECTID": 98045, "COD_SIG": null, "IDTIPO": null, "NOME": "CANTINHO", "REGEND": "010380", "MORADA": "D JOAO DA CAMARA (PR)", "NUM_POLICIA": "427", "FREGUESIA": "120", "LOCALIDADE": null, "COD_POST_4": null, "COD_POST_3": null, "COM_INT_ID": 112, "COD_ACT_ECON": "21104", "DESC_ACT_ECON": "Artigos Vestu\u00e1rio Crian\u00e7a", "ANO": 1996, "TIPO": "Retalho", "LOCALIZACAO": "Integrado - outro", "C_INTEGRADO": "CENTRO COMERCIAL TERMINAL", "EMPRESA": "MARIA ISABEL SILVEIRA MENDES RODRIGUES MOURA", "GlobalID": "0bf00ff3-0f06-4405-abcb-30a4fe76c30b"}}, {"type": "Feature", "geometry": {"type": "Point", "coordinates": [-1017544.0898999982, 4680844.3440999985]}, "properties": {"OBJECTID": 98046, "COD_SIG": null, "IDTIPO": null, "NOME": "SPORTICA", "REGEND": "010386", "MORADA": "D JOAO DA CAMARA (PR)", "NUM_POLICIA": "427", "FREGUESIA": "121", "LOCALIDADE": null, "COD_POST_4": null, "COD_POST_3": null, "COM_INT_ID": 112, "COD_ACT_ECON": "21406", "DESC_ACT_ECON": "Artigos De Desporto", "ANO": 1996, "TIPO": "Retalho", "LOCALIZACAO": "Integrado - outro", "C_INTEGRADO": "CENTRO COMERCIAL TERMINAL", "EMPRESA": "SP\u00d3RTICA - DESPORTOS E TEMPOS LIVRES, LDA", "GlobalID": "db50dc43-02d5-4193-ab60-3fa78e0af0bd"}}, {"type": "Feature", "geometry": {"type": "Point", "coordinates": [-1021459.7873999998, 4679655.292800002]}, "properties": {"OBJECTID": 98147, "COD_SIG": null, "IDTIPO": null, "NOME": "MENDON\u00c7A & CONCEI\u00c7AO LDA", "REGEND": "010396", "MORADA": "DQ CADAVAL (L)", "NUM_POLICIA": null, "FREGUESIA": "102", "LOCALIDADE": null, "COD_POST_4": null, "COD_POST_3": null, "COM_INT_ID": null, "COD_ACT_ECON": "21509", "DESC_ACT_ECON": "Combust\u00edveis Ve\u00edculos Autom\u00f3veis", "ANO": 1996, "TIPO": "Retalho", "LOCALIZACAO": "Isolado", "C_INTEGRADO": null, "EMPRESA": "MARIA ISABEL SILVEIRA MENDES RODRIGUES MOURA", "GlobalID": "aa43ea40-3717-4562-8835-2b79c0facdb9"}}, {"type": "Feature", "geometry": {"type": "Point", "coordinates": [-1016014.2016999982, 4683286.473399997]}, "properties": {"OBJECTID": 98159, "COD_SIG": null, "IDTIPO": null, "NOME": "SPORTICA", "REGEND": "010385", "MORADA": "D JOAO DA CAMARA (PR)", "NUM_POLICIA": "427", "FREGUESIA": "119", "LOCALIDADE": null, "COD_POST_4": null, "COD_POST_3": null, "COM_INT_ID": 112, "COD_ACT_ECON": "21406", "DESC_ACT_ECON": "Artigos De Desporto", "ANO": 1996, "TIPO": "Retalho", "LOCALIZACAO": "Integrado - outro", "C_INTEGRADO": "CENTRO COMERCIAL TERMINAL", "EMPRESA": "SP\u00d3RTICA - DESPORTOS E TEMPOS LIVRES, LDA", "GlobalID": "8a4b0e15-b865-47fb-a8e3-260034559482"}}, {"type": "Feature", "geometry": {"type": "Point", "coordinates": [-1013039.6486999989, 4689293.656099997]}, "properties": {"OBJECTID": 98166, "COD_SIG": null, "IDTIPO": null, "NOME": "S CARVALHO MOURAO LDA", "REGEND": "010450", "MORADA": "MARTIN MONIZ (L)", "NUM_POLICIA": null, "FREGUESIA": "118", "LOCALIDADE": null, "COD_POST_4": null, "COD_POST_3": null, "COM_INT_ID": null, "COD_ACT_ECON": "21522", "DESC_ACT_ECON": "Ourivesarias/Relojoarias", "ANO": 1996, "TIPO": "Retalho", "LOCALIZACAO": "Isolado", "C_INTEGRADO": null, "EMPRESA": "MARIA ISABEL SILVEIRA MENDES RODRIGUES MOURA", "GlobalID": "b29bd7c9-1ece-4404-8afd-90567e3bb122"}}, {"type": "Feature", "geometry": {"type": "Point", "coordinates": [-1017790.2556999996, 4690772.681199998]}, "properties": {"OBJECTID": 98167, "COD_SIG": null, "IDTIPO": null, "NOME": "MIGUEL AFRAGA LDA", "REGEND": "010456", "MORADA": "MARTIN MONIZ (L)", "NUM_POLICIA": null, "FREGUESIA": "120", "LOCALIDADE": null, "COD_POST_4": null, "COD_POST_3": null, "COM_INT_ID": null, "COD_ACT_ECON": "21412", "DESC_ACT_ECON": "Material Fotogr\u00e1fico,Cinema", "ANO": 1996, "TIPO": "Retalho", "LOCALIZACAO": "Isolado", "C_INTEGRADO": null, "EMPRESA": "MIGUEL A FRAGA LDA", "GlobalID": "5c933336-add1-43a1-adde-3b3d5cf594eb"}}, {"type": "Feature", "geometry": {"type": "Point", "coordinates": [-1017227.2985000014, 4680812.301399998]}, "properties": {"OBJECTID": 98202, "COD_SIG": null, "IDTIPO": null, "NOME": "FERREIRA & PERES LDA", "REGEND": "010532", "MORADA": "Pra\u00e7a da Figueira", "NUM_POLICIA": "7A", "FREGUESIA": "121", "LOCALIDADE": "LISBOA", "COD_POST_4": "1100", "COD_POST_3": "240", "COM_INT_ID": null, "COD_ACT_ECON": "21213", "DESC_ACT_ECON": "Utens\u00edlios Para O Lar (Cutel.,Quinq.)", "ANO": 1996, "TIPO": "Retalho", "LOCALIZACAO": "Isolado", "C_INTEGRADO": null, "EMPRESA": "MARIA ISABEL SILVEIRA MENDES RODRIGUES MOURA", "GlobalID": "95e9c561-e9f2-4efb-8cc7-8906847e96d0"}}, {"type": "Feature", "geometry": {"type": "Point", "coordinates": [-1022046.4019000009, 4679475.090999998]}, "properties": {"OBJECTID": 98265, "COD_SIG": null, "IDTIPO": null, "NOME": "SAPATARIA LONDRINA", "REGEND": "010441", "MORADA": "MARTIN MONIZ (L)", "NUM_POLICIA": null, "FREGUESIA": "102", "LOCALIDADE": null, "COD_POST_4": null, "COD_POST_3": null, "COM_INT_ID": null, "COD_ACT_ECON": "21115", "DESC_ACT_ECON": "Sapatarias", "ANO": 1996, "TIPO": "Retalho", "LOCALIZACAO": "Isolado", "C_INTEGRADO": null, "EMPRESA": "MARIA ISABEL SILVEIRA MENDES RODRIGUES MOURA", "GlobalID": "7b76e1e4-dca9-4c6f-add9-a0b48524d320"}}, {"type": "Feature", "geometry": {"type": "Point", "coordinates": [-1013868.4475000016, 4687830.490900002]}, "properties": {"OBJECTID": 98266, "COD_SIG": null, "IDTIPO": null, "NOME": "CASA BOM CAL\u00c7ADO", "REGEND": "010447", "MORADA": "MARTIN MONIZ (L)", "NUM_POLICIA": null, "FREGUESIA": "117", "LOCALIDADE": null, "COD_POST_4": null, "COD_POST_3": null, "COM_INT_ID": null, "COD_ACT_ECON": "21115", "DESC_ACT_ECON": "Sapatarias", "ANO": 1996, "TIPO": "Retalho", "LOCALIZACAO": "Isolado", "C_INTEGRADO": null, "EMPRESA": "MARIA ISABEL SILVEIRA MENDES RODRIGUES MOURA", "GlobalID": "57b14e0e-1db2-437d-9571-e52cc8c94ae8"}}, {"type": "Feature", "geometry": {"type": "Point", "coordinates": [-1020774.5507000014, 4687424.7007]}, "properties": {"OBJECTID": 98268, "COD_SIG": null, "IDTIPO": null, "NOME": "MANUEL LEITE OLIVEIRA & COMPANHIA LDA", "REGEND": "010459", "MORADA": "MARTIN MONIZ (L)", "NUM_POLICIA": null, "FREGUESIA": "114", "LOCALIDADE": null, "COD_POST_4": null, "COD_POST_3": null, "COM_INT_ID": null, "COD_ACT_ECON": "21115", "DESC_ACT_ECON": "Sapatarias", "ANO": 1996, "TIPO": "Retalho", "LOCALIZACAO": "Isolado", "C_INTEGRADO": null, "EMPRESA": "MARIA ISABEL SILVEIRA MENDES RODRIGUES MOURA", "GlobalID": "3e3dbc79-43b3-4583-be8b-ed728c327128"}}, {"type": "Feature", "geometry": {"type": "Point", "coordinates": [-1016910.9189000018, 4681376.1285]}, "properties": {"OBJECTID": 98484, "COD_SIG": null, "IDTIPO": null, "NOME": "HIRAL", "REGEND": "010597", "MORADA": "BENFORMOSO (R DO)", "NUM_POLICIA": "127", "FREGUESIA": "121", "LOCALIDADE": null, "COD_POST_4": null, "COD_POST_3": null, "COM_INT_ID": null, "COD_ACT_ECON": "22002", "DESC_ACT_ECON": "Bazares", "ANO": 1996, "TIPO": "Retalho", "LOCALIZACAO": "Isolado", "C_INTEGRADO": null, "EMPRESA": "MARIA ISABEL SILVEIRA MENDES RODRIGUES MOURA", "GlobalID": "a213f158-4fdf-4d44-8f88-da70531d8227"}}, {"type": "Feature", "geometry": {"type": "Point", "coordinates": [-1016978.8808999993, 4681241.266900003]}, "properties": {"OBJECTID": 98544, "COD_SIG": null, "IDTIPO": null, "NOME": "MOL ARMAZEM", "REGEND": "010679", "MORADA": "PALMA (R DA)", "NUM_POLICIA": "202/204", "FREGUESIA": "121", "LOCALIDADE": null, "COD_POST_4": null, "COD_POST_3": null, "COM_INT_ID": null, "COD_ACT_ECON": "22002", "DESC_ACT_ECON": "Bazares", "ANO": 1996, "TIPO": "Retalho", "LOCALIZACAO": "Isolado", "C_INTEGRADO": null, "EMPRESA": "MOL ARMAZEM REVENDA VENDA PUBLICO LDA", "GlobalID": "d89c37f8-ca17-4ae8-b1cc-4839c948b268"}}, {"type": "Feature", "geometry": {"type": "Point", "coordinates": [-1024367.8718999997, 4678384.238799997]}, "properties": {"OBJECTID": 98586, "COD_SIG": null, "IDTIPO": null, "NOME": "COLCHOARIA CORDEIRO", "REGEND": "010814", "MORADA": "Rua de Bel\u00e9m", "NUM_POLICIA": "25", "FREGUESIA": "108", "LOCALIDADE": "LISBOA", "COD_POST_4": "1300", "COD_POST_3": "082", "COM_INT_ID": null, "COD_ACT_ECON": "21208", "DESC_ACT_ECON": "Mobili\u00e1rio Cozinha E Casa De Banho", "ANO": 1996, "TIPO": "Retalho", "LOCALIZACAO": "Isolado", "C_INTEGRADO": null, "EMPRESA": "COLCHOARIA CORDEIRO LDA", "GlobalID": "f1aaed8f-fbe2-48d6-8659-912debd996fc"}}, {"type": "Feature", "geometry": {"type": "Point", "coordinates": [-1019290.6237999983, 4679881.636100002]}, "properties": {"OBJECTID": 98596, "COD_SIG": null, "IDTIPO": null, "NOME": "MOTA & MIGUEIS LDA", "REGEND": "010823", "MORADA": "BELEM (R DE)", "NUM_POLICIA": "90/98", "FREGUESIA": "113", "LOCALIDADE": null, "COD_POST_4": null, "COD_POST_3": null, "COM_INT_ID": null, "COD_ACT_ECON": "11002", "DESC_ACT_ECON": "Talhos", "ANO": 1996, "TIPO": "Retalho", "LOCALIZACAO": "Isolado", "C_INTEGRADO": null, "EMPRESA": "MARIA ISABEL SILVEIRA MENDES RODRIGUES MOURA", "GlobalID": "000208fc-3f6c-42aa-aa4b-4fd7be891113"}}, {"type": "Feature", "geometry": {"type": "Point", "coordinates": [-1023316.7778999992, 4679443.691600002]}, "properties": {"OBJECTID": 98708, "COD_SIG": null, "IDTIPO": null, "NOME": "MANALCO", "REGEND": "010274", "MORADA": "SARAIVA DE CARVALHO (R)", "NUM_POLICIA": "68", "FREGUESIA": "101", "LOCALIDADE": null, "COD_POST_4": null, "COD_POST_3": null, "COM_INT_ID": null, "COD_ACT_ECON": "21111", "DESC_ACT_ECON": "Tecidos Para Confec\u00e7\u00e3o Vestu\u00e1rio", "ANO": 1996, "TIPO": "Retalho", "LOCALIZACAO": "Isolado", "C_INTEGRADO": null, "EMPRESA": "MARIA ISABEL SILVEIRA MENDES RODRIGUES MOURA", "GlobalID": "17413766-323d-4ab2-a852-9a4154d1e14e"}}, {"type": "Feature", "geometry": {"type": "Point", "coordinates": [-1016907.7170000002, 4681343.918700002]}, "properties": {"OBJECTID": 98717, "COD_SIG": null, "IDTIPO": null, "NOME": "VIMAL NILECHECUMAR", "REGEND": "010593", "MORADA": "Rua do Benformoso", "NUM_POLICIA": "101", "FREGUESIA": "121", "LOCALIDADE": null, "COD_POST_4": "1100", "COD_POST_3": "083", "COM_INT_ID": null, "COD_ACT_ECON": "21114", "DESC_ACT_ECON": "Marroquinaria E Artigos De Viagem", "ANO": 1996, "TIPO": "Retalho", "LOCALIZACAO": "Isolado", "C_INTEGRADO": null, "EMPRESA": "MARIA ISABEL SILVEIRA MENDES RODRIGUES MOURA", "GlobalID": "b4363b2b-57cd-4982-b4dc-ee61dfdf890b"}}, {"type": "Feature", "geometry": {"type": "Point", "coordinates": [-1016971.6840999983, 4681335.741400003]}, "properties": {"OBJECTID": 98749, "COD_SIG": null, "IDTIPO": null, "NOME": "DINLAR", "REGEND": "010689", "MORADA": "PALMA (R DA)", "NUM_POLICIA": "226/234", "FREGUESIA": "121", "LOCALIDADE": null, "COD_POST_4": null, "COD_POST_3": null, "COM_INT_ID": null, "COD_ACT_ECON": "21205", "DESC_ACT_ECON": "Roupa/Lar", "ANO": 1996, "TIPO": "Retalho", "LOCALIZACAO": "Isolado", "C_INTEGRADO": null, "EMPRESA": "MARIA ISABEL SILVEIRA MENDES RODRIGUES MOURA", "GlobalID": "a6127771-b9a2-42e8-9d63-eaf27a7d03f5"}}, {"type": "Feature", "geometry": {"type": "Point", "coordinates": [-1017553.9019000009, 4680932.619099997]}, "properties": {"OBJECTID": 98766, "COD_SIG": null, "IDTIPO": null, "NOME": "PARAISO CAL\u00c7ADO", "REGEND": "010745", "MORADA": "PRIMEIRO DE DEZEMBRO (R)", "NUM_POLICIA": "120 A", "FREGUESIA": "121", "LOCALIDADE": null, "COD_POST_4": null, "COD_POST_3": null, "COM_INT_ID": null, "COD_ACT_ECON": "21115", "DESC_ACT_ECON": "Sapatarias", "ANO": 1996, "TIPO": "Retalho", "LOCALIZACAO": "Isolado", "C_INTEGRADO": null, "EMPRESA": "PARAISO DO CAL\u00c7ADO, LDA", "GlobalID": "aa583f02-3bcd-4d2e-960e-7cb43fc2a761"}}, {"type": "Feature", "geometry": {"type": "Point", "coordinates": [-1019211.1579000019, 4681567.7117]}, "properties": {"OBJECTID": 98801, "COD_SIG": null, "IDTIPO": null, "NOME": "CHARCUTARIA", "REGEND": "010257", "MORADA": "Rua de S\u00e3o Bento", "NUM_POLICIA": "383A", "FREGUESIA": "110", "LOCALIDADE": "LISBOA                         ", "COD_POST_4": "1250", "COD_POST_3": "015", "COM_INT_ID": null, "COD_ACT_ECON": "12004", "DESC_ACT_ECON": "Mercearias", "ANO": 1996, "TIPO": "Retalho", "LOCALIZACAO": "Isolado", "C_INTEGRADO": null, "EMPRESA": "MARIA ISABEL SILVEIRA MENDES RODRIGUES MOURA", "GlobalID": "efbcf095-8f24-4985-95f2-e200b0da4c7f"}}, {"type": "Feature", "geometry": {"type": "Point", "coordinates": [-1023640.6493999995, 4679121.2588]}, "properties": {"OBJECTID": 98820, "COD_SIG": null, "IDTIPO": null, "NOME": "ANTONIO ALBERTO LAVRADOR", "REGEND": "010341", "MORADA": "GARCIA (C DO)", "NUM_POLICIA": "26 A", "FREGUESIA": "101", "LOCALIDADE": null, "COD_POST_4": null, "COD_POST_3": null, "COM_INT_ID": null, "COD_ACT_ECON": "21414", "DESC_ACT_ECON": "Brinquedos E Jogos Para Crian\u00e7as", "ANO": 1996, "TIPO": "Retalho", "LOCALIZACAO": "Isolado", "C_INTEGRADO": null, "EMPRESA": "MARIA ISABEL SILVEIRA MENDES RODRIGUES MOURA", "GlobalID": "0f1fbf3f-615c-4a96-8485-748c4e515a53"}}, {"type": "Feature", "geometry": {"type": "Point", "coordinates": [-1016204.8147, 4680441.416100003]}, "properties": {"OBJECTID": 98826, "COD_SIG": null, "IDTIPO": null, "NOME": "LUIS LAJE LDA", "REGEND": "010356", "MORADA": "D JOAO DA CAMARA (PR)", "NUM_POLICIA": "427", "FREGUESIA": "121", "LOCALIDADE": null, "COD_POST_4": null, "COD_POST_3": null, "COM_INT_ID": 112, "COD_ACT_ECON": "21101", "DESC_ACT_ECON": "Artigos Vestu\u00e1rio Diverso (Misto)", "ANO": 1996, "TIPO": "Retalho", "LOCALIZACAO": "Integrado - outro", "C_INTEGRADO": "CENTRO COMERCIAL TERMINAL", "EMPRESA": "LU\u00cdS LAGE, LDA", "GlobalID": "7bbe8965-70c4-4a5c-932f-ce0f7366f91e"}}, {"type": "Feature", "geometry": {"type": "Point", "coordinates": [-1021443.8493000008, 4679604.076499999]}, "properties": {"OBJECTID": 98831, "COD_SIG": null, "IDTIPO": null, "NOME": "CHOCOLATE", "REGEND": "010370", "MORADA": "D JOAO DA CAMARA (PR)", "NUM_POLICIA": "427", "FREGUESIA": "102", "LOCALIDADE": null, "COD_POST_4": null, "COD_POST_3": null, "COM_INT_ID": 112, "COD_ACT_ECON": "21101", "DESC_ACT_ECON": "Artigos Vestu\u00e1rio Diverso (Misto)", "ANO": 1996, "TIPO": "Retalho", "LOCALIZACAO": "Integrado - outro", "C_INTEGRADO": "CENTRO COMERCIAL TERMINAL", "EMPRESA": "MARIA ISABEL SILVEIRA MENDES RODRIGUES MOURA", "GlobalID": "ae8b87fa-203e-4a55-a0a6-4824733f9631"}}, {"type": "Feature", "geometry": {"type": "Point", "coordinates": [-1019749.5648000017, 4679837.9199]}, "properties": {"OBJECTID": 98843, "COD_SIG": null, "IDTIPO": null, "NOME": "A MALANDRA", "REGEND": "010348", "MORADA": "D JOAO DA CAMARA (PR)", "NUM_POLICIA": "427", "FREGUESIA": "113", "LOCALIDADE": null, "COD_POST_4": null, "COD_POST_3": null, "COM_INT_ID": 112, "COD_ACT_ECON": "21114", "DESC_ACT_ECON": "Marroquinaria E Artigos De Viagem", "ANO": 1996, "TIPO": "Retalho", "LOCALIZACAO": "Integrado - outro", "C_INTEGRADO": "CENTRO COMERCIAL TERMINAL", "EMPRESA": "MARIA ISABEL SILVEIRA MENDES RODRIGUES MOURA", "GlobalID": "5e2f1ade-956f-45ca-95f6-0f7ac2876738"}}, {"type": "Feature", "geometry": {"type": "Point", "coordinates": [-1016327.8660000004, 4681637.828100003]}, "properties": {"OBJECTID": 98844, "COD_SIG": null, "IDTIPO": null, "NOME": "ANTONIO ALIPIO NEVES DIAS LDA", "REGEND": "010354", "MORADA": "D JOAO DA CAMARA (PR)", "NUM_POLICIA": "427", "FREGUESIA": "124", "LOCALIDADE": null, "COD_POST_4": null, "COD_POST_3": null, "COM_INT_ID": 112, "COD_ACT_ECON": "21303", "DESC_ACT_ECON": "Material \u00d3ptico (Oculistas)", "ANO": 1996, "TIPO": "Retalho", "LOCALIZACAO": "Integrado - outro", "C_INTEGRADO": "CENTRO COMERCIAL TERMINAL", "EMPRESA": "MARIA ISABEL SILVEIRA MENDES RODRIGUES MOURA", "GlobalID": "81a62864-61e8-4519-830f-41ad3bb81c2a"}}, {"type": "Feature", "geometry": {"type": "Point", "coordinates": [-1017544.0898999982, 4680844.3440999985]}, "properties": {"OBJECTID": 98846, "COD_SIG": null, "IDTIPO": null, "NOME": "TINOCO LDA", "REGEND": "010363", "MORADA": "D JOAO DA CAMARA (PR)", "NUM_POLICIA": "427", "FREGUESIA": "121", "LOCALIDADE": null, "COD_POST_4": null, "COD_POST_3": null, "COM_INT_ID": 112, "COD_ACT_ECON": "21413", "DESC_ACT_ECON": "Instrumentos Musicais", "ANO": 1996, "TIPO": "Retalho", "LOCALIZACAO": "Integrado - outro", "C_INTEGRADO": "CENTRO COMERCIAL TERMINAL", "EMPRESA": "TINOCO, LDA", "GlobalID": "3e8b361e-4c01-4437-81bd-199bf8b6b17b"}}, {"type": "Feature", "geometry": {"type": "Point", "coordinates": [-1017108.8561999984, 4683881.202600002]}, "properties": {"OBJECTID": 98847, "COD_SIG": null, "IDTIPO": null, "NOME": "ORIENTE-SE ARTIGOS ORIENTAIS", "REGEND": "010364", "MORADA": "D JOAO DA CAMARA (PR)", "NUM_POLICIA": "427", "FREGUESIA": "105", "LOCALIDADE": null, "COD_POST_4": null, "COD_POST_3": null, "COM_INT_ID": 112, "COD_ACT_ECON": "21518", "DESC_ACT_ECON": "Artesanato", "ANO": 1996, "TIPO": "Retalho", "LOCALIZACAO": "Integrado - outro", "C_INTEGRADO": "CENTRO COMERCIAL TERMINAL", "EMPRESA": "ORIENTE-SE - ARTIGOS ORIENTAIS, LDA", "GlobalID": "e45615e1-0085-4a69-a098-0440dbdeb17f"}}, {"type": "Feature", "geometry": {"type": "Point", "coordinates": [-1016482.0789999999, 4684402.3081]}, "properties": {"OBJECTID": 98952, "COD_SIG": null, "IDTIPO": null, "NOME": "TOOT", "REGEND": "010369", "MORADA": "D JOAO DA CAMARA (PR)", "NUM_POLICIA": "427", "FREGUESIA": "104", "LOCALIDADE": null, "COD_POST_4": null, "COD_POST_3": null, "COM_INT_ID": 112, "COD_ACT_ECON": "21103", "DESC_ACT_ECON": "Artigos Vestu\u00e1rio Senhora (Boutique)", "ANO": 1996, "TIPO": "Retalho", "LOCALIZACAO": "Integrado - outro", "C_INTEGRADO": "CENTRO COMERCIAL TERMINAL", "EMPRESA": "JOSE LUIS CASAL, LDA", "GlobalID": "da6c9ec9-c1fa-4fe5-92cd-f2d9ca15ae46"}}, {"type": "Feature", "geometry": {"type": "Point", "coordinates": [-1024042.806499999, 4678489.547799997]}, "properties": {"OBJECTID": 98963, "COD_SIG": null, "IDTIPO": null, "NOME": "CASA DAS VELAS", "REGEND": "010445", "MORADA": "MARTIN MONIZ (L)", "NUM_POLICIA": "PAV.B LJ 1", "FREGUESIA": "108", "LOCALIDADE": null, "COD_POST_4": null, "COD_POST_3": null, "COM_INT_ID": null, "COD_ACT_ECON": "21526", "DESC_ACT_ECON": "Outros N.E.(C.N.Alim. Diversos)", "ANO": 1996, "TIPO": "Retalho", "LOCALIZACAO": "Isolado", "C_INTEGRADO": null, "EMPRESA": "MARIA ISABEL SILVEIRA MENDES RODRIGUES MOURA", "GlobalID": "5eaeabb2-18ff-465a-8b2f-a12e39f0bc22"}}, {"type": "Feature", "geometry": {"type": "Point", "coordinates": [-1018768.2118000016, 4679972.302100003]}, "properties": {"OBJECTID": 98964, "COD_SIG": null, "IDTIPO": null, "NOME": "PEIXOTO & JARDIM LDA", "REGEND": "010451", "MORADA": "MARTIN MONIZ (L)", "NUM_POLICIA": null, "FREGUESIA": "116", "LOCALIDADE": null, "COD_POST_4": null, "COD_POST_3": null, "COM_INT_ID": null, "COD_ACT_ECON": "21522", "DESC_ACT_ECON": "Ourivesarias/Relojoarias", "ANO": 1996, "TIPO": "Retalho", "LOCALIZACAO": "Isolado", "C_INTEGRADO": null, "EMPRESA": "PEIXOTO & JARDIM, LDA", "GlobalID": "3c230df8-1dc6-46c4-b40e-38d988d7cc6f"}}, {"type": "Feature", "geometry": {"type": "Point", "coordinates": [-1020584.8955999985, 4680488.9714]}, "properties": {"OBJECTID": 98965, "COD_SIG": null, "IDTIPO": null, "NOME": "JOAQUIM LOPES JOALHEIRO LDA", "REGEND": "010457", "MORADA": "MARTIN MONIZ (L)", "NUM_POLICIA": null, "FREGUESIA": "113", "LOCALIDADE": null, "COD_POST_4": null, "COD_POST_3": null, "COM_INT_ID": null, "COD_ACT_ECON": "21522", "DESC_ACT_ECON": "Ourivesarias/Relojoarias", "ANO": 1996, "TIPO": "Retalho", "LOCALIZACAO": "Isolado", "C_INTEGRADO": null, "EMPRESA": "JOAQUIM LOPES JOALHEIRO LDA", "GlobalID": "75966c75-69a9-4d14-9c2b-1de5ec048ba2"}}, {"type": "Feature", "geometry": {"type": "Point", "coordinates": [-1017078.3249999993, 4680885.3539]}, "properties": {"OBJECTID": 98966, "COD_SIG": null, "IDTIPO": null, "NOME": "SAPATARIA TREVO", "REGEND": "010462", "MORADA": "Pra\u00e7a Martim Moniz", "NUM_POLICIA": "1", "FREGUESIA": "121", "LOCALIDADE": null, "COD_POST_4": "1100", "COD_POST_3": "341", "COM_INT_ID": null, "COD_ACT_ECON": "21115", "DESC_ACT_ECON": "Sapatarias", "ANO": 1996, "TIPO": "Retalho", "LOCALIZACAO": "Isolado", "C_INTEGRADO": null, "EMPRESA": "MARIA ISABEL SILVEIRA MENDES RODRIGUES MOURA", "GlobalID": "9cbf762b-8762-4959-a6a1-935a462c08d6"}}, {"type": "Feature", "geometry": {"type": "Point", "coordinates": [-1017078.3249999993, 4680885.3539]}, "properties": {"OBJECTID": 98967, "COD_SIG": null, "IDTIPO": null, "NOME": "SAPATARIA TREVO", "REGEND": "010462", "MORADA": "Pra\u00e7a Martim Moniz", "NUM_POLICIA": "1", "FREGUESIA": "121", "LOCALIDADE": null, "COD_POST_4": "1100", "COD_POST_3": "341", "COM_INT_ID": null, "COD_ACT_ECON": "21115", "DESC_ACT_ECON": "Sapatarias", "ANO": 1996, "TIPO": "Retalho", "LOCALIZACAO": "Isolado", "C_INTEGRADO": null, "EMPRESA": "MARIA ISABEL SILVEIRA MENDES RODRIGUES MOURA", "GlobalID": "94a85831-004c-4b85-b5f9-032450ade3ca"}}, {"type": "Feature", "geometry": {"type": "Point", "coordinates": [-1014619.2032000013, 4688950.052599996]}, "properties": {"OBJECTID": 98976, "COD_SIG": null, "IDTIPO": null, "NOME": "OLIVEIRA & JACOME LDA", "REGEND": "010444", "MORADA": "MARTIN MONIZ (L)", "NUM_POLICIA": null, "FREGUESIA": "117", "LOCALIDADE": null, "COD_POST_4": null, "COD_POST_3": null, "COM_INT_ID": null, "COD_ACT_ECON": "21522", "DESC_ACT_ECON": "Ourivesarias/Relojoarias", "ANO": 1996, "TIPO": "Retalho", "LOCALIZACAO": "Isolado", "C_INTEGRADO": null, "EMPRESA": "OLIVEIRA & JACOME, LDA", "GlobalID": "4dfd9c4c-5e72-45cc-9054-7495cfad9d23"}}, {"type": "Feature", "geometry": {"type": "Point", "coordinates": [-1017099.1281000003, 4684864.765299998]}, "properties": {"OBJECTID": 98977, "COD_SIG": null, "IDTIPO": null, "NOME": "CASA NATAL", "REGEND": "010448", "MORADA": "MARTIN MONIZ (L)", "NUM_POLICIA": "PAV.B LJ 2", "FREGUESIA": "104", "LOCALIDADE": null, "COD_POST_4": null, "COD_POST_3": null, "COM_INT_ID": null, "COD_ACT_ECON": "21113", "DESC_ACT_ECON": "Chap\u00e9us E Guarda-Chuvas", "ANO": 1996, "TIPO": "Retalho", "LOCALIZACAO": "Isolado", "C_INTEGRADO": null, "EMPRESA": "MARIA ISABEL SILVEIRA MENDES RODRIGUES MOURA", "GlobalID": "1f33dfa3-b6c4-4138-9899-fbc200b9efa1"}}, {"type": "Feature", "geometry": {"type": "Point", "coordinates": [-1016132.5938000008, 4681453.608000003]}, "properties": {"OBJECTID": 98981, "COD_SIG": null, "IDTIPO": null, "NOME": "SAPATARIA NITA", "REGEND": "010463", "MORADA": "MARTIN MONIZ (L)", "NUM_POLICIA": "15", "FREGUESIA": "124", "LOCALIDADE": null, "COD_POST_4": null, "COD_POST_3": null, "COM_INT_ID": null, "COD_ACT_ECON": "21115", "DESC_ACT_ECON": "Sapatarias", "ANO": 1996, "TIPO": "Retalho", "LOCALIZACAO": "Isolado", "C_INTEGRADO": null, "EMPRESA": "MARIA ISABEL SILVEIRA MENDES RODRIGUES MOURA", "GlobalID": "41eadc9b-0d62-4221-837c-a25a53d06ef3"}}, {"type": "Feature", "geometry": {"type": "Point", "coordinates": [-1025759.3115000017, 4678091.045500003]}, "properties": {"OBJECTID": 99026, "COD_SIG": null, "IDTIPO": null, "NOME": "NAUTICOR", "REGEND": "010810", "MORADA": "BARTOLOMEU DIAS (R)", "NUM_POLICIA": "172 D", "FREGUESIA": "108", "LOCALIDADE": null, "COD_POST_4": null, "COD_POST_3": null, "COM_INT_ID": null, "COD_ACT_ECON": "21415", "DESC_ACT_ECON": "Outros N.E.(C.N.Alim.Cultura/Lazer)", "ANO": 1996, "TIPO": "Retalho", "LOCALIZACAO": "Isolado", "C_INTEGRADO": null, "EMPRESA": "MARIA ISABEL SILVEIRA MENDES RODRIGUES MOURA", "GlobalID": "1d3096bb-c6a9-4f3c-b87d-bbac33bef531"}}, {"type": "Feature", "geometry": {"type": "Point", "coordinates": [-1017208.0582000017, 4681013.8386999965]}, "properties": {"OBJECTID": 99072, "COD_SIG": null, "IDTIPO": null, "NOME": "ELECTROMANIQUE", "REGEND": "010434", "MORADA": "MARTIN MONIZ (L)", "NUM_POLICIA": "C.C.MOURARIA", "FREGUESIA": "121", "LOCALIDADE": null, "COD_POST_4": null, "COD_POST_3": null, "COM_INT_ID": 90, "COD_ACT_ECON": "21512", "DESC_ACT_ECON": "Material El\u00e9ctrico E P/ Electr\u00f3nica", "ANO": 1996, "TIPO": "Retalho", "LOCALIZACAO": "Integrado - outro", "C_INTEGRADO": "CENTRO COMERCIAL MOURARIA", "EMPRESA": "MARIA ISABEL SILVEIRA MENDES RODRIGUES MOURA", "GlobalID": "ea59b6fd-6817-4ba9-a53e-8e9f9e05b246"}}, {"type": "Feature", "geometry": {"type": "Point", "coordinates": [-1026927.248300001, 4678749.733999997]}, "properties": {"OBJECTID": 99136, "COD_SIG": null, "IDTIPO": null, "NOME": "ESFINGE", "REGEND": "010829", "MORADA": "Rua Dom Jer\u00f3nimo Os\u00f3rio", "NUM_POLICIA": "15A", "FREGUESIA": "108", "LOCALIDADE": null, "COD_POST_4": "1400", "COD_POST_3": "120", "COM_INT_ID": null, "COD_ACT_ECON": "21518", "DESC_ACT_ECON": "Artesanato", "ANO": 1996, "TIPO": "Retalho", "LOCALIZACAO": "Isolado", "C_INTEGRADO": null, "EMPRESA": "MARIA ISABEL SILVEIRA MENDES RODRIGUES MOURA", "GlobalID": "f4a1fe5a-75a0-4675-bdfe-d3540b00ad39"}}, {"type": "Feature", "geometry": {"type": "Point", "coordinates": [-1016897.7188999988, 4681310.2744999975]}, "properties": {"OBJECTID": 99162, "COD_SIG": null, "IDTIPO": null, "NOME": "ANILE KOMAR KANJI", "REGEND": "010613", "MORADA": "BENFORMOSO (R DO)", "NUM_POLICIA": "79", "FREGUESIA": "121", "LOCALIDADE": null, "COD_POST_4": null, "COD_POST_3": null, "COM_INT_ID": null, "COD_ACT_ECON": "21118", "DESC_ACT_ECON": "Bijuterias", "ANO": 1996, "TIPO": "Retalho", "LOCALIZACAO": "Isolado", "C_INTEGRADO": null, "EMPRESA": "MARIA ISABEL SILVEIRA MENDES RODRIGUES MOURA", "GlobalID": "c2007fb1-e4c8-44ce-968b-578ad0ae8614"}}, {"type": "Feature", "geometry": {"type": "Point", "coordinates": [-1016902.6627000012, 4681323.830499999]}, "properties": {"OBJECTID": 99164, "COD_SIG": null, "IDTIPO": null, "NOME": "MILHEIRI\u00c7O & LEITE", "REGEND": "010615", "MORADA": "BENFORMOSO (R DO)", "NUM_POLICIA": "87/89", "FREGUESIA": "121", "LOCALIDADE": null, "COD_POST_4": null, "COD_POST_3": null, "COM_INT_ID": null, "COD_ACT_ECON": "22002", "DESC_ACT_ECON": "Bazares", "ANO": 1996, "TIPO": "Retalho", "LOCALIZACAO": "Isolado", "C_INTEGRADO": null, "EMPRESA": "MARIA ISABEL SILVEIRA MENDES RODRIGUES MOURA", "GlobalID": "7106cc9c-8fdd-48b6-9f27-7932f934b114"}}, {"type": "Feature", "geometry": {"type": "Point", "coordinates": [-1016935.7509000003, 4681159.490800001]}, "properties": {"OBJECTID": 99184, "COD_SIG": null, "IDTIPO": null, "NOME": "CASH DINA", "REGEND": "010431", "MORADA": "MARTIN MONIZ (L)", "NUM_POLICIA": "C.C.MOURARIA", "FREGUESIA": "121", "LOCALIDADE": "LISBOA                         ", "COD_POST_4": "1100", "COD_POST_3": "341", "COM_INT_ID": 90, "COD_ACT_ECON": "21103", "DESC_ACT_ECON": "Artigos Vestu\u00e1rio Senhora (Boutique)", "ANO": 1996, "TIPO": "Retalho", "LOCALIZACAO": "Integrado - outro", "C_INTEGRADO": "CENTRO COMERCIAL MOURARIA", "EMPRESA": "MARIA ISABEL SILVEIRA MENDES RODRIGUES MOURA", "GlobalID": "935b051c-6a12-4e22-ba81-21dae990e2b4"}}, {"type": "Feature", "geometry": {"type": "Point", "coordinates": [-1019919.1539000012, 4684351.182099998]}, "properties": {"OBJECTID": 99240, "COD_SIG": null, "IDTIPO": null, "NOME": "COOPERATIVA FAMILIAR", "REGEND": "010809", "MORADA": "BARTOLOMEU DIAS (R)", "NUM_POLICIA": "172", "FREGUESIA": "123", "LOCALIDADE": null, "COD_POST_4": null, "COD_POST_3": null, "COM_INT_ID": null, "COD_ACT_ECON": "12005", "DESC_ACT_ECON": "Cooperativas De Consumo, Cantinas", "ANO": 1996, "TIPO": "Retalho", "LOCALIZACAO": "Isolado", "C_INTEGRADO": null, "EMPRESA": "MARIA ISABEL SILVEIRA MENDES RODRIGUES MOURA", "GlobalID": "ff1b3ef0-6dde-4725-b1be-00bd47f1ed59"}}, {"type": "Feature", "geometry": {"type": "Point", "coordinates": [-1016912.0896999985, 4681400.750200003]}, "properties": {"OBJECTID": 99268, "COD_SIG": null, "IDTIPO": null, "NOME": "MUNDIAL", "REGEND": "010598", "MORADA": "Rua do Benformoso", "NUM_POLICIA": "141", "FREGUESIA": "121", "LOCALIDADE": null, "COD_POST_4": "1100", "COD_POST_3": "084", "COM_INT_ID": null, "COD_ACT_ECON": "22002", "DESC_ACT_ECON": "Bazares", "ANO": 1996, "TIPO": "Retalho", "LOCALIZACAO": "Isolado", "C_INTEGRADO": null, "EMPRESA": "MARIA ISABEL SILVEIRA MENDES RODRIGUES MOURA", "GlobalID": "2ec1d11a-b724-4823-8e90-07208251c56d"}}, {"type": "Feature", "geometry": {"type": "Point", "coordinates": [-1016964.0683999993, 4681267.969499998]}, "properties": {"OBJECTID": 99285, "COD_SIG": null, "IDTIPO": null, "NOME": "JOSE ALVES SANTOS", "REGEND": "010680", "MORADA": "PALMA (R DA)", "NUM_POLICIA": "208", "FREGUESIA": "121", "LOCALIDADE": "LISBOA                         ", "COD_POST_4": "1100", "COD_POST_3": "394", "COM_INT_ID": null, "COD_ACT_ECON": "21206", "DESC_ACT_ECON": "M\u00f3veis E Colchoaria (Interior)", "ANO": 1996, "TIPO": "Retalho", "LOCALIZACAO": "Isolado", "C_INTEGRADO": null, "EMPRESA": "MARIA ISABEL SILVEIRA MENDES RODRIGUES MOURA", "GlobalID": "f62c6104-ad93-4198-80ed-ab87f1ad9fff"}}, {"type": "Feature", "geometry": {"type": "Point", "coordinates": [-1016970.8905999996, 4681330.032200001]}, "properties": {"OBJECTID": 99296, "COD_SIG": null, "IDTIPO": null, "NOME": "SALA KRULL", "REGEND": "010688", "MORADA": "PALMA (R DA)", "NUM_POLICIA": "224 V/ESC", "FREGUESIA": "121", "LOCALIDADE": "LISBOA", "COD_POST_4": "1100", "COD_POST_3": "394", "COM_INT_ID": null, "COD_ACT_ECON": "21114", "DESC_ACT_ECON": "Marroquinaria E Artigos De Viagem", "ANO": 1996, "TIPO": "Retalho", "LOCALIZACAO": "Isolado", "C_INTEGRADO": null, "EMPRESA": "MARIA ISABEL SILVEIRA MENDES RODRIGUES MOURA", "GlobalID": "61378665-7021-4f98-86d7-564832e31701"}}, {"type": "Feature", "geometry": {"type": "Point", "coordinates": [-1017170.5357000008, 4680946.590400003]}, "properties": {"OBJECTID": 99300, "COD_SIG": null, "IDTIPO": null, "NOME": "DROGARIA & PERFUMARIA RIBEIRO LDA", "REGEND": "010691", "MORADA": "Rua da Palma", "NUM_POLICIA": "25", "FREGUESIA": "121", "LOCALIDADE": null, "COD_POST_4": "1100", "COD_POST_3": "390", "COM_INT_ID": null, "COD_ACT_ECON": "21503", "DESC_ACT_ECON": "Drogarias", "ANO": 1996, "TIPO": "Retalho", "LOCALIZACAO": "Isolado", "C_INTEGRADO": null, "EMPRESA": "MARIA ISABEL SILVEIRA MENDES RODRIGUES MOURA", "GlobalID": "6ce62902-1e5a-4a48-a920-caab5fc064da"}}, {"type": "Feature", "geometry": {"type": "Point", "coordinates": [-1017511.4723999985, 4683120.9086000025]}, "properties": {"OBJECTID": 99339, "COD_SIG": null, "IDTIPO": null, "NOME": "MULTIPE\u00c7A - ACESSORIOS EQUIPAMENTOS VEICULOS LDA", "REGEND": "010265", "MORADA": "S JOAO NEPOMUCENO (R DE)", "NUM_POLICIA": "32 A/B", "FREGUESIA": "105", "LOCALIDADE": null, "COD_POST_4": null, "COD_POST_3": null, "COM_INT_ID": null, "COD_ACT_ECON": "21508", "DESC_ACT_ECON": "Acess\u00f3rios P/ Ve\u00edculos Excepto Motociclos", "ANO": 1996, "TIPO": "Retalho", "LOCALIZACAO": "Isolado", "C_INTEGRADO": null, "EMPRESA": "MARIA ISABEL SILVEIRA MENDES RODRIGUES MOURA", "GlobalID": "d827919d-e222-4e2c-abd6-a7187beeff45"}}, {"type": "Feature", "geometry": {"type": "Point", "coordinates": [-1015386.7259999998, 4684220.140699998]}, "properties": {"OBJECTID": 99371, "COD_SIG": null, "IDTIPO": null, "NOME": "MARIA IDALIA FERREIRA SANTOS CORREIA", "REGEND": "010381", "MORADA": "D JOAO DA CAMARA (PR)", "NUM_POLICIA": "427", "FREGUESIA": "107", "LOCALIDADE": null, "COD_POST_4": null, "COD_POST_3": null, "COM_INT_ID": 112, "COD_ACT_ECON": "21115", "DESC_ACT_ECON": "Sapatarias", "ANO": 1996, "TIPO": "Retalho", "LOCALIZACAO": "Integrado - outro", "C_INTEGRADO": "CENTRO COMERCIAL TERMINAL", "EMPRESA": "MARIA ISABEL SILVEIRA MENDES RODRIGUES MOURA", "GlobalID": "50f0a200-fee4-4bd1-8bbb-f3ad889bbd9a"}}, {"type": "Feature", "geometry": {"type": "Point", "coordinates": [-1019777.9481999986, 4681459.3917]}, "properties": {"OBJECTID": 99472, "COD_SIG": null, "IDTIPO": null, "NOME": "EDUARDO RODRIGUES", "REGEND": "010266", "MORADA": "S JOAO NEPOMUCENO (R DE)", "NUM_POLICIA": "7", "FREGUESIA": "110", "LOCALIDADE": null, "COD_POST_4": null, "COD_POST_3": null, "COM_INT_ID": null, "COD_ACT_ECON": "12004", "DESC_ACT_ECON": "Mercearias", "ANO": 1996, "TIPO": "Retalho", "LOCALIZACAO": "Isolado", "C_INTEGRADO": null, "EMPRESA": "MARIA ISABEL SILVEIRA MENDES RODRIGUES MOURA", "GlobalID": "fc63ef65-134d-40d3-97a9-b192017da389"}}, {"type": "Feature", "geometry": {"type": "Point", "coordinates": [-1017100.6649999991, 4680556.236400001]}, "properties": {"OBJECTID": 99484, "COD_SIG": null, "IDTIPO": null, "NOME": "MODELISMO 3", "REGEND": "010383", "MORADA": "D JOAO DA CAMARA (PR)", "NUM_POLICIA": "427", "FREGUESIA": "121", "LOCALIDADE": null, "COD_POST_4": null, "COD_POST_3": null, "COM_INT_ID": 112, "COD_ACT_ECON": "21414", "DESC_ACT_ECON": "Brinquedos E Jogos Para Crian\u00e7as", "ANO": 1996, "TIPO": "Retalho", "LOCALIZACAO": "Integrado - outro", "C_INTEGRADO": "CENTRO COMERCIAL TERMINAL", "EMPRESA": "MARIA ISABEL SILVEIRA MENDES RODRIGUES MOURA", "GlobalID": "25545f48-4467-428d-a1f1-0ae8b0e952a8"}}, {"type": "Feature", "geometry": {"type": "Point", "coordinates": [-1023727.1024999991, 4679293.7136999965]}, "properties": {"OBJECTID": 99485, "COD_SIG": null, "IDTIPO": null, "NOME": "TABACARIA 2000", "REGEND": "010389", "MORADA": "D JOAO DA CAMARA (PR)", "NUM_POLICIA": "427", "FREGUESIA": "101", "LOCALIDADE": null, "COD_POST_4": null, "COD_POST_3": null, "COM_INT_ID": 112, "COD_ACT_ECON": "21403", "DESC_ACT_ECON": "Tabacaria", "ANO": 1996, "TIPO": "Retalho", "LOCALIZACAO": "Integrado - outro", "C_INTEGRADO": "CENTRO COMERCIAL TERMINAL", "EMPRESA": "MARIA ISABEL SILVEIRA MENDES RODRIGUES MOURA", "GlobalID": "d8f73f56-4d2f-49fd-b10c-78656737a1f9"}}, {"type": "Feature", "geometry": {"type": "Point", "coordinates": [-1016935.7509000003, 4681159.490900002]}, "properties": {"OBJECTID": 99493, "COD_SIG": null, "IDTIPO": null, "NOME": "MODIFLORA", "REGEND": "010402", "MORADA": "MARTIN MONIZ (L)", "NUM_POLICIA": "C.C.MOURARIA", "FREGUESIA": "121", "LOCALIDADE": "LISBOA                         ", "COD_POST_4": "1100", "COD_POST_3": "341", "COM_INT_ID": 90, "COD_ACT_ECON": "21106", "DESC_ACT_ECON": "Roupa Interior", "ANO": 1996, "TIPO": "Retalho", "LOCALIZACAO": "Integrado - outro", "C_INTEGRADO": "CENTRO COMERCIAL MOURARIA", "EMPRESA": "MARIA ISABEL SILVEIRA MENDES RODRIGUES MOURA", "GlobalID": "41882468-18fa-46dc-bc55-000a3c17b0c3"}}, {"type": "Feature", "geometry": {"type": "Point", "coordinates": [-1013546.5480999984, 4684787.611100003]}, "properties": {"OBJECTID": 99571, "COD_SIG": null, "IDTIPO": null, "NOME": "DOCE LOJA", "REGEND": "010346", "MORADA": "D JOAO DA CAMARA (PR)", "NUM_POLICIA": "427", "FREGUESIA": "115", "LOCALIDADE": null, "COD_POST_4": null, "COD_POST_3": null, "COM_INT_ID": 112, "COD_ACT_ECON": "11015", "DESC_ACT_ECON": "Bombons E Chocolates", "ANO": 1996, "TIPO": "Retalho", "LOCALIZACAO": "Integrado - outro", "C_INTEGRADO": "CENTRO COMERCIAL TERMINAL", "EMPRESA": "MARIA ISABEL SILVEIRA MENDES RODRIGUES MOURA", "GlobalID": "ee05f607-dd60-4273-aa8c-6131702334c7"}}, {"type": "Feature", "geometry": {"type": "Point", "coordinates": [-1017148.9123999998, 4680637.950499997]}, "properties": {"OBJECTID": 99572, "COD_SIG": null, "IDTIPO": null, "NOME": "MARTINS & MOURA LDA", "REGEND": "010352", "MORADA": "D JOAO DA CAMARA (PR)", "NUM_POLICIA": "427", "FREGUESIA": "121", "LOCALIDADE": null, "COD_POST_4": null, "COD_POST_3": null, "COM_INT_ID": 112, "COD_ACT_ECON": "30003", "DESC_ACT_ECON": "Repara\u00e7\u00e3o De Cal\u00e7ado E Art. Couro", "ANO": 1996, "TIPO": "Retalho", "LOCALIZACAO": "Integrado - outro", "C_INTEGRADO": "CENTRO COMERCIAL TERMINAL", "EMPRESA": "MARIA ISABEL SILVEIRA MENDES RODRIGUES MOURA", "GlobalID": "923e969a-1314-48f2-abaa-7d2b32123f45"}}, {"type": "Feature", "geometry": {"type": "Point", "coordinates": [-1023908.5229999982, 4686442.106200002]}, "properties": {"OBJECTID": 99573, "COD_SIG": null, "IDTIPO": null, "NOME": "BIBLOTS", "REGEND": "010359", "MORADA": "D JOAO DA CAMARA (PR)", "NUM_POLICIA": "427", "FREGUESIA": "109", "LOCALIDADE": null, "COD_POST_4": null, "COD_POST_3": null, "COM_INT_ID": 112, "COD_ACT_ECON": "21202", "DESC_ACT_ECON": "Artigos Diversos Lar/Decora\u00e7\u00e3o", "ANO": 1996, "TIPO": "Retalho", "LOCALIZACAO": "Integrado - outro", "C_INTEGRADO": "CENTRO COMERCIAL TERMINAL", "EMPRESA": "MARIA GRA\u00c7A PEREIRA DANIEL ALMEIDA", "GlobalID": "d9a7896e-279a-4241-ac15-ab7db401c4e7"}}, {"type": "Feature", "geometry": {"type": "Point", "coordinates": [-1015679.6400999986, 4681111.5484]}, "properties": {"OBJECTID": 99579, "COD_SIG": null, "IDTIPO": null, "NOME": "ANIMAT PHOTO FIXE", "REGEND": "010377", "MORADA": "D JOAO DA CAMARA (PR)", "NUM_POLICIA": "427", "FREGUESIA": "124", "LOCALIDADE": null, "COD_POST_4": null, "COD_POST_3": null, "COM_INT_ID": 112, "COD_ACT_ECON": "21107", "DESC_ACT_ECON": "Artigos Malha", "ANO": 1996, "TIPO": "Retalho", "LOCALIZACAO": "Integrado - outro", "C_INTEGRADO": "CENTRO COMERCIAL TERMINAL", "EMPRESA": "MARIA ISABEL SILVEIRA MENDES RODRIGUES MOURA", "GlobalID": "40fa29c4-c625-4d16-92b1-04820dab52a7"}}, {"type": "Feature", "geometry": {"type": "Point", "coordinates": [-1015087.8090000004, 4682415.243199997]}, "properties": {"OBJECTID": 99593, "COD_SIG": null, "IDTIPO": null, "NOME": "LIN INTERNACIONAL", "REGEND": "010349", "MORADA": "D JOAO DA CAMARA (PR)", "NUM_POLICIA": "427", "FREGUESIA": "119", "LOCALIDADE": null, "COD_POST_4": null, "COD_POST_3": null, "COM_INT_ID": 112, "COD_ACT_ECON": "21101", "DESC_ACT_ECON": "Artigos Vestu\u00e1rio Diverso (Misto)", "ANO": 1996, "TIPO": "Retalho", "LOCALIZACAO": "Integrado - outro", "C_INTEGRADO": "CENTRO COMERCIAL TERMINAL", "EMPRESA": "CANLUI COMERCIO INTERNACIONAL, LDA", "GlobalID": "78cc72cc-634c-4965-99fa-afd9df228409"}}, {"type": "Feature", "geometry": {"type": "Point", "coordinates": [-1017167.6074000001, 4680890.498999998]}, "properties": {"OBJECTID": 99648, "COD_SIG": null, "IDTIPO": null, "NOME": "SO CARLA", "REGEND": "010677", "MORADA": "PALMA (R DA)", "NUM_POLICIA": "2", "FREGUESIA": "121", "LOCALIDADE": null, "COD_POST_4": null, "COD_POST_3": null, "COM_INT_ID": null, "COD_ACT_ECON": "21115", "DESC_ACT_ECON": "Sapatarias", "ANO": 1996, "TIPO": "Retalho", "LOCALIZACAO": "Isolado", "C_INTEGRADO": null, "EMPRESA": "MARIA ISABEL SILVEIRA MENDES RODRIGUES MOURA", "GlobalID": "689b9d30-8096-4d9a-b7de-560dbbe4ca7a"}}, {"type": "Feature", "geometry": {"type": "Point", "coordinates": [-1018604.0419000015, 4680286.399700001]}, "properties": {"OBJECTID": 99707, "COD_SIG": null, "IDTIPO": null, "NOME": "ACTIFOTO ACTIVIDADES FOTOGRAFICAS LDA", "REGEND": "010345", "MORADA": "D JOAO DA CAMARA (PR)", "NUM_POLICIA": "427", "FREGUESIA": "116", "LOCALIDADE": null, "COD_POST_4": null, "COD_POST_3": null, "COM_INT_ID": 112, "COD_ACT_ECON": "21412", "DESC_ACT_ECON": "Material Fotogr\u00e1fico,Cinema", "ANO": 1996, "TIPO": "Retalho", "LOCALIZACAO": "Integrado - outro", "C_INTEGRADO": "CENTRO COMERCIAL TERMINAL", "EMPRESA": "FOTOSPORT  - DIGITAL IMAGING S.A", "GlobalID": "968ea48e-e437-46db-b240-a5f4d0912053"}}, {"type": "Feature", "geometry": {"type": "Point", "coordinates": [-1015091.2525999993, 4682576.691799998]}, "properties": {"OBJECTID": 99708, "COD_SIG": null, "IDTIPO": null, "NOME": "RAJESVARI GIVANDAS", "REGEND": "010351", "MORADA": "D JOAO DA CAMARA (PR)", "NUM_POLICIA": "427", "FREGUESIA": "119", "LOCALIDADE": null, "COD_POST_4": null, "COD_POST_3": null, "COM_INT_ID": 112, "COD_ACT_ECON": "21118", "DESC_ACT_ECON": "Bijuterias", "ANO": 1996, "TIPO": "Retalho", "LOCALIZACAO": "Integrado - outro", "C_INTEGRADO": "CENTRO COMERCIAL TERMINAL", "EMPRESA": "MARIA ISABEL SILVEIRA MENDES RODRIGUES MOURA", "GlobalID": "86ee4f85-56f7-45d9-a254-b31359b9ea26"}}, {"type": "Feature", "geometry": {"type": "Point", "coordinates": [-1017607.0485000014, 4681216.339599997]}, "properties": {"OBJECTID": 99709, "COD_SIG": null, "IDTIPO": null, "NOME": "GLORIAMARIS", "REGEND": "010358", "MORADA": "D JOAO DA CAMARA (PR)", "NUM_POLICIA": "427", "FREGUESIA": "122", "LOCALIDADE": null, "COD_POST_4": null, "COD_POST_3": null, "COM_INT_ID": 112, "COD_ACT_ECON": "21202", "DESC_ACT_ECON": "Artigos Diversos Lar/Decora\u00e7\u00e3o", "ANO": 1996, "TIPO": "Retalho", "LOCALIZACAO": "Integrado - outro", "C_INTEGRADO": "CENTRO COMERCIAL TERMINAL", "EMPRESA": "GLORIAMARIS COMERCIALIZA\u00c7AO CONCHAS, LDA", "GlobalID": "ccd91eb1-1206-4ae2-acbc-54f7c008c542"}}, {"type": "Feature", "geometry": {"type": "Point", "coordinates": [-1016939.9404999986, 4680253.445]}, "properties": {"OBJECTID": 99729, "COD_SIG": null, "IDTIPO": null, "NOME": "BARATEIRO PIMENTA", "REGEND": "010449", "MORADA": "MARTIN MONIZ (L)", "NUM_POLICIA": null, "FREGUESIA": "121", "LOCALIDADE": null, "COD_POST_4": null, "COD_POST_3": null, "COM_INT_ID": null, "COD_ACT_ECON": "21522", "DESC_ACT_ECON": "Ourivesarias/Relojoarias", "ANO": 1996, "TIPO": "Retalho", "LOCALIZACAO": "Isolado", "C_INTEGRADO": null, "EMPRESA": "M. C. PIMENTA, SA", "GlobalID": "63c2caa8-4db1-436a-8acf-cf6f0c4e7a87"}}, {"type": "Feature", "geometry": {"type": "Point", "coordinates": [-1024556.5348000005, 4680518.884999998]}, "properties": {"OBJECTID": 99832, "COD_SIG": null, "IDTIPO": null, "NOME": "OURIVESARIA SANTOS", "REGEND": "010455", "MORADA": "MARTIN MONIZ (L)", "NUM_POLICIA": null, "FREGUESIA": "101", "LOCALIDADE": null, "COD_POST_4": null, "COD_POST_3": null, "COM_INT_ID": null, "COD_ACT_ECON": "21522", "DESC_ACT_ECON": "Ourivesarias/Relojoarias", "ANO": 1996, "TIPO": "Retalho", "LOCALIZACAO": "Isolado", "C_INTEGRADO": null, "EMPRESA": "MARIA ISABEL SILVEIRA MENDES RODRIGUES MOURA", "GlobalID": "a9b7bae7-b9e2-4672-8d7d-8ba39414cd10"}}, {"type": "Feature", "geometry": {"type": "Point", "coordinates": [-1024143.9305000007, 4686313.340000004]}, "properties": {"OBJECTID": 99835, "COD_SIG": null, "IDTIPO": null, "NOME": "HAVANEZA MARTIM MONIZ", "REGEND": "010464", "MORADA": "MARTIN MONIZ (L)", "NUM_POLICIA": "3", "FREGUESIA": "109", "LOCALIDADE": null, "COD_POST_4": null, "COD_POST_3": null, "COM_INT_ID": null, "COD_ACT_ECON": "21214", "DESC_ACT_ECON": "Loi\u00e7as/Vidros", "ANO": 1996, "TIPO": "Retalho", "LOCALIZACAO": "Isolado", "C_INTEGRADO": null, "EMPRESA": "HAVANEZA DO SOCORRO, LDA", "GlobalID": "0b95c1e4-4df1-46ca-a9e0-5a42f28788dc"}}, {"type": "Feature", "geometry": {"type": "Point", "coordinates": [-1020746.4241999984, 4683660.657700002]}, "properties": {"OBJECTID": 99895, "COD_SIG": null, "IDTIPO": null, "NOME": "MANUEL MARTINS VACAS", "REGEND": "010808", "MORADA": "BARTOLOMEU DIAS (R)", "NUM_POLICIA": "162", "FREGUESIA": "111", "LOCALIDADE": null, "COD_POST_4": null, "COD_POST_3": null, "COM_INT_ID": null, "COD_ACT_ECON": "12004", "DESC_ACT_ECON": "Mercearias", "ANO": 1996, "TIPO": "Retalho", "LOCALIZACAO": "Isolado", "C_INTEGRADO": null, "EMPRESA": "MARIA ISABEL SILVEIRA MENDES RODRIGUES MOURA", "GlobalID": "14a0d80f-8131-4732-96f1-efdebc8fe15d"}}, {"type": "Feature", "geometry": {"type": "Point", "coordinates": [-1016974.8427000009, 4681290.258299999]}, "properties": {"OBJECTID": 99937, "COD_SIG": null, "IDTIPO": null, "NOME": "SUPERMERCADO MUNDO NOVO", "REGEND": "010682", "MORADA": "PALMA (R DA)", "NUM_POLICIA": "208/212", "FREGUESIA": "121", "LOCALIDADE": "LISBOA                         ", "COD_POST_4": "1100", "COD_POST_3": "394", "COM_INT_ID": 216, "COD_ACT_ECON": "12003", "DESC_ACT_ECON": "Mini-Mercados/Auto-Servi\u00e7os", "ANO": 1996, "TIPO": "Retalho", "LOCALIZACAO": "Integrado - outro", "C_INTEGRADO": "SUPERMERCADO MUNDO NOVO", "EMPRESA": "MARIA ISABEL SILVEIRA MENDES RODRIGUES MOURA", "GlobalID": "52f8b84c-a75d-4fb0-abff-a53419917431"}}, {"type": "Feature", "geometry": {"type": "Point", "coordinates": [-1016911.5034999996, 4681575.1734]}, "properties": {"OBJECTID": 100055, "COD_SIG": null, "IDTIPO": null, "NOME": "LEANDRO MARQUES PEREIRA", "REGEND": "010602", "MORADA": "Rua do Benformoso", "NUM_POLICIA": "181", "FREGUESIA": "121", "LOCALIDADE": null, "COD_POST_4": "1100", "COD_POST_3": "084", "COM_INT_ID": null, "COD_ACT_ECON": "22002", "DESC_ACT_ECON": "Bazares", "ANO": 1996, "TIPO": "Retalho", "LOCALIZACAO": "Isolado", "C_INTEGRADO": null, "EMPRESA": "MARIA ISABEL SILVEIRA MENDES RODRIGUES MOURA", "GlobalID": "fc60d77c-8b6a-4cb1-9530-e826320b0989"}}, {"type": "Feature", "geometry": {"type": "Point", "coordinates": [-1016901.0067000017, 4681320.877899997]}, "properties": {"OBJECTID": 100172, "COD_SIG": null, "IDTIPO": null, "NOME": "TECNOBRINDE", "REGEND": "010614", "MORADA": "Rua do Benformoso", "NUM_POLICIA": "85", "FREGUESIA": "121", "LOCALIDADE": null, "COD_POST_4": "1100", "COD_POST_3": "083", "COM_INT_ID": null, "COD_ACT_ECON": "22002", "DESC_ACT_ECON": "Bazares", "ANO": 1996, "TIPO": "Retalho", "LOCALIZACAO": "Isolado", "C_INTEGRADO": null, "EMPRESA": "MARIA ISABEL SILVEIRA MENDES RODRIGUES MOURA", "GlobalID": "08a4e5ba-1fbe-4f96-b5dc-2f8f4b53c570"}}, {"type": "Feature", "geometry": {"type": "Point", "coordinates": [-1017012.9127999991, 4681310.2918]}, "properties": {"OBJECTID": 100184, "COD_SIG": null, "IDTIPO": null, "NOME": "HUSER", "REGEND": "010671", "MORADA": "PALMA (R DA)", "NUM_POLICIA": "165 A", "FREGUESIA": "121", "LOCALIDADE": "LISBOA", "COD_POST_4": "1100", "COD_POST_3": "391", "COM_INT_ID": null, "COD_ACT_ECON": "21101", "DESC_ACT_ECON": "Artigos Vestu\u00e1rio Diverso (Misto)", "ANO": 1996, "TIPO": "Retalho", "LOCALIZACAO": "Isolado", "C_INTEGRADO": null, "EMPRESA": "SOCOPALMA CONFEC\u00c7\u00d5ES, LDA", "GlobalID": "aae620b9-9d75-48ae-ae76-deb7d3fbf1f9"}}, {"type": "Feature", "geometry": {"type": "Point", "coordinates": [-1017793.999400001, 4690763.6351]}, "properties": {"OBJECTID": 100249, "COD_SIG": null, "IDTIPO": null, "NOME": "TRIUDUS LDA", "REGEND": "010350", "MORADA": "D JOAO DA CAMARA (PR)", "NUM_POLICIA": "427", "FREGUESIA": "120", "LOCALIDADE": null, "COD_POST_4": null, "COD_POST_3": null, "COM_INT_ID": 112, "COD_ACT_ECON": "21212", "DESC_ACT_ECON": "T.V./Video/Alta Fidelidade", "ANO": 1996, "TIPO": "Retalho", "LOCALIZACAO": "Integrado - outro", "C_INTEGRADO": "CENTRO COMERCIAL TERMINAL", "EMPRESA": "MARIA ISABEL SILVEIRA MENDES RODRIGUES MOURA", "GlobalID": "9bfed133-b8aa-4235-a887-4ab8c6ee2580"}}, {"type": "Feature", "geometry": {"type": "Point", "coordinates": [-1017544.0898999982, 4680844.3440999985]}, "properties": {"OBJECTID": 100254, "COD_SIG": null, "IDTIPO": null, "NOME": "OURIVESARIA ARCADA LOPES & ALMEIDA LDA", "REGEND": "010368", "MORADA": "D JOAO DA CAMARA (PR)", "NUM_POLICIA": "427", "FREGUESIA": "121", "LOCALIDADE": null, "COD_POST_4": null, "COD_POST_3": null, "COM_INT_ID": 112, "COD_ACT_ECON": "21522", "DESC_ACT_ECON": "Ourivesarias/Relojoarias", "ANO": 1996, "TIPO": "Retalho", "LOCALIZACAO": "Integrado - outro", "C_INTEGRADO": "CENTRO COMERCIAL TERMINAL", "EMPRESA": "LOPES & ALMEIDA, LDA", "GlobalID": "f0a51008-f70c-49cd-a0d2-43f4e2798a18"}}, {"type": "Feature", "geometry": {"type": "Point", "coordinates": [-1020763.1512999982, 4683677.115800001]}, "properties": {"OBJECTID": 100256, "COD_SIG": null, "IDTIPO": null, "NOME": "POLITRIUDO REPRESENTA\u00c7OES MATERIAL INFORMATICA LDA", "REGEND": "010375", "MORADA": "D JOAO DA CAMARA (PR)", "NUM_POLICIA": "427", "FREGUESIA": "111", "LOCALIDADE": null, "COD_POST_4": null, "COD_POST_3": null, "COM_INT_ID": 112, "COD_ACT_ECON": "21514", "DESC_ACT_ECON": "Equipamento Inform\u00e1tico", "ANO": 1996, "TIPO": "Retalho", "LOCALIZACAO": "Integrado - outro", "C_INTEGRADO": "CENTRO COMERCIAL TERMINAL", "EMPRESA": "POLITRIUDO REPRESENTA\u00c7OES MATERIAL INFORMATICA LDA", "GlobalID": "803e7dd3-c60c-4abf-a5fc-5b12e5f80033"}}, {"type": "Feature", "geometry": {"type": "Point", "coordinates": [-1020177.439199999, 4682726.013499998]}, "properties": {"OBJECTID": 100259, "COD_SIG": null, "IDTIPO": null, "NOME": "A TENTA\u00c7AO", "REGEND": "010393", "MORADA": "D JOAO DA CAMARA (PR)", "NUM_POLICIA": "427", "FREGUESIA": "111", "LOCALIDADE": null, "COD_POST_4": null, "COD_POST_3": null, "COM_INT_ID": 112, "COD_ACT_ECON": "21520", "DESC_ACT_ECON": "Prendas", "ANO": 1996, "TIPO": "Retalho", "LOCALIZACAO": "Integrado - outro", "C_INTEGRADO": "CENTRO COMERCIAL TERMINAL", "EMPRESA": "MARIA ISABEL SILVEIRA MENDES RODRIGUES MOURA", "GlobalID": "ac9adc12-030d-441a-acb7-c071ca6eead0"}}, {"type": "Feature", "geometry": {"type": "Point", "coordinates": [-1018818.8328000009, 4680151.639300004]}, "properties": {"OBJECTID": 100262, "COD_SIG": null, "IDTIPO": null, "NOME": "LIN INTERNATIONAL", "REGEND": "010347", "MORADA": "D JOAO DA CAMARA (PR)", "NUM_POLICIA": "427", "FREGUESIA": "116", "LOCALIDADE": null, "COD_POST_4": null, "COD_POST_3": null, "COM_INT_ID": 112, "COD_ACT_ECON": "21101", "DESC_ACT_ECON": "Artigos Vestu\u00e1rio Diverso (Misto)", "ANO": 1996, "TIPO": "Retalho", "LOCALIZACAO": "Integrado - outro", "C_INTEGRADO": "CENTRO COMERCIAL TERMINAL", "EMPRESA": "CANLUI COMERCIO INTERNACIONAL, LDA", "GlobalID": "1040d958-b58d-4f09-98b3-806b22407e17"}}, {"type": "Feature", "geometry": {"type": "Point", "coordinates": [-1019734.1442999989, 4689096.786799997]}, "properties": {"OBJECTID": 100263, "COD_SIG": null, "IDTIPO": null, "NOME": "SAPATARIA GRA\u00c7A", "REGEND": "010353", "MORADA": "D JOAO DA CAMARA (PR)", "NUM_POLICIA": "427", "FREGUESIA": "114", "LOCALIDADE": null, "COD_POST_4": null, "COD_POST_3": null, "COM_INT_ID": 112, "COD_ACT_ECON": "21115", "DESC_ACT_ECON": "Sapatarias", "ANO": 1996, "TIPO": "Retalho", "LOCALIZACAO": "Integrado - outro", "C_INTEGRADO": "CENTRO COMERCIAL TERMINAL", "EMPRESA": "MARIA ISABEL SILVEIRA MENDES RODRIGUES MOURA", "GlobalID": "3e3c8d4e-092a-44b7-9cdb-b9a781cd39ed"}}, {"type": "Feature", "geometry": {"type": "Point", "coordinates": [-1022311.2518000007, 4679247.177000001]}, "properties": {"OBJECTID": 100264, "COD_SIG": null, "IDTIPO": null, "NOME": "TABACARIA VERLENA", "REGEND": "010360", "MORADA": "D JOAO DA CAMARA (PR)", "NUM_POLICIA": "427", "FREGUESIA": "102", "LOCALIDADE": null, "COD_POST_4": null, "COD_POST_3": null, "COM_INT_ID": 112, "COD_ACT_ECON": "21403", "DESC_ACT_ECON": "Tabacaria", "ANO": 1996, "TIPO": "Retalho", "LOCALIZACAO": "Integrado - outro", "C_INTEGRADO": "CENTRO COMERCIAL TERMINAL", "EMPRESA": "MARIA ISABEL SILVEIRA MENDES RODRIGUES MOURA", "GlobalID": "2ec8c5cc-b7aa-48cc-833a-13003dd2feb4"}}, {"type": "Feature", "geometry": {"type": "Point", "coordinates": [-1020385.4769000001, 4681078.532200001]}, "properties": {"OBJECTID": 100278, "COD_SIG": null, "IDTIPO": null, "NOME": "MARIA ADELAIDE OLIVEIRA BORGES MALHAO", "REGEND": "010666", "MORADA": "PALMA (R DA)", "NUM_POLICIA": "153", "FREGUESIA": "110", "LOCALIDADE": null, "COD_POST_4": null, "COD_POST_3": null, "COM_INT_ID": null, "COD_ACT_ECON": "22002", "DESC_ACT_ECON": "Bazares", "ANO": 1996, "TIPO": "Retalho", "LOCALIZACAO": "Isolado", "C_INTEGRADO": null, "EMPRESA": "MARIA ISABEL SILVEIRA MENDES RODRIGUES MOURA", "GlobalID": "3fc6582a-244a-4fd4-8d4d-8045d82b15bd"}}, {"type": "Feature", "geometry": {"type": "Point", "coordinates": [-1020096.4175000004, 4682806.623199999]}, "properties": {"OBJECTID": 100373, "COD_SIG": null, "IDTIPO": null, "NOME": "SNOB", "REGEND": "010390", "MORADA": "D JOAO DA CAMARA (PR)", "NUM_POLICIA": "427", "FREGUESIA": "111", "LOCALIDADE": null, "COD_POST_4": null, "COD_POST_3": null, "COM_INT_ID": 112, "COD_ACT_ECON": "21101", "DESC_ACT_ECON": "Artigos Vestu\u00e1rio Diverso (Misto)", "ANO": 1996, "TIPO": "Retalho", "LOCALIZACAO": "Integrado - outro", "C_INTEGRADO": "CENTRO COMERCIAL TERMINAL", "EMPRESA": "MARIA ISABEL SILVEIRA MENDES RODRIGUES MOURA", "GlobalID": "11407d69-b6a7-4c80-ae4e-38692c607285"}}, {"type": "Feature", "geometry": {"type": "Point", "coordinates": [-1021460.993999999, 4679648.854099996]}, "properties": {"OBJECTID": 100393, "COD_SIG": null, "IDTIPO": null, "NOME": "AFONSO BARROSO ALVES PEREIRA", "REGEND": "010440", "MORADA": "MARTIN MONIZ (L)", "NUM_POLICIA": "C.C.MOURARIA", "FREGUESIA": "102", "LOCALIDADE": null, "COD_POST_4": null, "COD_POST_3": null, "COM_INT_ID": 90, "COD_ACT_ECON": "21101", "DESC_ACT_ECON": "Artigos Vestu\u00e1rio Diverso (Misto)", "ANO": 1996, "TIPO": "Retalho", "LOCALIZACAO": "Integrado - outro", "C_INTEGRADO": "CENTRO COMERCIAL MOURARIA", "EMPRESA": "AFONSO BARROSO ALVES PEREIRA", "GlobalID": "274bc6f1-1b85-4b75-8729-abf7ccce0cd9"}}, {"type": "Feature", "geometry": {"type": "Point", "coordinates": [-1016238.3066999987, 4680343.384800002]}, "properties": {"OBJECTID": 100394, "COD_SIG": null, "IDTIPO": null, "NOME": "SAPATARIA IMPERIUM", "REGEND": "010446", "MORADA": "MARTIN MONIZ (L)", "NUM_POLICIA": null, "FREGUESIA": "121", "LOCALIDADE": null, "COD_POST_4": null, "COD_POST_3": null, "COM_INT_ID": null, "COD_ACT_ECON": "21115", "DESC_ACT_ECON": "Sapatarias", "ANO": 1996, "TIPO": "Retalho", "LOCALIZACAO": "Isolado", "C_INTEGRADO": null, "EMPRESA": "MARIA ISABEL SILVEIRA MENDES RODRIGUES MOURA", "GlobalID": "4b01cefe-21cf-4087-a44c-326324bda8c5"}}, {"type": "Feature", "geometry": {"type": "Point", "coordinates": [-1024087.7454999983, 4679384.583300002]}, "properties": {"OBJECTID": 100396, "COD_SIG": null, "IDTIPO": null, "NOME": "SAPATARIA PECHINCHA", "REGEND": "010458", "MORADA": "MARTIN MONIZ (L)", "NUM_POLICIA": null, "FREGUESIA": "101", "LOCALIDADE": null, "COD_POST_4": null, "COD_POST_3": null, "COM_INT_ID": null, "COD_ACT_ECON": "21115", "DESC_ACT_ECON": "Sapatarias", "ANO": 1996, "TIPO": "Retalho", "LOCALIZACAO": "Isolado", "C_INTEGRADO": null, "EMPRESA": "MARIA ISABEL SILVEIRA MENDES RODRIGUES MOURA", "GlobalID": "66d472d3-c5b0-4ef2-82c5-85d27de39955"}}, {"type": "Feature", "geometry": {"type": "Point", "coordinates": [-1017015.0511999987, 4681271.712899998]}, "properties": {"OBJECTID": 100403, "COD_SIG": null, "IDTIPO": null, "NOME": "JOS\u00c9 GOMES HERDEIROS", "REGEND": "010668", "MORADA": "PALMA (R DA)", "NUM_POLICIA": "159 - 1\u00ba DT\u00ba", "FREGUESIA": "121", "LOCALIDADE": null, "COD_POST_4": null, "COD_POST_3": null, "COM_INT_ID": null, "COD_ACT_ECON": "21514", "DESC_ACT_ECON": "Equipamento Inform\u00e1tico", "ANO": 1996, "TIPO": "Retalho", "LOCALIZACAO": "Isolado", "C_INTEGRADO": null, "EMPRESA": "MARIA ISABEL SILVEIRA MENDES RODRIGUES MOURA", "GlobalID": "be430092-5b4e-46cd-a72a-232fa4e43c9a"}}, {"type": "Feature", "geometry": {"type": "Point", "coordinates": [-1016953.9384999983, 4681535.850199997]}, "properties": {"OBJECTID": 100481, "COD_SIG": null, "IDTIPO": null, "NOME": "MINIPRE\u00c7O", "REGEND": "010704", "MORADA": "PALMA (R DA)", "NUM_POLICIA": "276 A/B", "FREGUESIA": "121", "LOCALIDADE": "LISBOA", "COD_POST_4": "1100", "COD_POST_3": "394", "COM_INT_ID": 215, "COD_ACT_ECON": "12003", "DESC_ACT_ECON": "Mini-Mercados/Auto-Servi\u00e7os", "ANO": 1996, "TIPO": "Retalho", "LOCALIZACAO": "Integrado - outro", "C_INTEGRADO": "MINIPRE\u00c7O", "EMPRESA": "COMPANHIA PORTUGUESA LOJAS DESCONTO, SA", "GlobalID": "4d6a35c7-922a-4703-b07e-81ffbc47f65d"}}, {"type": "Feature", "geometry": {"type": "Point", "coordinates": [-1014964.3693000004, 4682323.570200004]}, "properties": {"OBJECTID": 100554, "COD_SIG": null, "IDTIPO": null, "NOME": "SOCIEDADE COMERCIAL GUERIN SARL", "REGEND": "010562", "MORADA": "RESTAURADORES (PR DOS)", "NUM_POLICIA": "12", "FREGUESIA": "119", "LOCALIDADE": null, "COD_POST_4": null, "COD_POST_3": null, "COM_INT_ID": null, "COD_ACT_ECON": "21504", "DESC_ACT_ECON": "Ve\u00edculos Ligeiros (Novos)", "ANO": 1996, "TIPO": "Retalho", "LOCALIZACAO": "Isolado", "C_INTEGRADO": null, "EMPRESA": "MARIA ISABEL SILVEIRA MENDES RODRIGUES MOURA", "GlobalID": "4f9501aa-7ef7-46b5-9425-1e815ebdc1bc"}}, {"type": "Feature", "geometry": {"type": "Point", "coordinates": [-1016619.6436999999, 4681044.730300002]}, "properties": {"OBJECTID": 100699, "COD_SIG": null, "IDTIPO": null, "NOME": "SAGAR SOC COMERCIO MAQUINAS REPRESENTA\u00c7OES LDA", "REGEND": "010642", "MORADA": "JARDIM DO REGEDOR (R DO)", "NUM_POLICIA": "20", "FREGUESIA": "121", "LOCALIDADE": null, "COD_POST_4": null, "COD_POST_3": null, "COM_INT_ID": null, "COD_ACT_ECON": "21516", "DESC_ACT_ECON": "Alfaias Agr\u00edcolas", "ANO": 1996, "TIPO": "Retalho", "LOCALIZACAO": "Isolado", "C_INTEGRADO": null, "EMPRESA": "MARIA ISABEL SILVEIRA MENDES RODRIGUES MOURA", "GlobalID": "fe2d0bee-7d64-4c69-ab47-848b6c886b02"}}, {"type": "Feature", "geometry": {"type": "Point", "coordinates": [-1017098.5377000012, 4680829.987099998]}, "properties": {"OBJECTID": 100716, "COD_SIG": null, "IDTIPO": null, "NOME": "ALI PAPA", "REGEND": "010653", "MORADA": "JOAO DAS REGRAS (R) \u00e6 BAIXA", "NUM_POLICIA": "3 C", "FREGUESIA": "121", "LOCALIDADE": null, "COD_POST_4": null, "COD_POST_3": null, "COM_INT_ID": null, "COD_ACT_ECON": "21414", "DESC_ACT_ECON": "Brinquedos E Jogos Para Crian\u00e7as", "ANO": 1996, "TIPO": "Retalho", "LOCALIZACAO": "Isolado", "C_INTEGRADO": null, "EMPRESA": "F PINTO COELHO HERDEIROS, LDA", "GlobalID": "659cac18-106f-4c50-a087-d68b7452fec2"}}, {"type": "Feature", "geometry": {"type": "Point", "coordinates": [-1017136.8167000003, 4680819.284199998]}, "properties": {"OBJECTID": 100723, "COD_SIG": null, "IDTIPO": null, "NOME": "CASA CHINESA", "REGEND": "010659", "MORADA": "Rua Jo\u00e3o das Regras", "NUM_POLICIA": "5A", "FREGUESIA": "121", "LOCALIDADE": "LISBOA                         ", "COD_POST_4": "1100", "COD_POST_3": "293", "COM_INT_ID": null, "COD_ACT_ECON": "21106", "DESC_ACT_ECON": "Roupa Interior", "ANO": 1996, "TIPO": "Retalho", "LOCALIZACAO": "Isolado", "C_INTEGRADO": null, "EMPRESA": "JULIO PRAZERES LDA", "GlobalID": "7608baab-5b67-440c-9c9b-ac2819888451"}}, {"type": "Feature", "geometry": {"type": "Point", "coordinates": [-1017411.5971000008, 4680934.557499997]}, "properties": {"OBJECTID": 100818, "COD_SIG": null, "IDTIPO": null, "NOME": "FRANCISCO RAMOS LDA", "REGEND": "010723", "MORADA": "Rua das Portas de Santo Ant\u00e3o", "NUM_POLICIA": "3", "FREGUESIA": "121", "LOCALIDADE": "LISBOA", "COD_POST_4": "1150", "COD_POST_3": "264", "COM_INT_ID": null, "COD_ACT_ECON": "21302", "DESC_ACT_ECON": "Perfumarias", "ANO": 1996, "TIPO": "Retalho", "LOCALIZACAO": "Isolado", "C_INTEGRADO": null, "EMPRESA": "MARIA ISABEL SILVEIRA MENDES RODRIGUES MOURA", "GlobalID": "f406b371-ed12-463c-827c-8fa1aac249a9"}}, {"type": "Feature", "geometry": {"type": "Point", "coordinates": [-1017021.5131999999, 4681271.795299999]}, "properties": {"OBJECTID": 100831, "COD_SIG": null, "IDTIPO": null, "NOME": "ARMAZ\u00c9NS PAI NATAL", "REGEND": "010669", "MORADA": "PALMA (R DA)", "NUM_POLICIA": "159 B", "FREGUESIA": "121", "LOCALIDADE": "LISBOA", "COD_POST_4": "1100", "COD_POST_3": "391", "COM_INT_ID": null, "COD_ACT_ECON": "21101", "DESC_ACT_ECON": "Artigos Vestu\u00e1rio Diverso (Misto)", "ANO": 1996, "TIPO": "Retalho", "LOCALIZACAO": "Isolado", "C_INTEGRADO": null, "EMPRESA": "HUMBERTO FARIA & FARIA, LDA", "GlobalID": "b0de3788-6c56-4055-8bb1-17206fbfcfaa"}}, {"type": "Feature", "geometry": {"type": "Point", "coordinates": [-1017144.6636000015, 4680834.619099997]}, "properties": {"OBJECTID": 100838, "COD_SIG": null, "IDTIPO": null, "NOME": "TERESINHA", "REGEND": "010661", "MORADA": "JO\u00c3O DAS REGRAS (R) \u00c0 BAIXA", "NUM_POLICIA": "6/6 A", "FREGUESIA": "121", "LOCALIDADE": null, "COD_POST_4": null, "COD_POST_3": null, "COM_INT_ID": null, "COD_ACT_ECON": "21115", "DESC_ACT_ECON": "Sapatarias", "ANO": 1996, "TIPO": "Retalho", "LOCALIZACAO": "Isolado", "C_INTEGRADO": null, "EMPRESA": "MARIA ISABEL SILVEIRA MENDES RODRIGUES MOURA", "GlobalID": "cb9d98bb-8de6-44a4-957a-80956342fac9"}}, {"type": "Feature", "geometry": {"type": "Point", "coordinates": [-1017163.5670000017, 4680456.591799997]}, "properties": {"OBJECTID": 100858, "COD_SIG": null, "IDTIPO": null, "NOME": "CASA SILVANO", "REGEND": "010726", "MORADA": "PORTAS DE ST ANTAO (R DAS)", "NUM_POLICIA": "43", "FREGUESIA": "121", "LOCALIDADE": null, "COD_POST_4": null, "COD_POST_3": null, "COM_INT_ID": null, "COD_ACT_ECON": "21211", "DESC_ACT_ECON": "Electrodom\u00e9sticos", "ANO": 1996, "TIPO": "Retalho", "LOCALIZACAO": "Isolado", "C_INTEGRADO": null, "EMPRESA": "MARIA ISABEL SILVEIRA MENDES RODRIGUES MOURA", "GlobalID": "441076dd-d1e8-4892-894a-af480da2523f"}}, {"type": "Feature", "geometry": {"type": "Point", "coordinates": [-1023632.8343000002, 4678445.512900002]}, "properties": {"OBJECTID": 100899, "COD_SIG": null, "IDTIPO": null, "NOME": "HUA FON", "REGEND": "010906", "MORADA": "JUNQUEIRA (R DA)", "NUM_POLICIA": "302", "FREGUESIA": "108", "LOCALIDADE": null, "COD_POST_4": null, "COD_POST_3": null, "COM_INT_ID": null, "COD_ACT_ECON": "22002", "DESC_ACT_ECON": "Bazares", "ANO": 1996, "TIPO": "Retalho", "LOCALIZACAO": "Isolado", "C_INTEGRADO": null, "EMPRESA": "HU KECHUNG ACTIVIDADES HOTELEIRAS, LDA", "GlobalID": "3af960f4-102e-4af2-9ea2-de361ce23544"}}, {"type": "Feature", "geometry": {"type": "Point", "coordinates": [-1020090.0753999986, 4682811.836400002]}, "properties": {"OBJECTID": 100994, "COD_SIG": null, "IDTIPO": null, "NOME": "MIRANEVES PINHEIRO", "REGEND": "010882", "MORADA": "GALVAO (R)", "NUM_POLICIA": "6", "FREGUESIA": "111", "LOCALIDADE": null, "COD_POST_4": null, "COD_POST_3": null, "COM_INT_ID": null, "COD_ACT_ECON": "12004", "DESC_ACT_ECON": "Mercearias", "ANO": 1996, "TIPO": "Retalho", "LOCALIZACAO": "Isolado", "C_INTEGRADO": null, "EMPRESA": "MARIA ISABEL SILVEIRA MENDES RODRIGUES MOURA", "GlobalID": "72137027-8487-413d-8ae2-3e35cf39adfb"}}, {"type": "Feature", "geometry": {"type": "Point", "coordinates": [-1024729.3077000007, 4678654.945200004]}, "properties": {"OBJECTID": 100996, "COD_SIG": null, "IDTIPO": null, "NOME": "MILA BOUTIQUES", "REGEND": "010885", "MORADA": "JER\u00d3NIMOS (R DOS)", "NUM_POLICIA": "14 B", "FREGUESIA": "108", "LOCALIDADE": null, "COD_POST_4": null, "COD_POST_3": null, "COM_INT_ID": null, "COD_ACT_ECON": "21103", "DESC_ACT_ECON": "Artigos Vestu\u00e1rio Senhora (Boutique)", "ANO": 1996, "TIPO": "Retalho", "LOCALIZACAO": "Isolado", "C_INTEGRADO": null, "EMPRESA": "MARIA ISABEL SILVEIRA MENDES RODRIGUES MOURA", "GlobalID": "c1759857-0993-4b44-a2dc-df639d5d52d2"}}, {"type": "Feature", "geometry": {"type": "Point", "coordinates": [-1025837.3256999999, 4678126.656199999]}, "properties": {"OBJECTID": 101066, "COD_SIG": null, "IDTIPO": null, "NOME": "TABACARIA DO CAFE DO RESTELO", "REGEND": "010779", "MORADA": "TORRE DE BEL\u00c9M (AV DA)", "NUM_POLICIA": "1", "FREGUESIA": "108", "LOCALIDADE": null, "COD_POST_4": null, "COD_POST_3": null, "COM_INT_ID": null, "COD_ACT_ECON": "21403", "DESC_ACT_ECON": "Tabacaria", "ANO": 1996, "TIPO": "Retalho", "LOCALIZACAO": "Isolado", "C_INTEGRADO": null, "EMPRESA": "MARIA ISABEL SILVEIRA MENDES RODRIGUES MOURA", "GlobalID": "b854c52d-5603-4b32-8166-cfa6a5a12f93"}}, {"type": "Feature", "geometry": {"type": "Point", "coordinates": [-1017232.6405000016, 4680921.0375000015]}, "properties": {"OBJECTID": 101091, "COD_SIG": null, "IDTIPO": null, "NOME": "INTERLIVROS", "REGEND": "010574", "MORADA": "BARROS QUEIR\u00d3S (R DE)", "NUM_POLICIA": "16/18", "FREGUESIA": "121", "LOCALIDADE": "LISBOA", "COD_POST_4": "1100", "COD_POST_3": "077", "COM_INT_ID": null, "COD_ACT_ECON": "21402", "DESC_ACT_ECON": "Papelarias (Art. Escrit.,Jornais ..)", "ANO": 1996, "TIPO": "Retalho", "LOCALIZACAO": "Isolado", "C_INTEGRADO": null, "EMPRESA": "INTERLIVROS - IMPORTA\u00c7\u00c3O E EXPORTA\u00c7\u00c3O, LDA", "GlobalID": "df02055b-c761-4919-a190-e3a19667c140"}}, {"type": "Feature", "geometry": {"type": "Point", "coordinates": [-1016538.5813000016, 4680063.812600002]}, "properties": {"OBJECTID": 101104, "COD_SIG": null, "IDTIPO": null, "NOME": "DROGARIA COUTO", "REGEND": "010797", "MORADA": "FIGUEIREDO (L DO)", "NUM_POLICIA": "18 B", "FREGUESIA": "121", "LOCALIDADE": null, "COD_POST_4": null, "COD_POST_3": null, "COM_INT_ID": null, "COD_ACT_ECON": "21503", "DESC_ACT_ECON": "Drogarias", "ANO": 1996, "TIPO": "Retalho", "LOCALIZACAO": "Isolado", "C_INTEGRADO": null, "EMPRESA": "MARIA ISABEL SILVEIRA MENDES RODRIGUES MOURA", "GlobalID": "49f1368c-ffe0-4af3-b7d1-483b1d5a8d21"}}, {"type": "Feature", "geometry": {"type": "Point", "coordinates": [-1016572.2641000003, 4683983.518100001]}, "properties": {"OBJECTID": 101107, "COD_SIG": null, "IDTIPO": null, "NOME": "ANTONIO ALVES MATOS HERDEIROS", "REGEND": "010801", "MORADA": "ALEXANDRE DE SA PINTO (R)", "NUM_POLICIA": "177/183", "FREGUESIA": "105", "LOCALIDADE": null, "COD_POST_4": null, "COD_POST_3": null, "COM_INT_ID": null, "COD_ACT_ECON": "12004", "DESC_ACT_ECON": "Mercearias", "ANO": 1996, "TIPO": "Retalho", "LOCALIZACAO": "Isolado", "C_INTEGRADO": null, "EMPRESA": "MARIA ISABEL SILVEIRA MENDES RODRIGUES MOURA", "GlobalID": "2b2d06c9-61af-41e3-b545-3298c3b9a745"}}, {"type": "Feature", "geometry": {"type": "Point", "coordinates": [-1017304.2771000005, 4680917.676600002]}, "properties": {"OBJECTID": 101214, "COD_SIG": null, "IDTIPO": null, "NOME": "SO CARLA", "REGEND": "010583", "MORADA": "Rua de Barros Queir\u00f3s", "NUM_POLICIA": "43", "FREGUESIA": "121", "LOCALIDADE": "LISBOA", "COD_POST_4": "1100", "COD_POST_3": "076", "COM_INT_ID": null, "COD_ACT_ECON": "21115", "DESC_ACT_ECON": "Sapatarias", "ANO": 1996, "TIPO": "Retalho", "LOCALIZACAO": "Isolado", "C_INTEGRADO": null, "EMPRESA": "ARMAZENS S DOMINGOS LDA", "GlobalID": "9a43751f-93bf-44d2-b713-7c4a043eda36"}}, {"type": "Feature", "geometry": {"type": "Point", "coordinates": [-1025917.9499999993, 4678009.031499997]}, "properties": {"OBJECTID": 101221, "COD_SIG": null, "IDTIPO": null, "NOME": "CHARCUTARIA FRUTARIA ARCO DA TORRE", "REGEND": "010959", "MORADA": "Travessa do Arco da Torre", "NUM_POLICIA": "13A", "FREGUESIA": "108", "LOCALIDADE": "LISBOA                         ", "COD_POST_4": "1400", "COD_POST_3": "024", "COM_INT_ID": null, "COD_ACT_ECON": "11003", "DESC_ACT_ECON": "Charcutarias", "ANO": 1996, "TIPO": "Retalho", "LOCALIZACAO": "Isolado", "C_INTEGRADO": null, "EMPRESA": "MARIA ISABEL SILVEIRA MENDES RODRIGUES MOURA", "GlobalID": "8e82fa8d-3266-47e3-8eb2-7b4267052c15"}}, {"type": "Feature", "geometry": {"type": "Point", "coordinates": [-1023727.1218000017, 4678438.195900001]}, "properties": {"OBJECTID": 101293, "COD_SIG": null, "IDTIPO": null, "NOME": "NOREMA", "REGEND": "010912", "MORADA": "JUNQUEIRA (R DA)", "NUM_POLICIA": "354", "FREGUESIA": "108", "LOCALIDADE": null, "COD_POST_4": null, "COD_POST_3": null, "COM_INT_ID": null, "COD_ACT_ECON": "21208", "DESC_ACT_ECON": "Mobili\u00e1rio Cozinha E Casa De Banho", "ANO": 1996, "TIPO": "Retalho", "LOCALIZACAO": "Isolado", "C_INTEGRADO": null, "EMPRESA": "MARIA ISABEL SILVEIRA MENDES RODRIGUES MOURA", "GlobalID": "1eaeddc0-3e12-4bbf-90e2-8b18cb318067"}}, {"type": "Feature", "geometry": {"type": "Point", "coordinates": [-1017530.7223999985, 4681002.306900002]}, "properties": {"OBJECTID": 101316, "COD_SIG": null, "IDTIPO": null, "NOME": "SUPERMERCADOS EXPRESSO SA", "REGEND": "010644", "MORADA": "JARDIM DO REGEDOR (R DO)", "NUM_POLICIA": "34", "FREGUESIA": "121", "LOCALIDADE": "LISBOA                         ", "COD_POST_4": "1150", "COD_POST_3": "194", "COM_INT_ID": null, "COD_ACT_ECON": "12002", "DESC_ACT_ECON": "Supermercados", "ANO": 1996, "TIPO": "Retalho", "LOCALIZACAO": "Isolado", "C_INTEGRADO": null, "EMPRESA": "MARIA ISABEL SILVEIRA MENDES RODRIGUES MOURA", "GlobalID": "cc69abf9-ad01-4e64-8c61-359fdaf48146"}}, {"type": "Feature", "geometry": {"type": "Point", "coordinates": [-1016965.183699999, 4681219.570100002]}, "properties": {"OBJECTID": 101341, "COD_SIG": null, "IDTIPO": null, "NOME": "ARMAZENS APOLO", "REGEND": "010638", "MORADA": "Rua Fernandes da Fonseca", "NUM_POLICIA": "34", "FREGUESIA": "121", "LOCALIDADE": null, "COD_POST_4": "1100", "COD_POST_3": "238", "COM_INT_ID": null, "COD_ACT_ECON": "22002", "DESC_ACT_ECON": "Bazares", "ANO": 1996, "TIPO": "Retalho", "LOCALIZACAO": "Isolado", "C_INTEGRADO": null, "EMPRESA": "MARIA ISABEL SILVEIRA MENDES RODRIGUES MOURA", "GlobalID": "4f947b07-fd65-4ec4-8bf4-0f5835d3d878"}}, {"type": "Feature", "geometry": {"type": "Point", "coordinates": [-1018755.6435999982, 4681608.394299999]}, "properties": {"OBJECTID": 101457, "COD_SIG": null, "IDTIPO": null, "NOME": "TABACARIA DERBY", "REGEND": "010715", "MORADA": "PORTAS DE ST ANTAO (R DAS)", "NUM_POLICIA": "127", "FREGUESIA": "122", "LOCALIDADE": null, "COD_POST_4": null, "COD_POST_3": null, "COM_INT_ID": null, "COD_ACT_ECON": "21403", "DESC_ACT_ECON": "Tabacaria", "ANO": 1996, "TIPO": "Retalho", "LOCALIZACAO": "Isolado", "C_INTEGRADO": null, "EMPRESA": "MARIA ISABEL SILVEIRA MENDES RODRIGUES MOURA", "GlobalID": "b177402d-cbd6-481a-9594-4ceee9e8d6b3"}}, {"type": "Feature", "geometry": {"type": "Point", "coordinates": [-1024731.0615999997, 4678658.208300002]}, "properties": {"OBJECTID": 101659, "COD_SIG": null, "IDTIPO": null, "NOME": "FARMACIA REMISIO", "REGEND": "010886", "MORADA": "Rua dos Jer\u00f3nimos", "NUM_POLICIA": "14C", "FREGUESIA": "108", "LOCALIDADE": "LISBOA                         ", "COD_POST_4": "1400", "COD_POST_3": "211", "COM_INT_ID": null, "COD_ACT_ECON": "21301", "DESC_ACT_ECON": "Farm\u00e1cias", "ANO": 1996, "TIPO": "Retalho", "LOCALIZACAO": "Isolado", "C_INTEGRADO": null, "EMPRESA": "MARIA ISABEL SILVEIRA MENDES RODRIGUES MOURA", "GlobalID": "b50f540a-52d7-4303-a63d-19d2d745d3b1"}}, {"type": "Feature", "geometry": {"type": "Point", "coordinates": [-1017112.3509999998, 4681496.065300003]}, "properties": {"OBJECTID": 101696, "COD_SIG": null, "IDTIPO": null, "NOME": "IBRAHIM ABDUL LATIF ABOO", "REGEND": "010756", "MORADA": "Rua de S\u00e3o L\u00e1zaro", "NUM_POLICIA": "110", "FREGUESIA": "121", "LOCALIDADE": null, "COD_POST_4": "1150", "COD_POST_3": "333", "COM_INT_ID": null, "COD_ACT_ECON": "21101", "DESC_ACT_ECON": "Artigos Vestu\u00e1rio Diverso (Misto)", "ANO": 1996, "TIPO": "Retalho", "LOCALIZACAO": "Isolado", "C_INTEGRADO": null, "EMPRESA": "MARIA ISABEL SILVEIRA MENDES RODRIGUES MOURA", "GlobalID": "22059589-8c16-4b21-99d2-e8cb1350cd8a"}}, {"type": "Feature", "geometry": {"type": "Point", "coordinates": [-1017992.9816000015, 4682439.4684000015]}, "properties": {"OBJECTID": 101725, "COD_SIG": null, "IDTIPO": null, "NOME": "VICTOR MANUEL ALMEIDA BRITO", "REGEND": "010803", "MORADA": "BARTOLOMEU DIAS (R)", "NUM_POLICIA": "101/107", "FREGUESIA": "122", "LOCALIDADE": null, "COD_POST_4": null, "COD_POST_3": null, "COM_INT_ID": null, "COD_ACT_ECON": "30002", "DESC_ACT_ECON": "Repara\u00e7\u00e3o De Motoc\u00edclos", "ANO": 1996, "TIPO": "Retalho", "LOCALIZACAO": "Isolado", "C_INTEGRADO": null, "EMPRESA": "MARIA ISABEL SILVEIRA MENDES RODRIGUES MOURA", "GlobalID": "bf85fc21-e554-49db-83d0-dcff3285ba09"}}, {"type": "Feature", "geometry": {"type": "Point", "coordinates": [-1016743.6794000007, 4685145.091600001]}, "properties": {"OBJECTID": 101755, "COD_SIG": null, "IDTIPO": null, "NOME": "CARLOS A CONCEI\u00c7AO", "REGEND": "010636", "MORADA": "FERNANDES DA FONSECA (R)", "NUM_POLICIA": "12", "FREGUESIA": "104", "LOCALIDADE": null, "COD_POST_4": null, "COD_POST_3": null, "COM_INT_ID": null, "COD_ACT_ECON": "21213", "DESC_ACT_ECON": "Utens\u00edlios Para O Lar (Cutel.,Quinq.)", "ANO": 1996, "TIPO": "Retalho", "LOCALIZACAO": "Isolado", "C_INTEGRADO": null, "EMPRESA": "MARIA ISABEL SILVEIRA MENDES RODRIGUES MOURA", "GlobalID": "7ea74673-62d2-4f93-9303-84ad53c894e0"}}, {"type": "Feature", "geometry": {"type": "Point", "coordinates": [-1017308.5500000007, 4680854.601400003]}, "properties": {"OBJECTID": 101766, "COD_SIG": null, "IDTIPO": null, "NOME": "LOJA JOVEM", "REGEND": "010627", "MORADA": "Rua Dom Ant\u00e3o de Almada", "NUM_POLICIA": "4G", "FREGUESIA": "121", "LOCALIDADE": "LISBOA                         ", "COD_POST_4": "1100", "COD_POST_3": "197", "COM_INT_ID": null, "COD_ACT_ECON": "21520", "DESC_ACT_ECON": "Prendas", "ANO": 1996, "TIPO": "Retalho", "LOCALIZACAO": "Isolado", "C_INTEGRADO": null, "EMPRESA": "SOCIEDADE COMERCIAL BRAZ & BRAZ, SA", "GlobalID": "fe7aa987-b5ab-4625-98f6-a675826684e8"}}, {"type": "Feature", "geometry": {"type": "Point", "coordinates": [-1017317.2573000006, 4680934.240000002]}, "properties": {"OBJECTID": 101842, "COD_SIG": null, "IDTIPO": null, "NOME": "CITYMODA", "REGEND": "010588", "MORADA": "Rua de Barros Queir\u00f3s", "NUM_POLICIA": "62", "FREGUESIA": "121", "LOCALIDADE": "LISBOA", "COD_POST_4": "1100", "COD_POST_3": "077", "COM_INT_ID": null, "COD_ACT_ECON": "21101", "DESC_ACT_ECON": "Artigos Vestu\u00e1rio Diverso (Misto)", "ANO": 1996, "TIPO": "Retalho", "LOCALIZACAO": "Isolado", "C_INTEGRADO": null, "EMPRESA": "CITY MODE CONFEC\u00c7OES, LDA", "GlobalID": "0709998d-2e2d-4cca-8566-a9dfd462a556"}}, {"type": "Feature", "geometry": {"type": "Point", "coordinates": [-1019533.8636000007, 4690659.265100002]}, "properties": {"OBJECTID": 101991, "COD_SIG": null, "IDTIPO": null, "NOME": "PAPELARIA VENEZA", "REGEND": "010645", "MORADA": "JARDIM DO REGEDOR (R DO)", "NUM_POLICIA": "47 A", "FREGUESIA": "120", "LOCALIDADE": null, "COD_POST_4": null, "COD_POST_3": null, "COM_INT_ID": null, "COD_ACT_ECON": "21402", "DESC_ACT_ECON": "Papelarias (Art. Escrit.,Jornais ..)", "ANO": 1996, "TIPO": "Retalho", "LOCALIZACAO": "Isolado", "C_INTEGRADO": null, "EMPRESA": "MARIA ISABEL SILVEIRA MENDES RODRIGUES MOURA", "GlobalID": "af95ac93-b93c-45d5-bff8-83e4f07a5a6b"}}, {"type": "Feature", "geometry": {"type": "Point", "coordinates": [-1015150.3271000013, 4684262.556500003]}, "properties": {"OBJECTID": 101999, "COD_SIG": null, "IDTIPO": null, "NOME": "FASSIO LDA", "REGEND": "010643", "MORADA": "JARDIM DO REGEDOR (R DO)", "NUM_POLICIA": "28", "FREGUESIA": "107", "LOCALIDADE": null, "COD_POST_4": null, "COD_POST_3": null, "COM_INT_ID": null, "COD_ACT_ECON": "21516", "DESC_ACT_ECON": "Alfaias Agr\u00edcolas", "ANO": 1996, "TIPO": "Retalho", "LOCALIZACAO": "Isolado", "C_INTEGRADO": null, "EMPRESA": "MARIA ISABEL SILVEIRA MENDES RODRIGUES MOURA", "GlobalID": "baea4854-07aa-4088-9dc7-3bb95273b8a2"}}, {"type": "Feature", "geometry": {"type": "Point", "coordinates": [-1017018.9197000004, 4680571.2729]}, "properties": {"OBJECTID": 102025, "COD_SIG": null, "IDTIPO": null, "NOME": "AUTO REPARADORA INTENDENTE LDA", "REGEND": "010699", "MORADA": "PALMA (R DA)", "NUM_POLICIA": "268", "FREGUESIA": "121", "LOCALIDADE": null, "COD_POST_4": null, "COD_POST_3": null, "COM_INT_ID": null, "COD_ACT_ECON": "30001", "DESC_ACT_ECON": "Repara\u00e7\u00e3o De Ve\u00edculos Autom\u00f3veis", "ANO": 1996, "TIPO": "Retalho", "LOCALIZACAO": "Isolado", "C_INTEGRADO": null, "EMPRESA": "MARIA ISABEL SILVEIRA MENDES RODRIGUES MOURA", "GlobalID": "d646324e-7d8e-4d85-8530-bf91b3209f6b"}}, {"type": "Feature", "geometry": {"type": "Point", "coordinates": [-1022576.2331999987, 4686956.517099999]}, "properties": {"OBJECTID": 102027, "COD_SIG": null, "IDTIPO": null, "NOME": "JULIO ROCHA", "REGEND": "010765", "MORADA": "S LAZARO (R DE)", "NUM_POLICIA": "88", "FREGUESIA": "112", "LOCALIDADE": null, "COD_POST_4": null, "COD_POST_3": null, "COM_INT_ID": null, "COD_ACT_ECON": "21206", "DESC_ACT_ECON": "M\u00f3veis E Colchoaria (Interior)", "ANO": 1996, "TIPO": "Retalho", "LOCALIZACAO": "Isolado", "C_INTEGRADO": null, "EMPRESA": "MARIA ISABEL SILVEIRA MENDES RODRIGUES MOURA", "GlobalID": "7e7e8134-e19f-4a43-a284-9d1064ac7320"}}, {"type": "Feature", "geometry": {"type": "Point", "coordinates": [-1017198.4538999982, 4680837.881300002]}, "properties": {"OBJECTID": 102036, "COD_SIG": null, "IDTIPO": null, "NOME": "MALITA", "REGEND": "010773", "MORADA": "NOVA DE S DOMINGOS (T)", "NUM_POLICIA": "9", "FREGUESIA": "121", "LOCALIDADE": null, "COD_POST_4": null, "COD_POST_3": null, "COM_INT_ID": null, "COD_ACT_ECON": "21114", "DESC_ACT_ECON": "Marroquinaria E Artigos De Viagem", "ANO": 1996, "TIPO": "Retalho", "LOCALIZACAO": "Isolado", "C_INTEGRADO": null, "EMPRESA": "MARIA ISABEL SILVEIRA MENDES RODRIGUES MOURA", "GlobalID": "8356dff2-041e-45b1-9a99-da3bb0204a87"}}, {"type": "Feature", "geometry": {"type": "Point", "coordinates": [-1016961.9290999994, 4681447.0832]}, "properties": {"OBJECTID": 102129, "COD_SIG": null, "IDTIPO": null, "NOME": "LISBOA UTILIDADES LDA", "REGEND": "010720", "MORADA": "PORTAS DE ST ANTAO (R DAS)", "NUM_POLICIA": "27", "FREGUESIA": "121", "LOCALIDADE": null, "COD_POST_4": null, "COD_POST_3": null, "COM_INT_ID": null, "COD_ACT_ECON": "21211", "DESC_ACT_ECON": "Electrodom\u00e9sticos", "ANO": 1996, "TIPO": "Retalho", "LOCALIZACAO": "Isolado", "C_INTEGRADO": null, "EMPRESA": "MARIA ISABEL SILVEIRA MENDES RODRIGUES MOURA", "GlobalID": "2e452eb9-9972-417d-b6d3-c27045c02ba6"}}, {"type": "Feature", "geometry": {"type": "Point", "coordinates": [-1024070.1957999989, 4678534.196199998]}, "properties": {"OBJECTID": 102144, "COD_SIG": null, "IDTIPO": null, "NOME": "SENTIDO OBRIGATORIO", "REGEND": "010783", "MORADA": "Cal\u00e7ada da Ajuda", "NUM_POLICIA": "34", "FREGUESIA": "108", "LOCALIDADE": "LISBOA", "COD_POST_4": "1300", "COD_POST_3": "014", "COM_INT_ID": null, "COD_ACT_ECON": "21512", "DESC_ACT_ECON": "Material El\u00e9ctrico E P/ Electr\u00f3nica", "ANO": 1996, "TIPO": "Retalho", "LOCALIZACAO": "Isolado", "C_INTEGRADO": null, "EMPRESA": "MARIA ISABEL SILVEIRA MENDES RODRIGUES MOURA", "GlobalID": "5825abbf-e3d8-4a0f-b960-1ea0775dfe60"}}, {"type": "Feature", "geometry": {"type": "Point", "coordinates": [-1017764.4508000016, 4686567.426899999]}, "properties": {"OBJECTID": 102166, "COD_SIG": null, "IDTIPO": null, "NOME": "BULLY & CHICKEN", "REGEND": "010752", "MORADA": "PRIMEIRO DE DEZEMBRO (R)", "NUM_POLICIA": "2 C/D/E", "FREGUESIA": "103", "LOCALIDADE": null, "COD_POST_4": null, "COD_POST_3": null, "COM_INT_ID": null, "COD_ACT_ECON": "51403", "DESC_ACT_ECON": "OUTROS EST. COMIDAS REFEI\u00c7\u00d5ES - 3\u00aa CAT.", "ANO": 1996, "TIPO": "Restaura\u00e7\u00e3o e Bebidas", "LOCALIZACAO": "Isolado", "C_INTEGRADO": null, "EMPRESA": "MARIA ISABEL SILVEIRA MENDES RODRIGUES MOURA", "GlobalID": "3afedfed-65b2-4107-a8a3-183c58ba5df5"}}, {"type": "Feature", "geometry": {"type": "Point", "coordinates": [-1017011.689100001, 4681315.446000002]}, "properties": {"OBJECTID": 102169, "COD_SIG": null, "IDTIPO": null, "NOME": "SOCIEDADE DECORA\u00c7OES LDA", "REGEND": "010551", "MORADA": "RESTAURADORES (PR DOS)", "NUM_POLICIA": "19", "FREGUESIA": "121", "LOCALIDADE": null, "COD_POST_4": null, "COD_POST_3": null, "COM_INT_ID": null, "COD_ACT_ECON": "21202", "DESC_ACT_ECON": "Artigos Diversos Lar/Decora\u00e7\u00e3o", "ANO": 1996, "TIPO": "Retalho", "LOCALIZACAO": "Isolado", "C_INTEGRADO": null, "EMPRESA": "MARIA ISABEL SILVEIRA MENDES RODRIGUES MOURA", "GlobalID": "acec4b75-f7c7-4177-9b7e-0b72c3e352ea"}}, {"type": "Feature", "geometry": {"type": "Point", "coordinates": [-1020239.3779000007, 4681517.148800001]}, "properties": {"OBJECTID": 102171, "COD_SIG": null, "IDTIPO": null, "NOME": "PARAISO CAL\u00c7ADO", "REGEND": "010556", "MORADA": "RESTAURADORES (PR DOS)", "NUM_POLICIA": "6", "FREGUESIA": "110", "LOCALIDADE": null, "COD_POST_4": null, "COD_POST_3": null, "COM_INT_ID": null, "COD_ACT_ECON": "21115", "DESC_ACT_ECON": "Sapatarias", "ANO": 1996, "TIPO": "Retalho", "LOCALIZACAO": "Isolado", "C_INTEGRADO": null, "EMPRESA": "MARIA ISABEL SILVEIRA MENDES RODRIGUES MOURA", "GlobalID": "ec9fc557-8e54-49a3-b9a3-3368108d1464"}}, {"type": "Feature", "geometry": {"type": "Point", "coordinates": [-1021844.3805, 4685330.731700003]}, "properties": {"OBJECTID": 102208, "COD_SIG": null, "IDTIPO": null, "NOME": "ELECTROMATIC PORTUGAL LDA", "REGEND": "010896", "MORADA": "JERONIMOS (R DOS)", "NUM_POLICIA": "38 B", "FREGUESIA": "123", "LOCALIDADE": null, "COD_POST_4": null, "COD_POST_3": null, "COM_INT_ID": null, "COD_ACT_ECON": "21512", "DESC_ACT_ECON": "Material El\u00e9ctrico E P/ Electr\u00f3nica", "ANO": 1996, "TIPO": "Retalho", "LOCALIZACAO": "Isolado", "C_INTEGRADO": null, "EMPRESA": "MARIA ISABEL SILVEIRA MENDES RODRIGUES MOURA", "GlobalID": "6d78630b-fce0-46da-bcf6-dc0aee0b2175"}}, {"type": "Feature", "geometry": {"type": "Point", "coordinates": [-1016989.1669000015, 4681597.1526999995]}, "properties": {"OBJECTID": 102230, "COD_SIG": null, "IDTIPO": null, "NOME": "VOUGA SUL", "REGEND": "010706", "MORADA": "PALMA (R DA)", "NUM_POLICIA": "281", "FREGUESIA": "121", "LOCALIDADE": null, "COD_POST_4": null, "COD_POST_3": null, "COM_INT_ID": null, "COD_ACT_ECON": "11003", "DESC_ACT_ECON": "Charcutarias", "ANO": 1996, "TIPO": "Retalho", "LOCALIZACAO": "Isolado", "C_INTEGRADO": null, "EMPRESA": "MARIA ISABEL SILVEIRA MENDES RODRIGUES MOURA", "GlobalID": "f765f9cb-d5cc-4783-a0ba-64c219d4dddb"}}, {"type": "Feature", "geometry": {"type": "Point", "coordinates": [-1017201.8000999987, 4681026.759099998]}, "properties": {"OBJECTID": 102310, "COD_SIG": null, "IDTIPO": null, "NOME": "SOUSA PINTO E GASPAR", "REGEND": "010569", "MORADA": "ARCO DA GRA\u00c7A (R DO)", "NUM_POLICIA": "14/18", "FREGUESIA": "121", "LOCALIDADE": null, "COD_POST_4": null, "COD_POST_3": null, "COM_INT_ID": null, "COD_ACT_ECON": "21103", "DESC_ACT_ECON": "Artigos Vestu\u00e1rio Senhora (Boutique)", "ANO": 1996, "TIPO": "Retalho", "LOCALIZACAO": "Isolado", "C_INTEGRADO": null, "EMPRESA": "MARIA ISABEL SILVEIRA MENDES RODRIGUES MOURA", "GlobalID": "6cf6f314-79e8-45e3-9856-b2db17e22a29"}}, {"type": "Feature", "geometry": {"type": "Point", "coordinates": [-1025643.1486999989, 4677802.612800002]}, "properties": {"OBJECTID": 102393, "COD_SIG": null, "IDTIPO": null, "NOME": "MARIA HIGON", "REGEND": "010793", "MORADA": "DOCA DO BOM SUCESSO", "NUM_POLICIA": "VELA LATINA", "FREGUESIA": "108", "LOCALIDADE": null, "COD_POST_4": null, "COD_POST_3": null, "COM_INT_ID": 117, "COD_ACT_ECON": "21101", "DESC_ACT_ECON": "Artigos Vestu\u00e1rio Diverso (Misto)", "ANO": 1996, "TIPO": "Retalho", "LOCALIZACAO": "Integrado - outro", "C_INTEGRADO": "CENTRO COMERCIAL VELA LATINA", "EMPRESA": "MARIA ISABEL SILVEIRA MENDES RODRIGUES MOURA", "GlobalID": "41ee5756-4097-4329-a6ce-603b18965d9f"}}, {"type": "Feature", "geometry": {"type": "Point", "coordinates": [-1024432.3953999989, 4679123.031300001]}, "properties": {"OBJECTID": 102492, "COD_SIG": null, "IDTIPO": null, "NOME": "ALFREDO CIRNE", "REGEND": "010790", "MORADA": "Cal\u00e7ada do Galv\u00e3o", "NUM_POLICIA": "77", "FREGUESIA": "108", "LOCALIDADE": "LISBOA                         ", "COD_POST_4": "1400", "COD_POST_3": "165", "COM_INT_ID": null, "COD_ACT_ECON": "21501", "DESC_ACT_ECON": "Materiais Constru\u00e7\u00e3o,Metais E Ferragens", "ANO": 1996, "TIPO": "Retalho", "LOCALIZACAO": "Isolado", "C_INTEGRADO": null, "EMPRESA": "MARIA ISABEL SILVEIRA MENDES RODRIGUES MOURA", "GlobalID": "85b282a6-5a41-4cc5-8d1c-ed2a6969f2e3"}}, {"type": "Feature", "geometry": {"type": "Point", "coordinates": [-1017751.3068999983, 4686536.712700002]}, "properties": {"OBJECTID": 102639, "COD_SIG": null, "IDTIPO": null, "NOME": "PANIBEL", "REGEND": "010879", "MORADA": "GALVAO (R)", "NUM_POLICIA": "22 A", "FREGUESIA": "103", "LOCALIDADE": null, "COD_POST_4": null, "COD_POST_3": null, "COM_INT_ID": null, "COD_ACT_ECON": "11007", "DESC_ACT_ECON": "Padarias", "ANO": 1996, "TIPO": "Retalho", "LOCALIZACAO": "Isolado", "C_INTEGRADO": null, "EMPRESA": "PANIBEL PANIFICA\u00c7AO UNIDA BELEM LDA", "GlobalID": "1175a5f5-db49-4525-b843-5c78d9d2fc83"}}, {"type": "Feature", "geometry": {"type": "Point", "coordinates": [-1019990.2591000013, 4682472.349299997]}, "properties": {"OBJECTID": 102659, "COD_SIG": null, "IDTIPO": null, "NOME": "INATEC INDUSTRIA NAVAL TECNICA LDA", "REGEND": "010953", "MORADA": "PRAIA DO BOM SUCESSO (R DA)", "NUM_POLICIA": "60", "FREGUESIA": "111", "LOCALIDADE": null, "COD_POST_4": null, "COD_POST_3": null, "COM_INT_ID": null, "COD_ACT_ECON": "30006", "DESC_ACT_ECON": "Outras N.E. (Repara\u00e7\u00f5es)", "ANO": 1996, "TIPO": "Retalho", "LOCALIZACAO": "Isolado", "C_INTEGRADO": null, "EMPRESA": "MARIA ISABEL SILVEIRA MENDES RODRIGUES MOURA", "GlobalID": "1adfb092-b9f1-4cf9-84f8-5da7456b2420"}}, {"type": "Feature", "geometry": {"type": "Point", "coordinates": [-1026221.3949999996, 4678553.762800001]}, "properties": {"OBJECTID": 102859, "COD_SIG": null, "IDTIPO": null, "NOME": "PANO BRANCO E COMPANHIA", "REGEND": "010868", "MORADA": "Rua Duarte Pacheco Pereira", "NUM_POLICIA": "9C", "FREGUESIA": "108", "LOCALIDADE": "LISBOA", "COD_POST_4": "1400", "COD_POST_3": "139", "COM_INT_ID": null, "COD_ACT_ECON": "21205", "DESC_ACT_ECON": "Roupa/Lar", "ANO": 1996, "TIPO": "Retalho", "LOCALIZACAO": "Isolado", "C_INTEGRADO": null, "EMPRESA": "MARIA ISABEL SILVEIRA MENDES RODRIGUES MOURA", "GlobalID": "dfb8cece-70e4-44af-a0c5-31cc8a371f60"}}, {"type": "Feature", "geometry": {"type": "Point", "coordinates": [-1024661.9858999997, 4679136.280199997]}, "properties": {"OBJECTID": 102883, "COD_SIG": null, "IDTIPO": null, "NOME": "TABACARIA NOVA VAGA LDA", "REGEND": "010927", "MORADA": "Rua das Pedreiras", "NUM_POLICIA": "12A", "FREGUESIA": "108", "LOCALIDADE": "LISBOA", "COD_POST_4": "1400", "COD_POST_3": "271", "COM_INT_ID": null, "COD_ACT_ECON": "21403", "DESC_ACT_ECON": "Tabacaria", "ANO": 1996, "TIPO": "Retalho", "LOCALIZACAO": "Isolado", "C_INTEGRADO": null, "EMPRESA": "TABACARIA NOVA VAGA LDA", "GlobalID": "b66ac6a8-edeb-41ca-b5f7-34ed4f439d19"}}, {"type": "Feature", "geometry": {"type": "Point", "coordinates": [-1027068.5172000006, 4678772.336400002]}, "properties": {"OBJECTID": 102978, "COD_SIG": null, "IDTIPO": null, "NOME": "AJUDAUTO", "REGEND": "010850", "MORADA": "DAMI\u00c3O DE G\u00d3IS (R) AT\u00c9 \u00c0 EST DA CIRCUNV", "NUM_POLICIA": "18 B/D/E", "FREGUESIA": "108", "LOCALIDADE": null, "COD_POST_4": null, "COD_POST_3": null, "COM_INT_ID": null, "COD_ACT_ECON": "21509", "DESC_ACT_ECON": "Combust\u00edveis Ve\u00edculos Autom\u00f3veis", "ANO": 1996, "TIPO": "Retalho", "LOCALIZACAO": "Isolado", "C_INTEGRADO": null, "EMPRESA": "MARIA ISABEL SILVEIRA MENDES RODRIGUES MOURA", "GlobalID": "ba9cbe5f-ba77-4dde-a387-e5327d1c3a6c"}}, {"type": "Feature", "geometry": {"type": "Point", "coordinates": [-1019454.128800001, 4685014.655100003]}, "properties": {"OBJECTID": 103287, "COD_SIG": null, "IDTIPO": null, "NOME": "JOVEDIL", "REGEND": "010964", "MORADA": "SILVA (T DA)", "NUM_POLICIA": "2 A", "FREGUESIA": "106", "LOCALIDADE": null, "COD_POST_4": null, "COD_POST_3": null, "COM_INT_ID": null, "COD_ACT_ECON": "21401", "DESC_ACT_ECON": "Livrarias", "ANO": 1996, "TIPO": "Retalho", "LOCALIZACAO": "Isolado", "C_INTEGRADO": null, "EMPRESA": "MARIA ISABEL SILVEIRA MENDES RODRIGUES MOURA", "GlobalID": "66933d06-b9be-422f-bd9f-ed4735b4e002"}}, {"type": "Feature", "geometry": {"type": "Point", "coordinates": [-1014905.9774999991, 4683802.412900001]}, "properties": {"OBJECTID": 103596, "COD_SIG": null, "IDTIPO": null, "NOME": "SALSICHARIA LAMECENSE", "REGEND": "010841", "MORADA": "D JERONIMO OSORIO (R)", "NUM_POLICIA": "31 A", "FREGUESIA": "107", "LOCALIDADE": null, "COD_POST_4": null, "COD_POST_3": null, "COM_INT_ID": null, "COD_ACT_ECON": "12004", "DESC_ACT_ECON": "Mercearias", "ANO": 1996, "TIPO": "Retalho", "LOCALIZACAO": "Isolado", "C_INTEGRADO": null, "EMPRESA": "MARIA ISABEL SILVEIRA MENDES RODRIGUES MOURA", "GlobalID": "bde7e24e-6efd-47a3-b5bd-617348657e38"}}, {"type": "Feature", "geometry": {"type": "Point", "coordinates": [-1017938.7639000006, 4680654.913900003]}, "properties": {"OBJECTID": 103621, "COD_SIG": null, "IDTIPO": null, "NOME": "MERCEARIA CENTRAL RESTELO LDA", "REGEND": "010956", "MORADA": "TRISTAO DA CUNHA (R)", "NUM_POLICIA": "22 A", "FREGUESIA": "116", "LOCALIDADE": null, "COD_POST_4": null, "COD_POST_3": null, "COM_INT_ID": null, "COD_ACT_ECON": "12004", "DESC_ACT_ECON": "Mercearias", "ANO": 1996, "TIPO": "Retalho", "LOCALIZACAO": "Isolado", "C_INTEGRADO": null, "EMPRESA": "MARIA ISABEL SILVEIRA MENDES RODRIGUES MOURA", "GlobalID": "e6c0f96a-1972-4f78-94d9-82a8be4a0aee"}}, {"type": "Feature", "geometry": {"type": "Point", "coordinates": [-1021172.1904000007, 4684882.030299999]}, "properties": {"OBJECTID": 103742, "COD_SIG": null, "IDTIPO": null, "NOME": "UCAL", "REGEND": "010934", "MORADA": "PEDROU\u00c7OS (R DE)", "NUM_POLICIA": "2 B", "FREGUESIA": "123", "LOCALIDADE": null, "COD_POST_4": null, "COD_POST_3": null, "COM_INT_ID": null, "COD_ACT_ECON": "11009", "DESC_ACT_ECON": "Leite E Derivados", "ANO": 1996, "TIPO": "Retalho", "LOCALIZACAO": "Isolado", "C_INTEGRADO": null, "EMPRESA": "MARIA ISABEL SILVEIRA MENDES RODRIGUES MOURA", "GlobalID": "415ce7e1-511a-4746-b5f5-a1124a801d07"}}, {"type": "Feature", "geometry": {"type": "Point", "coordinates": [-1016240.3192999996, 4682062.918200001]}, "properties": {"OBJECTID": 103841, "COD_SIG": null, "IDTIPO": null, "NOME": "A A DIAS LDA", "REGEND": "010909", "MORADA": "JUNQUEIRA (R DA)", "NUM_POLICIA": "338", "FREGUESIA": "119", "LOCALIDADE": null, "COD_POST_4": null, "COD_POST_3": null, "COM_INT_ID": null, "COD_ACT_ECON": "21117", "DESC_ACT_ECON": "Retrosarias", "ANO": 1996, "TIPO": "Retalho", "LOCALIZACAO": "Isolado", "C_INTEGRADO": null, "EMPRESA": "MARIA ISABEL SILVEIRA MENDES RODRIGUES MOURA", "GlobalID": "6860c5ce-9614-4525-a727-16f7dafe0b19"}}, {"type": "Feature", "geometry": {"type": "Point", "coordinates": [-1023889.3084999993, 4678493.912199996]}, "properties": {"OBJECTID": 104029, "COD_SIG": null, "IDTIPO": null, "NOME": "CANDEIA", "REGEND": "010870", "MORADA": "Rua Embaixador", "NUM_POLICIA": "136", "FREGUESIA": "108", "LOCALIDADE": "LISBOA                         ", "COD_POST_4": "1300", "COD_POST_3": "218", "COM_INT_ID": null, "COD_ACT_ECON": "21210", "DESC_ACT_ECON": "Candeeiros/Ilumina\u00e7\u00e3o", "ANO": 1996, "TIPO": "Retalho", "LOCALIZACAO": "Isolado", "C_INTEGRADO": null, "EMPRESA": "MARIA ISABEL SILVEIRA MENDES RODRIGUES MOURA", "GlobalID": "e9c666c3-12c9-4430-b079-c60859dc6eb7"}}, {"type": "Feature", "geometry": {"type": "Point", "coordinates": [-1023655.2972000018, 4678506.922399998]}, "properties": {"OBJECTID": 104032, "COD_SIG": null, "IDTIPO": null, "NOME": "M.& F. ROCHA", "REGEND": "010873", "MORADA": "EMBAIXADOR (R DO)", "NUM_POLICIA": "22 A", "FREGUESIA": "108", "LOCALIDADE": null, "COD_POST_4": null, "COD_POST_3": null, "COM_INT_ID": null, "COD_ACT_ECON": "11012", "DESC_ACT_ECON": "Produtos Congelados", "ANO": 1996, "TIPO": "Retalho", "LOCALIZACAO": "Isolado", "C_INTEGRADO": null, "EMPRESA": "MARIA ISABEL SILVEIRA MENDES RODRIGUES MOURA", "GlobalID": "3591d593-98cd-435e-8d60-a071320230b7"}}, {"type": "Feature", "geometry": {"type": "Point", "coordinates": [-1019025.7518000007, 4685064.466799997]}, "properties": {"OBJECTID": 104149, "COD_SIG": null, "IDTIPO": null, "NOME": "MANUEL ASCEN\u00c7AO MONTEIRO", "REGEND": "010877", "MORADA": "FIGUEIREDO (R DO)", "NUM_POLICIA": "4 A", "FREGUESIA": "106", "LOCALIDADE": null, "COD_POST_4": null, "COD_POST_3": null, "COM_INT_ID": null, "COD_ACT_ECON": "21101", "DESC_ACT_ECON": "Artigos Vestu\u00e1rio Diverso (Misto)", "ANO": 1996, "TIPO": "Retalho", "LOCALIZACAO": "Isolado", "C_INTEGRADO": null, "EMPRESA": "MARIA ISABEL SILVEIRA MENDES RODRIGUES MOURA", "GlobalID": "6200a265-f8e8-443f-b347-78554887b7c7"}}, {"type": "Feature", "geometry": {"type": "Point", "coordinates": [-1019326.8191, 4681751.075900003]}, "properties": {"OBJECTID": 104151, "COD_SIG": null, "IDTIPO": null, "NOME": "LOPES & ABREU LDA", "REGEND": "010881", "MORADA": "GALVAO (R)", "NUM_POLICIA": "4 A", "FREGUESIA": "110", "LOCALIDADE": null, "COD_POST_4": null, "COD_POST_3": null, "COM_INT_ID": null, "COD_ACT_ECON": "21503", "DESC_ACT_ECON": "Drogarias", "ANO": 1996, "TIPO": "Retalho", "LOCALIZACAO": "Isolado", "C_INTEGRADO": null, "EMPRESA": "MARIA ISABEL SILVEIRA MENDES RODRIGUES MOURA", "GlobalID": "3b6fe825-4bcc-4bcb-b99f-023c71b4ccf2"}}, {"type": "Feature", "geometry": {"type": "Point", "coordinates": [-1027098.9787000008, 4678751.413199998]}, "properties": {"OBJECTID": 104235, "COD_SIG": null, "IDTIPO": null, "NOME": "AUTO BOAVISTA", "REGEND": "010848", "MORADA": "DAMI\u00c3O DE G\u00d3IS (R) AT\u00c9 \u00c0 EST DA CIRCUNV", "NUM_POLICIA": "17 C", "FREGUESIA": "108", "LOCALIDADE": null, "COD_POST_4": null, "COD_POST_3": null, "COM_INT_ID": null, "COD_ACT_ECON": "21504", "DESC_ACT_ECON": "Ve\u00edculos Ligeiros (Novos)", "ANO": 1996, "TIPO": "Retalho", "LOCALIZACAO": "Isolado", "C_INTEGRADO": null, "EMPRESA": "MARIA ISABEL SILVEIRA MENDES RODRIGUES MOURA", "GlobalID": "344dcfb5-4c56-4f3a-96a8-b0e06415719a"}}, {"type": "Feature", "geometry": {"type": "Point", "coordinates": [-1026256.2776999995, 4678521.152800001]}, "properties": {"OBJECTID": 104468, "COD_SIG": null, "IDTIPO": null, "NOME": "CANALSOM LDA", "REGEND": "010866", "MORADA": "Rua Duarte Pacheco Pereira", "NUM_POLICIA": "7B", "FREGUESIA": "108", "LOCALIDADE": "LISBOA                         ", "COD_POST_4": "1070", "COD_POST_3": "274", "COM_INT_ID": null, "COD_ACT_ECON": "30004", "DESC_ACT_ECON": "Repara\u00e7\u00e3o Art. El\u00e9ct. De Uso Domest", "ANO": 1996, "TIPO": "Retalho", "LOCALIZACAO": "Isolado", "C_INTEGRADO": null, "EMPRESA": "MARIA ISABEL SILVEIRA MENDES RODRIGUES MOURA", "GlobalID": "6d31ead9-f1e9-4f14-bc27-1bd71da35bbd"}}, {"type": "Feature", "geometry": {"type": "Point", "coordinates": [-1016884.1251999997, 4682410.597900003]}, "properties": {"OBJECTID": 104491, "COD_SIG": null, "IDTIPO": null, "NOME": "BONINA & DUARTE COMERCIO INDUSTRIA CARNE LDA", "REGEND": "010926", "MORADA": "PE ANTONIO DE ANDRADE (R)", "NUM_POLICIA": "2", "FREGUESIA": "105", "LOCALIDADE": null, "COD_POST_4": null, "COD_POST_3": null, "COM_INT_ID": null, "COD_ACT_ECON": "11002", "DESC_ACT_ECON": "Talhos", "ANO": 1996, "TIPO": "Retalho", "LOCALIZACAO": "Isolado", "C_INTEGRADO": null, "EMPRESA": "MARIA ISABEL SILVEIRA MENDES RODRIGUES MOURA", "GlobalID": "ea6a1cce-fa50-4c43-8ff0-7c8849129322"}}, {"type": "Feature", "geometry": {"type": "Point", "coordinates": [-1020105.9952999987, 4681159.906900004]}, "properties": {"OBJECTID": 104676, "COD_SIG": null, "IDTIPO": null, "NOME": "FARMACIA LINAIDA", "REGEND": "011419", "MORADA": "Rua Ferreira Borges", "NUM_POLICIA": "42", "FREGUESIA": "110", "LOCALIDADE": "LISBOA                         ", "COD_POST_4": "1250", "COD_POST_3": "088", "COM_INT_ID": null, "COD_ACT_ECON": "21301", "DESC_ACT_ECON": "Farm\u00e1cias", "ANO": 1996, "TIPO": "Retalho", "LOCALIZACAO": "Isolado", "C_INTEGRADO": null, "EMPRESA": "MARIA ISABEL SILVEIRA MENDES RODRIGUES MOURA", "GlobalID": "832767cf-ce31-4ca4-9e68-38983ae5692e"}}, {"type": "Feature", "geometry": {"type": "Point", "coordinates": [-1014476.0075999983, 4689388.645499997]}, "properties": {"OBJECTID": 104938, "COD_SIG": null, "IDTIPO": null, "NOME": "ABACULO", "REGEND": "011213", "MORADA": "GEN SILVA FREIRE (R)", "NUM_POLICIA": "LT 157 I", "FREGUESIA": "117", "LOCALIDADE": "LISBOA", "COD_POST_4": "1800", "COD_POST_3": "211", "COM_INT_ID": null, "COD_ACT_ECON": "21206", "DESC_ACT_ECON": "M\u00f3veis E Colchoaria (Interior)", "ANO": 1996, "TIPO": "Retalho", "LOCALIZACAO": "Isolado", "C_INTEGRADO": null, "EMPRESA": "MARIA ISABEL SILVEIRA MENDES RODRIGUES MOURA", "GlobalID": "df5c3883-7172-4908-95f4-a0a3e743fb7d"}}, {"type": "Feature", "geometry": {"type": "Point", "coordinates": [-1020424.6431000009, 4681260.580700003]}, "properties": {"OBJECTID": 105071, "COD_SIG": null, "IDTIPO": null, "NOME": "VERDE ALFACE", "REGEND": "011288", "MORADA": "ALMEIDA E SOUSA (R)", "NUM_POLICIA": "39 A", "FREGUESIA": "110", "LOCALIDADE": "LISBOA                         ", "COD_POST_4": "1350", "COD_POST_3": "008", "COM_INT_ID": null, "COD_ACT_ECON": "52104", "DESC_ACT_ECON": "CAFE/PASTELARIA - 3\u00aa CATEGORIA", "ANO": 1996, "TIPO": "Restaura\u00e7\u00e3o e Bebidas", "LOCALIZACAO": "Isolado", "C_INTEGRADO": null, "EMPRESA": "MARIA ISABEL SILVEIRA MENDES RODRIGUES MOURA", "GlobalID": "ff0ca7e6-5d35-409f-b590-a4761ab31e90"}}, {"type": "Feature", "geometry": {"type": "Point", "coordinates": [-1020335.4200000018, 4681521.200900003]}, "properties": {"OBJECTID": 105202, "COD_SIG": null, "IDTIPO": null, "NOME": "JO\u00c3O MARIA VINHAIS", "REGEND": "011365", "MORADA": "Rua Correia Teles", "NUM_POLICIA": "27B", "FREGUESIA": "110", "LOCALIDADE": "LISBOA", "COD_POST_4": "1350", "COD_POST_3": "324", "COM_INT_ID": null, "COD_ACT_ECON": "30003", "DESC_ACT_ECON": "Repara\u00e7\u00e3o De Cal\u00e7ado E Art. Couro", "ANO": 1996, "TIPO": "Retalho", "LOCALIZACAO": "Isolado", "C_INTEGRADO": null, "EMPRESA": "MARIA ISABEL SILVEIRA MENDES RODRIGUES MOURA", "GlobalID": "8cd1a153-3854-4f15-92ed-45f26ad330f6"}}, {"type": "Feature", "geometry": {"type": "Point", "coordinates": [-1016468.2285000011, 4680510.740400001]}, "properties": {"OBJECTID": 105290, "COD_SIG": null, "IDTIPO": null, "NOME": "BAZAR S JORGE", "REGEND": "011238", "MORADA": "CONTADOR-MOR (L DO)", "NUM_POLICIA": "17", "FREGUESIA": "121", "LOCALIDADE": "LISBOA", "COD_POST_4": "1100", "COD_POST_3": "160", "COM_INT_ID": null, "COD_ACT_ECON": "21207", "DESC_ACT_ECON": "M\u00f3veis Antigos/Antiguidades", "ANO": 1996, "TIPO": "Retalho", "LOCALIZACAO": "Isolado", "C_INTEGRADO": null, "EMPRESA": "MARIA ISABEL SILVEIRA MENDES RODRIGUES MOURA", "GlobalID": "22797b9e-690e-4858-860b-8e1af4e01308"}}, {"type": "Feature", "geometry": {"type": "Point", "coordinates": [-1020152.9503999986, 4681472.360399999]}, "properties": {"OBJECTID": 105678, "COD_SIG": null, "IDTIPO": null, "NOME": "ONDATLAS", "REGEND": "011400", "MORADA": "FERREIRA BORGES (R)", "NUM_POLICIA": "135 A", "FREGUESIA": "110", "LOCALIDADE": "LISBOA", "COD_POST_4": "1350", "COD_POST_3": "129", "COM_INT_ID": null, "COD_ACT_ECON": "21504", "DESC_ACT_ECON": "Ve\u00edculos Ligeiros (Novos)", "ANO": 1996, "TIPO": "Retalho", "LOCALIZACAO": "Isolado", "C_INTEGRADO": null, "EMPRESA": "MARIA ISABEL SILVEIRA MENDES RODRIGUES MOURA", "GlobalID": "36a1300e-dffb-4b7c-a067-be05f3a14d7d"}}, {"type": "Feature", "geometry": {"type": "Point", "coordinates": [-1020507.5727999993, 4681123.411799997]}, "properties": {"OBJECTID": 105849, "COD_SIG": null, "IDTIPO": null, "NOME": "J SANTOS & DIAS", "REGEND": "011355", "MORADA": "Rua Coelho da Rocha", "NUM_POLICIA": "99B", "FREGUESIA": "110", "LOCALIDADE": "LISBOA", "COD_POST_4": "1350", "COD_POST_3": "318", "COM_INT_ID": null, "COD_ACT_ECON": "21518", "DESC_ACT_ECON": "Artesanato", "ANO": 1996, "TIPO": "Retalho", "LOCALIZACAO": "Isolado", "C_INTEGRADO": null, "EMPRESA": "J. SANTOS & DIAS, LDA", "GlobalID": "9747a9ce-9eb1-4440-8f86-b74535964b76"}}, {"type": "Feature", "geometry": {"type": "Point", "coordinates": [-1020093.0232000016, 4681135.822099999]}, "properties": {"OBJECTID": 106159, "COD_SIG": null, "IDTIPO": null, "NOME": "INDIGO", "REGEND": "011339", "MORADA": "Rua Coelho da Rocha", "NUM_POLICIA": "43A", "FREGUESIA": "110", "LOCALIDADE": "LISBOA", "COD_POST_4": "1250", "COD_POST_3": "132", "COM_INT_ID": null, "COD_ACT_ECON": "21111", "DESC_ACT_ECON": "Tecidos Para Confec\u00e7\u00e3o Vestu\u00e1rio", "ANO": 1996, "TIPO": "Retalho", "LOCALIZACAO": "Isolado", "C_INTEGRADO": null, "EMPRESA": "INDIGO - PRONTO A VESTIR, LDA", "GlobalID": "1f70f5e2-a10f-4579-85cc-b0a7790726e7"}}, {"type": "Feature", "geometry": {"type": "Point", "coordinates": [-1021357.8220999986, 4679353.210600004]}, "properties": {"OBJECTID": 107217, "COD_SIG": null, "IDTIPO": null, "NOME": "AVENGAR", "REGEND": "011321", "MORADA": "AZEDO GNECO (R)", "NUM_POLICIA": "6 C/D", "FREGUESIA": "102", "LOCALIDADE": null, "COD_POST_4": null, "COD_POST_3": null, "COM_INT_ID": null, "COD_ACT_ECON": "11007", "DESC_ACT_ECON": "Padarias", "ANO": 1996, "TIPO": "Retalho", "LOCALIZACAO": "Isolado", "C_INTEGRADO": null, "EMPRESA": "AVENGAR, LDA", "GlobalID": "aad2f90d-257c-4308-a0dc-0329f62a396f"}}, {"type": "Feature", "geometry": {"type": "Point", "coordinates": [-1020332.5489999987, 4681607.342600003]}, "properties": {"OBJECTID": 107739, "COD_SIG": null, "IDTIPO": null, "NOME": "ARNALDO DIAS", "REGEND": "011621", "MORADA": "TOM\u00c1S DA ANUNCIA\u00c7\u00c3O (R)", "NUM_POLICIA": "119/121", "FREGUESIA": "110", "LOCALIDADE": null, "COD_POST_4": null, "COD_POST_3": null, "COM_INT_ID": null, "COD_ACT_ECON": "21107", "DESC_ACT_ECON": "Artigos Malha", "ANO": 1996, "TIPO": "Retalho", "LOCALIZACAO": "Isolado", "C_INTEGRADO": null, "EMPRESA": "ARNALDO DIAS MALHAS E CONFEC\u00c7\u00d5ES, LDA", "GlobalID": "f340b1c2-074b-452a-94d2-dc392abef5f0"}}, {"type": "Feature", "geometry": {"type": "Point", "coordinates": [-1020253.2688000016, 4681755.682300001]}, "properties": {"OBJECTID": 108792, "COD_SIG": null, "IDTIPO": null, "NOME": "AUTO PELICANO", "REGEND": "011557", "MORADA": "QUATRO DE INFANTARIA (R)", "NUM_POLICIA": "85 B/G", "FREGUESIA": "110", "LOCALIDADE": null, "COD_POST_4": null, "COD_POST_3": null, "COM_INT_ID": null, "COD_ACT_ECON": "21509", "DESC_ACT_ECON": "Combust\u00edveis Ve\u00edculos Autom\u00f3veis", "ANO": 1996, "TIPO": "Retalho", "LOCALIZACAO": "Isolado", "C_INTEGRADO": null, "EMPRESA": "AUTO PELICANO, LDA", "GlobalID": "aed37a72-9cd4-4479-a2ca-a875b40b290a"}}, {"type": "Feature", "geometry": {"type": "Point", "coordinates": [-1022801.9362999983, 4685535.674999997]}, "properties": {"OBJECTID": 108827, "COD_SIG": null, "IDTIPO": null, "NOME": "MARIA CRISTINA GARCIA PICADO BILH\u00d3", "REGEND": "012010", "MORADA": "BENFICA (EST DE)", "NUM_POLICIA": "418 D", "FREGUESIA": "123", "LOCALIDADE": null, "COD_POST_4": null, "COD_POST_3": null, "COM_INT_ID": 77, "COD_ACT_ECON": "30003", "DESC_ACT_ECON": "Repara\u00e7\u00e3o De Cal\u00e7ado E Art. Couro", "ANO": 1996, "TIPO": "Retalho", "LOCALIZACAO": "Integrado - outro", "C_INTEGRADO": "CENTRO COMERCIAL HABIB", "EMPRESA": "MARIA ISABEL SILVEIRA MENDES RODRIGUES MOURA", "GlobalID": "e9839886-3235-47f7-ba9e-3726ae0cc1a8"}}, {"type": "Feature", "geometry": {"type": "Point", "coordinates": [-1020849.6409999989, 4681161.862899996]}, "properties": {"OBJECTID": 108994, "COD_SIG": null, "IDTIPO": null, "NOME": "TRINATURA", "REGEND": "011468", "MORADA": "Rua Freitas Gazul", "NUM_POLICIA": "9B", "FREGUESIA": "110", "LOCALIDADE": "LISBOA", "COD_POST_4": "1350", "COD_POST_3": "147", "COM_INT_ID": null, "COD_ACT_ECON": "11014", "DESC_ACT_ECON": "Prod. Naturais(Diet.,Medicinais,Espec.)", "ANO": 1996, "TIPO": "Retalho", "LOCALIZACAO": "Isolado", "C_INTEGRADO": null, "EMPRESA": "MARIA ISABEL SILVEIRA MENDES RODRIGUES MOURA", "GlobalID": "412f80b7-915c-40c4-b417-474856496e17"}}, {"type": "Feature", "geometry": {"type": "Point", "coordinates": [-1017069.3167999983, 4680732.640299998]}, "properties": {"OBJECTID": 109204, "COD_SIG": null, "IDTIPO": null, "NOME": "RAMOS E BARAC", "REGEND": "011858", "MORADA": "PO\u00c7O DO BORRAT\u00c9M", "NUM_POLICIA": "39", "FREGUESIA": "121", "LOCALIDADE": null, "COD_POST_4": null, "COD_POST_3": null, "COM_INT_ID": null, "COD_ACT_ECON": "21411", "DESC_ACT_ECON": "Discos/Cassetes Audio E Video", "ANO": 1996, "TIPO": "Retalho", "LOCALIZACAO": "Isolado", "C_INTEGRADO": null, "EMPRESA": "MARIA ISABEL SILVEIRA MENDES RODRIGUES MOURA", "GlobalID": "c7a8bf6e-2f66-427c-97cb-66a00852e54d"}}, {"type": "Feature", "geometry": {"type": "Point", "coordinates": [-1018995.3812000006, 4679915.788699999]}, "properties": {"OBJECTID": 109786, "COD_SIG": null, "IDTIPO": null, "NOME": "ANTONIO FRANCISCO RALO", "REGEND": "011748", "MORADA": "VITORINO DAM\u00c1SIO (L)", "NUM_POLICIA": "7", "FREGUESIA": "113", "LOCALIDADE": null, "COD_POST_4": null, "COD_POST_3": null, "COM_INT_ID": null, "COD_ACT_ECON": "21509", "DESC_ACT_ECON": "Combust\u00edveis Ve\u00edculos Autom\u00f3veis", "ANO": 1996, "TIPO": "Retalho", "LOCALIZACAO": "Isolado", "C_INTEGRADO": null, "EMPRESA": "ANTONIO FRANCISCO RALO", "GlobalID": "e328bacb-983f-4b3b-ae4b-4de4841101ab"}}, {"type": "Feature", "geometry": {"type": "Point", "coordinates": [-1017175.0421000011, 4683494.829400003]}, "properties": {"OBJECTID": 110158, "COD_SIG": null, "IDTIPO": null, "NOME": "DECORADORA UNIVERSAL CAMPO OURIQUE", "REGEND": "011663", "MORADA": "TOM\u00c1S DA ANUNCIA\u00c7\u00c3O (R)", "NUM_POLICIA": "92 A", "FREGUESIA": "105", "LOCALIDADE": null, "COD_POST_4": null, "COD_POST_3": null, "COM_INT_ID": null, "COD_ACT_ECON": "21515", "DESC_ACT_ECON": "Equipamento E Mobili\u00e1rio De Escrit\u00f3rio", "ANO": 1996, "TIPO": "Retalho", "LOCALIZACAO": "Isolado", "C_INTEGRADO": null, "EMPRESA": "MARIA ISABEL SILVEIRA MENDES RODRIGUES MOURA", "GlobalID": "1bc514ff-adcf-4661-a62c-9ae7aa8cf363"}}, {"type": "Feature", "geometry": {"type": "Point", "coordinates": [-1019559.8396999985, 4679923.5832]}, "properties": {"OBJECTID": 110447, "COD_SIG": null, "IDTIPO": null, "NOME": "NINHO MEIAS", "REGEND": "011777", "MORADA": "GARCIA DE ORTA (R)", "NUM_POLICIA": "35 B", "FREGUESIA": "113", "LOCALIDADE": null, "COD_POST_4": null, "COD_POST_3": null, "COM_INT_ID": null, "COD_ACT_ECON": "21106", "DESC_ACT_ECON": "Roupa Interior", "ANO": 1996, "TIPO": "Retalho", "LOCALIZACAO": "Isolado", "C_INTEGRADO": null, "EMPRESA": "MARIA ISABEL SILVEIRA MENDES RODRIGUES MOURA", "GlobalID": "394648da-b173-4363-930a-426cef8863bd"}}, {"type": "Feature", "geometry": {"type": "Point", "coordinates": [-1025760.4301999994, 4680955.353]}, "properties": {"OBJECTID": 110896, "COD_SIG": null, "IDTIPO": null, "NOME": "ANTONIO DUARTE PARENTE MARTINS", "REGEND": "012251", "MORADA": "CASELAS (EST DE)", "NUM_POLICIA": "3 B", "FREGUESIA": "108", "LOCALIDADE": null, "COD_POST_4": null, "COD_POST_3": null, "COM_INT_ID": null, "COD_ACT_ECON": "21117", "DESC_ACT_ECON": "Retrosarias", "ANO": 1996, "TIPO": "Retalho", "LOCALIZACAO": "Isolado", "C_INTEGRADO": null, "EMPRESA": "MARIA ISABEL SILVEIRA MENDES RODRIGUES MOURA", "GlobalID": "c6dd303c-155f-47aa-9b14-26f1167fc31f"}}, {"type": "Feature", "geometry": {"type": "Point", "coordinates": [-1022801.9362999983, 4685535.674999997]}, "properties": {"OBJECTID": 111175, "COD_SIG": null, "IDTIPO": null, "NOME": "OLGA SOFIA JESUS BATISTA", "REGEND": "012012", "MORADA": "BENFICA (EST DE)", "NUM_POLICIA": "418 D", "FREGUESIA": "123", "LOCALIDADE": null, "COD_POST_4": null, "COD_POST_3": null, "COM_INT_ID": 77, "COD_ACT_ECON": "21117", "DESC_ACT_ECON": "Retrosarias", "ANO": 1996, "TIPO": "Retalho", "LOCALIZACAO": "Integrado - outro", "C_INTEGRADO": "CENTRO COMERCIAL HABIB", "EMPRESA": "MARIA ISABEL SILVEIRA MENDES RODRIGUES MOURA", "GlobalID": "164f8727-7ec1-49e0-aa34-efa14c3cfb2c"}}, {"type": "Feature", "geometry": {"type": "Point", "coordinates": [-1019362.8583999984, 4679817.859399997]}, "properties": {"OBJECTID": 111207, "COD_SIG": null, "IDTIPO": null, "NOME": "NEON", "REGEND": "011816", "MORADA": "SANTOS-O-VELHO (R DE)", "NUM_POLICIA": "42", "FREGUESIA": "113", "LOCALIDADE": null, "COD_POST_4": null, "COD_POST_3": null, "COM_INT_ID": null, "COD_ACT_ECON": "11014", "DESC_ACT_ECON": "Prod. Naturais(Diet.,Medicinais,Espec.)", "ANO": 1996, "TIPO": "Retalho", "LOCALIZACAO": "Isolado", "C_INTEGRADO": null, "EMPRESA": "MARIA ISABEL SILVEIRA MENDES RODRIGUES MOURA", "GlobalID": "aa736e4e-58b1-42d8-a932-2fe404d64701"}}, {"type": "Feature", "geometry": {"type": "Point", "coordinates": [-1016434.9494000003, 4683482.399899997]}, "properties": {"OBJECTID": 113013, "COD_SIG": null, "IDTIPO": null, "NOME": "ROSSINO CONFEC\u00c7OES", "REGEND": "012510", "MORADA": "MORAIS SOARES (R)", "NUM_POLICIA": "82 D", "FREGUESIA": "119", "LOCALIDADE": "LISBOA", "COD_POST_4": "1900", "COD_POST_3": "348", "COM_INT_ID": null, "COD_ACT_ECON": "21103", "DESC_ACT_ECON": "Artigos Vestu\u00e1rio Senhora (Boutique)", "ANO": 1996, "TIPO": "Retalho", "LOCALIZACAO": "Isolado", "C_INTEGRADO": null, "EMPRESA": "MARIA ISABEL SILVEIRA MENDES RODRIGUES MOURA", "GlobalID": "54666e6b-6a8d-4655-8168-d4b250bc50f8"}}, {"type": "Feature", "geometry": {"type": "Point", "coordinates": [-1020682.8026, 4685221.3583]}, "properties": {"OBJECTID": 113467, "COD_SIG": null, "IDTIPO": null, "NOME": "TABACARIA PARIS", "REGEND": "012038", "MORADA": "LARANJEIRAS (EST DAS)", "NUM_POLICIA": "198 A", "FREGUESIA": "123", "LOCALIDADE": null, "COD_POST_4": null, "COD_POST_3": null, "COM_INT_ID": null, "COD_ACT_ECON": "21403", "DESC_ACT_ECON": "Tabacaria", "ANO": 1996, "TIPO": "Retalho", "LOCALIZACAO": "Isolado", "C_INTEGRADO": null, "EMPRESA": "MARIA ISABEL SILVEIRA MENDES RODRIGUES MOURA", "GlobalID": "f6251f42-a2f9-4d37-9b6d-00de6aac4489"}}, {"type": "Feature", "geometry": {"type": "Point", "coordinates": [-1021894.4224999994, 4685115.450300001]}, "properties": {"OBJECTID": 114791, "COD_SIG": null, "IDTIPO": null, "NOME": "COR DE CARMIM", "REGEND": "012242", "MORADA": "S DOMINGOS DE BENFICA (T DE)", "NUM_POLICIA": "8 A", "FREGUESIA": "123", "LOCALIDADE": null, "COD_POST_4": null, "COD_POST_3": null, "COM_INT_ID": null, "COD_ACT_ECON": "21103", "DESC_ACT_ECON": "Artigos Vestu\u00e1rio Senhora (Boutique)", "ANO": 1996, "TIPO": "Retalho", "LOCALIZACAO": "Isolado", "C_INTEGRADO": null, "EMPRESA": "SIM\u00d6ES & HENRIQUES DA SILVA, LDA", "GlobalID": "6019e921-bf77-4bb1-b714-81e2fedd9c66"}}, {"type": "Feature", "geometry": {"type": "Point", "coordinates": [-1015902.9098000005, 4683175.856200002]}, "properties": {"OBJECTID": 116440, "COD_SIG": null, "IDTIPO": null, "NOME": "AIDA DA PURIFICA\u00c7AO MAR\u00c7AL DA CUNHA", "REGEND": "012487", "MORADA": "MORAIS SOARES (R)", "NUM_POLICIA": "33 C", "FREGUESIA": "119", "LOCALIDADE": null, "COD_POST_4": null, "COD_POST_3": null, "COM_INT_ID": null, "COD_ACT_ECON": "21402", "DESC_ACT_ECON": "Papelarias (Art. Escrit.,Jornais ..)", "ANO": 1996, "TIPO": "Retalho", "LOCALIZACAO": "Isolado", "C_INTEGRADO": null, "EMPRESA": "MARIA ISABEL SILVEIRA MENDES RODRIGUES MOURA", "GlobalID": "1a276035-faed-44be-ba9c-58cf1eeaa526"}}, {"type": "Feature", "geometry": {"type": "Point", "coordinates": [-1017584.1733000018, 4686476.845799997]}, "properties": {"OBJECTID": 116594, "COD_SIG": null, "IDTIPO": null, "NOME": "GRANJA 57", "REGEND": "012584", "MORADA": "IGREJA (AV DA)", "NUM_POLICIA": "15/17", "FREGUESIA": "103", "LOCALIDADE": null, "COD_POST_4": null, "COD_POST_3": null, "COM_INT_ID": 41, "COD_ACT_ECON": "11014", "DESC_ACT_ECON": "Prod. Naturais(Diet.,Medicinais,Espec.)", "ANO": 1996, "TIPO": "Retalho", "LOCALIZACAO": "Integrado - outro", "C_INTEGRADO": "CENTRO COMERCIAL A. C. SANTOS", "EMPRESA": "MARIA ISABEL SILVEIRA MENDES RODRIGUES MOURA", "GlobalID": "3e141527-3d7d-4a77-810c-8ec06518a035"}}, {"type": "Feature", "geometry": {"type": "Point", "coordinates": [-1017492.9145999998, 4686562.721000001]}, "properties": {"OBJECTID": 117019, "COD_SIG": null, "IDTIPO": null, "NOME": "PERFUMARIA A GREGA", "REGEND": "012578", "MORADA": "Avenida da Igreja", "NUM_POLICIA": "10D", "FREGUESIA": "103", "LOCALIDADE": "LISBOA", "COD_POST_4": "1700", "COD_POST_3": "236", "COM_INT_ID": null, "COD_ACT_ECON": "21302", "DESC_ACT_ECON": "Perfumarias", "ANO": 1996, "TIPO": "Retalho", "LOCALIZACAO": "Isolado", "C_INTEGRADO": null, "EMPRESA": "MARIA ISABEL SILVEIRA MENDES RODRIGUES MOURA", "GlobalID": "410598e7-c5bd-4c92-a8c8-24099593f3ef"}}, {"type": "Feature", "geometry": {"type": "Point", "coordinates": [-1015873.2470999993, 4683155.612999998]}, "properties": {"OBJECTID": 117119, "COD_SIG": null, "IDTIPO": null, "NOME": "ROSA MARIA MATIAS DOS SANTOS LOU\u00c7AO", "REGEND": "012485", "MORADA": "MORAIS SOARES (R)", "NUM_POLICIA": "31 A", "FREGUESIA": "119", "LOCALIDADE": null, "COD_POST_4": null, "COD_POST_3": null, "COM_INT_ID": null, "COD_ACT_ECON": "21409", "DESC_ACT_ECON": "Artigos Jardinagem/Flores/Plantas", "ANO": 1996, "TIPO": "Retalho", "LOCALIZACAO": "Isolado", "C_INTEGRADO": null, "EMPRESA": "MARIA ISABEL SILVEIRA MENDES RODRIGUES MOURA", "GlobalID": "ada90f88-74c2-47e4-9e6e-f80aeec8847d"}}, {"type": "Feature", "geometry": {"type": "Point", "coordinates": [-1017381.5029000007, 4686562.667800002]}, "properties": {"OBJECTID": 117134, "COD_SIG": null, "IDTIPO": null, "NOME": "SUNSHINE", "REGEND": "012577", "MORADA": "IGREJA (AV DA)", "NUM_POLICIA": "1 C", "FREGUESIA": "103", "LOCALIDADE": "LISBOA                         ", "COD_POST_4": "1700", "COD_POST_3": "230", "COM_INT_ID": null, "COD_ACT_ECON": "21406", "DESC_ACT_ECON": "Artigos De Desporto", "ANO": 1996, "TIPO": "Retalho", "LOCALIZACAO": "Isolado", "C_INTEGRADO": null, "EMPRESA": "TRIVIA ARTIGOS PARA SURF E DESPORTO, LDA", "GlobalID": "ee0770b4-176e-4330-99ba-efc3450337bc"}}, {"type": "Feature", "geometry": {"type": "Point", "coordinates": [-1017756.2828000002, 4686390.272399999]}, "properties": {"OBJECTID": 118930, "COD_SIG": null, "IDTIPO": null, "NOME": "EXCLUSIVO MENINO & MENINA", "REGEND": "012639", "MORADA": "IGREJA (AV DA)", "NUM_POLICIA": "27/27 A", "FREGUESIA": "103", "LOCALIDADE": "LISBOA", "COD_POST_4": "1700", "COD_POST_3": "231", "COM_INT_ID": null, "COD_ACT_ECON": "21104", "DESC_ACT_ECON": "Artigos Vestu\u00e1rio Crian\u00e7a", "ANO": 1996, "TIPO": "Retalho", "LOCALIZACAO": "Isolado", "C_INTEGRADO": null, "EMPRESA": "SOLANA SOCIEDADE DE LANIFICIOS DE ALVALADE, LDA", "GlobalID": "4e594f9c-3c44-48c2-acfd-798d6337e1cf"}}, {"type": "Feature", "geometry": {"type": "Point", "coordinates": [-1017978.7171999998, 4686372.173799999]}, "properties": {"OBJECTID": 119150, "COD_SIG": null, "IDTIPO": null, "NOME": "PAPELARIA CLASSE", "REGEND": "012759", "MORADA": "ALVALADE (PR DE)", "NUM_POLICIA": "6 B", "FREGUESIA": "103", "LOCALIDADE": null, "COD_POST_4": null, "COD_POST_3": null, "COM_INT_ID": 46, "COD_ACT_ECON": "21402", "DESC_ACT_ECON": "Papelarias (Art. Escrit.,Jornais ..)", "ANO": 1996, "TIPO": "Retalho", "LOCALIZACAO": "Integrado - outro", "C_INTEGRADO": "CENTRO COMERCIAL ALVALADE", "EMPRESA": "MARIA ISABEL SILVEIRA MENDES RODRIGUES MOURA", "GlobalID": "bdea640c-c75c-4887-9541-f6681b341305"}}, {"type": "Feature", "geometry": {"type": "Point", "coordinates": [-1017834.1666000001, 4686502.361599997]}, "properties": {"OBJECTID": 119748, "COD_SIG": null, "IDTIPO": null, "NOME": "O GRANDE FLAMINGO", "REGEND": "012902", "MORADA": "MARQ\u00aa DE ALORNA (R) A ALVALADE", "NUM_POLICIA": "23 A", "FREGUESIA": "103", "LOCALIDADE": "LISBOA", "COD_POST_4": "1700", "COD_POST_3": "300", "COM_INT_ID": null, "COD_ACT_ECON": "21101", "DESC_ACT_ECON": "Artigos Vestu\u00e1rio Diverso (Misto)", "ANO": 1996, "TIPO": "Retalho", "LOCALIZACAO": "Isolado", "C_INTEGRADO": null, "EMPRESA": "O GRANDE FLAMINGO - COM\u00c9RCIO E INDUSTRIA DE CONFEC\u00c7\u00d5ES, LDA", "GlobalID": "291ad7b6-506f-4f2f-bd01-d4f9ce5d7060"}}, {"type": "Feature", "geometry": {"type": "Point", "coordinates": [-1022603.989599999, 4687366.399899997]}, "properties": {"OBJECTID": 119940, "COD_SIG": null, "IDTIPO": null, "NOME": "CONDE\u00c7A & BITA BOTA LDA", "REGEND": "013055", "MORADA": "JOAO XXI (AV)", "NUM_POLICIA": "10 E", "FREGUESIA": "112", "LOCALIDADE": null, "COD_POST_4": null, "COD_POST_3": null, "COM_INT_ID": null, "COD_ACT_ECON": "21507", "DESC_ACT_ECON": "Motociclos", "ANO": 1996, "TIPO": "Retalho", "LOCALIZACAO": "Isolado", "C_INTEGRADO": null, "EMPRESA": "MARIA ISABEL SILVEIRA MENDES RODRIGUES MOURA", "GlobalID": "d81ba8f6-4bf1-448a-bb15-253bb4b01c68"}}, {"type": "Feature", "geometry": {"type": "Point", "coordinates": [-1017683.7358000018, 4684817.162199996]}, "properties": {"OBJECTID": 120062, "COD_SIG": null, "IDTIPO": null, "NOME": "LEOART", "REGEND": "013108", "MORADA": "JO\u00c3O XXI (AV)", "NUM_POLICIA": "72", "FREGUESIA": "104", "LOCALIDADE": null, "COD_POST_4": null, "COD_POST_3": null, "COM_INT_ID": 118, "COD_ACT_ECON": "21203", "DESC_ACT_ECON": "Carpetes E Alcatifas", "ANO": 1996, "TIPO": "Retalho", "LOCALIZACAO": "Integrado - outro", "C_INTEGRADO": "GALERIA VIA VENETO - G. V. V.", "EMPRESA": "LEOART - COM\u00c9RCIO DE ARTIGOS NOVOS E VELHOS, LDA", "GlobalID": "353e4575-d9cb-45a9-a36e-05e42d504cc5"}}, {"type": "Feature", "geometry": {"type": "Point", "coordinates": [-1017683.7358000018, 4684817.162199996]}, "properties": {"OBJECTID": 120066, "COD_SIG": null, "IDTIPO": null, "NOME": "FIJO", "REGEND": "013113", "MORADA": "JO\u00c3O XXI (AV)", "NUM_POLICIA": "72", "FREGUESIA": "104", "LOCALIDADE": null, "COD_POST_4": null, "COD_POST_3": null, "COM_INT_ID": 118, "COD_ACT_ECON": "21302", "DESC_ACT_ECON": "Perfumarias", "ANO": 1996, "TIPO": "Retalho", "LOCALIZACAO": "Integrado - outro", "C_INTEGRADO": "GALERIA VIA VENETO - G. V. V.", "EMPRESA": "REIS OLIVEIRA & BARROS, LDA", "GlobalID": "3a34d1b9-d3b3-4bc9-8683-910ad3d0c847"}}, {"type": "Feature", "geometry": {"type": "Point", "coordinates": [-1017683.7358000018, 4684817.162199996]}, "properties": {"OBJECTID": 120077, "COD_SIG": null, "IDTIPO": null, "NOME": "DISCOTECAS DARK SIDE", "REGEND": "013118", "MORADA": "JOAO XXI (AV)", "NUM_POLICIA": "72", "FREGUESIA": "104", "LOCALIDADE": "LISBOA", "COD_POST_4": "1000", "COD_POST_3": "304", "COM_INT_ID": 118, "COD_ACT_ECON": "21526", "DESC_ACT_ECON": "Outros N.E.(C.N.Alim. Diversos)", "ANO": 1996, "TIPO": "Retalho", "LOCALIZACAO": "Integrado - outro", "C_INTEGRADO": "GALERIA VIA VENETO - G. V. V.", "EMPRESA": "MARIA ISABEL SILVEIRA MENDES RODRIGUES MOURA", "GlobalID": "b4f539ad-8345-4a0a-89c6-44f0e339f1e4"}}, {"type": "Feature", "geometry": {"type": "Point", "coordinates": [-1016850.5689000003, 4684849.5044]}, "properties": {"OBJECTID": 120397, "COD_SIG": null, "IDTIPO": null, "NOME": "AVIARIO TROPICAL", "REGEND": "013086", "MORADA": "JO\u00c3O XXI (AV)", "NUM_POLICIA": "4 C", "FREGUESIA": "104", "LOCALIDADE": null, "COD_POST_4": null, "COD_POST_3": null, "COM_INT_ID": null, "COD_ACT_ECON": "21410", "DESC_ACT_ECON": "Pequenos Animais,Peixes Aqua.", "ANO": 1996, "TIPO": "Retalho", "LOCALIZACAO": "Isolado", "C_INTEGRADO": null, "EMPRESA": "MARIA ISABEL SILVEIRA MENDES RODRIGUES MOURA", "GlobalID": "48f66186-0e68-40bb-8599-d33d1e7ef42a"}}, {"type": "Feature", "geometry": {"type": "Point", "coordinates": [-1017621.4228000008, 4684117.878200002]}, "properties": {"OBJECTID": 120694, "COD_SIG": null, "IDTIPO": null, "NOME": "A F PAIVA", "REGEND": "012978", "MORADA": "ANT\u00d3NIO JOSE DE ALMEIDA (AV DE)", "NUM_POLICIA": "5 D/E", "FREGUESIA": "104", "LOCALIDADE": "LISBOA", "COD_POST_4": "1049", "COD_POST_3": "012", "COM_INT_ID": 108, "COD_ACT_ECON": "21512", "DESC_ACT_ECON": "Material El\u00e9ctrico E P/ Electr\u00f3nica", "ANO": 1996, "TIPO": "Retalho", "LOCALIZACAO": "Integrado - outro", "C_INTEGRADO": "CENTRO COMERCIAL S. JO\u00c3O DEUS", "EMPRESA": "MARIA ISABEL SILVEIRA MENDES RODRIGUES MOURA", "GlobalID": "2746afa6-729c-463b-be62-46a13d09b57a"}}, {"type": "Feature", "geometry": {"type": "Point", "coordinates": [-1017683.7358000018, 4684817.162199996]}, "properties": {"OBJECTID": 120716, "COD_SIG": null, "IDTIPO": null, "NOME": "MARCO 91", "REGEND": "013120", "MORADA": "JOAO XXI (AV)", "NUM_POLICIA": "72", "FREGUESIA": "104", "LOCALIDADE": "LISBOA", "COD_POST_4": "1000", "COD_POST_3": "304", "COM_INT_ID": 118, "COD_ACT_ECON": "51403", "DESC_ACT_ECON": "OUTROS EST. COMIDAS REFEI\u00c7\u00d5ES - 3\u00aa CAT.", "ANO": 1996, "TIPO": "Restaura\u00e7\u00e3o e Bebidas", "LOCALIZACAO": "Integrado - outro", "C_INTEGRADO": "GALERIA VIA VENETO - G. V. V.", "EMPRESA": "MARCO 91 - Com\u00e9rcio e Representa\u00e7\u00f5es, Lda", "GlobalID": "e8bc8092-a07b-4b0d-ae81-3228ea507270"}}, {"type": "Feature", "geometry": {"type": "Point", "coordinates": [-1017683.7358000018, 4684817.162199996]}, "properties": {"OBJECTID": 120721, "COD_SIG": null, "IDTIPO": null, "NOME": "UTXICUTXI", "REGEND": "013125", "MORADA": "JO\u00c3O XXI (AV)", "NUM_POLICIA": "72", "FREGUESIA": "104", "LOCALIDADE": "LISBOA", "COD_POST_4": "1000", "COD_POST_3": "304", "COM_INT_ID": 118, "COD_ACT_ECON": "21103", "DESC_ACT_ECON": "Artigos Vestu\u00e1rio Senhora (Boutique)", "ANO": 1996, "TIPO": "Retalho", "LOCALIZACAO": "Integrado - outro", "C_INTEGRADO": "GALERIA VIA VENETO - G. V. V.", "EMPRESA": "MARIA ISABEL SILVEIRA MENDES RODRIGUES MOURA", "GlobalID": "c8bf1767-8a55-45a0-a3b1-9109ab3c2cc8"}}, {"type": "Feature", "geometry": {"type": "Point", "coordinates": [-1017683.7358000018, 4684817.162199996]}, "properties": {"OBJECTID": 120959, "COD_SIG": null, "IDTIPO": null, "NOME": "G.O.", "REGEND": "013107", "MORADA": "JO\u00c3O XXI (AV)", "NUM_POLICIA": "72", "FREGUESIA": "104", "LOCALIDADE": "LISBOA", "COD_POST_4": "1000", "COD_POST_3": "304", "COM_INT_ID": 118, "COD_ACT_ECON": "21101", "DESC_ACT_ECON": "Artigos Vestu\u00e1rio Diverso (Misto)", "ANO": 1996, "TIPO": "Retalho", "LOCALIZACAO": "Integrado - outro", "C_INTEGRADO": "GALERIA VIA VENETO - G. V. V.", "EMPRESA": "MARIA ISABEL SILVEIRA MENDES RODRIGUES MOURA", "GlobalID": "af2a2f15-865b-4aa9-95f1-c9636ea53bcd"}}, {"type": "Feature", "geometry": {"type": "Point", "coordinates": [-1017683.7133000009, 4684848.184500001]}, "properties": {"OBJECTID": 120961, "COD_SIG": null, "IDTIPO": null, "NOME": "AGATA", "REGEND": "013109", "MORADA": "JOAO XXI (AV)", "NUM_POLICIA": "72", "FREGUESIA": "104", "LOCALIDADE": null, "COD_POST_4": null, "COD_POST_3": null, "COM_INT_ID": 118, "COD_ACT_ECON": "21402", "DESC_ACT_ECON": "Papelarias (Art. Escrit.,Jornais ..)", "ANO": 1996, "TIPO": "Retalho", "LOCALIZACAO": "Integrado - outro", "C_INTEGRADO": "GALERIA VIA VENETO - G. V. V.", "EMPRESA": "MARIA ISABEL SILVEIRA MENDES RODRIGUES MOURA", "GlobalID": "1314e32e-3fa6-4abe-8e8d-b0e9c035a51c"}}, {"type": "Feature", "geometry": {"type": "Point", "coordinates": [-1017239.884300001, 4685207.7651999965]}, "properties": {"OBJECTID": 121590, "COD_SIG": null, "IDTIPO": null, "NOME": "DUARTE E GERERDO", "REGEND": "013147", "MORADA": "MADRID (AV DE)", "NUM_POLICIA": "35 A", "FREGUESIA": "104", "LOCALIDADE": null, "COD_POST_4": null, "COD_POST_3": null, "COM_INT_ID": null, "COD_ACT_ECON": "21101", "DESC_ACT_ECON": "Artigos Vestu\u00e1rio Diverso (Misto)", "ANO": 1996, "TIPO": "Retalho", "LOCALIZACAO": "Isolado", "C_INTEGRADO": null, "EMPRESA": "MARIA ISABEL SILVEIRA MENDES RODRIGUES MOURA", "GlobalID": "c3dfb7e2-3214-485a-9cb9-6da24e5055d0"}}, {"type": "Feature", "geometry": {"type": "Point", "coordinates": [-1021281.5767999999, 4684930.919]}, "properties": {"OBJECTID": 122006, "COD_SIG": null, "IDTIPO": null, "NOME": "DROGARIA JOANINHA", "REGEND": "013080", "MORADA": "JOAO XXI (AV)", "NUM_POLICIA": "28 B", "FREGUESIA": "123", "LOCALIDADE": null, "COD_POST_4": null, "COD_POST_3": null, "COM_INT_ID": null, "COD_ACT_ECON": "21503", "DESC_ACT_ECON": "Drogarias", "ANO": 1996, "TIPO": "Retalho", "LOCALIZACAO": "Isolado", "C_INTEGRADO": null, "EMPRESA": "MARIA ISABEL SILVEIRA MENDES RODRIGUES MOURA", "GlobalID": "13c29eba-6c70-4bbd-a9ec-3f491e658a8d"}}, {"type": "Feature", "geometry": {"type": "Point", "coordinates": [-1017393.5555000007, 4685092.929200001]}, "properties": {"OBJECTID": 122212, "COD_SIG": null, "IDTIPO": null, "NOME": "IN & UTIL", "REGEND": "013237", "MORADA": "ROMA (AV)", "NUM_POLICIA": "21 C", "FREGUESIA": "104", "LOCALIDADE": "LISBOA", "COD_POST_4": "1000", "COD_POST_3": "262", "COM_INT_ID": null, "COD_ACT_ECON": "21520", "DESC_ACT_ECON": "Prendas", "ANO": 1996, "TIPO": "Retalho", "LOCALIZACAO": "Isolado", "C_INTEGRADO": null, "EMPRESA": "MARIA ISABEL SILVEIRA MENDES RODRIGUES MOURA", "GlobalID": "3bd11bf9-5863-4497-a4bd-f3e2504e438d"}}, {"type": "Feature", "geometry": {"type": "Point", "coordinates": [-1017630.5291999988, 4684169.820900001]}, "properties": {"OBJECTID": 122641, "COD_SIG": null, "IDTIPO": null, "NOME": "MIRA E CARMO", "REGEND": "012990", "MORADA": "ANT\u00d3NIO JOSE DE ALMEIDA (AV DE)", "NUM_POLICIA": "5 D/E", "FREGUESIA": "104", "LOCALIDADE": null, "COD_POST_4": null, "COD_POST_3": null, "COM_INT_ID": 108, "COD_ACT_ECON": "21115", "DESC_ACT_ECON": "Sapatarias", "ANO": 1996, "TIPO": "Retalho", "LOCALIZACAO": "Integrado - outro", "C_INTEGRADO": "CENTRO COMERCIAL S. JO\u00c3O DEUS", "EMPRESA": "MIRA & CARMO, LDA", "GlobalID": "36a707dd-6b98-42d5-87d3-2204bba89026"}}, {"type": "Feature", "geometry": {"type": "Point", "coordinates": [-1019186.1123000011, 4679920.0748]}, "properties": {"OBJECTID": 122786, "COD_SIG": null, "IDTIPO": null, "NOME": "CUF TEXTEIS", "REGEND": "013064", "MORADA": "JOAO XXI (AV)", "NUM_POLICIA": "14 A", "FREGUESIA": "113", "LOCALIDADE": null, "COD_POST_4": null, "COD_POST_3": null, "COM_INT_ID": null, "COD_ACT_ECON": "21203", "DESC_ACT_ECON": "Carpetes E Alcatifas", "ANO": 1996, "TIPO": "Retalho", "LOCALIZACAO": "Isolado", "C_INTEGRADO": null, "EMPRESA": "MARIA ISABEL SILVEIRA MENDES RODRIGUES MOURA", "GlobalID": "37fe832b-ddee-4ff9-a37a-2d70149d9956"}}, {"type": "Feature", "geometry": {"type": "Point", "coordinates": [-1016990.8115999997, 4684326.011100002]}, "properties": {"OBJECTID": 123206, "COD_SIG": null, "IDTIPO": null, "NOME": "GIOVANNI GALLI", "REGEND": "013023", "MORADA": "GUERRA JUNQUEIRO (AV)", "NUM_POLICIA": "13 C", "FREGUESIA": "104", "LOCALIDADE": "LISBOA", "COD_POST_4": "1000", "COD_POST_3": "166", "COM_INT_ID": null, "COD_ACT_ECON": "21102", "DESC_ACT_ECON": "Artigos Vestu\u00e1rio Homem", "ANO": 1996, "TIPO": "Retalho", "LOCALIZACAO": "Isolado", "C_INTEGRADO": null, "EMPRESA": "CAMISARIA DELMIRO, LDA", "GlobalID": "cf500ebd-1807-4e96-8ec2-64be3bcf6db7"}}, {"type": "Feature", "geometry": {"type": "Point", "coordinates": [-1018066.0579000004, 4683378.268600002]}, "properties": {"OBJECTID": 124343, "COD_SIG": null, "IDTIPO": null, "NOME": "SOLIRIS", "REGEND": "013412", "MORADA": "ALM REIS (AV)", "NUM_POLICIA": "123 A", "FREGUESIA": "105", "LOCALIDADE": null, "COD_POST_4": null, "COD_POST_3": null, "COM_INT_ID": 73, "COD_ACT_ECON": "21211", "DESC_ACT_ECON": "Electrodom\u00e9sticos", "ANO": 1996, "TIPO": "Retalho", "LOCALIZACAO": "Integrado - outro", "C_INTEGRADO": "CENTRO COMERCIAL G\u00c1LIA", "EMPRESA": "MARIA ISABEL SILVEIRA MENDES RODRIGUES MOURA", "GlobalID": "dd243b74-38c3-4244-b53a-487de92cd57b"}}, {"type": "Feature", "geometry": {"type": "Point", "coordinates": [-1017711.6154000014, 4683410.412699997]}, "properties": {"OBJECTID": 126305, "COD_SIG": null, "IDTIPO": null, "NOME": "DROGARIA SOARES", "REGEND": "013489", "MORADA": "Avenida Casal Ribeiro", "NUM_POLICIA": "26A", "FREGUESIA": "105", "LOCALIDADE": "LISBOA", "COD_POST_4": "1000", "COD_POST_3": "092", "COM_INT_ID": null, "COD_ACT_ECON": "21503", "DESC_ACT_ECON": "Drogarias", "ANO": 1996, "TIPO": "Retalho", "LOCALIZACAO": "Isolado", "C_INTEGRADO": null, "EMPRESA": "MARIA ISABEL SILVEIRA MENDES RODRIGUES MOURA", "GlobalID": "9619dee6-8a91-4978-aa8e-86037f545442"}}, {"type": "Feature", "geometry": {"type": "Point", "coordinates": [-1017611.0866999999, 4683798.522699997]}, "properties": {"OBJECTID": 126762, "COD_SIG": null, "IDTIPO": null, "NOME": "FARMACIA PALMA", "REGEND": "013501", "MORADA": "DUQUE DE \u00c1VILA (AV)", "NUM_POLICIA": "25/31", "FREGUESIA": "105", "LOCALIDADE": null, "COD_POST_4": null, "COD_POST_3": null, "COM_INT_ID": null, "COD_ACT_ECON": "21301", "DESC_ACT_ECON": "Farm\u00e1cias", "ANO": 1996, "TIPO": "Retalho", "LOCALIZACAO": "Isolado", "C_INTEGRADO": null, "EMPRESA": "MARIA ISABEL SILVEIRA MENDES RODRIGUES MOURA", "GlobalID": "7e353a47-4d33-4f1f-873e-0c5f7c9eb9cb"}}, {"type": "Feature", "geometry": {"type": "Point", "coordinates": [-1016640.2380999997, 4683377.204400003]}, "properties": {"OBJECTID": 127280, "COD_SIG": null, "IDTIPO": null, "NOME": "E FERNANDES BRANCO", "REGEND": "013778", "MORADA": "CAVALEIRO DE OLIVEIRA (R)", "NUM_POLICIA": "43 B", "FREGUESIA": "105", "LOCALIDADE": "LISBOA                         ", "COD_POST_4": "1170", "COD_POST_3": "086", "COM_INT_ID": null, "COD_ACT_ECON": "21502", "DESC_ACT_ECON": "Tintas,Vernizes E Afins", "ANO": 1996, "TIPO": "Retalho", "LOCALIZACAO": "Isolado", "C_INTEGRADO": null, "EMPRESA": "MARIA ISABEL SILVEIRA MENDES RODRIGUES MOURA", "GlobalID": "0e1db7e7-0c39-4f11-92a5-0cc83e561ea3"}}, {"type": "Feature", "geometry": {"type": "Point", "coordinates": [-1017068.2327999994, 4682624.506499998]}, "properties": {"OBJECTID": 127586, "COD_SIG": null, "IDTIPO": null, "NOME": "CAIXA AUXILIAR ST BARBARA LDA", "REGEND": "013562", "MORADA": "Largo de Santa B\u00e1rbara", "NUM_POLICIA": "8B", "FREGUESIA": "105", "LOCALIDADE": "LISBOA", "COD_POST_4": "1150", "COD_POST_3": "287", "COM_INT_ID": null, "COD_ACT_ECON": "21211", "DESC_ACT_ECON": "Electrodom\u00e9sticos", "ANO": 1996, "TIPO": "Retalho", "LOCALIZACAO": "Isolado", "C_INTEGRADO": null, "EMPRESA": "MARIA ISABEL SILVEIRA MENDES RODRIGUES MOURA", "GlobalID": "85a1c5da-523f-4f77-9298-48e9f45de790"}}, {"type": "Feature", "geometry": {"type": "Point", "coordinates": [-1016541.8035000004, 4683528.8574]}, "properties": {"OBJECTID": 127898, "COD_SIG": null, "IDTIPO": null, "NOME": "SHANCHES GIRAO-ELECTRONICA", "REGEND": "013872", "MORADA": "EDITE C\u00c1VEL (R)", "NUM_POLICIA": "7", "FREGUESIA": "105", "LOCALIDADE": "LISBOA", "COD_POST_4": "1900", "COD_POST_3": "212", "COM_INT_ID": null, "COD_ACT_ECON": "21512", "DESC_ACT_ECON": "Material El\u00e9ctrico E P/ Electr\u00f3nica", "ANO": 1996, "TIPO": "Retalho", "LOCALIZACAO": "Isolado", "C_INTEGRADO": null, "EMPRESA": "MARIA ISABEL SILVEIRA MENDES RODRIGUES MOURA", "GlobalID": "7ead641a-3c7d-4de1-abea-6b48776af078"}}, {"type": "Feature", "geometry": {"type": "Point", "coordinates": [-1017677.2630000003, 4682714.177900001]}, "properties": {"OBJECTID": 128490, "COD_SIG": null, "IDTIPO": null, "NOME": "VALDEMAR MATOS VIEGAS COUTO", "REGEND": "013929", "MORADA": "GOMES FREIRE (R)", "NUM_POLICIA": "166", "FREGUESIA": "105", "LOCALIDADE": "LISBOA", "COD_POST_4": "1150", "COD_POST_3": "180", "COM_INT_ID": null, "COD_ACT_ECON": "21522", "DESC_ACT_ECON": "Ourivesarias/Relojoarias", "ANO": 1996, "TIPO": "Retalho", "LOCALIZACAO": "Isolado", "C_INTEGRADO": null, "EMPRESA": "MARIA ISABEL SILVEIRA MENDES RODRIGUES MOURA", "GlobalID": "f39bd3bf-2d85-4427-b976-a138b901d0fd"}}, {"type": "Feature", "geometry": {"type": "Point", "coordinates": [-1017808.4228999987, 4682850.081900001]}, "properties": {"OBJECTID": 128618, "COD_SIG": null, "IDTIPO": null, "NOME": "HOJE", "REGEND": "013936", "MORADA": "GOMES FREIRE (R)", "NUM_POLICIA": "197/199", "FREGUESIA": "105", "LOCALIDADE": null, "COD_POST_4": null, "COD_POST_3": null, "COM_INT_ID": null, "COD_ACT_ECON": "21403", "DESC_ACT_ECON": "Tabacaria", "ANO": 1996, "TIPO": "Retalho", "LOCALIZACAO": "Isolado", "C_INTEGRADO": null, "EMPRESA": "MARIA ISABEL SILVEIRA MENDES RODRIGUES MOURA", "GlobalID": "35a697e1-b042-43bc-bc3d-1e2457699069"}}, {"type": "Feature", "geometry": {"type": "Point", "coordinates": [-1017177.0403999984, 4683092.4683]}, "properties": {"OBJECTID": 128721, "COD_SIG": null, "IDTIPO": null, "NOME": "VOLSUL", "REGEND": "013979", "MORADA": "JOS\u00c9 ESTEV\u00c3O (R)", "NUM_POLICIA": "74 D/76 A", "FREGUESIA": "105", "LOCALIDADE": "LISBOA", "COD_POST_4": "1150", "COD_POST_3": "203", "COM_INT_ID": null, "COD_ACT_ECON": "21504", "DESC_ACT_ECON": "Ve\u00edculos Ligeiros (Novos)", "ANO": 1996, "TIPO": "Retalho", "LOCALIZACAO": "Isolado", "C_INTEGRADO": null, "EMPRESA": "MARIA ISABEL SILVEIRA MENDES RODRIGUES MOURA", "GlobalID": "2975f169-6624-4e7a-be80-1722258789ef"}}, {"type": "Feature", "geometry": {"type": "Point", "coordinates": [-1017573.3486000001, 4683509.709200002]}, "properties": {"OBJECTID": 129626, "COD_SIG": null, "IDTIPO": null, "NOME": "PRE\u00c7O CONFEC\u00c7OES PRONTO VESTIR LDA", "REGEND": "013853", "MORADA": "D ESTEFANIA (R DE)", "NUM_POLICIA": "68", "FREGUESIA": "105", "LOCALIDADE": "LISBOA", "COD_POST_4": "1000", "COD_POST_3": "158", "COM_INT_ID": null, "COD_ACT_ECON": "21101", "DESC_ACT_ECON": "Artigos Vestu\u00e1rio Diverso (Misto)", "ANO": 1996, "TIPO": "Retalho", "LOCALIZACAO": "Isolado", "C_INTEGRADO": null, "EMPRESA": "PRE\u00c7O ACTIVIDADES HOTELEIRAS, LDA", "GlobalID": "dce923c4-7c89-43e1-9476-65b44da45125"}}, {"type": "Feature", "geometry": {"type": "Point", "coordinates": [-1018760.1026000008, 4681894.951800004]}, "properties": {"OBJECTID": 130383, "COD_SIG": null, "IDTIPO": null, "NOME": "JOAO CURVELO & MARIA JOAO LDA", "REGEND": "014485", "MORADA": "ALEXANDRE HERCULANO (R)", "NUM_POLICIA": "50", "FREGUESIA": "122", "LOCALIDADE": null, "COD_POST_4": null, "COD_POST_3": null, "COM_INT_ID": 45, "COD_ACT_ECON": "21103", "DESC_ACT_ECON": "Artigos Vestu\u00e1rio Senhora (Boutique)", "ANO": 1996, "TIPO": "Retalho", "LOCALIZACAO": "Integrado - outro", "C_INTEGRADO": "GALERIAS ALEXANDRE HERCULANO", "EMPRESA": "MARIA ISABEL SILVEIRA MENDES RODRIGUES MOURA", "GlobalID": "2fa7d052-0b65-4e85-b499-7fc604ce961d"}}, {"type": "Feature", "geometry": {"type": "Point", "coordinates": [-1018760.1026000008, 4681894.951800004]}, "properties": {"OBJECTID": 130620, "COD_SIG": null, "IDTIPO": null, "NOME": "JOAO CURVELO & MARIA JOAO LDA", "REGEND": "014486", "MORADA": "ALEXANDRE HERCULANO (R)", "NUM_POLICIA": "50", "FREGUESIA": "122", "LOCALIDADE": null, "COD_POST_4": null, "COD_POST_3": null, "COM_INT_ID": 45, "COD_ACT_ECON": "21102", "DESC_ACT_ECON": "Artigos Vestu\u00e1rio Homem", "ANO": 1996, "TIPO": "Retalho", "LOCALIZACAO": "Integrado - outro", "C_INTEGRADO": "GALERIAS ALEXANDRE HERCULANO", "EMPRESA": "MARIA ISABEL SILVEIRA MENDES RODRIGUES MOURA", "GlobalID": "83e75820-253f-4647-87f0-40a4733c2e26"}}, {"type": "Feature", "geometry": {"type": "Point", "coordinates": [-1016946.183600001, 4683652.182599999]}, "properties": {"OBJECTID": 130632, "COD_SIG": null, "IDTIPO": null, "NOME": "FRACABOS", "REGEND": "014165", "MORADA": "QUIRINO DA FONSECA (R)", "NUM_POLICIA": "1 A", "FREGUESIA": "105", "LOCALIDADE": null, "COD_POST_4": null, "COD_POST_3": null, "COM_INT_ID": null, "COD_ACT_ECON": "21512", "DESC_ACT_ECON": "Material El\u00e9ctrico E P/ Electr\u00f3nica", "ANO": 1996, "TIPO": "Retalho", "LOCALIZACAO": "Isolado", "C_INTEGRADO": null, "EMPRESA": "MARIA ISABEL SILVEIRA MENDES RODRIGUES MOURA", "GlobalID": "f7a38f59-5fc2-4089-83f6-5f251414a7f4"}}, {"type": "Feature", "geometry": {"type": "Point", "coordinates": [-1017780.1752000004, 4681119.616800003]}, "properties": {"OBJECTID": 130666, "COD_SIG": null, "IDTIPO": null, "NOME": "BAZAR VIDEO MATERIAL ELECTRONICO IMPORTA\u00c7AO E EXPORTA\u00c7AO", "REGEND": "014293", "MORADA": "Avenida da Liberdade", "NUM_POLICIA": "9", "FREGUESIA": "122", "LOCALIDADE": "LISBOA", "COD_POST_4": "1250", "COD_POST_3": "139", "COM_INT_ID": 120, "COD_ACT_ECON": "21512", "DESC_ACT_ECON": "Material El\u00e9ctrico E P/ Electr\u00f3nica", "ANO": 1996, "TIPO": "Retalho", "LOCALIZACAO": "Integrado - outro", "C_INTEGRADO": "CENTRO COMERCIAL XENON", "EMPRESA": "BAZAR VIDEO MATERIAL ELECTRONICO IMPORTA\u00c7AO EXPORTA\u00c7AO, LDA", "GlobalID": "c80cc805-53e3-420f-97ff-931bc7f20c55"}}, {"type": "Feature", "geometry": {"type": "Point", "coordinates": [-1019130.1268000007, 4681789.271700002]}, "properties": {"OBJECTID": 130681, "COD_SIG": null, "IDTIPO": null, "NOME": "PAPELARIA FERNANDES SARL", "REGEND": "014459", "MORADA": "BENTO DA ROCHA CABRAL (C)", "NUM_POLICIA": "16 A", "FREGUESIA": "122", "LOCALIDADE": null, "COD_POST_4": null, "COD_POST_3": null, "COM_INT_ID": null, "COD_ACT_ECON": "21402", "DESC_ACT_ECON": "Papelarias (Art. Escrit.,Jornais ..)", "ANO": 1996, "TIPO": "Retalho", "LOCALIZACAO": "Isolado", "C_INTEGRADO": null, "EMPRESA": "PAPELARIA FERNANDES IND\u00daSTRIA E COM\u00c9RCIO, SA", "GlobalID": "425987d2-dc19-4793-ac2e-5655edb1ec3c"}}, {"type": "Feature", "geometry": {"type": "Point", "coordinates": [-1018760.1026000008, 4681894.951800004]}, "properties": {"OBJECTID": 130774, "COD_SIG": null, "IDTIPO": null, "NOME": "VIVER MAIS", "REGEND": "014481", "MORADA": "ALEXANDRE HERCULANO (R)", "NUM_POLICIA": "50", "FREGUESIA": "122", "LOCALIDADE": null, "COD_POST_4": null, "COD_POST_3": null, "COM_INT_ID": 45, "COD_ACT_ECON": "11014", "DESC_ACT_ECON": "Prod. Naturais(Diet.,Medicinais,Espec.)", "ANO": 1996, "TIPO": "Retalho", "LOCALIZACAO": "Integrado - outro", "C_INTEGRADO": "GALERIAS ALEXANDRE HERCULANO", "EMPRESA": "MARIA ISABEL SILVEIRA MENDES RODRIGUES MOURA", "GlobalID": "7a927bc5-3502-4faa-855d-fb2bf7e5c5af"}}, {"type": "Feature", "geometry": {"type": "Point", "coordinates": [-1018760.1026000008, 4681894.951800004]}, "properties": {"OBJECTID": 130776, "COD_SIG": null, "IDTIPO": null, "NOME": "VAMOS BRINDAR", "REGEND": "014489", "MORADA": "ALEXANDRE HERCULANO (R)", "NUM_POLICIA": "50", "FREGUESIA": "122", "LOCALIDADE": null, "COD_POST_4": null, "COD_POST_3": null, "COM_INT_ID": 45, "COD_ACT_ECON": "21526", "DESC_ACT_ECON": "Outros N.E.(C.N.Alim. Diversos)", "ANO": 1996, "TIPO": "Retalho", "LOCALIZACAO": "Integrado - outro", "C_INTEGRADO": "GALERIAS ALEXANDRE HERCULANO", "EMPRESA": "MARIA ISABEL SILVEIRA MENDES RODRIGUES MOURA", "GlobalID": "6fcd0f54-6e08-419e-a008-3e243c0132fe"}}, {"type": "Feature", "geometry": {"type": "Point", "coordinates": [-1017423.3346999995, 4683286.1516999975]}, "properties": {"OBJECTID": 131192, "COD_SIG": null, "IDTIPO": null, "NOME": "TOQUE JOVEM", "REGEND": "014073", "MORADA": "Rua de Pascoal de Melo", "NUM_POLICIA": "115", "FREGUESIA": "105", "LOCALIDADE": "LISBOA", "COD_POST_4": "1000", "COD_POST_3": "232", "COM_INT_ID": null, "COD_ACT_ECON": "21115", "DESC_ACT_ECON": "Sapatarias", "ANO": 1996, "TIPO": "Retalho", "LOCALIZACAO": "Isolado", "C_INTEGRADO": null, "EMPRESA": "MARIA ISABEL SILVEIRA MENDES RODRIGUES MOURA", "GlobalID": "fac38c56-474e-4f61-94d7-8075a6fe46a2"}}, {"type": "Feature", "geometry": {"type": "Point", "coordinates": [-1018760.1026000008, 4681894.951800004]}, "properties": {"OBJECTID": 131237, "COD_SIG": null, "IDTIPO": null, "NOME": "ARPELLE", "REGEND": "014483", "MORADA": "ALEXANDRE HERCULANO (R)", "NUM_POLICIA": "50", "FREGUESIA": "122", "LOCALIDADE": null, "COD_POST_4": null, "COD_POST_3": null, "COM_INT_ID": 45, "COD_ACT_ECON": "21116", "DESC_ACT_ECON": "ARTIGOS DE PELE/CAL\u00c7ADO/MARROQUINARIA", "ANO": 1996, "TIPO": "Retalho", "LOCALIZACAO": "Integrado - outro", "C_INTEGRADO": "GALERIAS ALEXANDRE HERCULANO", "EMPRESA": "MARIA ISABEL SILVEIRA MENDES RODRIGUES MOURA", "GlobalID": "ed9c93c7-535a-46d4-96fd-f8d486a887fe"}}, {"type": "Feature", "geometry": {"type": "Point", "coordinates": [-1016712.0263999999, 4683509.444700003]}, "properties": {"OBJECTID": 131250, "COD_SIG": null, "IDTIPO": null, "NOME": "TAMANCA", "REGEND": "013916", "MORADA": "FRANCISCO SANCHES (R)", "NUM_POLICIA": "182 B", "FREGUESIA": "105", "LOCALIDADE": null, "COD_POST_4": null, "COD_POST_3": null, "COM_INT_ID": null, "COD_ACT_ECON": "21406", "DESC_ACT_ECON": "Artigos De Desporto", "ANO": 1996, "TIPO": "Retalho", "LOCALIZACAO": "Isolado", "C_INTEGRADO": null, "EMPRESA": "MARIA ISABEL SILVEIRA MENDES RODRIGUES MOURA", "GlobalID": "0875ad24-ddb9-449b-8b14-d7a52137d732"}}, {"type": "Feature", "geometry": {"type": "Point", "coordinates": [-1017795.5472999997, 4681364.616899997]}, "properties": {"OBJECTID": 131642, "COD_SIG": null, "IDTIPO": null, "NOME": "PHOTO QUICK", "REGEND": "014263", "MORADA": "LIBERDADE (AV)", "NUM_POLICIA": "38 A/C", "FREGUESIA": "122", "LOCALIDADE": null, "COD_POST_4": null, "COD_POST_3": null, "COM_INT_ID": 85, "COD_ACT_ECON": "21412", "DESC_ACT_ECON": "Material Fotogr\u00e1fico,Cinema", "ANO": 1996, "TIPO": "Retalho", "LOCALIZACAO": "Integrado - outro", "C_INTEGRADO": "CENTRO COMERCIAL LIBERSIL", "EMPRESA": "DISTRIMAGEM-COMERCIO E DISTRIBUI\u00c7AO, LDA", "GlobalID": "b4785fdf-bff5-4a9a-a02a-465ae9f422fd"}}, {"type": "Feature", "geometry": {"type": "Point", "coordinates": [-1017818.7597000003, 4681496.7346]}, "properties": {"OBJECTID": 131770, "COD_SIG": null, "IDTIPO": null, "NOME": "FARM\u00c1CIA GALENICA", "REGEND": "014377", "MORADA": "PRETAS (R DAS)", "NUM_POLICIA": "12/14", "FREGUESIA": "122", "LOCALIDADE": "LISBOA", "COD_POST_4": "1150", "COD_POST_3": "271", "COM_INT_ID": null, "COD_ACT_ECON": "21301", "DESC_ACT_ECON": "Farm\u00e1cias", "ANO": 1996, "TIPO": "Retalho", "LOCALIZACAO": "Isolado", "C_INTEGRADO": null, "EMPRESA": "MARIA ISABEL SILVEIRA MENDES RODRIGUES MOURA", "GlobalID": "68444342-fa6b-4bb5-a8d7-13c9671db635"}}, {"type": "Feature", "geometry": {"type": "Point", "coordinates": [-1017217.1026000008, 4680319.784400001]}, "properties": {"OBJECTID": 132027, "COD_SIG": null, "IDTIPO": null, "NOME": "MANDARIN CHIN\u00caS", "REGEND": "014738", "MORADA": "AUGUSTA (R)", "NUM_POLICIA": "141", "FREGUESIA": "121", "LOCALIDADE": null, "COD_POST_4": null, "COD_POST_3": null, "COM_INT_ID": null, "COD_ACT_ECON": "21214", "DESC_ACT_ECON": "Loi\u00e7as/Vidros", "ANO": 1996, "TIPO": "Retalho", "LOCALIZACAO": "Isolado", "C_INTEGRADO": null, "EMPRESA": "MARIA ISABEL SILVEIRA MENDES RODRIGUES MOURA", "GlobalID": "ddd5b559-c85b-40a7-b4dc-30b3b7c293b3"}}, {"type": "Feature", "geometry": {"type": "Point", "coordinates": [-1017190.0753000006, 4680305.946800001]}, "properties": {"OBJECTID": 132570, "COD_SIG": null, "IDTIPO": null, "NOME": "TENDA", "REGEND": "014733", "MORADA": "AUGUSTA (R)", "NUM_POLICIA": "126/130", "FREGUESIA": "121", "LOCALIDADE": null, "COD_POST_4": null, "COD_POST_3": null, "COM_INT_ID": null, "COD_ACT_ECON": "21204", "DESC_ACT_ECON": "Tecidos Para Decora\u00e7\u00e3o", "ANO": 1996, "TIPO": "Retalho", "LOCALIZACAO": "Isolado", "C_INTEGRADO": null, "EMPRESA": "MARIA ISABEL SILVEIRA MENDES RODRIGUES MOURA", "GlobalID": "f7448fb0-a323-4830-a7e4-4e8c0a2bcc6b"}}, {"type": "Feature", "geometry": {"type": "Point", "coordinates": [-1017161.2917999998, 4680131.498099998]}, "properties": {"OBJECTID": 132715, "COD_SIG": null, "IDTIPO": null, "NOME": "SAPATARIA LISBONENSE", "REGEND": "014806", "MORADA": "AUGUSTA (R)", "NUM_POLICIA": "53", "FREGUESIA": "121", "LOCALIDADE": null, "COD_POST_4": null, "COD_POST_3": null, "COM_INT_ID": null, "COD_ACT_ECON": "21115", "DESC_ACT_ECON": "Sapatarias", "ANO": 1996, "TIPO": "Retalho", "LOCALIZACAO": "Isolado", "C_INTEGRADO": null, "EMPRESA": "JOS\u00c9 RATINHO, LDA", "GlobalID": "fcccbe66-2062-40dd-a985-629fad9089fe"}}, {"type": "Feature", "geometry": {"type": "Point", "coordinates": [-1017190.7237000018, 4680479.460699998]}, "properties": {"OBJECTID": 132800, "COD_SIG": null, "IDTIPO": null, "NOME": "FUNY BOUTIQUES", "REGEND": "014711", "MORADA": "ASSUN\u00c7AO (R DA)", "NUM_POLICIA": "44", "FREGUESIA": "121", "LOCALIDADE": null, "COD_POST_4": null, "COD_POST_3": null, "COM_INT_ID": null, "COD_ACT_ECON": "21103", "DESC_ACT_ECON": "Artigos Vestu\u00e1rio Senhora (Boutique)", "ANO": 1996, "TIPO": "Retalho", "LOCALIZACAO": "Isolado", "C_INTEGRADO": null, "EMPRESA": "MARIA ISABEL SILVEIRA MENDES RODRIGUES MOURA", "GlobalID": "9329604c-b71f-443d-b68d-e2bd5b5acce0"}}, {"type": "Feature", "geometry": {"type": "Point", "coordinates": [-1018781.0256999992, 4682050.234399997]}, "properties": {"OBJECTID": 132860, "COD_SIG": null, "IDTIPO": null, "NOME": "GARDENIA AZUL", "REGEND": "014547", "MORADA": "CASTILHO (R)", "NUM_POLICIA": "39", "FREGUESIA": "122", "LOCALIDADE": null, "COD_POST_4": null, "COD_POST_3": null, "COM_INT_ID": 58, "COD_ACT_ECON": "21202", "DESC_ACT_ECON": "Artigos Diversos Lar/Decora\u00e7\u00e3o", "ANO": 1996, "TIPO": "Retalho", "LOCALIZACAO": "Integrado - outro", "C_INTEGRADO": "CENTRO COMERCIAL CASTIL", "EMPRESA": "MARIA ISABEL SILVEIRA MENDES RODRIGUES MOURA", "GlobalID": "ae1edf60-cb34-488b-b693-949e6456b690"}}, {"type": "Feature", "geometry": {"type": "Point", "coordinates": [-1019194.4065000005, 4682044.315899998]}, "properties": {"OBJECTID": 133111, "COD_SIG": null, "IDTIPO": null, "NOME": "PADARIA PARQUE", "REGEND": "014662", "MORADA": "FABRICA DAS SEDAS (T DA)", "NUM_POLICIA": "26 C", "FREGUESIA": "122", "LOCALIDADE": null, "COD_POST_4": null, "COD_POST_3": null, "COM_INT_ID": null, "COD_ACT_ECON": "11007", "DESC_ACT_ECON": "Padarias", "ANO": 1996, "TIPO": "Retalho", "LOCALIZACAO": "Isolado", "C_INTEGRADO": null, "EMPRESA": "MARIA ISABEL SILVEIRA MENDES RODRIGUES MOURA", "GlobalID": "4353e1c6-318c-47ff-894a-d39f3ee56131"}}, {"type": "Feature", "geometry": {"type": "Point", "coordinates": [-1017993.7424999997, 4681845.908799998]}, "properties": {"OBJECTID": 133197, "COD_SIG": null, "IDTIPO": null, "NOME": "FARM\u00c1CIA MORAIS SARMENTO", "REGEND": "014435", "MORADA": "ST MARTA (R DE)", "NUM_POLICIA": "16 A/B", "FREGUESIA": "122", "LOCALIDADE": null, "COD_POST_4": null, "COD_POST_3": null, "COM_INT_ID": null, "COD_ACT_ECON": "21301", "DESC_ACT_ECON": "Farm\u00e1cias", "ANO": 1996, "TIPO": "Retalho", "LOCALIZACAO": "Isolado", "C_INTEGRADO": null, "EMPRESA": "MARIA ISABEL SILVEIRA MENDES RODRIGUES MOURA", "GlobalID": "00044049-7829-43a8-8d2c-b07379207411"}}, {"type": "Feature", "geometry": {"type": "Point", "coordinates": [-1017222.3898999989, 4680335.146700002]}, "properties": {"OBJECTID": 133266, "COD_SIG": null, "IDTIPO": null, "NOME": "MUNDIAL CAMBIOS", "REGEND": "014742", "MORADA": "AUGUSTA (R)", "NUM_POLICIA": "151/153", "FREGUESIA": "121", "LOCALIDADE": null, "COD_POST_4": null, "COD_POST_3": null, "COM_INT_ID": null, "COD_ACT_ECON": "21404", "DESC_ACT_ECON": "Alfarrabista/Filatelia/Numism\u00e1tica", "ANO": 1996, "TIPO": "Retalho", "LOCALIZACAO": "Isolado", "C_INTEGRADO": null, "EMPRESA": "MARIA ISABEL SILVEIRA MENDES RODRIGUES MOURA", "GlobalID": "b19fff58-674a-4fb8-a700-13460b04fc15"}}, {"type": "Feature", "geometry": {"type": "Point", "coordinates": [-1017230.4193000011, 4680367.184699997]}, "properties": {"OBJECTID": 133271, "COD_SIG": null, "IDTIPO": null, "NOME": "NAF NAF", "REGEND": "014746", "MORADA": "AUGUSTA (R)", "NUM_POLICIA": "157/171", "FREGUESIA": "121", "LOCALIDADE": "LISBOA", "COD_POST_4": "1100", "COD_POST_3": "050", "COM_INT_ID": null, "COD_ACT_ECON": "21103", "DESC_ACT_ECON": "Artigos Vestu\u00e1rio Senhora (Boutique)", "ANO": 1996, "TIPO": "Retalho", "LOCALIZACAO": "Isolado", "C_INTEGRADO": null, "EMPRESA": "MARIA ISABEL SILVEIRA MENDES RODRIGUES MOURA", "GlobalID": "697f211f-27c7-418c-afed-8bc02e0e9e3c"}}, {"type": "Feature", "geometry": {"type": "Point", "coordinates": [-1017134.5179000013, 4680140.7885000035]}, "properties": {"OBJECTID": 133404, "COD_SIG": null, "IDTIPO": null, "NOME": "LIVRARIA ARCO LDA", "REGEND": "014805", "MORADA": "AUGUSTA (R)", "NUM_POLICIA": "52", "FREGUESIA": "121", "LOCALIDADE": null, "COD_POST_4": null, "COD_POST_3": null, "COM_INT_ID": null, "COD_ACT_ECON": "21401", "DESC_ACT_ECON": "Livrarias", "ANO": 1996, "TIPO": "Retalho", "LOCALIZACAO": "Isolado", "C_INTEGRADO": null, "EMPRESA": "MARIA ISABEL SILVEIRA MENDES RODRIGUES MOURA", "GlobalID": "15c11166-7dab-48cb-b7d3-35dda2a18fc6"}}, {"type": "Feature", "geometry": {"type": "Point", "coordinates": [-1017650.7397000007, 4681814.762000002]}, "properties": {"OBJECTID": 133441, "COD_SIG": null, "IDTIPO": null, "NOME": "LUIS MIGUEL PENEDO PIRES", "REGEND": "014428", "MORADA": "ST ANT\u00d3NIO DOS CAPUCHOS (R DE)", "NUM_POLICIA": "45/45 A", "FREGUESIA": "122", "LOCALIDADE": null, "COD_POST_4": null, "COD_POST_3": null, "COM_INT_ID": null, "COD_ACT_ECON": "21501", "DESC_ACT_ECON": "Materiais Constru\u00e7\u00e3o,Metais E Ferragens", "ANO": 1996, "TIPO": "Retalho", "LOCALIZACAO": "Isolado", "C_INTEGRADO": null, "EMPRESA": "MARIA ISABEL SILVEIRA MENDES RODRIGUES MOURA", "GlobalID": "e51b9137-cd73-461c-ace6-ea7989336057"}}, {"type": "Feature", "geometry": {"type": "Point", "coordinates": [-1017675.8026, 4681183.449100003]}, "properties": {"OBJECTID": 133615, "COD_SIG": null, "IDTIPO": null, "NOME": "BIJUPER", "REGEND": "014249", "MORADA": "LIBERDADE (AV)", "NUM_POLICIA": "12 A/B", "FREGUESIA": "122", "LOCALIDADE": null, "COD_POST_4": null, "COD_POST_3": null, "COM_INT_ID": 76, "COD_ACT_ECON": "21302", "DESC_ACT_ECON": "Perfumarias", "ANO": 1996, "TIPO": "Retalho", "LOCALIZACAO": "Integrado - outro", "C_INTEGRADO": "CENTRO COMERCIAL GU\u00c9RIN", "EMPRESA": "BIJUPER - BIJUTARIAS E PERFUMARIA, LDA", "GlobalID": "a2dc7a8f-adb6-498e-87c4-ec213cc393c6"}}, {"type": "Feature", "geometry": {"type": "Point", "coordinates": [-1017267.4736000001, 4680595.519699998]}, "properties": {"OBJECTID": 133642, "COD_SIG": null, "IDTIPO": null, "NOME": "ARTE FEMENINA LDA", "REGEND": "014794", "MORADA": "AUGUSTA (R)", "NUM_POLICIA": "270", "FREGUESIA": "121", "LOCALIDADE": null, "COD_POST_4": null, "COD_POST_3": null, "COM_INT_ID": null, "COD_ACT_ECON": "21103", "DESC_ACT_ECON": "Artigos Vestu\u00e1rio Senhora (Boutique)", "ANO": 1996, "TIPO": "Retalho", "LOCALIZACAO": "Isolado", "C_INTEGRADO": null, "EMPRESA": "MARIA ISABEL SILVEIRA MENDES RODRIGUES MOURA", "GlobalID": "c0f9a1e7-35d8-48b2-bfcb-ab21b8ed2cd7"}}, {"type": "Feature", "geometry": {"type": "Point", "coordinates": [-1018902.5025000013, 4681462.807400003]}, "properties": {"OBJECTID": 133783, "COD_SIG": null, "IDTIPO": null, "NOME": "AUTO RATO", "REGEND": "014562", "MORADA": "ESCOLA POLITECNICA (R DA)", "NUM_POLICIA": "102/106", "FREGUESIA": "122", "LOCALIDADE": null, "COD_POST_4": null, "COD_POST_3": null, "COM_INT_ID": null, "COD_ACT_ECON": "21508", "DESC_ACT_ECON": "Acess\u00f3rios P/ Ve\u00edculos Excepto Motociclos", "ANO": 1996, "TIPO": "Retalho", "LOCALIZACAO": "Isolado", "C_INTEGRADO": null, "EMPRESA": "MARIA ISABEL SILVEIRA MENDES RODRIGUES MOURA", "GlobalID": "6fd48e38-5cc7-4139-8ae7-38cf7cd2c564"}}, {"type": "Feature", "geometry": {"type": "Point", "coordinates": [-1019148.7555, 4682427.846299998]}, "properties": {"OBJECTID": 133801, "COD_SIG": null, "IDTIPO": null, "NOME": "H STERN JOALHEIROS", "REGEND": "014632", "MORADA": "RODRIGO DA FONSECA (R)", "NUM_POLICIA": "88 A", "FREGUESIA": "106", "LOCALIDADE": null, "COD_POST_4": null, "COD_POST_3": null, "COM_INT_ID": null, "COD_ACT_ECON": "21522", "DESC_ACT_ECON": "Ourivesarias/Relojoarias", "ANO": 1996, "TIPO": "Retalho", "LOCALIZACAO": "Isolado", "C_INTEGRADO": null, "EMPRESA": "MARIA ISABEL SILVEIRA MENDES RODRIGUES MOURA", "GlobalID": "98f0c727-2402-46ce-8ead-29ae87dddae0"}}, {"type": "Feature", "geometry": {"type": "Point", "coordinates": [-1018169.2360000014, 4681591.802100003]}, "properties": {"OBJECTID": 134047, "COD_SIG": null, "IDTIPO": null, "NOME": "PERFUMARIA AURORA", "REGEND": "014653", "MORADA": "SALITRE (R DO)", "NUM_POLICIA": "33", "FREGUESIA": "122", "LOCALIDADE": null, "COD_POST_4": null, "COD_POST_3": null, "COM_INT_ID": null, "COD_ACT_ECON": "21302", "DESC_ACT_ECON": "Perfumarias", "ANO": 1996, "TIPO": "Retalho", "LOCALIZACAO": "Isolado", "C_INTEGRADO": null, "EMPRESA": "MARIA ISABEL SILVEIRA MENDES RODRIGUES MOURA", "GlobalID": "62664656-4b19-438d-bc45-0ff246868d82"}}, {"type": "Feature", "geometry": {"type": "Point", "coordinates": [-1018625.5219999999, 4681070.071599998]}, "properties": {"OBJECTID": 134060, "COD_SIG": null, "IDTIPO": null, "NOME": "LIVRARIA BRITANICA", "REGEND": "014642", "MORADA": "S MAR\u00c7AL (R DE)", "NUM_POLICIA": "168 A", "FREGUESIA": "122", "LOCALIDADE": null, "COD_POST_4": null, "COD_POST_3": null, "COM_INT_ID": null, "COD_ACT_ECON": "21401", "DESC_ACT_ECON": "Livrarias", "ANO": 1996, "TIPO": "Retalho", "LOCALIZACAO": "Isolado", "C_INTEGRADO": null, "EMPRESA": "SANTOS & GOUVEIA, LDA", "GlobalID": "59a93aa2-ce57-415e-9430-3a2907c3ebe1"}}, {"type": "Feature", "geometry": {"type": "Point", "coordinates": [-1017185.5883999988, 4680480.7654]}, "properties": {"OBJECTID": 134073, "COD_SIG": null, "IDTIPO": null, "NOME": "FERNANDO OCULISTA", "REGEND": "014723", "MORADA": "ASSUN\u00c7AO (R DA)", "NUM_POLICIA": "42", "FREGUESIA": "121", "LOCALIDADE": null, "COD_POST_4": null, "COD_POST_3": null, "COM_INT_ID": null, "COD_ACT_ECON": "21303", "DESC_ACT_ECON": "Material \u00d3ptico (Oculistas)", "ANO": 1996, "TIPO": "Retalho", "LOCALIZACAO": "Isolado", "C_INTEGRADO": null, "EMPRESA": "MARIA ISABEL SILVEIRA MENDES RODRIGUES MOURA", "GlobalID": "c4129b16-f0f9-4684-89fa-fafa9591ae8f"}}, {"type": "Feature", "geometry": {"type": "Point", "coordinates": [-1018781.0256999992, 4682050.234399997]}, "properties": {"OBJECTID": 134278, "COD_SIG": null, "IDTIPO": null, "NOME": "O PAI DA", "REGEND": "014532", "MORADA": "Rua Castilho", "NUM_POLICIA": "39", "FREGUESIA": "122", "LOCALIDADE": null, "COD_POST_4": "1250", "COD_POST_3": "051", "COM_INT_ID": 58, "COD_ACT_ECON": "21414", "DESC_ACT_ECON": "Brinquedos E Jogos Para Crian\u00e7as", "ANO": 1996, "TIPO": "Retalho", "LOCALIZACAO": "Integrado - outro", "C_INTEGRADO": "CENTRO COMERCIAL CASTIL", "EMPRESA": "MARIA ISABEL SILVEIRA MENDES RODRIGUES MOURA", "GlobalID": "82be4b13-e5ef-4aaa-99db-1e9fbdc36d5f"}}, {"type": "Feature", "geometry": {"type": "Point", "coordinates": [-1018781.0256999992, 4682050.234399997]}, "properties": {"OBJECTID": 134311, "COD_SIG": null, "IDTIPO": null, "NOME": "LOJA MEIAS 6", "REGEND": "014538", "MORADA": "CASTILHO (R)", "NUM_POLICIA": "39", "FREGUESIA": "122", "LOCALIDADE": null, "COD_POST_4": null, "COD_POST_3": null, "COM_INT_ID": 58, "COD_ACT_ECON": "21101", "DESC_ACT_ECON": "Artigos Vestu\u00e1rio Diverso (Misto)", "ANO": 1996, "TIPO": "Retalho", "LOCALIZACAO": "Integrado - outro", "C_INTEGRADO": "CENTRO COMERCIAL CASTIL", "EMPRESA": "COSTA & FILHOS, SA", "GlobalID": "c73eef07-b465-454a-ad92-6a49ef0a5e18"}}, {"type": "Feature", "geometry": {"type": "Point", "coordinates": [-1018781.0256999992, 4682050.234399997]}, "properties": {"OBJECTID": 134401, "COD_SIG": null, "IDTIPO": null, "NOME": "AJOK JUVENIL", "REGEND": "014528", "MORADA": "CASTILHO (R)", "NUM_POLICIA": "39", "FREGUESIA": "122", "LOCALIDADE": null, "COD_POST_4": null, "COD_POST_3": null, "COM_INT_ID": 58, "COD_ACT_ECON": "21104", "DESC_ACT_ECON": "Artigos Vestu\u00e1rio Crian\u00e7a", "ANO": 1996, "TIPO": "Retalho", "LOCALIZACAO": "Integrado - outro", "C_INTEGRADO": "CENTRO COMERCIAL CASTIL", "EMPRESA": "MARIA ISABEL SILVEIRA MENDES RODRIGUES MOURA", "GlobalID": "ce078af9-3b6e-4eb9-af5b-56e31dafd59b"}}, {"type": "Feature", "geometry": {"type": "Point", "coordinates": [-1017034.1862000003, 4680427.9617]}, "properties": {"OBJECTID": 134517, "COD_SIG": null, "IDTIPO": null, "NOME": "CHANCE", "REGEND": "014985", "MORADA": "FANQUEIROS (R DOS)", "NUM_POLICIA": "180/188", "FREGUESIA": "121", "LOCALIDADE": null, "COD_POST_4": null, "COD_POST_3": null, "COM_INT_ID": null, "COD_ACT_ECON": "21101", "DESC_ACT_ECON": "Artigos Vestu\u00e1rio Diverso (Misto)", "ANO": 1996, "TIPO": "Retalho", "LOCALIZACAO": "Isolado", "C_INTEGRADO": null, "EMPRESA": "CHANCE - COMERCIO DE TEXTEIS, LDA", "GlobalID": "8431e3a7-6a26-4977-a876-da8012989bda"}}, {"type": "Feature", "geometry": {"type": "Point", "coordinates": [-1019120.7463000007, 4681866.491599999]}, "properties": {"OBJECTID": 134547, "COD_SIG": null, "IDTIPO": null, "NOME": "JANTE 13", "REGEND": "014590", "MORADA": "S FRANCISCO DE SALES (R DE)", "NUM_POLICIA": "18 A", "FREGUESIA": "122", "LOCALIDADE": null, "COD_POST_4": null, "COD_POST_3": null, "COM_INT_ID": null, "COD_ACT_ECON": "21508", "DESC_ACT_ECON": "Acess\u00f3rios P/ Ve\u00edculos Excepto Motociclos", "ANO": 1996, "TIPO": "Retalho", "LOCALIZACAO": "Isolado", "C_INTEGRADO": null, "EMPRESA": "MARIA ISABEL SILVEIRA MENDES RODRIGUES MOURA", "GlobalID": "20561a32-d40a-4fff-acd8-20e7fcffb88d"}}, {"type": "Feature", "geometry": {"type": "Point", "coordinates": [-1017140.257199999, 4680682.814300001]}, "properties": {"OBJECTID": 134608, "COD_SIG": null, "IDTIPO": null, "NOME": "SEASIDE", "REGEND": "014700", "MORADA": "FIGUEIRA (PR DA)", "NUM_POLICIA": "14 A", "FREGUESIA": "121", "LOCALIDADE": "LISBOA", "COD_POST_4": "1100", "COD_POST_3": "241", "COM_INT_ID": null, "COD_ACT_ECON": "21115", "DESC_ACT_ECON": "Sapatarias", "ANO": 1996, "TIPO": "Retalho", "LOCALIZACAO": "Isolado", "C_INTEGRADO": null, "EMPRESA": "SOPROP\u00c9 - ORGANIZA\u00c7\u00d5ES DE CAL\u00c7ADO, SA", "GlobalID": "bb7832df-517a-4631-a2cd-7993ae6b91ee"}}, {"type": "Feature", "geometry": {"type": "Point", "coordinates": [-1017255.6895000003, 4680524.586599998]}, "properties": {"OBJECTID": 134640, "COD_SIG": null, "IDTIPO": null, "NOME": "TROPICAL BURGER & CHICKEN", "REGEND": "014779", "MORADA": "AUGUSTA (R)", "NUM_POLICIA": "238/240", "FREGUESIA": "121", "LOCALIDADE": "LISBOA                         ", "COD_POST_4": "1100", "COD_POST_3": "056", "COM_INT_ID": null, "COD_ACT_ECON": "51403", "DESC_ACT_ECON": "OUTROS EST. COMIDAS REFEI\u00c7\u00d5ES - 3\u00aa CAT.", "ANO": 1996, "TIPO": "Restaura\u00e7\u00e3o e Bebidas", "LOCALIZACAO": "Isolado", "C_INTEGRADO": null, "EMPRESA": "AD\u00c3O & FERREIRA - INDUSTRIA HOTELEIRA, LDA", "GlobalID": "9e757eef-6d3d-4d40-9791-088e09d0ae1a"}}, {"type": "Feature", "geometry": {"type": "Point", "coordinates": [-1017073.0755999982, 4680491.001100004]}, "properties": {"OBJECTID": 134644, "COD_SIG": null, "IDTIPO": null, "NOME": "NEVES & RAMOS LDA", "REGEND": "014991", "MORADA": "FANQUEIROS (R DOS)", "NUM_POLICIA": "191/193", "FREGUESIA": "121", "LOCALIDADE": null, "COD_POST_4": null, "COD_POST_3": null, "COM_INT_ID": null, "COD_ACT_ECON": "21101", "DESC_ACT_ECON": "Artigos Vestu\u00e1rio Diverso (Misto)", "ANO": 1996, "TIPO": "Retalho", "LOCALIZACAO": "Isolado", "C_INTEGRADO": null, "EMPRESA": "MARIA ISABEL SILVEIRA MENDES RODRIGUES MOURA", "GlobalID": "7669a82a-0295-42a2-8bde-48c6d8eec26e"}}, {"type": "Feature", "geometry": {"type": "Point", "coordinates": [-1017256.5188999996, 4680530.101099998]}, "properties": {"OBJECTID": 134772, "COD_SIG": null, "IDTIPO": null, "NOME": "J A MONTEIRO", "REGEND": "014780", "MORADA": "AUGUSTA (R)", "NUM_POLICIA": "240", "FREGUESIA": "121", "LOCALIDADE": null, "COD_POST_4": null, "COD_POST_3": null, "COM_INT_ID": null, "COD_ACT_ECON": "21108", "DESC_ACT_ECON": "L\u00e3s", "ANO": 1996, "TIPO": "Retalho", "LOCALIZACAO": "Isolado", "C_INTEGRADO": null, "EMPRESA": "MARIA ISABEL SILVEIRA MENDES RODRIGUES MOURA", "GlobalID": "5aebc6e5-c73a-438e-954f-0c7b7b95e5eb"}}, {"type": "Feature", "geometry": {"type": "Point", "coordinates": [-1018641.8158, 4681847.434699997]}, "properties": {"OBJECTID": 134904, "COD_SIG": null, "IDTIPO": null, "NOME": "LOJA 6", "REGEND": "014551", "MORADA": "CASTILHO (R)", "NUM_POLICIA": "15", "FREGUESIA": "122", "LOCALIDADE": null, "COD_POST_4": null, "COD_POST_3": null, "COM_INT_ID": 139, "COD_ACT_ECON": "21207", "DESC_ACT_ECON": "M\u00f3veis Antigos/Antiguidades", "ANO": 1996, "TIPO": "Retalho", "LOCALIZACAO": "Integrado - outro", "C_INTEGRADO": "GALERIA LOJAS FLORES ROMEIRA", "EMPRESA": "MARIA ISABEL SILVEIRA MENDES RODRIGUES MOURA", "GlobalID": "cd075b51-f79c-4a8f-b5ce-a75bdce24511"}}, {"type": "Feature", "geometry": {"type": "Point", "coordinates": [-1018781.0256999992, 4682050.234399997]}, "properties": {"OBJECTID": 134980, "COD_SIG": null, "IDTIPO": null, "NOME": "SEMPRE EM FESTA", "REGEND": "014531", "MORADA": "Rua Castilho", "NUM_POLICIA": "39", "FREGUESIA": "122", "LOCALIDADE": "LISBOA                         ", "COD_POST_4": "1250", "COD_POST_3": "051", "COM_INT_ID": 58, "COD_ACT_ECON": "21520", "DESC_ACT_ECON": "Prendas", "ANO": 1996, "TIPO": "Retalho", "LOCALIZACAO": "Integrado - outro", "C_INTEGRADO": "CENTRO COMERCIAL CASTIL", "EMPRESA": "MANUELA & TIAGO, LDA", "GlobalID": "a0012a6f-b5e3-4a15-9d11-8f20d07455d0"}}, {"type": "Feature", "geometry": {"type": "Point", "coordinates": [-1019223.6162, 4682318.1494999975]}, "properties": {"OBJECTID": 135101, "COD_SIG": null, "IDTIPO": null, "NOME": "NOGUEIRA & BARROS LDA", "REGEND": "014607", "MORADA": "Rua Joaquim Ant\u00f3nio de Aguiar", "NUM_POLICIA": "73C", "FREGUESIA": "122", "LOCALIDADE": null, "COD_POST_4": "1070", "COD_POST_3": "151", "COM_INT_ID": null, "COD_ACT_ECON": "11002", "DESC_ACT_ECON": "Talhos", "ANO": 1996, "TIPO": "Retalho", "LOCALIZACAO": "Isolado", "C_INTEGRADO": null, "EMPRESA": "MARIA ISABEL SILVEIRA MENDES RODRIGUES MOURA", "GlobalID": "11b7cf0f-a63a-45b6-9074-a0b24fc995c1"}}, {"type": "Feature", "geometry": {"type": "Point", "coordinates": [-1017098.6631000005, 4680553.000100002]}, "properties": {"OBJECTID": 135334, "COD_SIG": null, "IDTIPO": null, "NOME": "LANIFICIOS COIMBRA", "REGEND": "015000", "MORADA": "FANQUEIROS (R DOS)", "NUM_POLICIA": "215", "FREGUESIA": "121", "LOCALIDADE": "LISBOA", "COD_POST_4": "1100", "COD_POST_3": "229", "COM_INT_ID": null, "COD_ACT_ECON": "21103", "DESC_ACT_ECON": "Artigos Vestu\u00e1rio Senhora (Boutique)", "ANO": 1996, "TIPO": "Retalho", "LOCALIZACAO": "Isolado", "C_INTEGRADO": null, "EMPRESA": "MARIA ISABEL SILVEIRA MENDES RODRIGUES MOURA", "GlobalID": "e307c8cb-50ce-47b3-a587-204ec7734a6c"}}, {"type": "Feature", "geometry": {"type": "Point", "coordinates": [-1018781.0256999992, 4682050.234399997]}, "properties": {"OBJECTID": 135458, "COD_SIG": null, "IDTIPO": null, "NOME": "BOUTIQUE VIA APPIA", "REGEND": "014527", "MORADA": "CASTILHO (R)", "NUM_POLICIA": "39", "FREGUESIA": "122", "LOCALIDADE": null, "COD_POST_4": null, "COD_POST_3": null, "COM_INT_ID": 58, "COD_ACT_ECON": "21103", "DESC_ACT_ECON": "Artigos Vestu\u00e1rio Senhora (Boutique)", "ANO": 1996, "TIPO": "Retalho", "LOCALIZACAO": "Integrado - outro", "C_INTEGRADO": "CENTRO COMERCIAL CASTIL", "EMPRESA": "BOUTIQUE VIA APPIA LDA", "GlobalID": "4b5172be-5af9-4fc8-922c-3820ecaaa6b3"}}, {"type": "Feature", "geometry": {"type": "Point", "coordinates": [-1018781.0256999992, 4682050.234399997]}, "properties": {"OBJECTID": 135630, "COD_SIG": null, "IDTIPO": null, "NOME": "PIAO", "REGEND": "014518", "MORADA": "CASTILHO (R)", "NUM_POLICIA": "39", "FREGUESIA": "122", "LOCALIDADE": null, "COD_POST_4": null, "COD_POST_3": null, "COM_INT_ID": 58, "COD_ACT_ECON": "21414", "DESC_ACT_ECON": "Brinquedos E Jogos Para Crian\u00e7as", "ANO": 1996, "TIPO": "Retalho", "LOCALIZACAO": "Integrado - outro", "C_INTEGRADO": "CENTRO COMERCIAL CASTIL", "EMPRESA": "MARIA ISABEL SILVEIRA MENDES RODRIGUES MOURA", "GlobalID": "15bf3fdb-3c4a-4109-b3ed-a1e057d91adf"}}, {"type": "Feature", "geometry": {"type": "Point", "coordinates": [-1018781.0256999992, 4682050.234399997]}, "properties": {"OBJECTID": 135635, "COD_SIG": null, "IDTIPO": null, "NOME": "RETROSARIA PATOLO", "REGEND": "014523", "MORADA": "Rua Castilho", "NUM_POLICIA": "39", "FREGUESIA": "122", "LOCALIDADE": "LISBOA                         ", "COD_POST_4": "1250", "COD_POST_3": "051", "COM_INT_ID": 58, "COD_ACT_ECON": "21117", "DESC_ACT_ECON": "Retrosarias", "ANO": 1996, "TIPO": "Retalho", "LOCALIZACAO": "Integrado - outro", "C_INTEGRADO": "CENTRO COMERCIAL CASTIL", "EMPRESA": "PEDRO FIGUEIREDO MARQUES", "GlobalID": "fdf6751c-b23d-4d73-b847-01e86542e1d4"}}, {"type": "Feature", "geometry": {"type": "Point", "coordinates": [-1018705.4745999984, 4681585.821400002]}, "properties": {"OBJECTID": 135703, "COD_SIG": null, "IDTIPO": null, "NOME": "TURBO BUNNY", "REGEND": "014616", "MORADA": "NOVA DE S MAMEDE (R)", "NUM_POLICIA": "29/31", "FREGUESIA": "122", "LOCALIDADE": null, "COD_POST_4": null, "COD_POST_3": null, "COM_INT_ID": null, "COD_ACT_ECON": "21505", "DESC_ACT_ECON": "Ve\u00edculos Pesados (Novos)", "ANO": 1996, "TIPO": "Retalho", "LOCALIZACAO": "Isolado", "C_INTEGRADO": null, "EMPRESA": "MARIA ISABEL SILVEIRA MENDES RODRIGUES MOURA", "GlobalID": "318889f7-388c-4c1e-a560-d951c5eacf6f"}}, {"type": "Feature", "geometry": {"type": "Point", "coordinates": [-1018757.3192999996, 4681528.692400001]}, "properties": {"OBJECTID": 135767, "COD_SIG": null, "IDTIPO": null, "NOME": "FORNECEDORA SAO MAMEDE", "REGEND": "014614", "MORADA": "NOVA DE S MAMEDE (R)", "NUM_POLICIA": "11", "FREGUESIA": "122", "LOCALIDADE": null, "COD_POST_4": null, "COD_POST_3": null, "COM_INT_ID": null, "COD_ACT_ECON": "12004", "DESC_ACT_ECON": "Mercearias", "ANO": 1996, "TIPO": "Retalho", "LOCALIZACAO": "Isolado", "C_INTEGRADO": null, "EMPRESA": "MARIA ISABEL SILVEIRA MENDES RODRIGUES MOURA", "GlobalID": "7905e108-95fe-4a78-82f1-e38a9189575f"}}, {"type": "Feature", "geometry": {"type": "Point", "coordinates": [-1018903.8781000003, 4682047.574000001]}, "properties": {"OBJECTID": 135891, "COD_SIG": null, "IDTIPO": null, "NOME": "CENOURA", "REGEND": "014626", "MORADA": "RODRIGO DA FONSECA (R)", "NUM_POLICIA": "54 A", "FREGUESIA": "122", "LOCALIDADE": null, "COD_POST_4": null, "COD_POST_3": null, "COM_INT_ID": null, "COD_ACT_ECON": "21101", "DESC_ACT_ECON": "Artigos Vestu\u00e1rio Diverso (Misto)", "ANO": 1996, "TIPO": "Retalho", "LOCALIZACAO": "Isolado", "C_INTEGRADO": null, "EMPRESA": "VELOUMA COM\u00c9RCIO DE VESTUARIO, SA", "GlobalID": "53f7ca15-13f2-4a75-8c10-1cd3e863660c"}}, {"type": "Feature", "geometry": {"type": "Point", "coordinates": [-1017252.2298999988, 4680605.968699999]}, "properties": {"OBJECTID": 135971, "COD_SIG": null, "IDTIPO": null, "NOME": "TABACARIA BRANCO E FILHOS", "REGEND": "014926", "MORADA": "CORREEIROS (R DOS)", "NUM_POLICIA": "211 V/ESC", "FREGUESIA": "121", "LOCALIDADE": null, "COD_POST_4": null, "COD_POST_3": null, "COM_INT_ID": null, "COD_ACT_ECON": "21403", "DESC_ACT_ECON": "Tabacaria", "ANO": 1996, "TIPO": "Retalho", "LOCALIZACAO": "Isolado", "C_INTEGRADO": null, "EMPRESA": "MARIA ISABEL SILVEIRA MENDES RODRIGUES MOURA", "GlobalID": "77cbba71-de0f-4efb-9246-a7ebebdfe918"}}, {"type": "Feature", "geometry": {"type": "Point", "coordinates": [-1016216.9519999996, 4680416.6699]}, "properties": {"OBJECTID": 136021, "COD_SIG": null, "IDTIPO": null, "NOME": "DANGI MAUGI", "REGEND": "014678", "MORADA": "Rua de S\u00e3o Miguel", "NUM_POLICIA": "44", "FREGUESIA": "121", "LOCALIDADE": "LISBOA", "COD_POST_4": "1100", "COD_POST_3": "545", "COM_INT_ID": null, "COD_ACT_ECON": "21503", "DESC_ACT_ECON": "Drogarias", "ANO": 1996, "TIPO": "Retalho", "LOCALIZACAO": "Isolado", "C_INTEGRADO": null, "EMPRESA": "MARIA ISABEL SILVEIRA MENDES RODRIGUES MOURA", "GlobalID": "80b75070-6f97-4d99-9fa3-1f42f843ec32"}}, {"type": "Feature", "geometry": {"type": "Point", "coordinates": [-1017356.3324999996, 4680412.0572]}, "properties": {"OBJECTID": 136050, "COD_SIG": null, "IDTIPO": null, "NOME": "FUNNY BUNNY", "REGEND": "014705", "MORADA": "ASSUN\u00c7\u00c3O (R DA)", "NUM_POLICIA": "101/103", "FREGUESIA": "121", "LOCALIDADE": null, "COD_POST_4": null, "COD_POST_3": null, "COM_INT_ID": null, "COD_ACT_ECON": "21520", "DESC_ACT_ECON": "Prendas", "ANO": 1996, "TIPO": "Retalho", "LOCALIZACAO": "Isolado", "C_INTEGRADO": null, "EMPRESA": "UM ZERO UM IMPORTA\u00c7\u00c3O EXPORTA\u00c7\u00c3O, LDA", "GlobalID": "590da5ea-ae8c-4095-88d2-40a05de73550"}}, {"type": "Feature", "geometry": {"type": "Point", "coordinates": [-1018747.0934999995, 4681991.491700001]}, "properties": {"OBJECTID": 136084, "COD_SIG": null, "IDTIPO": null, "NOME": "COMPANHIA TORRES NOVAS", "REGEND": "014507", "MORADA": "BRAAMCAMP (R)", "NUM_POLICIA": "11 A", "FREGUESIA": "122", "LOCALIDADE": null, "COD_POST_4": null, "COD_POST_3": null, "COM_INT_ID": null, "COD_ACT_ECON": "21101", "DESC_ACT_ECON": "Artigos Vestu\u00e1rio Diverso (Misto)", "ANO": 1996, "TIPO": "Retalho", "LOCALIZACAO": "Isolado", "C_INTEGRADO": null, "EMPRESA": "MARIA ISABEL SILVEIRA MENDES RODRIGUES MOURA", "GlobalID": "152a7631-194e-4e1f-9629-6e41ea6c50d0"}}, {"type": "Feature", "geometry": {"type": "Point", "coordinates": [-1017063.7529000007, 4680457.691799998]}, "properties": {"OBJECTID": 136326, "COD_SIG": null, "IDTIPO": null, "NOME": "CASA MODERNA", "REGEND": "014982", "MORADA": "FANQUEIROS (R DOS)", "NUM_POLICIA": "175", "FREGUESIA": "121", "LOCALIDADE": null, "COD_POST_4": null, "COD_POST_3": null, "COM_INT_ID": null, "COD_ACT_ECON": "21103", "DESC_ACT_ECON": "Artigos Vestu\u00e1rio Senhora (Boutique)", "ANO": 1996, "TIPO": "Retalho", "LOCALIZACAO": "Isolado", "C_INTEGRADO": null, "EMPRESA": "LAMPREIA & GOMES, LDA", "GlobalID": "6cf539fd-6b17-48e7-8a41-f0a0b7156f7e"}}, {"type": "Feature", "geometry": {"type": "Point", "coordinates": [-1017134.3607000001, 4680360.5336000025]}, "properties": {"OBJECTID": 136388, "COD_SIG": null, "IDTIPO": null, "NOME": "P.R.L.", "REGEND": "015079", "MORADA": "PRATA (R)", "NUM_POLICIA": "153 V/ESC", "FREGUESIA": "121", "LOCALIDADE": "LISBOA", "COD_POST_4": "1100", "COD_POST_3": "415", "COM_INT_ID": null, "COD_ACT_ECON": "21118", "DESC_ACT_ECON": "Bijuterias", "ANO": 1996, "TIPO": "Retalho", "LOCALIZACAO": "Isolado", "C_INTEGRADO": null, "EMPRESA": "MARIA ISABEL SILVEIRA MENDES RODRIGUES MOURA", "GlobalID": "10c8bed8-5cbe-4377-832d-0d07042c3330"}}, {"type": "Feature", "geometry": {"type": "Point", "coordinates": [-1017116.3427999988, 4680702.564599998]}, "properties": {"OBJECTID": 136441, "COD_SIG": null, "IDTIPO": null, "NOME": "J PORTUGUES SILVA LDA", "REGEND": "014896", "MORADA": "CONDES DE MONSANTO (R DOS)", "NUM_POLICIA": "3", "FREGUESIA": "121", "LOCALIDADE": null, "COD_POST_4": null, "COD_POST_3": null, "COM_INT_ID": null, "COD_ACT_ECON": "21101", "DESC_ACT_ECON": "Artigos Vestu\u00e1rio Diverso (Misto)", "ANO": 1996, "TIPO": "Retalho", "LOCALIZACAO": "Isolado", "C_INTEGRADO": null, "EMPRESA": "MARIA ISABEL SILVEIRA MENDES RODRIGUES MOURA", "GlobalID": "8d66f7f7-7014-4de4-8f97-be86ac82f2f7"}}, {"type": "Feature", "geometry": {"type": "Point", "coordinates": [-1017012.8214000016, 4680364.442699999]}, "properties": {"OBJECTID": 136453, "COD_SIG": null, "IDTIPO": null, "NOME": "ANTONIO JERONIMO SILVA LDA", "REGEND": "014973", "MORADA": "FANQUEIROS (R DOS)", "NUM_POLICIA": "150", "FREGUESIA": "121", "LOCALIDADE": null, "COD_POST_4": null, "COD_POST_3": null, "COM_INT_ID": null, "COD_ACT_ECON": "21402", "DESC_ACT_ECON": "Papelarias (Art. Escrit.,Jornais ..)", "ANO": 1996, "TIPO": "Retalho", "LOCALIZACAO": "Isolado", "C_INTEGRADO": null, "EMPRESA": "MARIA ISABEL SILVEIRA MENDES RODRIGUES MOURA", "GlobalID": "cc1d6e7b-5c0b-405a-804b-edadddcbac75"}}, {"type": "Feature", "geometry": {"type": "Point", "coordinates": [-1017152.7402000017, 4680406.598499998]}, "properties": {"OBJECTID": 136520, "COD_SIG": null, "IDTIPO": null, "NOME": "MAFRAS & CANE\u00c7AS", "REGEND": "015084", "MORADA": "PRATA (R)", "NUM_POLICIA": "167/169", "FREGUESIA": "121", "LOCALIDADE": "LISBOA", "COD_POST_4": "1100", "COD_POST_3": "416", "COM_INT_ID": null, "COD_ACT_ECON": "21204", "DESC_ACT_ECON": "Tecidos Para Decora\u00e7\u00e3o", "ANO": 1996, "TIPO": "Retalho", "LOCALIZACAO": "Isolado", "C_INTEGRADO": null, "EMPRESA": "MARIA ISABEL SILVEIRA MENDES RODRIGUES MOURA", "GlobalID": "a75c4be0-754e-4bc2-bb9d-76aed20f7dd1"}}, {"type": "Feature", "geometry": {"type": "Point", "coordinates": [-1017408.3517000005, 4680604.2447]}, "properties": {"OBJECTID": 136557, "COD_SIG": null, "IDTIPO": null, "NOME": "ALVES CARVALHO LDA", "REGEND": "014886", "MORADA": "CARMO (R DO)", "NUM_POLICIA": "104/106", "FREGUESIA": "121", "LOCALIDADE": null, "COD_POST_4": null, "COD_POST_3": null, "COM_INT_ID": null, "COD_ACT_ECON": "21103", "DESC_ACT_ECON": "Artigos Vestu\u00e1rio Senhora (Boutique)", "ANO": 1996, "TIPO": "Retalho", "LOCALIZACAO": "Isolado", "C_INTEGRADO": null, "EMPRESA": "MARIA ISABEL SILVEIRA MENDES RODRIGUES MOURA", "GlobalID": "f59235a3-5ef5-4486-b838-d16d6712852c"}}, {"type": "Feature", "geometry": {"type": "Point", "coordinates": [-1017003.5130000003, 4680332.418700002]}, "properties": {"OBJECTID": 136574, "COD_SIG": null, "IDTIPO": null, "NOME": "CASA FORTES", "REGEND": "014969", "MORADA": "FANQUEIROS (R DOS)", "NUM_POLICIA": "136", "FREGUESIA": "121", "LOCALIDADE": null, "COD_POST_4": null, "COD_POST_3": null, "COM_INT_ID": null, "COD_ACT_ECON": "21403", "DESC_ACT_ECON": "Tabacaria", "ANO": 1996, "TIPO": "Retalho", "LOCALIZACAO": "Isolado", "C_INTEGRADO": null, "EMPRESA": "MARIA ISABEL SILVEIRA MENDES RODRIGUES MOURA", "GlobalID": "6914cd07-0d3f-4b3f-ab0f-b5725f449649"}}, {"type": "Feature", "geometry": {"type": "Point", "coordinates": [-1017037.7160999998, 4680231.234300002]}, "properties": {"OBJECTID": 136822, "COD_SIG": null, "IDTIPO": null, "NOME": "SOC ELECTRICA LUZ", "REGEND": "014946", "MORADA": "DOURADORES (R DOS)", "NUM_POLICIA": "13/27", "FREGUESIA": "121", "LOCALIDADE": "LISBOA", "COD_POST_4": "1100", "COD_POST_3": "203", "COM_INT_ID": null, "COD_ACT_ECON": "21401", "DESC_ACT_ECON": "Livrarias", "ANO": 1996, "TIPO": "Retalho", "LOCALIZACAO": "Isolado", "C_INTEGRADO": null, "EMPRESA": "MARIA ISABEL SILVEIRA MENDES RODRIGUES MOURA", "GlobalID": "6fa4de02-2bf9-4399-ae83-77149408e737"}}, {"type": "Feature", "geometry": {"type": "Point", "coordinates": [-1017067.1405000016, 4680533.474200003]}, "properties": {"OBJECTID": 136966, "COD_SIG": null, "IDTIPO": null, "NOME": "LANIF\u00cdCIOS COIMBRA", "REGEND": "015014", "MORADA": "FANQUEIROS (R DOS)", "NUM_POLICIA": "240/242", "FREGUESIA": "121", "LOCALIDADE": "LISBOA", "COD_POST_4": "1100", "COD_POST_3": "232", "COM_INT_ID": null, "COD_ACT_ECON": "21103", "DESC_ACT_ECON": "Artigos Vestu\u00e1rio Senhora (Boutique)", "ANO": 1996, "TIPO": "Retalho", "LOCALIZACAO": "Isolado", "C_INTEGRADO": null, "EMPRESA": "MARIA ISABEL SILVEIRA MENDES RODRIGUES MOURA", "GlobalID": "21bc7f8b-0286-4e1d-a666-193664a992ab"}}, {"type": "Feature", "geometry": {"type": "Point", "coordinates": [-1017130.4963999987, 4680124.127300002]}, "properties": {"OBJECTID": 136991, "COD_SIG": null, "IDTIPO": null, "NOME": "BIZARRO & MILHO LDA", "REGEND": "014803", "MORADA": "AUGUSTA (R)", "NUM_POLICIA": "44", "FREGUESIA": "121", "LOCALIDADE": null, "COD_POST_4": null, "COD_POST_3": null, "COM_INT_ID": null, "COD_ACT_ECON": "21411", "DESC_ACT_ECON": "Discos/Cassetes Audio E Video", "ANO": 1996, "TIPO": "Retalho", "LOCALIZACAO": "Isolado", "C_INTEGRADO": null, "EMPRESA": "Bizarro & Milho, SA", "GlobalID": "7e577472-ff6b-4042-9ffc-7a464c7aa378"}}, {"type": "Feature", "geometry": {"type": "Point", "coordinates": [-1017066.0573999994, 4680551.477399997]}, "properties": {"OBJECTID": 137071, "COD_SIG": null, "IDTIPO": null, "NOME": "JOSE SANTOS BAPTISTA LDA", "REGEND": "015017", "MORADA": "FANQUEIROS (R DOS)", "NUM_POLICIA": "250", "FREGUESIA": "121", "LOCALIDADE": null, "COD_POST_4": null, "COD_POST_3": null, "COM_INT_ID": null, "COD_ACT_ECON": "21203", "DESC_ACT_ECON": "Carpetes E Alcatifas", "ANO": 1996, "TIPO": "Retalho", "LOCALIZACAO": "Isolado", "C_INTEGRADO": null, "EMPRESA": "MARIA ISABEL SILVEIRA MENDES RODRIGUES MOURA", "GlobalID": "24ace964-a551-4a92-9382-20c66eeb2877"}}, {"type": "Feature", "geometry": {"type": "Point", "coordinates": [-1017278.1601999998, 4680285.699199997]}, "properties": {"OBJECTID": 137107, "COD_SIG": null, "IDTIPO": null, "NOME": "BIAGIO FLORA", "REGEND": "014815", "MORADA": "AUREA (R) OU DO OURO", "NUM_POLICIA": "138", "FREGUESIA": "121", "LOCALIDADE": null, "COD_POST_4": null, "COD_POST_3": null, "COM_INT_ID": null, "COD_ACT_ECON": "21414", "DESC_ACT_ECON": "Brinquedos E Jogos Para Crian\u00e7as", "ANO": 1996, "TIPO": "Retalho", "LOCALIZACAO": "Isolado", "C_INTEGRADO": null, "EMPRESA": "MARIA ISABEL SILVEIRA MENDES RODRIGUES MOURA", "GlobalID": "de836bd4-d506-415c-95c0-9b68a622a38b"}}, {"type": "Feature", "geometry": {"type": "Point", "coordinates": [-1017239.5318999998, 4680147.340599999]}, "properties": {"OBJECTID": 137231, "COD_SIG": null, "IDTIPO": null, "NOME": "SONIA", "REGEND": "014878", "MORADA": "AUREA (R) OU DO OURO", "NUM_POLICIA": "66", "FREGUESIA": "121", "LOCALIDADE": null, "COD_POST_4": null, "COD_POST_3": null, "COM_INT_ID": null, "COD_ACT_ECON": "21403", "DESC_ACT_ECON": "Tabacaria", "ANO": 1996, "TIPO": "Retalho", "LOCALIZACAO": "Isolado", "C_INTEGRADO": null, "EMPRESA": "MARIA ISABEL SILVEIRA MENDES RODRIGUES MOURA", "GlobalID": "354bcfab-d561-482b-b22c-3c0de17aa04a"}}, {"type": "Feature", "geometry": {"type": "Point", "coordinates": [-1017242.2036000006, 4680157.5913999975]}, "properties": {"OBJECTID": 137245, "COD_SIG": null, "IDTIPO": null, "NOME": "J BURNAY LDA", "REGEND": "014879", "MORADA": "AUREA (R) OU DO OURO", "NUM_POLICIA": "72", "FREGUESIA": "121", "LOCALIDADE": null, "COD_POST_4": null, "COD_POST_3": null, "COM_INT_ID": null, "COD_ACT_ECON": "21404", "DESC_ACT_ECON": "Alfarrabista/Filatelia/Numism\u00e1tica", "ANO": 1996, "TIPO": "Retalho", "LOCALIZACAO": "Isolado", "C_INTEGRADO": null, "EMPRESA": "MARIA ISABEL SILVEIRA MENDES RODRIGUES MOURA", "GlobalID": "0caa1a61-221f-4798-acae-414f98a3fdce"}}, {"type": "Feature", "geometry": {"type": "Point", "coordinates": [-1017004.1191000007, 4680270.7293]}, "properties": {"OBJECTID": 137376, "COD_SIG": null, "IDTIPO": null, "NOME": "CAFETARIA BEIRAMAR", "REGEND": "014957", "MORADA": "FANQUEIROS (R DOS)", "NUM_POLICIA": "103", "FREGUESIA": "121", "LOCALIDADE": null, "COD_POST_4": null, "COD_POST_3": null, "COM_INT_ID": null, "COD_ACT_ECON": "52104", "DESC_ACT_ECON": "CAFE/PASTELARIA - 3\u00aa CATEGORIA", "ANO": 1996, "TIPO": "Restaura\u00e7\u00e3o e Bebidas", "LOCALIZACAO": "Isolado", "C_INTEGRADO": null, "EMPRESA": "MARIA ISABEL SILVEIRA MENDES RODRIGUES MOURA", "GlobalID": "2c957d49-b10f-4d7d-af2b-800c98e30616"}}, {"type": "Feature", "geometry": {"type": "Point", "coordinates": [-1017057.9138999991, 4680626.102399997]}, "properties": {"OBJECTID": 137419, "COD_SIG": null, "IDTIPO": null, "NOME": "PALMA", "REGEND": "015045", "MORADA": "MADALENA (R DA)", "NUM_POLICIA": "251", "FREGUESIA": "121", "LOCALIDADE": null, "COD_POST_4": null, "COD_POST_3": null, "COM_INT_ID": null, "COD_ACT_ECON": "21101", "DESC_ACT_ECON": "Artigos Vestu\u00e1rio Diverso (Misto)", "ANO": 1996, "TIPO": "Retalho", "LOCALIZACAO": "Isolado", "C_INTEGRADO": null, "EMPRESA": "MARIA ISABEL SILVEIRA MENDES RODRIGUES MOURA", "GlobalID": "8937c41e-48f1-4541-a733-0c70b69ed9f7"}}, {"type": "Feature", "geometry": {"type": "Point", "coordinates": [-1017330.307500001, 4680466.4043999985]}, "properties": {"OBJECTID": 137477, "COD_SIG": null, "IDTIPO": null, "NOME": "MERCADO DOS AP\u00caS", "REGEND": "014847", "MORADA": "AUREA (R) OU DO OURO", "NUM_POLICIA": "216/218", "FREGUESIA": "121", "LOCALIDADE": "LISBOA", "COD_POST_4": "1100", "COD_POST_3": "065", "COM_INT_ID": null, "COD_ACT_ECON": "21101", "DESC_ACT_ECON": "Artigos Vestu\u00e1rio Diverso (Misto)", "ANO": 1996, "TIPO": "Retalho", "LOCALIZACAO": "Isolado", "C_INTEGRADO": null, "EMPRESA": "MARIA ISABEL SILVEIRA MENDES RODRIGUES MOURA", "GlobalID": "461a090b-709a-4bb7-9b6d-29974a1c88e4"}}, {"type": "Feature", "geometry": {"type": "Point", "coordinates": [-1017025.3372000009, 4680338.603699997]}, "properties": {"OBJECTID": 137496, "COD_SIG": null, "IDTIPO": null, "NOME": "MARQUES & ABRANTES LDA", "REGEND": "014961", "MORADA": "FANQUEIROS (R DOS)", "NUM_POLICIA": "115", "FREGUESIA": "121", "LOCALIDADE": null, "COD_POST_4": null, "COD_POST_3": null, "COM_INT_ID": null, "COD_ACT_ECON": "21501", "DESC_ACT_ECON": "Materiais Constru\u00e7\u00e3o,Metais E Ferragens", "ANO": 1996, "TIPO": "Retalho", "LOCALIZACAO": "Isolado", "C_INTEGRADO": null, "EMPRESA": "MARQUES & ABRANTES, LDA", "GlobalID": "83ac5a0d-1dda-423f-b5e5-4a27aa6b88bc"}}, {"type": "Feature", "geometry": {"type": "Point", "coordinates": [-1017066.6512000002, 4680371.560199998]}, "properties": {"OBJECTID": 137511, "COD_SIG": null, "IDTIPO": null, "NOME": "FRANCISCO BENITO & C\u00aa LDA", "REGEND": "014955", "MORADA": "DOURADORES (R DOS)", "NUM_POLICIA": "84/88", "FREGUESIA": "121", "LOCALIDADE": null, "COD_POST_4": null, "COD_POST_3": null, "COM_INT_ID": null, "COD_ACT_ECON": "12004", "DESC_ACT_ECON": "Mercearias", "ANO": 1996, "TIPO": "Retalho", "LOCALIZACAO": "Isolado", "C_INTEGRADO": null, "EMPRESA": "MARIA ISABEL SILVEIRA MENDES RODRIGUES MOURA", "GlobalID": "50e8f22b-0099-4373-9860-648d6c1e2ff3"}}, {"type": "Feature", "geometry": {"type": "Point", "coordinates": [-1017006.3816, 4680212.363899998]}, "properties": {"OBJECTID": 137570, "COD_SIG": null, "IDTIPO": null, "NOME": "FERRO & VARELAS", "REGEND": "014900", "MORADA": "CONCEI\u00c7\u00c3O (R DA)", "NUM_POLICIA": "28/30", "FREGUESIA": "121", "LOCALIDADE": null, "COD_POST_4": null, "COD_POST_3": null, "COM_INT_ID": null, "COD_ACT_ECON": "21213", "DESC_ACT_ECON": "Utens\u00edlios Para O Lar (Cutel.,Quinq.)", "ANO": 1996, "TIPO": "Retalho", "LOCALIZACAO": "Isolado", "C_INTEGRADO": null, "EMPRESA": "MARIA ISABEL SILVEIRA MENDES RODRIGUES MOURA", "GlobalID": "aefbf85f-0ddf-4a2c-b3f4-4a48433e1e94"}}, {"type": "Feature", "geometry": {"type": "Point", "coordinates": [-1017185.0494999997, 4680390.755599998]}, "properties": {"OBJECTID": 137589, "COD_SIG": null, "IDTIPO": null, "NOME": "CORREIA & PINHEIRO LDA", "REGEND": "014914", "MORADA": "CORREEIROS (R DOS)", "NUM_POLICIA": "105", "FREGUESIA": "121", "LOCALIDADE": null, "COD_POST_4": null, "COD_POST_3": null, "COM_INT_ID": null, "COD_ACT_ECON": "21517", "DESC_ACT_ECON": "Solas E Cabedais", "ANO": 1996, "TIPO": "Retalho", "LOCALIZACAO": "Isolado", "C_INTEGRADO": null, "EMPRESA": "MARIA ISABEL SILVEIRA MENDES RODRIGUES MOURA", "GlobalID": "ffc57dbf-6c2a-4595-aeea-50d3060fc643"}}, {"type": "Feature", "geometry": {"type": "Point", "coordinates": [-1017169.8330999985, 4680402.644199997]}, "properties": {"OBJECTID": 137590, "COD_SIG": null, "IDTIPO": null, "NOME": "SNACK BAR LE XOPE XOPE", "REGEND": "014915", "MORADA": "CORREEIROS (R DOS)", "NUM_POLICIA": "112/114", "FREGUESIA": "121", "LOCALIDADE": "LISBOA", "COD_POST_4": "1100", "COD_POST_3": "168", "COM_INT_ID": null, "COD_ACT_ECON": "51203", "DESC_ACT_ECON": "\"SNACK-BAR\" - 3\u00aa CATEGORIA", "ANO": 1996, "TIPO": "Restaura\u00e7\u00e3o e Bebidas", "LOCALIZACAO": "Isolado", "C_INTEGRADO": null, "EMPRESA": "MARIA ISABEL SILVEIRA MENDES RODRIGUES MOURA", "GlobalID": "22be0d21-7bdd-44f8-b37b-729fd6752550"}}, {"type": "Feature", "geometry": {"type": "Point", "coordinates": [-1017304.6675999984, 4680368.935400002]}, "properties": {"OBJECTID": 137677, "COD_SIG": null, "IDTIPO": null, "NOME": "ESTUDIO CASTRO", "REGEND": "014827", "MORADA": "AUREA (R) OU DO OURO", "NUM_POLICIA": "172", "FREGUESIA": "121", "LOCALIDADE": null, "COD_POST_4": null, "COD_POST_3": null, "COM_INT_ID": null, "COD_ACT_ECON": "21412", "DESC_ACT_ECON": "Material Fotogr\u00e1fico,Cinema", "ANO": 1996, "TIPO": "Retalho", "LOCALIZACAO": "Isolado", "C_INTEGRADO": null, "EMPRESA": "ABRANTES & DONATO, LDA", "GlobalID": "767b880e-a899-429a-8517-7c7cf11a7130"}}, {"type": "Feature", "geometry": {"type": "Point", "coordinates": [-1017137.3894000016, 4680552.098499998]}, "properties": {"OBJECTID": 137741, "COD_SIG": null, "IDTIPO": null, "NOME": "CASA CHUNG", "REGEND": "014947", "MORADA": "DOURADORES (R DOS)", "NUM_POLICIA": "129/135", "FREGUESIA": "121", "LOCALIDADE": "LISBOA", "COD_POST_4": "1100", "COD_POST_3": "204", "COM_INT_ID": null, "COD_ACT_ECON": "21206", "DESC_ACT_ECON": "M\u00f3veis E Colchoaria (Interior)", "ANO": 1996, "TIPO": "Retalho", "LOCALIZACAO": "Isolado", "C_INTEGRADO": null, "EMPRESA": "MARIA ISABEL SILVEIRA MENDES RODRIGUES MOURA", "GlobalID": "38144250-0153-4c50-9a40-d20e89e1183f"}}, {"type": "Feature", "geometry": {"type": "Point", "coordinates": [-1017087.6013999991, 4680531.9636999965]}, "properties": {"OBJECTID": 137755, "COD_SIG": null, "IDTIPO": null, "NOME": "ADOLFO CORN SUCESSORES", "REGEND": "014996", "MORADA": "FANQUEIROS (R DOS)", "NUM_POLICIA": "207", "FREGUESIA": "121", "LOCALIDADE": null, "COD_POST_4": null, "COD_POST_3": null, "COM_INT_ID": null, "COD_ACT_ECON": "21110", "DESC_ACT_ECON": "Vestu\u00e1rio Pele", "ANO": 1996, "TIPO": "Retalho", "LOCALIZACAO": "Isolado", "C_INTEGRADO": null, "EMPRESA": "MARIA ISABEL SILVEIRA MENDES RODRIGUES MOURA", "GlobalID": "44a64f35-04e6-47ce-bf3a-718b14e29fb0"}}, {"type": "Feature", "geometry": {"type": "Point", "coordinates": [-1017139.0335999988, 4680457.7324]}, "properties": {"OBJECTID": 137804, "COD_SIG": null, "IDTIPO": null, "NOME": "CASA CYRA", "REGEND": "015092", "MORADA": "PRATA (R)", "NUM_POLICIA": "184", "FREGUESIA": "121", "LOCALIDADE": "LISBOA", "COD_POST_4": "1100", "COD_POST_3": "421", "COM_INT_ID": null, "COD_ACT_ECON": "21114", "DESC_ACT_ECON": "Marroquinaria E Artigos De Viagem", "ANO": 1996, "TIPO": "Retalho", "LOCALIZACAO": "Isolado", "C_INTEGRADO": null, "EMPRESA": "MARIA ISABEL SILVEIRA MENDES RODRIGUES MOURA", "GlobalID": "34ecc6e6-de09-4f99-9084-d3ae1251c003"}}, {"type": "Feature", "geometry": {"type": "Point", "coordinates": [-1017268.1347000003, 4680655.911899999]}, "properties": {"OBJECTID": 137817, "COD_SIG": null, "IDTIPO": null, "NOME": "A M SILVA ARMEIROS LDA", "REGEND": "014882", "MORADA": "BETESGA (R DA)", "NUM_POLICIA": "1", "FREGUESIA": "121", "LOCALIDADE": null, "COD_POST_4": null, "COD_POST_3": null, "COM_INT_ID": null, "COD_ACT_ECON": "21524", "DESC_ACT_ECON": "Armas,Muni\u00e7\u00f5es E Artigos De Ca\u00e7a", "ANO": 1996, "TIPO": "Retalho", "LOCALIZACAO": "Isolado", "C_INTEGRADO": null, "EMPRESA": "MARIA ISABEL SILVEIRA MENDES RODRIGUES MOURA", "GlobalID": "141eb1d8-07c5-48d7-ac6f-6f915d8b500d"}}, {"type": "Feature", "geometry": {"type": "Point", "coordinates": [-1017409.6876999997, 4680609.370300002]}, "properties": {"OBJECTID": 137835, "COD_SIG": null, "IDTIPO": null, "NOME": "CAIXOTE", "REGEND": "014887", "MORADA": "CARMO (R DO)", "NUM_POLICIA": "110", "FREGUESIA": "121", "LOCALIDADE": null, "COD_POST_4": null, "COD_POST_3": null, "COM_INT_ID": null, "COD_ACT_ECON": "21518", "DESC_ACT_ECON": "Artesanato", "ANO": 1996, "TIPO": "Retalho", "LOCALIZACAO": "Isolado", "C_INTEGRADO": null, "EMPRESA": "MARIA ISABEL SILVEIRA MENDES RODRIGUES MOURA", "GlobalID": "bc0c247d-309d-4f62-abc1-b6a34bda591e"}}, {"type": "Feature", "geometry": {"type": "Point", "coordinates": [-1017039.9206999987, 4680449.068899997]}, "properties": {"OBJECTID": 137860, "COD_SIG": null, "IDTIPO": null, "NOME": "CHEZ CHEMISE", "REGEND": "014992", "MORADA": "FANQUEIROS (R DOS)", "NUM_POLICIA": "192/194", "FREGUESIA": "121", "LOCALIDADE": "LISBOA", "COD_POST_4": "1100", "COD_POST_3": "232", "COM_INT_ID": null, "COD_ACT_ECON": "21109", "DESC_ACT_ECON": "Camisarias", "ANO": 1996, "TIPO": "Retalho", "LOCALIZACAO": "Isolado", "C_INTEGRADO": null, "EMPRESA": "CHARALES - ARMAZENS DE MALHAS E CONFEC\u00c7\u00d5ES, LDA", "GlobalID": "8f6b2a06-23d6-48e8-8de8-700d49ef7c8b"}}, {"type": "Feature", "geometry": {"type": "Point", "coordinates": [-1017333.9851999991, 4680124.452500001]}, "properties": {"OBJECTID": 138001, "COD_SIG": null, "IDTIPO": null, "NOME": "SENNA BOTTO & LEITAO LDA", "REGEND": "015049", "MORADA": "NOVA DO ALMADA (R)", "NUM_POLICIA": "22", "FREGUESIA": "121", "LOCALIDADE": null, "COD_POST_4": null, "COD_POST_3": null, "COM_INT_ID": null, "COD_ACT_ECON": "21216", "DESC_ACT_ECON": "Artigos Sanit\u00e1rios", "ANO": 1996, "TIPO": "Retalho", "LOCALIZACAO": "Isolado", "C_INTEGRADO": null, "EMPRESA": "MARIA ISABEL SILVEIRA MENDES RODRIGUES MOURA", "GlobalID": "9bf2ca18-151b-4cf5-8408-49e92d830f58"}}, {"type": "Feature", "geometry": {"type": "Point", "coordinates": [-1017373.6875, 4680594.346900001]}, "properties": {"OBJECTID": 138178, "COD_SIG": null, "IDTIPO": null, "NOME": "TITO CUNHA", "REGEND": "014873", "MORADA": "AUREA (R) OU DO OURO", "NUM_POLICIA": "286/290", "FREGUESIA": "121", "LOCALIDADE": null, "COD_POST_4": null, "COD_POST_3": null, "COM_INT_ID": null, "COD_ACT_ECON": "21101", "DESC_ACT_ECON": "Artigos Vestu\u00e1rio Diverso (Misto)", "ANO": 1996, "TIPO": "Retalho", "LOCALIZACAO": "Isolado", "C_INTEGRADO": null, "EMPRESA": "TITO CUNHA, LDA", "GlobalID": "7910b6ac-9389-4d23-bb15-22363d6c4407"}}, {"type": "Feature", "geometry": {"type": "Point", "coordinates": [-1017273.1959999986, 4680182.950199999]}, "properties": {"OBJECTID": 138182, "COD_SIG": null, "IDTIPO": null, "NOME": "ERA UMA VEZ UM CAMBISTA", "REGEND": "014880", "MORADA": "AUREA (R) OU DO OURO", "NUM_POLICIA": "85", "FREGUESIA": "121", "LOCALIDADE": null, "COD_POST_4": null, "COD_POST_3": null, "COM_INT_ID": null, "COD_ACT_ECON": "21103", "DESC_ACT_ECON": "Artigos Vestu\u00e1rio Senhora (Boutique)", "ANO": 1996, "TIPO": "Retalho", "LOCALIZACAO": "Isolado", "C_INTEGRADO": null, "EMPRESA": "MARIA ISABEL SILVEIRA MENDES RODRIGUES MOURA", "GlobalID": "7c39bfc2-9923-4ac3-9eaf-fba202e0b8b1"}}, {"type": "Feature", "geometry": {"type": "Point", "coordinates": [-1017136.6915000007, 4680690.774400003]}, "properties": {"OBJECTID": 138234, "COD_SIG": null, "IDTIPO": null, "NOME": "CALADO & SEQUEIRA LDA", "REGEND": "015030", "MORADA": "FANQUEIROS (R DOS)", "NUM_POLICIA": "279/285", "FREGUESIA": "121", "LOCALIDADE": null, "COD_POST_4": null, "COD_POST_3": null, "COM_INT_ID": null, "COD_ACT_ECON": "21111", "DESC_ACT_ECON": "Tecidos Para Confec\u00e7\u00e3o Vestu\u00e1rio", "ANO": 1996, "TIPO": "Retalho", "LOCALIZACAO": "Isolado", "C_INTEGRADO": null, "EMPRESA": "MARIA ISABEL SILVEIRA MENDES RODRIGUES MOURA", "GlobalID": "dc6526f7-8b7b-47d9-b47b-9996070639b7"}}, {"type": "Feature", "geometry": {"type": "Point", "coordinates": [-1017336.628899999, 4680132.133500002]}, "properties": {"OBJECTID": 138250, "COD_SIG": null, "IDTIPO": null, "NOME": "ADRO", "REGEND": "015050", "MORADA": "NOVA DO ALMADA (R)", "NUM_POLICIA": "26/28", "FREGUESIA": "121", "LOCALIDADE": "LISBOA", "COD_POST_4": "1200", "COD_POST_3": "289", "COM_INT_ID": null, "COD_ACT_ECON": "21202", "DESC_ACT_ECON": "Artigos Diversos Lar/Decora\u00e7\u00e3o", "ANO": 1996, "TIPO": "Retalho", "LOCALIZACAO": "Isolado", "C_INTEGRADO": null, "EMPRESA": "MARIA ISABEL SILVEIRA MENDES RODRIGUES MOURA", "GlobalID": "71e3df29-39cf-4d1e-ac25-0ea533495942"}}, {"type": "Feature", "geometry": {"type": "Point", "coordinates": [-1017245.5782999992, 4680582.910400003]}, "properties": {"OBJECTID": 138297, "COD_SIG": null, "IDTIPO": null, "NOME": "CLUB BAL\u00c3O", "REGEND": "014924", "MORADA": "CORREEIROS (R DOS)", "NUM_POLICIA": "201/203", "FREGUESIA": "121", "LOCALIDADE": null, "COD_POST_4": null, "COD_POST_3": null, "COM_INT_ID": null, "COD_ACT_ECON": "21103", "DESC_ACT_ECON": "Artigos Vestu\u00e1rio Senhora (Boutique)", "ANO": 1996, "TIPO": "Retalho", "LOCALIZACAO": "Isolado", "C_INTEGRADO": null, "EMPRESA": "FILIPES & FILHOS, LDA", "GlobalID": "3ea1e154-d5b7-40bb-8b15-68a9e73cd820"}}, {"type": "Feature", "geometry": {"type": "Point", "coordinates": [-1017123.1667000018, 4680302.7858000025]}, "properties": {"OBJECTID": 138480, "COD_SIG": null, "IDTIPO": null, "NOME": "RELOJOARIA OURIVESARIA TORROAES LDA", "REGEND": "015068", "MORADA": "PRATA (R)", "NUM_POLICIA": "123/131/133", "FREGUESIA": "121", "LOCALIDADE": null, "COD_POST_4": null, "COD_POST_3": null, "COM_INT_ID": null, "COD_ACT_ECON": "21522", "DESC_ACT_ECON": "Ourivesarias/Relojoarias", "ANO": 1996, "TIPO": "Retalho", "LOCALIZACAO": "Isolado", "C_INTEGRADO": null, "EMPRESA": "MARIA ISABEL SILVEIRA MENDES RODRIGUES MOURA", "GlobalID": "20fde999-f6c3-4bce-9603-710b3b06f574"}}, {"type": "Feature", "geometry": {"type": "Point", "coordinates": [-1017038.8288000003, 4680050.605599999]}, "properties": {"OBJECTID": 138492, "COD_SIG": null, "IDTIPO": null, "NOME": "VIVEIROS", "REGEND": "015077", "MORADA": "PRATA (R)", "NUM_POLICIA": "15", "FREGUESIA": "121", "LOCALIDADE": null, "COD_POST_4": null, "COD_POST_3": null, "COM_INT_ID": null, "COD_ACT_ECON": "21409", "DESC_ACT_ECON": "Artigos Jardinagem/Flores/Plantas", "ANO": 1996, "TIPO": "Retalho", "LOCALIZACAO": "Isolado", "C_INTEGRADO": null, "EMPRESA": "MARIA ISABEL SILVEIRA MENDES RODRIGUES MOURA", "GlobalID": "d1f24249-dbb5-41e3-9c3c-6435f575dc09"}}, {"type": "Feature", "geometry": {"type": "Point", "coordinates": [-1017100.2347000018, 4680165.582000002]}, "properties": {"OBJECTID": 138530, "COD_SIG": null, "IDTIPO": null, "NOME": "D GRILO", "REGEND": "014906", "MORADA": "CONCEI\u00c7AO (R DA)", "NUM_POLICIA": "77", "FREGUESIA": "121", "LOCALIDADE": null, "COD_POST_4": null, "COD_POST_3": null, "COM_INT_ID": null, "COD_ACT_ECON": "21117", "DESC_ACT_ECON": "Retrosarias", "ANO": 1996, "TIPO": "Retalho", "LOCALIZACAO": "Isolado", "C_INTEGRADO": null, "EMPRESA": "MARIA ISABEL SILVEIRA MENDES RODRIGUES MOURA", "GlobalID": "52892b33-bf31-41b4-9b92-c8c8bcdf26e8"}}, {"type": "Feature", "geometry": {"type": "Point", "coordinates": [-1017255.7452000007, 4680225.549199998]}, "properties": {"OBJECTID": 138849, "COD_SIG": null, "IDTIPO": null, "NOME": "OURIVESARIA ATLANTICO", "REGEND": "015174", "MORADA": "S NICOLAU (R DE)", "NUM_POLICIA": "95/97", "FREGUESIA": "121", "LOCALIDADE": null, "COD_POST_4": null, "COD_POST_3": null, "COM_INT_ID": null, "COD_ACT_ECON": "21522", "DESC_ACT_ECON": "Ourivesarias/Relojoarias", "ANO": 1996, "TIPO": "Retalho", "LOCALIZACAO": "Isolado", "C_INTEGRADO": null, "EMPRESA": "OURIVESARIA ATL\u00c2NTICO, LDA", "GlobalID": "6d731a4e-604a-4767-bb46-f6b205ad02e9"}}, {"type": "Feature", "geometry": {"type": "Point", "coordinates": [-1017163.0309999995, 4680271.879600003]}, "properties": {"OBJECTID": 138940, "COD_SIG": null, "IDTIPO": null, "NOME": "SUBAWAY", "REGEND": "015168", "MORADA": "S NICOLAU (R DE)", "NUM_POLICIA": "54/56", "FREGUESIA": "121", "LOCALIDADE": null, "COD_POST_4": null, "COD_POST_3": null, "COM_INT_ID": null, "COD_ACT_ECON": "51403", "DESC_ACT_ECON": "OUTROS EST. COMIDAS REFEI\u00c7\u00d5ES - 3\u00aa CAT.", "ANO": 1996, "TIPO": "Restaura\u00e7\u00e3o e Bebidas", "LOCALIZACAO": "Isolado", "C_INTEGRADO": null, "EMPRESA": "NASON - GESTAO IMOBILIARIA, LDA", "GlobalID": "49185888-2c7e-48a1-b04f-f1220442a38c"}}, {"type": "Feature", "geometry": {"type": "Point", "coordinates": [-1017235.8550000004, 4680339.7311]}, "properties": {"OBJECTID": 139093, "COD_SIG": null, "IDTIPO": null, "NOME": "MINI PORFIRIOS", "REGEND": "015239", "MORADA": "VIT\u00d3RIA (R DA)", "NUM_POLICIA": "55", "FREGUESIA": "121", "LOCALIDADE": "LISBOA", "COD_POST_4": "1100", "COD_POST_3": "618", "COM_INT_ID": null, "COD_ACT_ECON": "21104", "DESC_ACT_ECON": "Artigos Vestu\u00e1rio Crian\u00e7a", "ANO": 1996, "TIPO": "Retalho", "LOCALIZACAO": "Isolado", "C_INTEGRADO": null, "EMPRESA": "MARIA ISABEL SILVEIRA MENDES RODRIGUES MOURA", "GlobalID": "07f02fe9-b7e2-4124-81b8-47d6f587faf8"}}, {"type": "Feature", "geometry": {"type": "Point", "coordinates": [-1017067.5742999986, 4680301.9397]}, "properties": {"OBJECTID": 139585, "COD_SIG": null, "IDTIPO": null, "NOME": "PATHE BABY PORTUGAL LDA", "REGEND": "015159", "MORADA": "S NICOLAU (R DE)", "NUM_POLICIA": "22", "FREGUESIA": "121", "LOCALIDADE": "LISBOA                         ", "COD_POST_4": "1100", "COD_POST_3": "549", "COM_INT_ID": null, "COD_ACT_ECON": "21412", "DESC_ACT_ECON": "Material Fotogr\u00e1fico,Cinema", "ANO": 1996, "TIPO": "Retalho", "LOCALIZACAO": "Isolado", "C_INTEGRADO": null, "EMPRESA": "MARIA ISABEL SILVEIRA MENDES RODRIGUES MOURA", "GlobalID": "a2957fe5-721f-46d0-9fab-4148b725a035"}}, {"type": "Feature", "geometry": {"type": "Point", "coordinates": [-1017027.7140999995, 4680321.871699996]}, "properties": {"OBJECTID": 139586, "COD_SIG": null, "IDTIPO": null, "NOME": "VAL DO RIO", "REGEND": "015161", "MORADA": "S NICOLAU (R DE)", "NUM_POLICIA": "4/10", "FREGUESIA": "121", "LOCALIDADE": null, "COD_POST_4": null, "COD_POST_3": null, "COM_INT_ID": null, "COD_ACT_ECON": "12004", "DESC_ACT_ECON": "Mercearias", "ANO": 1996, "TIPO": "Retalho", "LOCALIZACAO": "Isolado", "C_INTEGRADO": null, "EMPRESA": "SOCIEDADE COMERCIAL ABEL PEREIRA FONSECA SA", "GlobalID": "1d7f92bf-5bc0-4e3a-ad8a-18080e5efcbc"}}, {"type": "Feature", "geometry": {"type": "Point", "coordinates": [-1017115.4296999983, 4680619.043099999]}, "properties": {"OBJECTID": 139678, "COD_SIG": null, "IDTIPO": null, "NOME": "MALHAS SANTA JUSTA", "REGEND": "015202", "MORADA": "ST JUSTA (R DE)", "NUM_POLICIA": "4", "FREGUESIA": "121", "LOCALIDADE": null, "COD_POST_4": null, "COD_POST_3": null, "COM_INT_ID": null, "COD_ACT_ECON": "21101", "DESC_ACT_ECON": "Artigos Vestu\u00e1rio Diverso (Misto)", "ANO": 1996, "TIPO": "Retalho", "LOCALIZACAO": "Isolado", "C_INTEGRADO": null, "EMPRESA": "NUNES & GABRIEL, LDA", "GlobalID": "0a18b153-148f-409c-a577-0b08e0a883ca"}}, {"type": "Feature", "geometry": {"type": "Point", "coordinates": [-1017178.7327999994, 4680349.920000002]}, "properties": {"OBJECTID": 139721, "COD_SIG": null, "IDTIPO": null, "NOME": "CHEZ ELLE", "REGEND": "015233", "MORADA": "VITORIA (R DA)", "NUM_POLICIA": "35", "FREGUESIA": "121", "LOCALIDADE": "LISBOA", "COD_POST_4": "1100", "COD_POST_3": "618", "COM_INT_ID": null, "COD_ACT_ECON": "21103", "DESC_ACT_ECON": "Artigos Vestu\u00e1rio Senhora (Boutique)", "ANO": 1996, "TIPO": "Retalho", "LOCALIZACAO": "Isolado", "C_INTEGRADO": null, "EMPRESA": "MARIA ISABEL SILVEIRA MENDES RODRIGUES MOURA", "GlobalID": "d3ff2f57-4081-418c-b6f3-ef76ae39e786"}}, {"type": "Feature", "geometry": {"type": "Point", "coordinates": [-1018703.4386, 4680132.369199999]}, "properties": {"OBJECTID": 139792, "COD_SIG": null, "IDTIPO": null, "NOME": "HOMERO ALVES MARQUES & HERDEIROS", "REGEND": "015356", "MORADA": "GAIVOTAS (R DAS)", "NUM_POLICIA": "11 A", "FREGUESIA": "116", "LOCALIDADE": null, "COD_POST_4": null, "COD_POST_3": null, "COM_INT_ID": null, "COD_ACT_ECON": "21501", "DESC_ACT_ECON": "Materiais Constru\u00e7\u00e3o,Metais E Ferragens", "ANO": 1996, "TIPO": "Retalho", "LOCALIZACAO": "Isolado", "C_INTEGRADO": null, "EMPRESA": "MARIA ISABEL SILVEIRA MENDES RODRIGUES MOURA", "GlobalID": "a18ce2ac-f29c-4443-be65-59b512c40f10"}}, {"type": "Feature", "geometry": {"type": "Point", "coordinates": [-1017211.0267999992, 4680583.291599996]}, "properties": {"OBJECTID": 140165, "COD_SIG": null, "IDTIPO": null, "NOME": "MANUEL VICENTE NUNES & COMP", "REGEND": "015201", "MORADA": "ST JUSTA (R DE)", "NUM_POLICIA": "38", "FREGUESIA": "121", "LOCALIDADE": null, "COD_POST_4": null, "COD_POST_3": null, "COM_INT_ID": null, "COD_ACT_ECON": "21403", "DESC_ACT_ECON": "Tabacaria", "ANO": 1996, "TIPO": "Retalho", "LOCALIZACAO": "Isolado", "C_INTEGRADO": null, "EMPRESA": "MARIA ISABEL SILVEIRA MENDES RODRIGUES MOURA", "GlobalID": "59ab7503-0265-4e4e-ba9a-dbdfa8c32d0d"}}, {"type": "Feature", "geometry": {"type": "Point", "coordinates": [-1017295.0077, 4680538.671899997]}, "properties": {"OBJECTID": 140189, "COD_SIG": null, "IDTIPO": null, "NOME": "FABRICA PELES RIO JAMOR LDA", "REGEND": "015213", "MORADA": "ST JUSTA (R DE)", "NUM_POLICIA": "75", "FREGUESIA": "121", "LOCALIDADE": null, "COD_POST_4": null, "COD_POST_3": null, "COM_INT_ID": null, "COD_ACT_ECON": "21110", "DESC_ACT_ECON": "Vestu\u00e1rio Pele", "ANO": 1996, "TIPO": "Retalho", "LOCALIZACAO": "Isolado", "C_INTEGRADO": null, "EMPRESA": "MARIA ISABEL SILVEIRA MENDES RODRIGUES MOURA", "GlobalID": "ca57f3fc-343f-477c-a724-2840525f9774"}}, {"type": "Feature", "geometry": {"type": "Point", "coordinates": [-1017357.7118999995, 4680537.979500003]}, "properties": {"OBJECTID": 140306, "COD_SIG": null, "IDTIPO": null, "NOME": "ALBERTO GON\u00c7ALVES NARCISO", "REGEND": "015224", "MORADA": "ST JUSTA (R DE)", "NUM_POLICIA": "88", "FREGUESIA": "121", "LOCALIDADE": null, "COD_POST_4": null, "COD_POST_3": null, "COM_INT_ID": null, "COD_ACT_ECON": "21108", "DESC_ACT_ECON": "L\u00e3s", "ANO": 1996, "TIPO": "Retalho", "LOCALIZACAO": "Isolado", "C_INTEGRADO": null, "EMPRESA": "MARIA ISABEL SILVEIRA MENDES RODRIGUES MOURA", "GlobalID": "2be3984a-1941-4473-957c-7fb384d113c0"}}, {"type": "Feature", "geometry": {"type": "Point", "coordinates": [-1017187.0782999992, 4680616.968099996]}, "properties": {"OBJECTID": 141138, "COD_SIG": null, "IDTIPO": null, "NOME": "SALGADO LDA", "REGEND": "015125", "MORADA": "PRATA (R)", "NUM_POLICIA": "250", "FREGUESIA": "121", "LOCALIDADE": null, "COD_POST_4": null, "COD_POST_3": null, "COM_INT_ID": null, "COD_ACT_ECON": "21303", "DESC_ACT_ECON": "Material \u00d3ptico (Oculistas)", "ANO": 1996, "TIPO": "Retalho", "LOCALIZACAO": "Isolado", "C_INTEGRADO": null, "EMPRESA": "MARIA ISABEL SILVEIRA MENDES RODRIGUES MOURA", "GlobalID": "a0835fef-402e-488b-89e4-a44cd09d2f4a"}}, {"type": "Feature", "geometry": {"type": "Point", "coordinates": [-1017066.316399999, 4680223.7826000005]}, "properties": {"OBJECTID": 141160, "COD_SIG": null, "IDTIPO": null, "NOME": "ROCHA AMADO & LATINO LDA", "REGEND": "015145", "MORADA": "PRATA (R)", "NUM_POLICIA": "84", "FREGUESIA": "121", "LOCALIDADE": null, "COD_POST_4": null, "COD_POST_3": null, "COM_INT_ID": null, "COD_ACT_ECON": "21501", "DESC_ACT_ECON": "Materiais Constru\u00e7\u00e3o,Metais E Ferragens", "ANO": 1996, "TIPO": "Retalho", "LOCALIZACAO": "Isolado", "C_INTEGRADO": null, "EMPRESA": "MARIA ISABEL SILVEIRA MENDES RODRIGUES MOURA", "GlobalID": "047299f2-505e-4336-be96-cafb545e0426"}}, {"type": "Feature", "geometry": {"type": "Point", "coordinates": [-1017162.5392999984, 4680596.677199997]}, "properties": {"OBJECTID": 141385, "COD_SIG": null, "IDTIPO": null, "NOME": "JERONIMO MATIAS SOUSA & AFONSO LDA", "REGEND": "015196", "MORADA": "ST JUSTA (R DE)", "NUM_POLICIA": "24", "FREGUESIA": "121", "LOCALIDADE": null, "COD_POST_4": null, "COD_POST_3": null, "COM_INT_ID": null, "COD_ACT_ECON": "21116", "DESC_ACT_ECON": "ARTIGOS DE PELE/CAL\u00c7ADO/MARROQUINARIA", "ANO": 1996, "TIPO": "Retalho", "LOCALIZACAO": "Isolado", "C_INTEGRADO": null, "EMPRESA": "MARIA ISABEL SILVEIRA MENDES RODRIGUES MOURA", "GlobalID": "e2134656-7432-4efb-9313-118444fa297d"}}, {"type": "Feature", "geometry": {"type": "Point", "coordinates": [-1017194.1239, 4680559.061300002]}, "properties": {"OBJECTID": 141780, "COD_SIG": null, "IDTIPO": null, "NOME": "CASA MONTEIRO", "REGEND": "015124", "MORADA": "Rua da Prata", "NUM_POLICIA": "249", "FREGUESIA": "121", "LOCALIDADE": "LISBOA", "COD_POST_4": "1100", "COD_POST_3": "417", "COM_INT_ID": null, "COD_ACT_ECON": "21101", "DESC_ACT_ECON": "Artigos Vestu\u00e1rio Diverso (Misto)", "ANO": 1996, "TIPO": "Retalho", "LOCALIZACAO": "Isolado", "C_INTEGRADO": null, "EMPRESA": "MARIA ISABEL SILVEIRA MENDES RODRIGUES MOURA", "GlobalID": "4209afb9-0110-4e8c-bfae-ad4d410769c5"}}, {"type": "Feature", "geometry": {"type": "Point", "coordinates": [-1018642.8194999993, 4683092.902900003]}, "properties": {"OBJECTID": 141843, "COD_SIG": null, "IDTIPO": null, "NOME": "FARMACIA LATINA", "REGEND": "015474", "MORADA": "ANT\u00d3NIO AUGUSTO AGUIAR (AV)", "NUM_POLICIA": "17 A", "FREGUESIA": "106", "LOCALIDADE": "LISBOA", "COD_POST_4": "1050", "COD_POST_3": "012", "COM_INT_ID": null, "COD_ACT_ECON": "21301", "DESC_ACT_ECON": "Farm\u00e1cias", "ANO": 1996, "TIPO": "Retalho", "LOCALIZACAO": "Isolado", "C_INTEGRADO": null, "EMPRESA": "MARIA ISABEL SILVEIRA MENDES RODRIGUES MOURA", "GlobalID": "091d1680-0a70-4965-8804-03db10767700"}}, {"type": "Feature", "geometry": {"type": "Point", "coordinates": [-1017189.6963, 4680621.160499997]}, "properties": {"OBJECTID": 141907, "COD_SIG": null, "IDTIPO": null, "NOME": "KOOKAI", "REGEND": "015126", "MORADA": "PRATA (R)", "NUM_POLICIA": "256/258", "FREGUESIA": "121", "LOCALIDADE": "LISBOA", "COD_POST_4": "1100", "COD_POST_3": "423", "COM_INT_ID": null, "COD_ACT_ECON": "21103", "DESC_ACT_ECON": "Artigos Vestu\u00e1rio Senhora (Boutique)", "ANO": 1996, "TIPO": "Retalho", "LOCALIZACAO": "Isolado", "C_INTEGRADO": null, "EMPRESA": "MARIA ISABEL SILVEIRA MENDES RODRIGUES MOURA", "GlobalID": "e2d2e5ba-1028-49b8-8b45-37adabc6e0e3"}}, {"type": "Feature", "geometry": {"type": "Point", "coordinates": [-1017253.1158000007, 4680569.976300001]}, "properties": {"OBJECTID": 141923, "COD_SIG": null, "IDTIPO": null, "NOME": "CAMOUFLAGE", "REGEND": "015207", "MORADA": "ST JUSTA (R DE)", "NUM_POLICIA": "54/56", "FREGUESIA": "121", "LOCALIDADE": "LISBOA", "COD_POST_4": "1100", "COD_POST_3": "485", "COM_INT_ID": null, "COD_ACT_ECON": "21101", "DESC_ACT_ECON": "Artigos Vestu\u00e1rio Diverso (Misto)", "ANO": 1996, "TIPO": "Retalho", "LOCALIZACAO": "Isolado", "C_INTEGRADO": null, "EMPRESA": "LUZ & COSTA PRONTO A VESTIR, LDA", "GlobalID": "83fe4032-0d69-46c0-91fd-dfefd7ad1c93"}}, {"type": "Feature", "geometry": {"type": "Point", "coordinates": [-1018564.7243999988, 4682976.804399997]}, "properties": {"OBJECTID": 142615, "COD_SIG": null, "IDTIPO": null, "NOME": "YORK", "REGEND": "015468", "MORADA": "ANT\u00d3NIO AUGUSTO AGUIAR (AV)", "NUM_POLICIA": "13 C", "FREGUESIA": "106", "LOCALIDADE": null, "COD_POST_4": null, "COD_POST_3": null, "COM_INT_ID": 83, "COD_ACT_ECON": "21118", "DESC_ACT_ECON": "Bijuterias", "ANO": 1996, "TIPO": "Retalho", "LOCALIZACAO": "Integrado - outro", "C_INTEGRADO": "GALERIA YORK", "EMPRESA": "YORK BELEZA ARTE E MODA, LDA", "GlobalID": "d850713c-141e-44aa-a934-e822e0b0a92f"}}, {"type": "Feature", "geometry": {"type": "Point", "coordinates": [-1017300.1123000011, 4680537.330499999]}, "properties": {"OBJECTID": 142702, "COD_SIG": null, "IDTIPO": null, "NOME": "TABACARIA TALISMA", "REGEND": "015216", "MORADA": "ST JUSTA (R DE)", "NUM_POLICIA": "79", "FREGUESIA": "121", "LOCALIDADE": "LISBOA", "COD_POST_4": "1100", "COD_POST_3": "484", "COM_INT_ID": null, "COD_ACT_ECON": "21403", "DESC_ACT_ECON": "Tabacaria", "ANO": 1996, "TIPO": "Retalho", "LOCALIZACAO": "Isolado", "C_INTEGRADO": null, "EMPRESA": "MARIA ISABEL SILVEIRA MENDES RODRIGUES MOURA", "GlobalID": "ea784fec-8a64-4190-b5a1-1cb8c9082e03"}}, {"type": "Feature", "geometry": {"type": "Point", "coordinates": [-1016585.4444999993, 4680136.545500003]}, "properties": {"OBJECTID": 143096, "COD_SIG": null, "IDTIPO": null, "NOME": "AUGUSTO SIMOES", "REGEND": "015822", "MORADA": "SE (CRUZES DA)", "NUM_POLICIA": "9", "FREGUESIA": "121", "LOCALIDADE": null, "COD_POST_4": null, "COD_POST_3": null, "COM_INT_ID": null, "COD_ACT_ECON": "21512", "DESC_ACT_ECON": "Material El\u00e9ctrico E P/ Electr\u00f3nica", "ANO": 1996, "TIPO": "Retalho", "LOCALIZACAO": "Isolado", "C_INTEGRADO": null, "EMPRESA": "MARIA ISABEL SILVEIRA MENDES RODRIGUES MOURA", "GlobalID": "044f0e3d-8cec-499b-b8ba-063dde148840"}}, {"type": "Feature", "geometry": {"type": "Point", "coordinates": [-1015422.5406000018, 4681245.4296]}, "properties": {"OBJECTID": 143191, "COD_SIG": null, "IDTIPO": null, "NOME": "ANTONIO LOPES PINHO DA GAMA", "REGEND": "015777", "MORADA": "MIRANTE (R DO) AOS CAM DE FERRO", "NUM_POLICIA": "51 A/53", "FREGUESIA": "124", "LOCALIDADE": null, "COD_POST_4": null, "COD_POST_3": null, "COM_INT_ID": null, "COD_ACT_ECON": "12004", "DESC_ACT_ECON": "Mercearias", "ANO": 1996, "TIPO": "Retalho", "LOCALIZACAO": "Isolado", "C_INTEGRADO": null, "EMPRESA": "MARIA ISABEL SILVEIRA MENDES RODRIGUES MOURA", "GlobalID": "5d0ede32-575c-4ffd-8a2b-6280c108b490"}}, {"type": "Feature", "geometry": {"type": "Point", "coordinates": [-1024507.0408000015, 4680590.482799999]}, "properties": {"OBJECTID": 143520, "COD_SIG": null, "IDTIPO": null, "NOME": "BEIRA SERRA", "REGEND": "015983", "MORADA": "PEDRO TEIXEIRA (EST DE)", "NUM_POLICIA": "78", "FREGUESIA": "101", "LOCALIDADE": null, "COD_POST_4": null, "COD_POST_3": null, "COM_INT_ID": null, "COD_ACT_ECON": "51105", "DESC_ACT_ECON": "RESTAURANTE - 2\u00aa CATEGORIA", "ANO": 1996, "TIPO": "Restaura\u00e7\u00e3o e Bebidas", "LOCALIZACAO": "Isolado", "C_INTEGRADO": null, "EMPRESA": "MARIA ISABEL SILVEIRA MENDES RODRIGUES MOURA", "GlobalID": "f3799c80-df15-4b1b-bf1f-e4b83036865d"}}, {"type": "Feature", "geometry": {"type": "Point", "coordinates": [-1015432.9310000017, 4681259.453699999]}, "properties": {"OBJECTID": 143770, "COD_SIG": null, "IDTIPO": null, "NOME": "FERREIRA & ESTEVES", "REGEND": "015778", "MORADA": "MIRANTE (R DO) AOS CAM DE FERRO", "NUM_POLICIA": "57", "FREGUESIA": "124", "LOCALIDADE": null, "COD_POST_4": null, "COD_POST_3": null, "COM_INT_ID": null, "COD_ACT_ECON": "21101", "DESC_ACT_ECON": "Artigos Vestu\u00e1rio Diverso (Misto)", "ANO": 1996, "TIPO": "Retalho", "LOCALIZACAO": "Isolado", "C_INTEGRADO": null, "EMPRESA": "FERREIRA & ESTEVES LDA", "GlobalID": "3a9de176-f3e6-43f4-8b69-6e053e680274"}}, {"type": "Feature", "geometry": {"type": "Point", "coordinates": [-1016717.5282000005, 4681218.437399998]}, "properties": {"OBJECTID": 143917, "COD_SIG": null, "IDTIPO": null, "NOME": "ANTONIO CASIMIRO SILVA MARQUES", "REGEND": "015880", "MORADA": "OLARIAS (L DAS)", "NUM_POLICIA": "55", "FREGUESIA": "121", "LOCALIDADE": null, "COD_POST_4": null, "COD_POST_3": null, "COM_INT_ID": null, "COD_ACT_ECON": "11014", "DESC_ACT_ECON": "Prod. Naturais(Diet.,Medicinais,Espec.)", "ANO": 1996, "TIPO": "Retalho", "LOCALIZACAO": "Isolado", "C_INTEGRADO": null, "EMPRESA": "MARIA ISABEL SILVEIRA MENDES RODRIGUES MOURA", "GlobalID": "47ef16f0-e52a-4ac0-841b-81cb2d4bf1a4"}}, {"type": "Feature", "geometry": {"type": "Point", "coordinates": [-1017880.2149999999, 4679858.1162]}, "properties": {"OBJECTID": 144010, "COD_SIG": null, "IDTIPO": null, "NOME": "ANTONIO JOAQUIM JERONIMO", "REGEND": "015422", "MORADA": "S PAULO (R DE)", "NUM_POLICIA": "39/41", "FREGUESIA": "116", "LOCALIDADE": null, "COD_POST_4": null, "COD_POST_3": null, "COM_INT_ID": null, "COD_ACT_ECON": "21114", "DESC_ACT_ECON": "Marroquinaria E Artigos De Viagem", "ANO": 1996, "TIPO": "Retalho", "LOCALIZACAO": "Isolado", "C_INTEGRADO": null, "EMPRESA": "MARIA ISABEL SILVEIRA MENDES RODRIGUES MOURA", "GlobalID": "cb4551b3-e1d7-46ee-af18-4dfa6986a257"}}, {"type": "Feature", "geometry": {"type": "Point", "coordinates": [-1018743.816399999, 4683395.068499997]}, "properties": {"OBJECTID": 144368, "COD_SIG": null, "IDTIPO": null, "NOME": "MALMEQUERES E MARGARIDAS", "REGEND": "015588", "MORADA": "S SEBASTI\u00c3O DA PEDREIRA (L DE)", "NUM_POLICIA": "6", "FREGUESIA": "106", "LOCALIDADE": null, "COD_POST_4": null, "COD_POST_3": null, "COM_INT_ID": null, "COD_ACT_ECON": "21409", "DESC_ACT_ECON": "Artigos Jardinagem/Flores/Plantas", "ANO": 1996, "TIPO": "Retalho", "LOCALIZACAO": "Isolado", "C_INTEGRADO": null, "EMPRESA": "MALMEQUERES E MARGARIDAS, LDA", "GlobalID": "bb575a4c-c5eb-4f6c-9054-b7befd39c07d"}}, {"type": "Feature", "geometry": {"type": "Point", "coordinates": [-1016480.9272000007, 4680083.365800001]}, "properties": {"OBJECTID": 144558, "COD_SIG": null, "IDTIPO": null, "NOME": "J SANTOS CRUZ LDA", "REGEND": "015819", "MORADA": "CEBOLAS (CP DAS)", "NUM_POLICIA": "10 A", "FREGUESIA": "121", "LOCALIDADE": null, "COD_POST_4": null, "COD_POST_3": null, "COM_INT_ID": null, "COD_ACT_ECON": "21503", "DESC_ACT_ECON": "Drogarias", "ANO": 1996, "TIPO": "Retalho", "LOCALIZACAO": "Isolado", "C_INTEGRADO": null, "EMPRESA": "MARIA ISABEL SILVEIRA MENDES RODRIGUES MOURA", "GlobalID": "6a9d3d71-2420-4531-b504-448aec805d0a"}}, {"type": "Feature", "geometry": {"type": "Point", "coordinates": [-1021383.4677999988, 4688040.157899998]}, "properties": {"OBJECTID": 144940, "COD_SIG": null, "IDTIPO": null, "NOME": "SUNSET", "REGEND": "016099", "MORADA": "NA\u00c7OES UNIDAS (AV DAS)", "NUM_POLICIA": "CC.CARREFOUR", "FREGUESIA": "114", "LOCALIDADE": null, "COD_POST_4": null, "COD_POST_3": null, "COM_INT_ID": 69, "COD_ACT_ECON": "52503", "DESC_ACT_ECON": "GELATARIA - 2\u00aa CATEGORIA", "ANO": 1996, "TIPO": "Restaura\u00e7\u00e3o e Bebidas", "LOCALIZACAO": "Integrado - outro", "C_INTEGRADO": "CONTINENTE TELHEIRAS", "EMPRESA": "MARIA ISABEL SILVEIRA MENDES RODRIGUES MOURA", "GlobalID": "9a1905c4-fd2c-4bcc-b018-c6209f6602c4"}}, {"type": "Feature", "geometry": {"type": "Point", "coordinates": [-1019686.9860000014, 4690331.685000002]}, "properties": {"OBJECTID": 145006, "COD_SIG": null, "IDTIPO": null, "NOME": "ANTONIO MARQUES DO VALE", "REGEND": "016009", "MORADA": "ANT\u00d3NIO S\u00c9RGIO (AL)", "NUM_POLICIA": "8 D/E", "FREGUESIA": "120", "LOCALIDADE": "LISBOA", "COD_POST_4": "1750", "COD_POST_3": "034", "COM_INT_ID": null, "COD_ACT_ECON": "52103", "DESC_ACT_ECON": "CAF\u00c9/PASTELARIA - 2\u00aa CATEGORIA", "ANO": 1996, "TIPO": "Restaura\u00e7\u00e3o e Bebidas", "LOCALIZACAO": "Isolado", "C_INTEGRADO": null, "EMPRESA": "MARIA ISABEL SILVEIRA MENDES RODRIGUES MOURA", "GlobalID": "1e863c4b-76e6-4c3e-a48d-ab785a54e4d6"}}, {"type": "Feature", "geometry": {"type": "Point", "coordinates": [-1018617.2936000004, 4685525.455600001]}, "properties": {"OBJECTID": 145178, "COD_SIG": null, "IDTIPO": null, "NOME": "RESTAURANTE PIZZARIA BAMBINO D'ORO", "REGEND": "016162", "MORADA": "CINCO DE OUTUBRO (AV)", "NUM_POLICIA": "315", "FREGUESIA": "106", "LOCALIDADE": null, "COD_POST_4": null, "COD_POST_3": null, "COM_INT_ID": null, "COD_ACT_ECON": "51105", "DESC_ACT_ECON": "RESTAURANTE - 2\u00aa CATEGORIA", "ANO": 1996, "TIPO": "Restaura\u00e7\u00e3o e Bebidas", "LOCALIZACAO": "Isolado", "C_INTEGRADO": null, "EMPRESA": "MARIA ISABEL SILVEIRA MENDES RODRIGUES MOURA", "GlobalID": "71226329-54a3-4825-a64e-77031e69c23b"}}, {"type": "Feature", "geometry": {"type": "Point", "coordinates": [-1016841.5628999993, 4681325.029100001]}, "properties": {"OBJECTID": 145263, "COD_SIG": null, "IDTIPO": null, "NOME": "GARCIA & LOUREN\u00c7O", "REGEND": "015851", "MORADA": "AGOSTINHO DE CARVALHO (C DE)", "NUM_POLICIA": "12 A/B", "FREGUESIA": "121", "LOCALIDADE": "LISBOA", "COD_POST_4": "1100", "COD_POST_3": "012", "COM_INT_ID": null, "COD_ACT_ECON": "12004", "DESC_ACT_ECON": "Mercearias", "ANO": 1996, "TIPO": "Retalho", "LOCALIZACAO": "Isolado", "C_INTEGRADO": null, "EMPRESA": "GARCIA & LOUREN\u00c7O, LDA", "GlobalID": "8b7c2770-ad28-422f-8aff-b0c8fe92bf66"}}, {"type": "Feature", "geometry": {"type": "Point", "coordinates": [-1017088.7441000007, 4681171.173299998]}, "properties": {"OBJECTID": 145547, "COD_SIG": null, "IDTIPO": null, "NOME": "ANTONIO ALBERTO PEREIRA FERREIRA", "REGEND": "016275", "MORADA": "MARTIN MONIZ (L)", "NUM_POLICIA": "C.C.M.MONIZ", "FREGUESIA": "121", "LOCALIDADE": null, "COD_POST_4": null, "COD_POST_3": null, "COM_INT_ID": 116, "COD_ACT_ECON": "51107", "DESC_ACT_ECON": "RESTAURANTE - 3\u00aa CATEGORIA", "ANO": 1996, "TIPO": "Restaura\u00e7\u00e3o e Bebidas", "LOCALIZACAO": "Integrado - outro", "C_INTEGRADO": "CENTRO COMERCIAL MARTIM MONIZ", "EMPRESA": "MARIA ISABEL SILVEIRA MENDES RODRIGUES MOURA", "GlobalID": "d97400ef-523c-43bc-bf4e-ca454b3b653b"}}, {"type": "Feature", "geometry": {"type": "Point", "coordinates": [-1015488.2503999993, 4681048.086300001]}, "properties": {"OBJECTID": 145879, "COD_SIG": null, "IDTIPO": null, "NOME": "HERMINIA GOMES FERREIRA SANTOS", "REGEND": "015746", "MORADA": "Cal\u00e7ada dos Cesteiros", "NUM_POLICIA": "23", "FREGUESIA": "124", "LOCALIDADE": "LISBOA", "COD_POST_4": "1100", "COD_POST_3": "000", "COM_INT_ID": null, "COD_ACT_ECON": "21102", "DESC_ACT_ECON": "Artigos Vestu\u00e1rio Homem", "ANO": 1996, "TIPO": "Retalho", "LOCALIZACAO": "Isolado", "C_INTEGRADO": null, "EMPRESA": "MARIA ISABEL SILVEIRA MENDES RODRIGUES MOURA", "GlobalID": "7336ee9a-34d9-4ea8-84a9-81473a0093d1"}}, {"type": "Feature", "geometry": {"type": "Point", "coordinates": [-1016315.5815999992, 4680152.3522000015]}, "properties": {"OBJECTID": 146022, "COD_SIG": null, "IDTIPO": null, "NOME": "RICARDO RODRIGUES", "REGEND": "015834", "MORADA": "CAIS DE SANTAREM (R)", "NUM_POLICIA": "10", "FREGUESIA": "121", "LOCALIDADE": null, "COD_POST_4": null, "COD_POST_3": null, "COM_INT_ID": null, "COD_ACT_ECON": "21503", "DESC_ACT_ECON": "Drogarias", "ANO": 1996, "TIPO": "Retalho", "LOCALIZACAO": "Isolado", "C_INTEGRADO": null, "EMPRESA": "MARIA ISABEL SILVEIRA MENDES RODRIGUES MOURA", "GlobalID": "dcca7e56-5e58-4131-99ae-157a9992bcf3"}}, {"type": "Feature", "geometry": {"type": "Point", "coordinates": [-1016387.5062000006, 4680175.980700001]}, "properties": {"OBJECTID": 146030, "COD_SIG": null, "IDTIPO": null, "NOME": "SANDRA CRISTINA ALMEIDA SANTOS ANTONIO", "REGEND": "015846", "MORADA": "S JO\u00c3O DA PRA\u00c7A (R DE)", "NUM_POLICIA": "53", "FREGUESIA": "121", "LOCALIDADE": null, "COD_POST_4": null, "COD_POST_3": null, "COM_INT_ID": null, "COD_ACT_ECON": "21403", "DESC_ACT_ECON": "Tabacaria", "ANO": 1996, "TIPO": "Retalho", "LOCALIZACAO": "Isolado", "C_INTEGRADO": null, "EMPRESA": "MARIA ISABEL SILVEIRA MENDES RODRIGUES MOURA", "GlobalID": "3918f44a-2d97-40d2-962e-b6bc4a85bcd4"}}, {"type": "Feature", "geometry": {"type": "Point", "coordinates": [-1021513.6015999988, 4679661.101499997]}, "properties": {"OBJECTID": 146200, "COD_SIG": null, "IDTIPO": null, "NOME": "CELEIROCINCO", "REGEND": "016023", "MORADA": "PE ADRIANO BOTELHO (R)", "NUM_POLICIA": "5", "FREGUESIA": "102", "LOCALIDADE": null, "COD_POST_4": null, "COD_POST_3": null, "COM_INT_ID": null, "COD_ACT_ECON": "52104", "DESC_ACT_ECON": "CAFE/PASTELARIA - 3\u00aa CATEGORIA", "ANO": 1996, "TIPO": "Restaura\u00e7\u00e3o e Bebidas", "LOCALIZACAO": "Isolado", "C_INTEGRADO": null, "EMPRESA": "CELERICINCO - COMERCIO DE FRUTAS E CARNES, LDA", "GlobalID": "cdecfb00-c41c-4aef-a37a-401b7007e129"}}, {"type": "Feature", "geometry": {"type": "Point", "coordinates": [-1024389.4010000005, 4677998.642099999]}, "properties": {"OBJECTID": 146213, "COD_SIG": null, "IDTIPO": null, "NOME": "RESTAURANTE CLUBE NAVAL LISBOA", "REGEND": "016293", "MORADA": "BRASILIA (AV DE)", "NUM_POLICIA": null, "FREGUESIA": "108", "LOCALIDADE": "LISBOA                         ", "COD_POST_4": "1400", "COD_POST_3": "000", "COM_INT_ID": null, "COD_ACT_ECON": "51107", "DESC_ACT_ECON": "RESTAURANTE - 3\u00aa CATEGORIA", "ANO": 1996, "TIPO": "Restaura\u00e7\u00e3o e Bebidas", "LOCALIZACAO": "Isolado", "C_INTEGRADO": null, "EMPRESA": "MARIA ISABEL SILVEIRA MENDES RODRIGUES MOURA", "GlobalID": "31ee87ba-0a0c-49f2-b9e4-e7e97b0059de"}}, {"type": "Feature", "geometry": {"type": "Point", "coordinates": [-1016352.1088000014, 4680216.204499997]}, "properties": {"OBJECTID": 146688, "COD_SIG": null, "IDTIPO": null, "NOME": "ISABEL MARIA CAMPOS PINHO SOUSA FERREIRA", "REGEND": "015842", "MORADA": "S JOAO DA PRA\u00c7A (R DE)", "NUM_POLICIA": "30", "FREGUESIA": "121", "LOCALIDADE": null, "COD_POST_4": null, "COD_POST_3": null, "COM_INT_ID": null, "COD_ACT_ECON": "21101", "DESC_ACT_ECON": "Artigos Vestu\u00e1rio Diverso (Misto)", "ANO": 1996, "TIPO": "Retalho", "LOCALIZACAO": "Isolado", "C_INTEGRADO": null, "EMPRESA": "MARIA ISABEL SILVEIRA MENDES RODRIGUES MOURA", "GlobalID": "6890011b-e9f5-48e0-a950-137035f94a6a"}}, {"type": "Feature", "geometry": {"type": "Point", "coordinates": [-1019734.1442999989, 4689096.786799997]}, "properties": {"OBJECTID": 147083, "COD_SIG": null, "IDTIPO": null, "NOME": "PAPA-A\u00c7ORDA", "REGEND": "016115", "MORADA": "LINHAS DE TORRES (AL DAS)", "NUM_POLICIA": "238", "FREGUESIA": "114", "LOCALIDADE": null, "COD_POST_4": null, "COD_POST_3": null, "COM_INT_ID": 86, "COD_ACT_ECON": "51203", "DESC_ACT_ECON": "\"SNACK-BAR\" - 3\u00aa CATEGORIA", "ANO": 1996, "TIPO": "Restaura\u00e7\u00e3o e Bebidas", "LOCALIZACAO": "Integrado - outro", "C_INTEGRADO": "CENTRO COMERCIAL LUMIAR", "EMPRESA": "MARIA ISABEL SILVEIRA MENDES RODRIGUES MOURA", "GlobalID": "c10cd71b-66a8-4781-afdc-0e7473dd16cc"}}, {"type": "Feature", "geometry": {"type": "Point", "coordinates": [-1017088.7441000007, 4681171.173299998]}, "properties": {"OBJECTID": 147447, "COD_SIG": null, "IDTIPO": null, "NOME": "ROMA ANTIGA", "REGEND": "016244", "MORADA": "MARTIN MONIZ (L)", "NUM_POLICIA": "C.C.M.MONIZ", "FREGUESIA": "121", "LOCALIDADE": null, "COD_POST_4": null, "COD_POST_3": null, "COM_INT_ID": 116, "COD_ACT_ECON": "51107", "DESC_ACT_ECON": "RESTAURANTE - 3\u00aa CATEGORIA", "ANO": 1996, "TIPO": "Restaura\u00e7\u00e3o e Bebidas", "LOCALIZACAO": "Integrado - outro", "C_INTEGRADO": "CENTRO COMERCIAL MARTIM MONIZ", "EMPRESA": "MARIA ISABEL SILVEIRA MENDES RODRIGUES MOURA", "GlobalID": "b9418d6f-60e4-4168-aa22-1c67a4ad0331"}}, {"type": "Feature", "geometry": {"type": "Point", "coordinates": [-1018923.8350999989, 4680793.994499996]}, "properties": {"OBJECTID": 147539, "COD_SIG": null, "IDTIPO": null, "NOME": "RESTAURANTE ZUTZU", "REGEND": "016139", "MORADA": "NOVA PIEDADE (R)", "NUM_POLICIA": "99", "FREGUESIA": "116", "LOCALIDADE": "LISBOA                         ", "COD_POST_4": "1200", "COD_POST_3": "297", "COM_INT_ID": null, "COD_ACT_ECON": "51105", "DESC_ACT_ECON": "RESTAURANTE - 2\u00aa CATEGORIA", "ANO": 1996, "TIPO": "Restaura\u00e7\u00e3o e Bebidas", "LOCALIZACAO": "Isolado", "C_INTEGRADO": null, "EMPRESA": "MARIA ISABEL SILVEIRA MENDES RODRIGUES MOURA", "GlobalID": "d89b7a57-7fde-4b18-a3df-694bdd8da4c4"}}, {"type": "Feature", "geometry": {"type": "Point", "coordinates": [-1018047.4230999984, 4682733.206100002]}, "properties": {"OBJECTID": 147620, "COD_SIG": null, "IDTIPO": null, "NOME": "PIZZARIA FRATELLI", "REGEND": "016068", "MORADA": "BERNARDO LIMA (R)", "NUM_POLICIA": "66", "FREGUESIA": "122", "LOCALIDADE": "LISBOA", "COD_POST_4": "1150", "COD_POST_3": "077", "COM_INT_ID": null, "COD_ACT_ECON": "51403", "DESC_ACT_ECON": "OUTROS EST. COMIDAS REFEI\u00c7\u00d5ES - 3\u00aa CAT.", "ANO": 1996, "TIPO": "Restaura\u00e7\u00e3o e Bebidas", "LOCALIZACAO": "Isolado", "C_INTEGRADO": null, "EMPRESA": "MARIA ISABEL SILVEIRA MENDES RODRIGUES MOURA", "GlobalID": "ecd9b762-add4-4e29-9228-a7e1197da5df"}}, {"type": "Feature", "geometry": {"type": "Point", "coordinates": [-1019416.6755000018, 4688540.906999998]}, "properties": {"OBJECTID": 147704, "COD_SIG": null, "IDTIPO": null, "NOME": "COISAS PRATICAS", "REGEND": "016117", "MORADA": "Rua Silva Tavares", "NUM_POLICIA": "7A", "FREGUESIA": "114", "LOCALIDADE": null, "COD_POST_4": "1750", "COD_POST_3": "287", "COM_INT_ID": 91, "COD_ACT_ECON": "22002", "DESC_ACT_ECON": "Bazares", "ANO": 1996, "TIPO": "Retalho", "LOCALIZACAO": "Integrado - outro", "C_INTEGRADO": "CENTRO COMERCIAL MOURAS", "EMPRESA": "MARIA ISABEL SILVEIRA MENDES RODRIGUES MOURA", "GlobalID": "3041b60d-8709-466e-934c-82be6293c7e8"}}, {"type": "Feature", "geometry": {"type": "Point", "coordinates": [-1014740.6220999993, 4686443.558399998]}, "properties": {"OBJECTID": 147730, "COD_SIG": null, "IDTIPO": null, "NOME": "O IDOLO", "REGEND": "016129", "MORADA": "PAULO DIAS DE NOVAIS (R)", "NUM_POLICIA": "LT 25 LJ B", "FREGUESIA": "115", "LOCALIDADE": null, "COD_POST_4": null, "COD_POST_3": null, "COM_INT_ID": null, "COD_ACT_ECON": "52104", "DESC_ACT_ECON": "CAFE/PASTELARIA - 3\u00aa CATEGORIA", "ANO": 1996, "TIPO": "Restaura\u00e7\u00e3o e Bebidas", "LOCALIZACAO": "Isolado", "C_INTEGRADO": null, "EMPRESA": "MARIA ISABEL SILVEIRA MENDES RODRIGUES MOURA", "GlobalID": "580b21d2-3a50-4cfa-8ee9-2c72172441e6"}}, {"type": "Feature", "geometry": {"type": "Point", "coordinates": [-1024368.7054999992, 4679445.5375000015]}, "properties": {"OBJECTID": 147805, "COD_SIG": null, "IDTIPO": null, "NOME": "ARMED", "REGEND": "016477", "MORADA": "DR ANTONIO RIBEIRO DOS SANTOS (R)", "NUM_POLICIA": "LT A/F LJ", "FREGUESIA": "101", "LOCALIDADE": null, "COD_POST_4": null, "COD_POST_3": null, "COM_INT_ID": null, "COD_ACT_ECON": "21304", "DESC_ACT_ECON": "Instrumentos E Art.M\u00e9dicos-Cir\u00farg./Ortop", "ANO": 1996, "TIPO": "Retalho", "LOCALIZACAO": "Isolado", "C_INTEGRADO": null, "EMPRESA": "MARIA ISABEL SILVEIRA MENDES RODRIGUES MOURA", "GlobalID": "4f4b225a-abda-4e8a-a15a-af6467ec9ee3"}}, {"type": "Feature", "geometry": {"type": "Point", "coordinates": [-1016150.257199999, 4681193.807899997]}, "properties": {"OBJECTID": 148018, "COD_SIG": null, "IDTIPO": null, "NOME": "DOM CAFE", "REGEND": "016082", "MORADA": "VERONICA (R DA)", "NUM_POLICIA": "122 B/C", "FREGUESIA": "124", "LOCALIDADE": null, "COD_POST_4": null, "COD_POST_3": null, "COM_INT_ID": null, "COD_ACT_ECON": "51403", "DESC_ACT_ECON": "OUTROS EST. COMIDAS REFEI\u00c7\u00d5ES - 3\u00aa CAT.", "ANO": 1996, "TIPO": "Restaura\u00e7\u00e3o e Bebidas", "LOCALIZACAO": "Isolado", "C_INTEGRADO": null, "EMPRESA": "MARIA ISABEL SILVEIRA MENDES RODRIGUES MOURA", "GlobalID": "5b8ca873-cb50-45e8-9835-baed68abead1"}}, {"type": "Feature", "geometry": {"type": "Point", "coordinates": [-1023233.2107999995, 4685247.816799998]}, "properties": {"OBJECTID": 148088, "COD_SIG": null, "IDTIPO": null, "NOME": "CAF\u00c9 SIMPATIA", "REGEND": "016313", "MORADA": "CALHARIZ DE BENFICA (EST DO)", "NUM_POLICIA": "1 A", "FREGUESIA": "109", "LOCALIDADE": "LISBOA", "COD_POST_4": "1500", "COD_POST_3": "121", "COM_INT_ID": null, "COD_ACT_ECON": "51203", "DESC_ACT_ECON": "\"SNACK-BAR\" - 3\u00aa CATEGORIA", "ANO": 1996, "TIPO": "Restaura\u00e7\u00e3o e Bebidas", "LOCALIZACAO": "Isolado", "C_INTEGRADO": null, "EMPRESA": "FATIMA & GOMES ACTIVIDADES HOTELEIRAS, LDA", "GlobalID": "01e3ad5a-cfc9-4973-ae65-4fb52359d743"}}, {"type": "Feature", "geometry": {"type": "Point", "coordinates": [-1017088.7441000007, 4681171.173299998]}, "properties": {"OBJECTID": 148160, "COD_SIG": null, "IDTIPO": null, "NOME": "RUI MANUEL HENRIQUES NUNES", "REGEND": "016245", "MORADA": "MARTIN MONIZ (L)", "NUM_POLICIA": "C.C.M.MONIZ", "FREGUESIA": "121", "LOCALIDADE": null, "COD_POST_4": null, "COD_POST_3": null, "COM_INT_ID": 116, "COD_ACT_ECON": "21414", "DESC_ACT_ECON": "Brinquedos E Jogos Para Crian\u00e7as", "ANO": 1996, "TIPO": "Retalho", "LOCALIZACAO": "Integrado - outro", "C_INTEGRADO": "CENTRO COMERCIAL MARTIM MONIZ", "EMPRESA": "MARIA ISABEL SILVEIRA MENDES RODRIGUES MOURA", "GlobalID": "4c91db56-8bc8-46ff-b95f-4db40121b8a4"}}, {"type": "Feature", "geometry": {"type": "Point", "coordinates": [-1018581.4142999984, 4680940.3103]}, "properties": {"OBJECTID": 148270, "COD_SIG": null, "IDTIPO": null, "NOME": "RESTAURANTE AMENDOA AMARGA", "REGEND": "016138", "MORADA": "CECILIO DE SOUSA (R)", "NUM_POLICIA": "11", "FREGUESIA": "116", "LOCALIDADE": null, "COD_POST_4": null, "COD_POST_3": null, "COM_INT_ID": null, "COD_ACT_ECON": "51107", "DESC_ACT_ECON": "RESTAURANTE - 3\u00aa CATEGORIA", "ANO": 1996, "TIPO": "Restaura\u00e7\u00e3o e Bebidas", "LOCALIZACAO": "Isolado", "C_INTEGRADO": null, "EMPRESA": "MARIA ISABEL SILVEIRA MENDES RODRIGUES MOURA", "GlobalID": "71274e60-9cbd-42c7-acd3-a5006c6fd7dc"}}, {"type": "Feature", "geometry": {"type": "Point", "coordinates": [-1019914.7274999991, 4689233.637000002]}, "properties": {"OBJECTID": 148543, "COD_SIG": null, "IDTIPO": null, "NOME": "PETISKAKY", "REGEND": "016104", "MORADA": "Rua Lu\u00eds de Freitas Branco", "NUM_POLICIA": "42D", "FREGUESIA": "114", "LOCALIDADE": null, "COD_POST_4": "1600", "COD_POST_3": "000", "COM_INT_ID": null, "COD_ACT_ECON": "52104", "DESC_ACT_ECON": "CAFE/PASTELARIA - 3\u00aa CATEGORIA", "ANO": 1996, "TIPO": "Restaura\u00e7\u00e3o e Bebidas", "LOCALIZACAO": "Isolado", "C_INTEGRADO": null, "EMPRESA": "MARIA ISABEL SILVEIRA MENDES RODRIGUES MOURA", "GlobalID": "babbe4cb-5039-4103-b841-e03314eafa50"}}, {"type": "Feature", "geometry": {"type": "Point", "coordinates": [-1019833.9710999988, 4682170.460100003]}, "properties": {"OBJECTID": 148589, "COD_SIG": null, "IDTIPO": null, "NOME": "RESTAURANTE AVIZ DAS AMOREIRAS", "REGEND": "016240", "MORADA": "ENG DUARTE PACHECO (AV)", "NUM_POLICIA": null, "FREGUESIA": "110", "LOCALIDADE": null, "COD_POST_4": null, "COD_POST_3": null, "COM_INT_ID": 48, "COD_ACT_ECON": "51101", "DESC_ACT_ECON": "Restaurante - Luxo", "ANO": 1996, "TIPO": "Restaura\u00e7\u00e3o e Bebidas", "LOCALIZACAO": "Integrado - outro", "C_INTEGRADO": "SHOPPING CENTER AMOREIRAS", "EMPRESA": "MARIA ISABEL SILVEIRA MENDES RODRIGUES MOURA", "GlobalID": "05525362-e75e-4313-91cb-3f6b88e8c92a"}}, {"type": "Feature", "geometry": {"type": "Point", "coordinates": [-1015699.9637000002, 4684535.555]}, "properties": {"OBJECTID": 149102, "COD_SIG": null, "IDTIPO": null, "NOME": "SABAO AZUL", "REGEND": "016557", "MORADA": "ENG ARANTES DE OLIVEIRA (AV)", "NUM_POLICIA": "LT 13 A/D", "FREGUESIA": "104", "LOCALIDADE": null, "COD_POST_4": null, "COD_POST_3": null, "COM_INT_ID": 93, "COD_ACT_ECON": "21105", "DESC_ACT_ECON": "Roupa B\u00e9b\u00e9", "ANO": 1996, "TIPO": "Retalho", "LOCALIZACAO": "Integrado - outro", "C_INTEGRADO": "OLAIAS PLAZA", "EMPRESA": "MARIA ISABEL SILVEIRA MENDES RODRIGUES MOURA", "GlobalID": "d055f366-ed3c-4fff-a57a-a5155393e819"}}, {"type": "Feature", "geometry": {"type": "Point", "coordinates": [-1022282.8238000013, 4679223.091300003]}, "properties": {"OBJECTID": 149202, "COD_SIG": null, "IDTIPO": null, "NOME": "MANUEL CONCEI\u00c7AO FERREIRA", "REGEND": "016530", "MORADA": "GIL VICENTE (R)", "NUM_POLICIA": "23", "FREGUESIA": "102", "LOCALIDADE": null, "COD_POST_4": null, "COD_POST_3": null, "COM_INT_ID": null, "COD_ACT_ECON": "30004", "DESC_ACT_ECON": "Repara\u00e7\u00e3o Art. El\u00e9ct. De Uso Domest", "ANO": 1996, "TIPO": "Retalho", "LOCALIZACAO": "Isolado", "C_INTEGRADO": null, "EMPRESA": "MARIA ISABEL SILVEIRA MENDES RODRIGUES MOURA", "GlobalID": "8bc002f5-9b40-435b-bd6c-3ca30d9ca909"}}, {"type": "Feature", "geometry": {"type": "Point", "coordinates": [-1021707.3627000004, 4679594.632100001]}, "properties": {"OBJECTID": 149231, "COD_SIG": null, "IDTIPO": null, "NOME": "PORTUGAL COMPANHIA", "REGEND": "016572", "MORADA": "LUS\u00cdADAS (R DOS)", "NUM_POLICIA": "5 A", "FREGUESIA": "102", "LOCALIDADE": null, "COD_POST_4": null, "COD_POST_3": null, "COM_INT_ID": 87, "COD_ACT_ECON": "21512", "DESC_ACT_ECON": "Material El\u00e9ctrico E P/ Electr\u00f3nica", "ANO": 1996, "TIPO": "Retalho", "LOCALIZACAO": "Integrado - outro", "C_INTEGRADO": "CENTRO COMERCIAL LUS\u00cdADAS", "EMPRESA": "MARIA ISABEL SILVEIRA MENDES RODRIGUES MOURA", "GlobalID": "1c00bd9a-61b5-4675-a7ca-d373ed93d4f1"}}, {"type": "Feature", "geometry": {"type": "Point", "coordinates": [-1022444.3055999987, 4679467.935400002]}, "properties": {"OBJECTID": 150173, "COD_SIG": null, "IDTIPO": null, "NOME": "QUIOSQUE ST\u00ba AMARO", "REGEND": "016517", "MORADA": "JAU (R)", "NUM_POLICIA": "FRT N\u00ba 36", "FREGUESIA": "102", "LOCALIDADE": "LISBOA                         ", "COD_POST_4": "1300", "COD_POST_3": "314", "COM_INT_ID": null, "COD_ACT_ECON": "21403", "DESC_ACT_ECON": "Tabacaria", "ANO": 1996, "TIPO": "Retalho", "LOCALIZACAO": "Isolado", "C_INTEGRADO": null, "EMPRESA": "MARIA ISABEL SILVEIRA MENDES RODRIGUES MOURA", "GlobalID": "e732f960-45c4-428f-b71b-06c76855036a"}}, {"type": "Feature", "geometry": {"type": "Point", "coordinates": [-1023661.9996999986, 4679309.105300002]}, "properties": {"OBJECTID": 150267, "COD_SIG": null, "IDTIPO": null, "NOME": "MARIA GLORIA FERNANDES SANTOS SALVADOR", "REGEND": "016510", "MORADA": "BOA HORA (T DA) \u00c0 AJUDA", "NUM_POLICIA": "FRT N\u00ba 12 B", "FREGUESIA": "101", "LOCALIDADE": null, "COD_POST_4": null, "COD_POST_3": null, "COM_INT_ID": null, "COD_ACT_ECON": "21403", "DESC_ACT_ECON": "Tabacaria", "ANO": 1996, "TIPO": "Retalho", "LOCALIZACAO": "Isolado", "C_INTEGRADO": null, "EMPRESA": "MARIA ISABEL SILVEIRA MENDES RODRIGUES MOURA", "GlobalID": "5e45b31d-4037-4b45-ae9b-c8e2947ef63a"}}, {"type": "Feature", "geometry": {"type": "Point", "coordinates": [-1015699.9637000002, 4684535.555]}, "properties": {"OBJECTID": 150941, "COD_SIG": null, "IDTIPO": null, "NOME": "VITOR MANUEL FELICIA MARTINS", "REGEND": "016555", "MORADA": "ENG ARANTES DE OLIVEIRA (AV)", "NUM_POLICIA": "LT 13 A/D", "FREGUESIA": "104", "LOCALIDADE": null, "COD_POST_4": null, "COD_POST_3": null, "COM_INT_ID": 93, "COD_ACT_ECON": "21526", "DESC_ACT_ECON": "Outros N.E.(C.N.Alim. Diversos)", "ANO": 1996, "TIPO": "Retalho", "LOCALIZACAO": "Integrado - outro", "C_INTEGRADO": "OLAIAS PLAZA", "EMPRESA": "MARIA ISABEL SILVEIRA MENDES RODRIGUES MOURA", "GlobalID": "09cf27a3-6429-482e-8b28-1c822ae93165"}}, {"type": "Feature", "geometry": {"type": "Point", "coordinates": [-1016449.0722000003, 4685252.4646999985]}, "properties": {"OBJECTID": 150949, "COD_SIG": null, "IDTIPO": null, "NOME": "EDITORIAL NOTICIAS", "REGEND": "016569", "MORADA": "ALM GAGO COUTINHO (AV)", "NUM_POLICIA": "28", "FREGUESIA": "104", "LOCALIDADE": null, "COD_POST_4": null, "COD_POST_3": null, "COM_INT_ID": 194, "COD_ACT_ECON": "21401", "DESC_ACT_ECON": "Livrarias", "ANO": 1996, "TIPO": "Retalho", "LOCALIZACAO": "Integrado - outro", "C_INTEGRADO": "CINEMA ALFA", "EMPRESA": "OFICINA DO LIVRO - SOCIEDADE EDITORIAL, LDA", "GlobalID": "18ed3e48-c9aa-4d2a-bb2d-26b4571aa298"}}, {"type": "Feature", "geometry": {"type": "Point", "coordinates": [-1015699.9637000002, 4684535.555]}, "properties": {"OBJECTID": 150950, "COD_SIG": null, "IDTIPO": null, "NOME": "O BOTICARIO", "REGEND": "016565", "MORADA": "ENG ARANTES DE OLIVEIRA (AV)", "NUM_POLICIA": "LT 13 A/D", "FREGUESIA": "104", "LOCALIDADE": null, "COD_POST_4": null, "COD_POST_3": null, "COM_INT_ID": 93, "COD_ACT_ECON": "21302", "DESC_ACT_ECON": "Perfumarias", "ANO": 1996, "TIPO": "Retalho", "LOCALIZACAO": "Integrado - outro", "C_INTEGRADO": "OLAIAS PLAZA", "EMPRESA": "MARIA ISABEL SILVEIRA MENDES RODRIGUES MOURA", "GlobalID": "9a1e5f72-50f3-4f84-875d-989858c90a68"}}, {"type": "Feature", "geometry": {"type": "Point", "coordinates": [-1016890.2292999998, 4680158.079599999]}, "properties": {"OBJECTID": 151127, "COD_SIG": null, "IDTIPO": null, "NOME": "SA PAIVA", "REGEND": "016879", "MORADA": "MADALENA (R DA)", "NUM_POLICIA": "52", "FREGUESIA": "121", "LOCALIDADE": null, "COD_POST_4": null, "COD_POST_3": null, "COM_INT_ID": null, "COD_ACT_ECON": "21302", "DESC_ACT_ECON": "Perfumarias", "ANO": 1996, "TIPO": "Retalho", "LOCALIZACAO": "Isolado", "C_INTEGRADO": null, "EMPRESA": "MARIA ISABEL SILVEIRA MENDES RODRIGUES MOURA", "GlobalID": "3d7c3117-c358-4315-8e27-30e915581474"}}, {"type": "Feature", "geometry": {"type": "Point", "coordinates": [-1024485.6526999995, 4686077.8869]}, "properties": {"OBJECTID": 151489, "COD_SIG": null, "IDTIPO": null, "NOME": "PAULA ROSA LINGERIE", "REGEND": "016748", "MORADA": "BENFICA (EST DE)", "NUM_POLICIA": "731 A", "FREGUESIA": "109", "LOCALIDADE": null, "COD_POST_4": null, "COD_POST_3": null, "COM_INT_ID": 92, "COD_ACT_ECON": "21106", "DESC_ACT_ECON": "Roupa Interior", "ANO": 1996, "TIPO": "Retalho", "LOCALIZACAO": "Integrado - outro", "C_INTEGRADO": "SHOPPING CENTER NEVADA", "EMPRESA": "MARIA ISABEL SILVEIRA MENDES RODRIGUES MOURA", "GlobalID": "9f354483-f40c-4700-8a26-6a08d8d9db0c"}}, {"type": "Feature", "geometry": {"type": "Point", "coordinates": [-1017542.3355999999, 4685582.413900003]}, "properties": {"OBJECTID": 151737, "COD_SIG": null, "IDTIPO": null, "NOME": "MALAS CZAR", "REGEND": "016684", "MORADA": "ROMA (AV)", "NUM_POLICIA": "48 B", "FREGUESIA": "103", "LOCALIDADE": null, "COD_POST_4": null, "COD_POST_3": null, "COM_INT_ID": 104, "COD_ACT_ECON": "21116", "DESC_ACT_ECON": "ARTIGOS DE PELE/CAL\u00c7ADO/MARROQUINARIA", "ANO": 1996, "TIPO": "Retalho", "LOCALIZACAO": "Integrado - outro", "C_INTEGRADO": "CENTRO COMERCIAL ROMA", "EMPRESA": "MARIA ISABEL SILVEIRA MENDES RODRIGUES MOURA", "GlobalID": "83d20c24-3c34-4e11-915e-846886fee5e8"}}, {"type": "Feature", "geometry": {"type": "Point", "coordinates": [-1017542.3355999999, 4685582.413800001]}, "properties": {"OBJECTID": 152152, "COD_SIG": null, "IDTIPO": null, "NOME": "PINKY", "REGEND": "016639", "MORADA": "ROMA (AV)", "NUM_POLICIA": "48 B", "FREGUESIA": "103", "LOCALIDADE": "LISBOA", "COD_POST_4": "1700", "COD_POST_3": "348", "COM_INT_ID": 104, "COD_ACT_ECON": "21302", "DESC_ACT_ECON": "Perfumarias", "ANO": 1996, "TIPO": "Retalho", "LOCALIZACAO": "Integrado - outro", "C_INTEGRADO": "CENTRO COMERCIAL ROMA", "EMPRESA": "MARIA ISABEL SILVEIRA MENDES RODRIGUES MOURA", "GlobalID": "b0788724-b430-4216-a2b8-e179983ebb5f"}}, {"type": "Feature", "geometry": {"type": "Point", "coordinates": [-1017527.6303999983, 4685599.759000003]}, "properties": {"OBJECTID": 152167, "COD_SIG": null, "IDTIPO": null, "NOME": "JEANS BANK", "REGEND": "016635", "MORADA": "ROMA (AV)", "NUM_POLICIA": "48 B", "FREGUESIA": "103", "LOCALIDADE": "LISBOA", "COD_POST_4": "1700", "COD_POST_3": "348", "COM_INT_ID": 104, "COD_ACT_ECON": "21101", "DESC_ACT_ECON": "Artigos Vestu\u00e1rio Diverso (Misto)", "ANO": 1996, "TIPO": "Retalho", "LOCALIZACAO": "Integrado - outro", "C_INTEGRADO": "CENTRO COMERCIAL ROMA", "EMPRESA": "MARIA ISABEL SILVEIRA MENDES RODRIGUES MOURA", "GlobalID": "e61df07c-215a-408b-b6df-84271f87a08e"}}, {"type": "Feature", "geometry": {"type": "Point", "coordinates": [-1023650.6823999994, 4679877.9777000025]}, "properties": {"OBJECTID": 152183, "COD_SIG": null, "IDTIPO": null, "NOME": "QUIOSQUE D CARLOS", "REGEND": "016480", "MORADA": "AJUDA (L DA)", "NUM_POLICIA": "FRT N\u00ba 8", "FREGUESIA": "101", "LOCALIDADE": null, "COD_POST_4": null, "COD_POST_3": null, "COM_INT_ID": null, "COD_ACT_ECON": "21403", "DESC_ACT_ECON": "Tabacaria", "ANO": 1996, "TIPO": "Retalho", "LOCALIZACAO": "Isolado", "C_INTEGRADO": null, "EMPRESA": "MARIA ISABEL SILVEIRA MENDES RODRIGUES MOURA", "GlobalID": "5f861750-d62b-4d05-9978-5986a59ecd08"}}, {"type": "Feature", "geometry": {"type": "Point", "coordinates": [-1015282.5478000008, 4681200.6822]}, "properties": {"OBJECTID": 152194, "COD_SIG": null, "IDTIPO": null, "NOME": "MARQUES E EUGENIO", "REGEND": "016473", "MORADA": "BICA DO SAPATO (R DA)", "NUM_POLICIA": "16 A", "FREGUESIA": "124", "LOCALIDADE": null, "COD_POST_4": null, "COD_POST_3": null, "COM_INT_ID": null, "COD_ACT_ECON": "51203", "DESC_ACT_ECON": "\"SNACK-BAR\" - 3\u00aa CATEGORIA", "ANO": 1996, "TIPO": "Restaura\u00e7\u00e3o e Bebidas", "LOCALIZACAO": "Isolado", "C_INTEGRADO": null, "EMPRESA": "MARIA ISABEL SILVEIRA MENDES RODRIGUES MOURA", "GlobalID": "b2f201b7-42e8-43b0-a53d-2971384187c6"}}, {"type": "Feature", "geometry": {"type": "Point", "coordinates": [-1018493.8563000001, 4686750.898800001]}, "properties": {"OBJECTID": 152287, "COD_SIG": null, "IDTIPO": null, "NOME": "BALAO PEQUENO", "REGEND": "016701", "MORADA": "BRASIL (AV DO)", "NUM_POLICIA": "43 A", "FREGUESIA": "103", "LOCALIDADE": null, "COD_POST_4": null, "COD_POST_3": null, "COM_INT_ID": 54, "COD_ACT_ECON": "21520", "DESC_ACT_ECON": "Prendas", "ANO": 1996, "TIPO": "Retalho", "LOCALIZACAO": "Integrado - outro", "C_INTEGRADO": "CENTRO COMERCIAL BRASIL", "EMPRESA": "MARIA ISABEL SILVEIRA MENDES RODRIGUES MOURA", "GlobalID": "b7ed3fe9-f4cb-4e94-9a4a-dfd8624806f7"}}, {"type": "Feature", "geometry": {"type": "Point", "coordinates": [-1018493.8563000001, 4686750.898800001]}, "properties": {"OBJECTID": 152485, "COD_SIG": null, "IDTIPO": null, "NOME": "O CAFE EM GRAO", "REGEND": "016702", "MORADA": "BRASIL (AV DO)", "NUM_POLICIA": "43 A", "FREGUESIA": "103", "LOCALIDADE": null, "COD_POST_4": null, "COD_POST_3": null, "COM_INT_ID": 54, "COD_ACT_ECON": "11015", "DESC_ACT_ECON": "Bombons E Chocolates", "ANO": 1996, "TIPO": "Retalho", "LOCALIZACAO": "Integrado - outro", "C_INTEGRADO": "CENTRO COMERCIAL BRASIL", "EMPRESA": "MARIA ISABEL SILVEIRA MENDES RODRIGUES MOURA", "GlobalID": "74f9c284-a9b3-476a-b1f4-5c235d077217"}}, {"type": "Feature", "geometry": {"type": "Point", "coordinates": [-1017542.3355999999, 4685582.413800001]}, "properties": {"OBJECTID": 152774, "COD_SIG": null, "IDTIPO": null, "NOME": "NA MAIOR", "REGEND": "016640", "MORADA": "ROMA (AV)", "NUM_POLICIA": "48 B", "FREGUESIA": "103", "LOCALIDADE": "LISBOA", "COD_POST_4": "1700", "COD_POST_3": "348", "COM_INT_ID": 104, "COD_ACT_ECON": "21406", "DESC_ACT_ECON": "Artigos De Desporto", "ANO": 1996, "TIPO": "Retalho", "LOCALIZACAO": "Integrado - outro", "C_INTEGRADO": "CENTRO COMERCIAL ROMA", "EMPRESA": "COMPANHIA DOS GRANDES ARMAZ\u00c9NS ALCOBIA, SA", "GlobalID": "e2721773-9dd8-4c73-b7c2-19647b62a872"}}, {"type": "Feature", "geometry": {"type": "Point", "coordinates": [-1024485.6526999995, 4686077.8869]}, "properties": {"OBJECTID": 152844, "COD_SIG": null, "IDTIPO": null, "NOME": "ANA SOFT", "REGEND": "016745", "MORADA": "Estrada de Benfica", "NUM_POLICIA": "731A", "FREGUESIA": "109", "LOCALIDADE": "LISBOA", "COD_POST_4": "1500", "COD_POST_3": "089", "COM_INT_ID": 92, "COD_ACT_ECON": "21412", "DESC_ACT_ECON": "Material Fotogr\u00e1fico,Cinema", "ANO": 1996, "TIPO": "Retalho", "LOCALIZACAO": "Integrado - outro", "C_INTEGRADO": "SHOPPING CENTER NEVADA", "EMPRESA": "MARIA ISABEL SILVEIRA MENDES RODRIGUES MOURA", "GlobalID": "4494a928-9901-439f-a547-3ed3d2776b56"}}, {"type": "Feature", "geometry": {"type": "Point", "coordinates": [-1017776.131000001, 4684487.024899997]}, "properties": {"OBJECTID": 152887, "COD_SIG": null, "IDTIPO": null, "NOME": "EMAPSA", "REGEND": "017051", "MORADA": "ELIAS GARCIA (AV)", "NUM_POLICIA": "6", "FREGUESIA": "106", "LOCALIDADE": null, "COD_POST_4": null, "COD_POST_3": null, "COM_INT_ID": null, "COD_ACT_ECON": "30001", "DESC_ACT_ECON": "Repara\u00e7\u00e3o De Ve\u00edculos Autom\u00f3veis", "ANO": 1996, "TIPO": "Retalho", "LOCALIZACAO": "Isolado", "C_INTEGRADO": null, "EMPRESA": "MARIA ISABEL SILVEIRA MENDES RODRIGUES MOURA", "GlobalID": "771dafc6-177f-460b-85f2-461af0fdc167"}}, {"type": "Feature", "geometry": {"type": "Point", "coordinates": [-1017088.7441000007, 4681171.173299998]}, "properties": {"OBJECTID": 152916, "COD_SIG": null, "IDTIPO": null, "NOME": "CHANGE YOUR LOOK", "REGEND": "017154", "MORADA": "MARTIN MONIZ (L)", "NUM_POLICIA": "C.C.M.MONIZ", "FREGUESIA": "121", "LOCALIDADE": null, "COD_POST_4": null, "COD_POST_3": null, "COM_INT_ID": 116, "COD_ACT_ECON": "21101", "DESC_ACT_ECON": "Artigos Vestu\u00e1rio Diverso (Misto)", "ANO": 1996, "TIPO": "Retalho", "LOCALIZACAO": "Integrado - outro", "C_INTEGRADO": "CENTRO COMERCIAL MARTIM MONIZ", "EMPRESA": "MARIA ISABEL SILVEIRA MENDES RODRIGUES MOURA", "GlobalID": "dc734db6-afde-4538-bd10-4fd5eb4414d9"}}, {"type": "Feature", "geometry": {"type": "Point", "coordinates": [-1017448.1510999985, 4680732.314900003]}, "properties": {"OBJECTID": 152917, "COD_SIG": null, "IDTIPO": null, "NOME": "JOS\u00c9 PATROC\u00cdNIO GARRILHO", "REGEND": "017157", "MORADA": "D PEDRO IV (PR DE) ROSSIO", "NUM_POLICIA": "FRT N\u00ba 40", "FREGUESIA": "121", "LOCALIDADE": "LISBOA                         ", "COD_POST_4": "1100", "COD_POST_3": "200", "COM_INT_ID": null, "COD_ACT_ECON": "21403", "DESC_ACT_ECON": "Tabacaria", "ANO": 1996, "TIPO": "Retalho", "LOCALIZACAO": "Isolado", "C_INTEGRADO": null, "EMPRESA": "MARIA ISABEL SILVEIRA MENDES RODRIGUES MOURA", "GlobalID": "b11b84a7-b122-49fc-9b07-aebdf7e9ebc5"}}, {"type": "Feature", "geometry": {"type": "Point", "coordinates": [-1017088.7441000007, 4681171.173299998]}, "properties": {"OBJECTID": 152928, "COD_SIG": null, "IDTIPO": null, "NOME": "EXPO MATIAS", "REGEND": "017160", "MORADA": "MARTIN MONIZ (L)", "NUM_POLICIA": "C.C.M.MONIZ", "FREGUESIA": "121", "LOCALIDADE": null, "COD_POST_4": null, "COD_POST_3": null, "COM_INT_ID": 116, "COD_ACT_ECON": "21214", "DESC_ACT_ECON": "Loi\u00e7as/Vidros", "ANO": 1996, "TIPO": "Retalho", "LOCALIZACAO": "Integrado - outro", "C_INTEGRADO": "CENTRO COMERCIAL MARTIM MONIZ", "EMPRESA": "MARIA ISABEL SILVEIRA MENDES RODRIGUES MOURA", "GlobalID": "f2f7ef89-5a8a-468b-8d0b-ea2e44f127f8"}}, {"type": "Feature", "geometry": {"type": "Point", "coordinates": [-1017088.7441000007, 4681171.173299998]}, "properties": {"OBJECTID": 152940, "COD_SIG": null, "IDTIPO": null, "NOME": "CANA", "REGEND": "017140", "MORADA": "MARTIN MONIZ (L)", "NUM_POLICIA": "C.C.M.MONIZ", "FREGUESIA": "121", "LOCALIDADE": null, "COD_POST_4": null, "COD_POST_3": null, "COM_INT_ID": 116, "COD_ACT_ECON": "21518", "DESC_ACT_ECON": "Artesanato", "ANO": 1996, "TIPO": "Retalho", "LOCALIZACAO": "Integrado - outro", "C_INTEGRADO": "CENTRO COMERCIAL MARTIM MONIZ", "EMPRESA": "MARIA ISABEL SILVEIRA MENDES RODRIGUES MOURA", "GlobalID": "939b5de8-a57e-48f6-b967-3eb8f55b3218"}}, {"type": "Feature", "geometry": {"type": "Point", "coordinates": [-1015398.0747000016, 4686938.017700002]}, "properties": {"OBJECTID": 152984, "COD_SIG": null, "IDTIPO": null, "NOME": "PRINCESA DE CHELAS", "REGEND": "016937", "MORADA": "DOMINGOS PARENTE (R)", "NUM_POLICIA": "LT 247", "FREGUESIA": "115", "LOCALIDADE": null, "COD_POST_4": null, "COD_POST_3": null, "COM_INT_ID": 144, "COD_ACT_ECON": "21101", "DESC_ACT_ECON": "Artigos Vestu\u00e1rio Diverso (Misto)", "ANO": 1996, "TIPO": "Retalho", "LOCALIZACAO": "Integrado - outro", "C_INTEGRADO": "GALERIA EDIF\u00cdCIO TORRE NOVA", "EMPRESA": "MARIA ISABEL SILVEIRA MENDES RODRIGUES MOURA", "GlobalID": "9a59645c-544d-4e41-ace5-3271d5c42481"}}, {"type": "Feature", "geometry": {"type": "Point", "coordinates": [-1017088.7441000007, 4681171.173299998]}, "properties": {"OBJECTID": 153025, "COD_SIG": null, "IDTIPO": null, "NOME": "MICRO MANIA", "REGEND": "017143", "MORADA": "MARTIN MONIZ (L)", "NUM_POLICIA": "C.C.M.MONIZ", "FREGUESIA": "121", "LOCALIDADE": null, "COD_POST_4": null, "COD_POST_3": null, "COM_INT_ID": 116, "COD_ACT_ECON": "21415", "DESC_ACT_ECON": "Outros N.E.(C.N.Alim.Cultura/Lazer)", "ANO": 1996, "TIPO": "Retalho", "LOCALIZACAO": "Integrado - outro", "C_INTEGRADO": "CENTRO COMERCIAL MARTIM MONIZ", "EMPRESA": "MARIA ISABEL SILVEIRA MENDES RODRIGUES MOURA", "GlobalID": "c418a872-61d2-4760-b3f6-b06c7b865474"}}, {"type": "Feature", "geometry": {"type": "Point", "coordinates": [-1017088.7441000007, 4681171.173299998]}, "properties": {"OBJECTID": 153026, "COD_SIG": null, "IDTIPO": null, "NOME": "ROCK SOLA", "REGEND": "017146", "MORADA": "MARTIN MONIZ (L)", "NUM_POLICIA": "C.C.M.MONIZ", "FREGUESIA": "121", "LOCALIDADE": null, "COD_POST_4": null, "COD_POST_3": null, "COM_INT_ID": 116, "COD_ACT_ECON": "21115", "DESC_ACT_ECON": "Sapatarias", "ANO": 1996, "TIPO": "Retalho", "LOCALIZACAO": "Integrado - outro", "C_INTEGRADO": "CENTRO COMERCIAL MARTIM MONIZ", "EMPRESA": "MARIA ISABEL SILVEIRA MENDES RODRIGUES MOURA", "GlobalID": "59e4cca6-6be5-4c42-90cf-ec84a22593bb"}}, {"type": "Feature", "geometry": {"type": "Point", "coordinates": [-1017088.7441000007, 4681171.173299998]}, "properties": {"OBJECTID": 153031, "COD_SIG": null, "IDTIPO": null, "NOME": "CASA GAMA", "REGEND": "017159", "MORADA": "MARTIN MONIZ (L)", "NUM_POLICIA": "C.C.M.MONIZ", "FREGUESIA": "121", "LOCALIDADE": "LISBOA                         ", "COD_POST_4": "1100", "COD_POST_3": "341", "COM_INT_ID": 116, "COD_ACT_ECON": "21402", "DESC_ACT_ECON": "Papelarias (Art. Escrit.,Jornais ..)", "ANO": 1996, "TIPO": "Retalho", "LOCALIZACAO": "Integrado - outro", "C_INTEGRADO": "CENTRO COMERCIAL MARTIM MONIZ", "EMPRESA": "MARIA ISABEL SILVEIRA MENDES RODRIGUES MOURA", "GlobalID": "037cfa47-a79b-42f4-81a6-5ffecf573360"}}, {"type": "Feature", "geometry": {"type": "Point", "coordinates": [-1018179.1799999997, 4683825.476999998]}, "properties": {"OBJECTID": 153233, "COD_SIG": null, "IDTIPO": null, "NOME": "RAGUIDA", "REGEND": "017033", "MORADA": "DUQUE DE AVILA (AV)", "NUM_POLICIA": "42 B", "FREGUESIA": "106", "LOCALIDADE": "LISBOA", "COD_POST_4": "1050", "COD_POST_3": "083", "COM_INT_ID": null, "COD_ACT_ECON": "21211", "DESC_ACT_ECON": "Electrodom\u00e9sticos", "ANO": 1996, "TIPO": "Retalho", "LOCALIZACAO": "Isolado", "C_INTEGRADO": null, "EMPRESA": "MARIA ISABEL SILVEIRA MENDES RODRIGUES MOURA", "GlobalID": "1c2932e0-cd83-4cb2-b7fd-7dce13cf3a59"}}, {"type": "Feature", "geometry": {"type": "Point", "coordinates": [-1019457.1671000011, 4685232.9133]}, "properties": {"OBJECTID": 153238, "COD_SIG": null, "IDTIPO": null, "NOME": "J. HENRIQUE", "REGEND": "017101", "MORADA": "ALFREDO ROQUE GAMEIRO (R)", "NUM_POLICIA": "13 A", "FREGUESIA": "106", "LOCALIDADE": null, "COD_POST_4": null, "COD_POST_3": null, "COM_INT_ID": null, "COD_ACT_ECON": "11012", "DESC_ACT_ECON": "Produtos Congelados", "ANO": 1996, "TIPO": "Retalho", "LOCALIZACAO": "Isolado", "C_INTEGRADO": null, "EMPRESA": "MARIA ISABEL SILVEIRA MENDES RODRIGUES MOURA", "GlobalID": "de672f1b-77d5-4436-a296-0a66d3326b4a"}}, {"type": "Feature", "geometry": {"type": "Point", "coordinates": [-1014539.2553999983, 4685156.0200999975]}, "properties": {"OBJECTID": 153279, "COD_SIG": null, "IDTIPO": null, "NOME": "ALBERTO AGOSTINHO CARDOSO COELHO", "REGEND": "016979", "MORADA": "JO\u00c3O PAULO II (AV)", "NUM_POLICIA": "LT 550 LJ 16", "FREGUESIA": "115", "LOCALIDADE": null, "COD_POST_4": null, "COD_POST_3": null, "COM_INT_ID": null, "COD_ACT_ECON": "11004", "DESC_ACT_ECON": "Peixarias (Frescos E Congelados)", "ANO": 1996, "TIPO": "Retalho", "LOCALIZACAO": "Isolado", "C_INTEGRADO": null, "EMPRESA": "MARIA ISABEL SILVEIRA MENDES RODRIGUES MOURA", "GlobalID": "ed9c1105-b535-4bde-9b40-a5496f84a316"}}, {"type": "Feature", "geometry": {"type": "Point", "coordinates": [-1017352.3465000018, 4680922.204000004]}, "properties": {"OBJECTID": 153359, "COD_SIG": null, "IDTIPO": null, "NOME": "MARIA DE LURDES MARTINS NATARIO", "REGEND": "017120", "MORADA": "S DOMINGOS (L DE)", "NUM_POLICIA": "FRT TEATRO", "FREGUESIA": "121", "LOCALIDADE": null, "COD_POST_4": null, "COD_POST_3": null, "COM_INT_ID": null, "COD_ACT_ECON": "21403", "DESC_ACT_ECON": "Tabacaria", "ANO": 1996, "TIPO": "Retalho", "LOCALIZACAO": "Isolado", "C_INTEGRADO": null, "EMPRESA": "MARIA ISABEL SILVEIRA MENDES RODRIGUES MOURA", "GlobalID": "cfbd5be3-a8cd-419f-a31c-4381c92be2eb"}}, {"type": "Feature", "geometry": {"type": "Point", "coordinates": [-1018230.685899999, 4685051.3456000015]}, "properties": {"OBJECTID": 153379, "COD_SIG": null, "IDTIPO": null, "NOME": "GIANFRANCO FERRE", "REGEND": "017212", "MORADA": "REP\u00daBLICA (AV) AO SALDANHA", "NUM_POLICIA": "62 B", "FREGUESIA": "106", "LOCALIDADE": null, "COD_POST_4": null, "COD_POST_3": null, "COM_INT_ID": null, "COD_ACT_ECON": "21102", "DESC_ACT_ECON": "Artigos Vestu\u00e1rio Homem", "ANO": 1996, "TIPO": "Retalho", "LOCALIZACAO": "Isolado", "C_INTEGRADO": null, "EMPRESA": "MARIA ISABEL SILVEIRA MENDES RODRIGUES MOURA", "GlobalID": "708457d1-91e7-4ea4-80cd-1961cdd72918"}}, {"type": "Feature", "geometry": {"type": "Point", "coordinates": [-1018740.1684999987, 4680328.570500001]}, "properties": {"OBJECTID": 153617, "COD_SIG": null, "IDTIPO": null, "NOME": "ARNEDO E GON\u00c7ALVES", "REGEND": "016964", "MORADA": "POIAIS DE S BENTO (R DOS)", "NUM_POLICIA": "92", "FREGUESIA": "116", "LOCALIDADE": null, "COD_POST_4": null, "COD_POST_3": null, "COM_INT_ID": null, "COD_ACT_ECON": "21403", "DESC_ACT_ECON": "Tabacaria", "ANO": 1996, "TIPO": "Retalho", "LOCALIZACAO": "Isolado", "C_INTEGRADO": null, "EMPRESA": "MARIA ISABEL SILVEIRA MENDES RODRIGUES MOURA", "GlobalID": "870d10d3-9eef-4e31-a631-fd75abc4336a"}}, {"type": "Feature", "geometry": {"type": "Point", "coordinates": [-1018267.5898999982, 4684354.290100001]}, "properties": {"OBJECTID": 153643, "COD_SIG": null, "IDTIPO": null, "NOME": "IBERTON", "REGEND": "017050", "MORADA": "ELIAS GARCIA (AV)", "NUM_POLICIA": "81", "FREGUESIA": "106", "LOCALIDADE": null, "COD_POST_4": null, "COD_POST_3": null, "COM_INT_ID": null, "COD_ACT_ECON": "21103", "DESC_ACT_ECON": "Artigos Vestu\u00e1rio Senhora (Boutique)", "ANO": 1996, "TIPO": "Retalho", "LOCALIZACAO": "Isolado", "C_INTEGRADO": null, "EMPRESA": "MARIA ISABEL SILVEIRA MENDES RODRIGUES MOURA", "GlobalID": "4242d510-fdfa-4db5-bff9-5b8c0d688cb3"}}, {"type": "Feature", "geometry": {"type": "Point", "coordinates": [-1017088.7441000007, 4681171.173299998]}, "properties": {"OBJECTID": 153652, "COD_SIG": null, "IDTIPO": null, "NOME": "JOSE CARLOS BALDE", "REGEND": "017145", "MORADA": "MARTIN MONIZ (L)", "NUM_POLICIA": "C.C.M.MONIZ", "FREGUESIA": "121", "LOCALIDADE": null, "COD_POST_4": null, "COD_POST_3": null, "COM_INT_ID": 116, "COD_ACT_ECON": "21101", "DESC_ACT_ECON": "Artigos Vestu\u00e1rio Diverso (Misto)", "ANO": 1996, "TIPO": "Retalho", "LOCALIZACAO": "Integrado - outro", "C_INTEGRADO": "CENTRO COMERCIAL MARTIM MONIZ", "EMPRESA": "MARIA ISABEL SILVEIRA MENDES RODRIGUES MOURA", "GlobalID": "639973fb-6c57-4d04-9fbd-a095df8c02c2"}}, {"type": "Feature", "geometry": {"type": "Point", "coordinates": [-1017088.7441000007, 4681171.173299998]}, "properties": {"OBJECTID": 153654, "COD_SIG": null, "IDTIPO": null, "NOME": "IDEIAS DOCES", "REGEND": "017152", "MORADA": "MARTIN MONIZ (L)", "NUM_POLICIA": "C.C.M.MONIZ", "FREGUESIA": "121", "LOCALIDADE": null, "COD_POST_4": null, "COD_POST_3": null, "COM_INT_ID": 116, "COD_ACT_ECON": "11015", "DESC_ACT_ECON": "Bombons E Chocolates", "ANO": 1996, "TIPO": "Retalho", "LOCALIZACAO": "Integrado - outro", "C_INTEGRADO": "CENTRO COMERCIAL MARTIM MONIZ", "EMPRESA": "MARIA ISABEL SILVEIRA MENDES RODRIGUES MOURA", "GlobalID": "80e85148-87ca-4f7e-951d-18043c01527d"}}, {"type": "Feature", "geometry": {"type": "Point", "coordinates": [-1017088.7441000007, 4681171.173299998]}, "properties": {"OBJECTID": 153661, "COD_SIG": null, "IDTIPO": null, "NOME": "AREZ E FERREIRA", "REGEND": "017166", "MORADA": "MARTIN MONIZ (L)", "NUM_POLICIA": "C.C.M.MONIZ", "FREGUESIA": "121", "LOCALIDADE": null, "COD_POST_4": null, "COD_POST_3": null, "COM_INT_ID": 116, "COD_ACT_ECON": "21115", "DESC_ACT_ECON": "Sapatarias", "ANO": 1996, "TIPO": "Retalho", "LOCALIZACAO": "Integrado - outro", "C_INTEGRADO": "CENTRO COMERCIAL MARTIM MONIZ", "EMPRESA": "MARIA ISABEL SILVEIRA MENDES RODRIGUES MOURA", "GlobalID": "43cdfd10-363f-4b6f-9975-1a95c6dfd7d2"}}, {"type": "Feature", "geometry": {"type": "Point", "coordinates": [-1017088.7441000007, 4681171.173299998]}, "properties": {"OBJECTID": 153663, "COD_SIG": null, "IDTIPO": null, "NOME": "ROSA RUBRA", "REGEND": "017138", "MORADA": "MARTIN MONIZ (L)", "NUM_POLICIA": "C.C.M.MONIZ", "FREGUESIA": "121", "LOCALIDADE": null, "COD_POST_4": null, "COD_POST_3": null, "COM_INT_ID": 116, "COD_ACT_ECON": "21409", "DESC_ACT_ECON": "Artigos Jardinagem/Flores/Plantas", "ANO": 1996, "TIPO": "Retalho", "LOCALIZACAO": "Integrado - outro", "C_INTEGRADO": "CENTRO COMERCIAL MARTIM MONIZ", "EMPRESA": "MARIA ISABEL SILVEIRA MENDES RODRIGUES MOURA", "GlobalID": "944413e7-296f-4871-b962-292bb6c75f5c"}}, {"type": "Feature", "geometry": {"type": "Point", "coordinates": [-1017901.6096000001, 4680418.870800003]}, "properties": {"OBJECTID": 153723, "COD_SIG": null, "IDTIPO": null, "NOME": "KARNAK", "REGEND": "016857", "MORADA": "ESPERA (T DA)", "NUM_POLICIA": "17", "FREGUESIA": "116", "LOCALIDADE": null, "COD_POST_4": null, "COD_POST_3": null, "COM_INT_ID": null, "COD_ACT_ECON": "21101", "DESC_ACT_ECON": "Artigos Vestu\u00e1rio Diverso (Misto)", "ANO": 1996, "TIPO": "Retalho", "LOCALIZACAO": "Isolado", "C_INTEGRADO": null, "EMPRESA": "MARIA ISABEL SILVEIRA MENDES RODRIGUES MOURA", "GlobalID": "e7fb30be-05f3-46a2-8da7-32b17781ca9b"}}, {"type": "Feature", "geometry": {"type": "Point", "coordinates": [-1017043.8586000018, 4680979.6647000015]}, "properties": {"OBJECTID": 153763, "COD_SIG": null, "IDTIPO": null, "NOME": "TORPEDO", "REGEND": "017153", "MORADA": "MARTIN MONIZ (L)", "NUM_POLICIA": "C.C.M.MONIZ", "FREGUESIA": "121", "LOCALIDADE": null, "COD_POST_4": null, "COD_POST_3": null, "COM_INT_ID": 116, "COD_ACT_ECON": "21411", "DESC_ACT_ECON": "Discos/Cassetes Audio E Video", "ANO": 1996, "TIPO": "Retalho", "LOCALIZACAO": "Integrado - outro", "C_INTEGRADO": "CENTRO COMERCIAL MARTIM MONIZ", "EMPRESA": "MARIA ISABEL SILVEIRA MENDES RODRIGUES MOURA", "GlobalID": "66aa4671-ddb4-4a70-a756-b8c2f656a3d4"}}, {"type": "Feature", "geometry": {"type": "Point", "coordinates": [-1019025.7518000007, 4685064.466799997]}, "properties": {"OBJECTID": 153772, "COD_SIG": null, "IDTIPO": null, "NOME": "ABRILHANTINA", "REGEND": "017229", "MORADA": "SOUSA LOPES (R)", "NUM_POLICIA": "LT PQRS", "FREGUESIA": "106", "LOCALIDADE": null, "COD_POST_4": null, "COD_POST_3": null, "COM_INT_ID": 74, "COD_ACT_ECON": "21101", "DESC_ACT_ECON": "Artigos Vestu\u00e1rio Diverso (Misto)", "ANO": 1996, "TIPO": "Retalho", "LOCALIZACAO": "Integrado - outro", "C_INTEGRADO": "CENTRO COMERCIAL GEMINI", "EMPRESA": "MARIA ISABEL SILVEIRA MENDES RODRIGUES MOURA", "GlobalID": "ce2542af-0990-4fe9-ab6d-6eb58754a1a4"}}, {"type": "Feature", "geometry": {"type": "Point", "coordinates": [-1024485.6526999995, 4686077.8869]}, "properties": {"OBJECTID": 153799, "COD_SIG": null, "IDTIPO": null, "NOME": "COKELL", "REGEND": "016750", "MORADA": "Estrada de Benfica", "NUM_POLICIA": "731A", "FREGUESIA": "109", "LOCALIDADE": "LISBOA", "COD_POST_4": "1500", "COD_POST_3": "089", "COM_INT_ID": 92, "COD_ACT_ECON": "21104", "DESC_ACT_ECON": "Artigos Vestu\u00e1rio Crian\u00e7a", "ANO": 1996, "TIPO": "Retalho", "LOCALIZACAO": "Integrado - outro", "C_INTEGRADO": "SHOPPING CENTER NEVADA", "EMPRESA": "MARIA LURDES ABRANCHES VANDER KELLER", "GlobalID": "035fe322-c389-43d1-9c31-1b2ced92c1e7"}}, {"type": "Feature", "geometry": {"type": "Point", "coordinates": [-1015472.7432999983, 4687330.694200002]}, "properties": {"OBJECTID": 153915, "COD_SIG": null, "IDTIPO": null, "NOME": "ANIBAL JOSE ARRUDA MIRANDA LEITE", "REGEND": "016986", "MORADA": "NORTE JUNIOR (R)", "NUM_POLICIA": "LT 232 LJ120", "FREGUESIA": "115", "LOCALIDADE": null, "COD_POST_4": null, "COD_POST_3": null, "COM_INT_ID": null, "COD_ACT_ECON": "21206", "DESC_ACT_ECON": "M\u00f3veis E Colchoaria (Interior)", "ANO": 1996, "TIPO": "Retalho", "LOCALIZACAO": "Isolado", "C_INTEGRADO": null, "EMPRESA": "MARIA ISABEL SILVEIRA MENDES RODRIGUES MOURA", "GlobalID": "1800e5cc-c616-465e-baeb-bb9d2ba94fff"}}, {"type": "Feature", "geometry": {"type": "Point", "coordinates": [-1015463.4065999985, 4687311.020400003]}, "properties": {"OBJECTID": 154011, "COD_SIG": null, "IDTIPO": null, "NOME": "DULIA CONCEI\u00c7AO CORREIA BOU\u00c7A LOPES", "REGEND": "016988", "MORADA": "NORTE JUNIOR (R)", "NUM_POLICIA": "LT 232 LJ123", "FREGUESIA": "115", "LOCALIDADE": null, "COD_POST_4": null, "COD_POST_3": null, "COM_INT_ID": null, "COD_ACT_ECON": "11007", "DESC_ACT_ECON": "Padarias", "ANO": 1996, "TIPO": "Retalho", "LOCALIZACAO": "Isolado", "C_INTEGRADO": null, "EMPRESA": "MARIA ISABEL SILVEIRA MENDES RODRIGUES MOURA", "GlobalID": "e5bdab1f-8707-4aac-a8df-d3b8e1eeaac5"}}, {"type": "Feature", "geometry": {"type": "Point", "coordinates": [-1018321.9946999997, 4684527.235799998]}, "properties": {"OBJECTID": 154039, "COD_SIG": null, "IDTIPO": null, "NOME": "MOCAR", "REGEND": "017041", "MORADA": "BARBOSA DU BOCAGE (AV)", "NUM_POLICIA": "98 A", "FREGUESIA": "106", "LOCALIDADE": null, "COD_POST_4": null, "COD_POST_3": null, "COM_INT_ID": null, "COD_ACT_ECON": "30001", "DESC_ACT_ECON": "Repara\u00e7\u00e3o De Ve\u00edculos Autom\u00f3veis", "ANO": 1996, "TIPO": "Retalho", "LOCALIZACAO": "Isolado", "C_INTEGRADO": null, "EMPRESA": "MOCAR SA", "GlobalID": "e534b1ec-f4f5-463e-a239-b56a1a8033e7"}}, {"type": "Feature", "geometry": {"type": "Point", "coordinates": [-1017088.7441000007, 4681171.173299998]}, "properties": {"OBJECTID": 154264, "COD_SIG": null, "IDTIPO": null, "NOME": "COMPANHIA DA TERRA", "REGEND": "017144", "MORADA": "MARTIN MONIZ (L)", "NUM_POLICIA": "C.C.M.MONIZ", "FREGUESIA": "121", "LOCALIDADE": null, "COD_POST_4": null, "COD_POST_3": null, "COM_INT_ID": 116, "COD_ACT_ECON": "21202", "DESC_ACT_ECON": "Artigos Diversos Lar/Decora\u00e7\u00e3o", "ANO": 1996, "TIPO": "Retalho", "LOCALIZACAO": "Integrado - outro", "C_INTEGRADO": "CENTRO COMERCIAL MARTIM MONIZ", "EMPRESA": "MARIA ISABEL SILVEIRA MENDES RODRIGUES MOURA", "GlobalID": "c3c4e1b1-4002-4c1f-ba3f-1ca67a560e75"}}, {"type": "Feature", "geometry": {"type": "Point", "coordinates": [-1017088.7441000007, 4681171.173299998]}, "properties": {"OBJECTID": 154266, "COD_SIG": null, "IDTIPO": null, "NOME": "ANARKALI BOUTIQUE", "REGEND": "017151", "MORADA": "MARTIN MONIZ (L)", "NUM_POLICIA": "C.C.M.MONIZ", "FREGUESIA": "121", "LOCALIDADE": null, "COD_POST_4": null, "COD_POST_3": null, "COM_INT_ID": 116, "COD_ACT_ECON": "21103", "DESC_ACT_ECON": "Artigos Vestu\u00e1rio Senhora (Boutique)", "ANO": 1996, "TIPO": "Retalho", "LOCALIZACAO": "Integrado - outro", "C_INTEGRADO": "CENTRO COMERCIAL MARTIM MONIZ", "EMPRESA": "MARIA ISABEL SILVEIRA MENDES RODRIGUES MOURA", "GlobalID": "25be8403-1355-4b43-967a-6106a49a052f"}}, {"type": "Feature", "geometry": {"type": "Point", "coordinates": [-1017088.7441000007, 4681171.173299998]}, "properties": {"OBJECTID": 154273, "COD_SIG": null, "IDTIPO": null, "NOME": "ETELVINA E PAULO", "REGEND": "017165", "MORADA": "MARTIN MONIZ (L)", "NUM_POLICIA": "C.C.M.MONIZ", "FREGUESIA": "121", "LOCALIDADE": null, "COD_POST_4": null, "COD_POST_3": null, "COM_INT_ID": 116, "COD_ACT_ECON": "21522", "DESC_ACT_ECON": "Ourivesarias/Relojoarias", "ANO": 1996, "TIPO": "Retalho", "LOCALIZACAO": "Integrado - outro", "C_INTEGRADO": "CENTRO COMERCIAL MARTIM MONIZ", "EMPRESA": "MARIA ISABEL SILVEIRA MENDES RODRIGUES MOURA", "GlobalID": "a702e61c-c5d7-4a23-99dc-51b69560ad60"}}, {"type": "Feature", "geometry": {"type": "Point", "coordinates": [-1017043.8586000018, 4680979.6647000015]}, "properties": {"OBJECTID": 154289, "COD_SIG": null, "IDTIPO": null, "NOME": "PELE VERMELHA", "REGEND": "017137", "MORADA": "MARTIN MONIZ (L)", "NUM_POLICIA": "C.C.M.MONIZ", "FREGUESIA": "121", "LOCALIDADE": null, "COD_POST_4": null, "COD_POST_3": null, "COM_INT_ID": 116, "COD_ACT_ECON": "21101", "DESC_ACT_ECON": "Artigos Vestu\u00e1rio Diverso (Misto)", "ANO": 1996, "TIPO": "Retalho", "LOCALIZACAO": "Integrado - outro", "C_INTEGRADO": "CENTRO COMERCIAL MARTIM MONIZ", "EMPRESA": "MARIA ISABEL SILVEIRA MENDES RODRIGUES MOURA", "GlobalID": "8d13fed7-05af-496e-a731-0265369487bd"}}, {"type": "Feature", "geometry": {"type": "Point", "coordinates": [-1017088.7441000007, 4681171.173299998]}, "properties": {"OBJECTID": 154389, "COD_SIG": null, "IDTIPO": null, "NOME": "CRISING BOUTIQUE", "REGEND": "017139", "MORADA": "MARTIN MONIZ (L)", "NUM_POLICIA": "C.C.M.MONIZ", "FREGUESIA": "121", "LOCALIDADE": null, "COD_POST_4": null, "COD_POST_3": null, "COM_INT_ID": 116, "COD_ACT_ECON": "21101", "DESC_ACT_ECON": "Artigos Vestu\u00e1rio Diverso (Misto)", "ANO": 1996, "TIPO": "Retalho", "LOCALIZACAO": "Integrado - outro", "C_INTEGRADO": "CENTRO COMERCIAL MARTIM MONIZ", "EMPRESA": "CRISING BOUTIQUE, LDA", "GlobalID": "e965695c-5cbf-4c3e-aae3-65e510a190b0"}}, {"type": "Feature", "geometry": {"type": "Point", "coordinates": [-1018520.0086000003, 4684487.744800001]}, "properties": {"OBJECTID": 154483, "COD_SIG": null, "IDTIPO": null, "NOME": "TECNAMATIC", "REGEND": "017043", "MORADA": "BARBOSA DU BOCAGE (AV)", "NUM_POLICIA": "128", "FREGUESIA": "106", "LOCALIDADE": null, "COD_POST_4": null, "COD_POST_3": null, "COM_INT_ID": null, "COD_ACT_ECON": "30006", "DESC_ACT_ECON": "Outras N.E. (Repara\u00e7\u00f5es)", "ANO": 1996, "TIPO": "Retalho", "LOCALIZACAO": "Isolado", "C_INTEGRADO": null, "EMPRESA": "MARIA ISABEL SILVEIRA MENDES RODRIGUES MOURA", "GlobalID": "02eb8708-55c5-4fbe-b31d-71579b115644"}}, {"type": "Feature", "geometry": {"type": "Point", "coordinates": [-1017609.4061999992, 4681081.371699996]}, "properties": {"OBJECTID": 154505, "COD_SIG": null, "IDTIPO": null, "NOME": "ANTONIO PINA TALEMBA", "REGEND": "017132", "MORADA": "RESTAURADORES (PR DOS)", "NUM_POLICIA": "FRT N\u00ba 58", "FREGUESIA": "121", "LOCALIDADE": "LISBOA                         ", "COD_POST_4": "1250", "COD_POST_3": "188", "COM_INT_ID": null, "COD_ACT_ECON": "21403", "DESC_ACT_ECON": "Tabacaria", "ANO": 1996, "TIPO": "Retalho", "LOCALIZACAO": "Isolado", "C_INTEGRADO": null, "EMPRESA": "MARIA ISABEL SILVEIRA MENDES RODRIGUES MOURA", "GlobalID": "9017d858-7cbb-4272-9109-4afcc35df5ed"}}, {"type": "Feature", "geometry": {"type": "Point", "coordinates": [-1018362.3469000012, 4684818.616899997]}, "properties": {"OBJECTID": 154510, "COD_SIG": null, "IDTIPO": null, "NOME": "CASA DOS PNEUS LOJA VERDE", "REGEND": "017225", "MORADA": "J\u00daLIO DINIS (AV)", "NUM_POLICIA": "10 A", "FREGUESIA": "106", "LOCALIDADE": null, "COD_POST_4": null, "COD_POST_3": null, "COM_INT_ID": 49, "COD_ACT_ECON": "21406", "DESC_ACT_ECON": "Artigos De Desporto", "ANO": 1996, "TIPO": "Retalho", "LOCALIZACAO": "Integrado - outro", "C_INTEGRADO": "DRUGSTORE APOLO 70", "EMPRESA": "CASA DOS PNEUS, LDA", "GlobalID": "3f97dd57-c7e0-4c23-8dc3-34fb298c32a9"}}, {"type": "Feature", "geometry": {"type": "Point", "coordinates": [-1017088.7441000007, 4681171.173299998]}, "properties": {"OBJECTID": 154601, "COD_SIG": null, "IDTIPO": null, "NOME": "MONISPELE", "REGEND": "017119", "MORADA": "MARTIN MONIZ (L)", "NUM_POLICIA": "C.C.M.MONIZ", "FREGUESIA": "121", "LOCALIDADE": null, "COD_POST_4": null, "COD_POST_3": null, "COM_INT_ID": 116, "COD_ACT_ECON": "21116", "DESC_ACT_ECON": "ARTIGOS DE PELE/CAL\u00c7ADO/MARROQUINARIA", "ANO": 1996, "TIPO": "Retalho", "LOCALIZACAO": "Integrado - outro", "C_INTEGRADO": "CENTRO COMERCIAL MARTIM MONIZ", "EMPRESA": "MARIA ISABEL SILVEIRA MENDES RODRIGUES MOURA", "GlobalID": "ce220866-c46d-4972-8aff-7583d84e20d3"}}, {"type": "Feature", "geometry": {"type": "Point", "coordinates": [-1017012.7303000018, 4681293.586400002]}, "properties": {"OBJECTID": 154603, "COD_SIG": null, "IDTIPO": null, "NOME": "O MUNDO EM LISBOA", "REGEND": "017134", "MORADA": "PALMA (R DA)", "NUM_POLICIA": "163 A", "FREGUESIA": "121", "LOCALIDADE": "LISBOA", "COD_POST_4": "1100", "COD_POST_3": "391", "COM_INT_ID": null, "COD_ACT_ECON": "21211", "DESC_ACT_ECON": "Electrodom\u00e9sticos", "ANO": 1996, "TIPO": "Retalho", "LOCALIZACAO": "Isolado", "C_INTEGRADO": null, "EMPRESA": "MUNDO EM LISBOA - COMERCIO DE IMPORTA\u00c7AO E EXPORTA\u00c7AO, LDA", "GlobalID": "b641fed2-afb1-4dc4-b4fa-f543dbc87c55"}}, {"type": "Feature", "geometry": {"type": "Point", "coordinates": [-1018399.4019000009, 4684811.7754999995]}, "properties": {"OBJECTID": 154739, "COD_SIG": null, "IDTIPO": null, "NOME": "BIG BIJU", "REGEND": "017227", "MORADA": "JULIO DINIS (AV)", "NUM_POLICIA": "14", "FREGUESIA": "106", "LOCALIDADE": null, "COD_POST_4": null, "COD_POST_3": null, "COM_INT_ID": 63, "COD_ACT_ECON": "21118", "DESC_ACT_ECON": "Bijuterias", "ANO": 1996, "TIPO": "Retalho", "LOCALIZACAO": "Integrado - outro", "C_INTEGRADO": "SHOPPING COLUMBIA", "EMPRESA": "MARIA ISABEL SILVEIRA MENDES RODRIGUES MOURA", "GlobalID": "594efaf3-d58b-446d-8dde-f579a8862cec"}}, {"type": "Feature", "geometry": {"type": "Point", "coordinates": [-1018032.2655999996, 4684436.7368]}, "properties": {"OBJECTID": 154762, "COD_SIG": null, "IDTIPO": null, "NOME": "LEOPOLDO DE ALMEIDA MATOS SUCESS", "REGEND": "017055", "MORADA": "ELIAS GARCIA (AV)", "NUM_POLICIA": "56 C", "FREGUESIA": "106", "LOCALIDADE": "LISBOA                         ", "COD_POST_4": "1000", "COD_POST_3": "150", "COM_INT_ID": null, "COD_ACT_ECON": "21508", "DESC_ACT_ECON": "Acess\u00f3rios P/ Ve\u00edculos Excepto Motociclos", "ANO": 1996, "TIPO": "Retalho", "LOCALIZACAO": "Isolado", "C_INTEGRADO": null, "EMPRESA": "MARIA ISABEL SILVEIRA MENDES RODRIGUES MOURA", "GlobalID": "3069ea9a-94c7-46d5-80bf-8fccdd0c473a"}}, {"type": "Feature", "geometry": {"type": "Point", "coordinates": [-1017773.4455999993, 4680402.3015]}, "properties": {"OBJECTID": 154962, "COD_SIG": null, "IDTIPO": null, "NOME": "OS NICOS", "REGEND": "017079", "MORADA": "MISERIC\u00d3RDIA (R DA)", "NUM_POLICIA": "12", "FREGUESIA": "121", "LOCALIDADE": null, "COD_POST_4": null, "COD_POST_3": null, "COM_INT_ID": 134, "COD_ACT_ECON": "21103", "DESC_ACT_ECON": "Artigos Vestu\u00e1rio Senhora (Boutique)", "ANO": 1996, "TIPO": "Retalho", "LOCALIZACAO": "Integrado - outro", "C_INTEGRADO": "GALERIA COMERCIAL ESPA\u00c7O CHIADO", "EMPRESA": "RODRIGUES GON\u00c7ALVES & MENDES, SA", "GlobalID": "34653162-1f54-4223-81d3-c1092ac7318d"}}, {"type": "Feature", "geometry": {"type": "Point", "coordinates": [-1017056.4232000001, 4681426.764700003]}, "properties": {"OBJECTID": 154965, "COD_SIG": null, "IDTIPO": null, "NOME": "L COSTA & FRAGOSO", "REGEND": "017176", "MORADA": "S LAZARO (R DE)", "NUM_POLICIA": "80/82", "FREGUESIA": "121", "LOCALIDADE": null, "COD_POST_4": null, "COD_POST_3": null, "COM_INT_ID": null, "COD_ACT_ECON": "21206", "DESC_ACT_ECON": "M\u00f3veis E Colchoaria (Interior)", "ANO": 1996, "TIPO": "Retalho", "LOCALIZACAO": "Isolado", "C_INTEGRADO": null, "EMPRESA": "MARIA ISABEL SILVEIRA MENDES RODRIGUES MOURA", "GlobalID": "690d7c32-2e16-4626-afd2-ddbf95759310"}}, {"type": "Feature", "geometry": {"type": "Point", "coordinates": [-1018540.2050999999, 4684607.467299998]}, "properties": {"OBJECTID": 154973, "COD_SIG": null, "IDTIPO": null, "NOME": "COMOLEX MOVEIS", "REGEND": "017183", "MORADA": "BERNA (AV DE)", "NUM_POLICIA": "24 A", "FREGUESIA": "106", "LOCALIDADE": "LISBOA                         ", "COD_POST_4": "1050", "COD_POST_3": "041", "COM_INT_ID": null, "COD_ACT_ECON": "21208", "DESC_ACT_ECON": "Mobili\u00e1rio Cozinha E Casa De Banho", "ANO": 1996, "TIPO": "Retalho", "LOCALIZACAO": "Isolado", "C_INTEGRADO": null, "EMPRESA": "MARIA ISABEL SILVEIRA MENDES RODRIGUES MOURA", "GlobalID": "39d5d3f8-0567-4426-95b3-a1de4dc4ba14"}}, {"type": "Feature", "geometry": {"type": "Point", "coordinates": [-1017440.3436999992, 4681018.889200002]}, "properties": {"OBJECTID": 154981, "COD_SIG": null, "IDTIPO": null, "NOME": "FREDERICO GUILHERME MAGALH\u00c3ES", "REGEND": "017179", "MORADA": "PORTAS DE ST ANT\u00c3O (R DAS)", "NUM_POLICIA": "36 V/ESC", "FREGUESIA": "121", "LOCALIDADE": null, "COD_POST_4": null, "COD_POST_3": null, "COM_INT_ID": null, "COD_ACT_ECON": "22002", "DESC_ACT_ECON": "Bazares", "ANO": 1996, "TIPO": "Retalho", "LOCALIZACAO": "Isolado", "C_INTEGRADO": null, "EMPRESA": "MARIA ISABEL SILVEIRA MENDES RODRIGUES MOURA", "GlobalID": "14911cd8-147d-4b2f-a95f-d534ad2e24d1"}}, {"type": "Feature", "geometry": {"type": "Point", "coordinates": [-1019423.1217, 4685005.409000002]}, "properties": {"OBJECTID": 155004, "COD_SIG": null, "IDTIPO": null, "NOME": "SOUSIBEL", "REGEND": "017189", "MORADA": "BENEFICENCIA (R DA)", "NUM_POLICIA": "96", "FREGUESIA": "106", "LOCALIDADE": null, "COD_POST_4": null, "COD_POST_3": null, "COM_INT_ID": null, "COD_ACT_ECON": "21512", "DESC_ACT_ECON": "Material El\u00e9ctrico E P/ Electr\u00f3nica", "ANO": 1996, "TIPO": "Retalho", "LOCALIZACAO": "Isolado", "C_INTEGRADO": null, "EMPRESA": "SOUSIBEL - ELECTRODOMESTICOS, LDA", "GlobalID": "7964634a-8a5a-48ff-8755-265255179940"}}, {"type": "Feature", "geometry": {"type": "Point", "coordinates": [-1017926.0439000018, 4684381.229599997]}, "properties": {"OBJECTID": 155007, "COD_SIG": null, "IDTIPO": null, "NOME": "SORACO", "REGEND": "017192", "MORADA": "DEFENSORES DE CHAVES (AV DOS)", "NUM_POLICIA": "42 A", "FREGUESIA": "106", "LOCALIDADE": "LISBOA", "COD_POST_4": "1000", "COD_POST_3": "119", "COM_INT_ID": null, "COD_ACT_ECON": "21506", "DESC_ACT_ECON": "Tractores,Reboques E Semi-Reboques", "ANO": 1996, "TIPO": "Retalho", "LOCALIZACAO": "Isolado", "C_INTEGRADO": null, "EMPRESA": "SORACO - SOCIEDADE DE REPRESENTA\u00c7\u00d5ES ANDRADE & COSTA, LDA  ", "GlobalID": "1fd3b031-037b-49eb-b492-13617602b770"}}, {"type": "Feature", "geometry": {"type": "Point", "coordinates": [-1015398.0747000016, 4686938.017700002]}, "properties": {"OBJECTID": 155042, "COD_SIG": null, "IDTIPO": null, "NOME": "CARLOS ALBERTO GOMES", "REGEND": "016935", "MORADA": "DOMINGOS PARENTE (R)", "NUM_POLICIA": "LT 247", "FREGUESIA": "115", "LOCALIDADE": null, "COD_POST_4": null, "COD_POST_3": null, "COM_INT_ID": 144, "COD_ACT_ECON": "11001", "DESC_ACT_ECON": "Bebidas", "ANO": 1996, "TIPO": "Retalho", "LOCALIZACAO": "Integrado - outro", "C_INTEGRADO": "GALERIA EDIF\u00cdCIO TORRE NOVA", "EMPRESA": "MARIA ISABEL SILVEIRA MENDES RODRIGUES MOURA", "GlobalID": "101ed916-6a4a-454a-b580-c033f0b5292e"}}, {"type": "Feature", "geometry": {"type": "Point", "coordinates": [-1017043.8586000018, 4680979.6647000015]}, "properties": {"OBJECTID": 155091, "COD_SIG": null, "IDTIPO": null, "NOME": "ALZIRA E LUCIANO", "REGEND": "017163", "MORADA": "MARTIN MONIZ (L)", "NUM_POLICIA": "C.C.M.MONIZ", "FREGUESIA": "121", "LOCALIDADE": null, "COD_POST_4": null, "COD_POST_3": null, "COM_INT_ID": 116, "COD_ACT_ECON": "21103", "DESC_ACT_ECON": "Artigos Vestu\u00e1rio Senhora (Boutique)", "ANO": 1996, "TIPO": "Retalho", "LOCALIZACAO": "Integrado - outro", "C_INTEGRADO": "CENTRO COMERCIAL MARTIM MONIZ", "EMPRESA": "ALZIRA E LUCIANO, LDA", "GlobalID": "385f05c7-fc1c-4198-908b-6f04842ebf96"}}, {"type": "Feature", "geometry": {"type": "Point", "coordinates": [-1017544.0898999982, 4680844.3440999985]}, "properties": {"OBJECTID": 155093, "COD_SIG": null, "IDTIPO": null, "NOME": "ANIMAT PHOTO FIXE", "REGEND": "017173", "MORADA": "D JOAO DA CAMARA (PR)", "NUM_POLICIA": "427", "FREGUESIA": "121", "LOCALIDADE": null, "COD_POST_4": null, "COD_POST_3": null, "COM_INT_ID": 112, "COD_ACT_ECON": "21412", "DESC_ACT_ECON": "Material Fotogr\u00e1fico,Cinema", "ANO": 1996, "TIPO": "Retalho", "LOCALIZACAO": "Integrado - outro", "C_INTEGRADO": "CENTRO COMERCIAL TERMINAL", "EMPRESA": "MARIA ISABEL SILVEIRA MENDES RODRIGUES MOURA", "GlobalID": "59014865-1af1-4037-ab93-81faa3956dfb"}}, {"type": "Feature", "geometry": {"type": "Point", "coordinates": [-1017679.8794, 4682719.290299997]}, "properties": {"OBJECTID": 155189, "COD_SIG": null, "IDTIPO": null, "NOME": "OURIVESARIA PEROLA", "REGEND": "017293", "MORADA": "GOMES FREIRE (R)", "NUM_POLICIA": "166", "FREGUESIA": "105", "LOCALIDADE": null, "COD_POST_4": null, "COD_POST_3": null, "COM_INT_ID": null, "COD_ACT_ECON": "21522", "DESC_ACT_ECON": "Ourivesarias/Relojoarias", "ANO": 1996, "TIPO": "Retalho", "LOCALIZACAO": "Isolado", "C_INTEGRADO": null, "EMPRESA": "MARIA ISABEL SILVEIRA MENDES RODRIGUES MOURA", "GlobalID": "1d7186bc-7730-4bb2-a406-fc95da9a620b"}}, {"type": "Feature", "geometry": {"type": "Point", "coordinates": [-1020492.068599999, 4679860.3576000035]}, "properties": {"OBJECTID": 155304, "COD_SIG": null, "IDTIPO": null, "NOME": "INFANCAR", "REGEND": "017358", "MORADA": "INFANTE SANTO (AV)", "NUM_POLICIA": "52 A", "FREGUESIA": "113", "LOCALIDADE": null, "COD_POST_4": null, "COD_POST_3": null, "COM_INT_ID": null, "COD_ACT_ECON": "21505", "DESC_ACT_ECON": "Ve\u00edculos Pesados (Novos)", "ANO": 1996, "TIPO": "Retalho", "LOCALIZACAO": "Isolado", "C_INTEGRADO": null, "EMPRESA": "MARIA ISABEL SILVEIRA MENDES RODRIGUES MOURA", "GlobalID": "33cc2f27-6319-455f-88a5-3cbe38ff45f4"}}, {"type": "Feature", "geometry": {"type": "Point", "coordinates": [-1018599.0177000016, 4684618.208300002]}, "properties": {"OBJECTID": 155488, "COD_SIG": null, "IDTIPO": null, "NOME": "DOM MARTINHO", "REGEND": "017095", "MORADA": "LAURA ALVES (R)", "NUM_POLICIA": "12 A/B", "FREGUESIA": "106", "LOCALIDADE": null, "COD_POST_4": null, "COD_POST_3": null, "COM_INT_ID": null, "COD_ACT_ECON": "21101", "DESC_ACT_ECON": "Artigos Vestu\u00e1rio Diverso (Misto)", "ANO": 1996, "TIPO": "Retalho", "LOCALIZACAO": "Isolado", "C_INTEGRADO": null, "EMPRESA": "MARIA ISABEL SILVEIRA MENDES RODRIGUES MOURA", "GlobalID": "4d421f9b-fbc9-46e3-821c-1433824e90b1"}}, {"type": "Feature", "geometry": {"type": "Point", "coordinates": [-1017569.0599000007, 4680670.5776999965]}, "properties": {"OBJECTID": 155509, "COD_SIG": null, "IDTIPO": null, "NOME": "ALFASISTEMAS", "REGEND": "017109", "MORADA": "CARMO (C)", "NUM_POLICIA": "18", "FREGUESIA": "121", "LOCALIDADE": null, "COD_POST_4": null, "COD_POST_3": null, "COM_INT_ID": null, "COD_ACT_ECON": "21514", "DESC_ACT_ECON": "Equipamento Inform\u00e1tico", "ANO": 1996, "TIPO": "Retalho", "LOCALIZACAO": "Isolado", "C_INTEGRADO": null, "EMPRESA": "MARIA ISABEL SILVEIRA MENDES RODRIGUES MOURA", "GlobalID": "3ada6473-0f20-487d-bcfc-4254aa54fce2"}}, {"type": "Feature", "geometry": {"type": "Point", "coordinates": [-1019222.4070000015, 4685017.261500001]}, "properties": {"OBJECTID": 155596, "COD_SIG": null, "IDTIPO": null, "NOME": "APLISOL", "REGEND": "017088", "MORADA": "CARLOS REIS (R)", "NUM_POLICIA": "33 A", "FREGUESIA": "106", "LOCALIDADE": null, "COD_POST_4": null, "COD_POST_3": null, "COM_INT_ID": null, "COD_ACT_ECON": "21215", "DESC_ACT_ECON": "Revestimentos Lar (Papel Parede, Etc.)", "ANO": 1996, "TIPO": "Retalho", "LOCALIZACAO": "Isolado", "C_INTEGRADO": null, "EMPRESA": "MARIA ISABEL SILVEIRA MENDES RODRIGUES MOURA", "GlobalID": "a03cbffc-9cf4-4a69-ba62-f9fd98bee041"}}, {"type": "Feature", "geometry": {"type": "Point", "coordinates": [-1024469.4057999998, 4679301.7277000025]}, "properties": {"OBJECTID": 155642, "COD_SIG": null, "IDTIPO": null, "NOME": "GOLFIGEL", "REGEND": "017200", "MORADA": "GALV\u00c3O (R)", "NUM_POLICIA": "6 A", "FREGUESIA": "108", "LOCALIDADE": null, "COD_POST_4": null, "COD_POST_3": null, "COM_INT_ID": null, "COD_ACT_ECON": "11004", "DESC_ACT_ECON": "Peixarias (Frescos E Congelados)", "ANO": 1996, "TIPO": "Retalho", "LOCALIZACAO": "Isolado", "C_INTEGRADO": null, "EMPRESA": "MARIA ISABEL SILVEIRA MENDES RODRIGUES MOURA", "GlobalID": "bc523618-572f-4894-9808-24b9f8e2e104"}}, {"type": "Feature", "geometry": {"type": "Point", "coordinates": [-1018858.1385000013, 4680349.0967999995]}, "properties": {"OBJECTID": 155696, "COD_SIG": null, "IDTIPO": null, "NOME": "LUIS CARA\u00c7AS", "REGEND": "017391", "MORADA": "S BENTO (R DE)", "NUM_POLICIA": "64", "FREGUESIA": "116", "LOCALIDADE": null, "COD_POST_4": null, "COD_POST_3": null, "COM_INT_ID": null, "COD_ACT_ECON": "21211", "DESC_ACT_ECON": "Electrodom\u00e9sticos", "ANO": 1996, "TIPO": "Retalho", "LOCALIZACAO": "Isolado", "C_INTEGRADO": null, "EMPRESA": "MARIA ISABEL SILVEIRA MENDES RODRIGUES MOURA", "GlobalID": "4b82c232-2d94-4e1b-a6a4-a142c7f2b358"}}, {"type": "Feature", "geometry": {"type": "Point", "coordinates": [-1018858.2098000012, 4680355.521300003]}, "properties": {"OBJECTID": 155698, "COD_SIG": null, "IDTIPO": null, "NOME": "DELMICRO", "REGEND": "017393", "MORADA": "S BENTO (R DE)", "NUM_POLICIA": "68", "FREGUESIA": "116", "LOCALIDADE": null, "COD_POST_4": null, "COD_POST_3": null, "COM_INT_ID": null, "COD_ACT_ECON": "21514", "DESC_ACT_ECON": "Equipamento Inform\u00e1tico", "ANO": 1996, "TIPO": "Retalho", "LOCALIZACAO": "Isolado", "C_INTEGRADO": null, "EMPRESA": "MARIA ISABEL SILVEIRA MENDES RODRIGUES MOURA", "GlobalID": "69440133-f4bf-41bd-bc8b-94ac6e51bc78"}}, {"type": "Feature", "geometry": {"type": "Point", "coordinates": [-1017043.8586000018, 4680979.6647000015]}, "properties": {"OBJECTID": 156030, "COD_SIG": null, "IDTIPO": null, "NOME": "ALZIRA E LUCIANO", "REGEND": "017148", "MORADA": "MARTIN MONIZ (L)", "NUM_POLICIA": "C.C.M.MONIZ", "FREGUESIA": "121", "LOCALIDADE": null, "COD_POST_4": null, "COD_POST_3": null, "COM_INT_ID": 116, "COD_ACT_ECON": "21103", "DESC_ACT_ECON": "Artigos Vestu\u00e1rio Senhora (Boutique)", "ANO": 1996, "TIPO": "Retalho", "LOCALIZACAO": "Integrado - outro", "C_INTEGRADO": "CENTRO COMERCIAL MARTIM MONIZ", "EMPRESA": "ALZIRA E LUCIANO, LDA", "GlobalID": "bbd5e1ff-96eb-4cc5-a5f5-dcfda3fdcea7"}}, {"type": "Feature", "geometry": {"type": "Point", "coordinates": [-1017088.7441000007, 4681171.173299998]}, "properties": {"OBJECTID": 156032, "COD_SIG": null, "IDTIPO": null, "NOME": "ELISABETE CONCEI\u00c7AO FELICIO RAMOS", "REGEND": "017155", "MORADA": "MARTIN MONIZ (L)", "NUM_POLICIA": "C.C.M.MONIZ", "FREGUESIA": "121", "LOCALIDADE": null, "COD_POST_4": null, "COD_POST_3": null, "COM_INT_ID": 116, "COD_ACT_ECON": "21101", "DESC_ACT_ECON": "Artigos Vestu\u00e1rio Diverso (Misto)", "ANO": 1996, "TIPO": "Retalho", "LOCALIZACAO": "Integrado - outro", "C_INTEGRADO": "CENTRO COMERCIAL MARTIM MONIZ", "EMPRESA": "MARIA ISABEL SILVEIRA MENDES RODRIGUES MOURA", "GlobalID": "af337c5c-9c00-4950-b86d-9d1ebb9e8e07"}}, {"type": "Feature", "geometry": {"type": "Point", "coordinates": [-1017088.7441000007, 4681171.173299998]}, "properties": {"OBJECTID": 156034, "COD_SIG": null, "IDTIPO": null, "NOME": "BOUTIQUE DONDOCA", "REGEND": "017158", "MORADA": "MARTIN MONIZ (L)", "NUM_POLICIA": "C.C.M.MONIZ", "FREGUESIA": "121", "LOCALIDADE": null, "COD_POST_4": null, "COD_POST_3": null, "COM_INT_ID": 116, "COD_ACT_ECON": "21103", "DESC_ACT_ECON": "Artigos Vestu\u00e1rio Senhora (Boutique)", "ANO": 1996, "TIPO": "Retalho", "LOCALIZACAO": "Integrado - outro", "C_INTEGRADO": "CENTRO COMERCIAL MARTIM MONIZ", "EMPRESA": "MARIA ISABEL SILVEIRA MENDES RODRIGUES MOURA", "GlobalID": "b566d002-7ed3-49e0-b032-91ef92389957"}}, {"type": "Feature", "geometry": {"type": "Point", "coordinates": [-1017088.7441000007, 4681171.173299998]}, "properties": {"OBJECTID": 156160, "COD_SIG": null, "IDTIPO": null, "NOME": "BIJOAMERICA", "REGEND": "017149", "MORADA": "MARTIN MONIZ (L)", "NUM_POLICIA": "C.C.M.MONIZ", "FREGUESIA": "121", "LOCALIDADE": null, "COD_POST_4": null, "COD_POST_3": null, "COM_INT_ID": 116, "COD_ACT_ECON": "21118", "DESC_ACT_ECON": "Bijuterias", "ANO": 1996, "TIPO": "Retalho", "LOCALIZACAO": "Integrado - outro", "C_INTEGRADO": "CENTRO COMERCIAL MARTIM MONIZ", "EMPRESA": "MARIA ISABEL SILVEIRA MENDES RODRIGUES MOURA", "GlobalID": "175ead1b-8cce-4b9b-a395-dfcad1862114"}}, {"type": "Feature", "geometry": {"type": "Point", "coordinates": [-1017088.7441000007, 4681171.173299998]}, "properties": {"OBJECTID": 156162, "COD_SIG": null, "IDTIPO": null, "NOME": "LA BRAGUET", "REGEND": "017156", "MORADA": "MARTIN MONIZ (L)", "NUM_POLICIA": "C.C.M.MONIZ", "FREGUESIA": "121", "LOCALIDADE": null, "COD_POST_4": null, "COD_POST_3": null, "COM_INT_ID": 116, "COD_ACT_ECON": "21106", "DESC_ACT_ECON": "Roupa Interior", "ANO": 1996, "TIPO": "Retalho", "LOCALIZACAO": "Integrado - outro", "C_INTEGRADO": "CENTRO COMERCIAL MARTIM MONIZ", "EMPRESA": "MARIA ISABEL SILVEIRA MENDES RODRIGUES MOURA", "GlobalID": "199c66d4-24e0-4a58-ab81-d608f72c2790"}}, {"type": "Feature", "geometry": {"type": "Point", "coordinates": [-1020928.5784000009, 4681087.504600003]}, "properties": {"OBJECTID": 156297, "COD_SIG": null, "IDTIPO": null, "NOME": "LIDERAUTO", "REGEND": "017472", "MORADA": "Rua Freitas Gazul", "NUM_POLICIA": "17B", "FREGUESIA": "110", "LOCALIDADE": null, "COD_POST_4": "1350", "COD_POST_3": "148", "COM_INT_ID": null, "COD_ACT_ECON": "21504", "DESC_ACT_ECON": "Ve\u00edculos Ligeiros (Novos)", "ANO": 1996, "TIPO": "Retalho", "LOCALIZACAO": "Isolado", "C_INTEGRADO": null, "EMPRESA": "MARIA ISABEL SILVEIRA MENDES RODRIGUES MOURA", "GlobalID": "8d958c85-ec45-42b3-82ae-bbacef7be98a"}}, {"type": "Feature", "geometry": {"type": "Point", "coordinates": [-1017088.7441000007, 4681171.173299998]}, "properties": {"OBJECTID": 156341, "COD_SIG": null, "IDTIPO": null, "NOME": "HERAIL STEPHANE", "REGEND": "017170", "MORADA": "MARTIN MONIZ (L)", "NUM_POLICIA": "C.C.M.MONIZ", "FREGUESIA": "121", "LOCALIDADE": null, "COD_POST_4": null, "COD_POST_3": null, "COM_INT_ID": 116, "COD_ACT_ECON": "21402", "DESC_ACT_ECON": "Papelarias (Art. Escrit.,Jornais ..)", "ANO": 1996, "TIPO": "Retalho", "LOCALIZACAO": "Integrado - outro", "C_INTEGRADO": "CENTRO COMERCIAL MARTIM MONIZ", "EMPRESA": "MARIA ISABEL SILVEIRA MENDES RODRIGUES MOURA", "GlobalID": "7b006d42-818d-40e3-91ea-8f1b6794989c"}}, {"type": "Feature", "geometry": {"type": "Point", "coordinates": [-1025643.1486999989, 4677802.612800002]}, "properties": {"OBJECTID": 156372, "COD_SIG": null, "IDTIPO": null, "NOME": "TABACARIA VELA LATINA", "REGEND": "017205", "MORADA": "DOCA DO BOM SUCESSO", "NUM_POLICIA": "VELA LATINA", "FREGUESIA": "108", "LOCALIDADE": null, "COD_POST_4": null, "COD_POST_3": null, "COM_INT_ID": 117, "COD_ACT_ECON": "21403", "DESC_ACT_ECON": "Tabacaria", "ANO": 1996, "TIPO": "Retalho", "LOCALIZACAO": "Integrado - outro", "C_INTEGRADO": "CENTRO COMERCIAL VELA LATINA", "EMPRESA": "VELA LATINA - CENTRO COMERCIAL, LDA", "GlobalID": "70a1ac69-cf53-40c7-a303-6bbc47f3a202"}}, {"type": "Feature", "geometry": {"type": "Point", "coordinates": [-1017276.432599999, 4680946.256899998]}, "properties": {"OBJECTID": 156454, "COD_SIG": null, "IDTIPO": null, "NOME": "RUI ALVARO ZAGALO QUARESMA", "REGEND": "017167", "MORADA": "GARCIA (C DO)", "NUM_POLICIA": "4", "FREGUESIA": "121", "LOCALIDADE": null, "COD_POST_4": null, "COD_POST_3": null, "COM_INT_ID": null, "COD_ACT_ECON": "21101", "DESC_ACT_ECON": "Artigos Vestu\u00e1rio Diverso (Misto)", "ANO": 1996, "TIPO": "Retalho", "LOCALIZACAO": "Isolado", "C_INTEGRADO": null, "EMPRESA": "MARIA ISABEL SILVEIRA MENDES RODRIGUES MOURA", "GlobalID": "0a822383-ac00-40f4-bad4-36f3a57e4078"}}, {"type": "Feature", "geometry": {"type": "Point", "coordinates": [-1017552.0075999983, 4680872.895199999]}, "properties": {"OBJECTID": 156476, "COD_SIG": null, "IDTIPO": null, "NOME": "PAULO ALEXANDRE DA COSTA MARTINS", "REGEND": "017172", "MORADA": "D JO\u00c3O DA C\u00c2MARA (PR)", "NUM_POLICIA": "FRT N\u00ba 4", "FREGUESIA": "121", "LOCALIDADE": null, "COD_POST_4": null, "COD_POST_3": null, "COM_INT_ID": null, "COD_ACT_ECON": "21403", "DESC_ACT_ECON": "Tabacaria", "ANO": 1996, "TIPO": "Retalho", "LOCALIZACAO": "Isolado", "C_INTEGRADO": null, "EMPRESA": "MARIA ISABEL SILVEIRA MENDES RODRIGUES MOURA", "GlobalID": "3c129efb-aeb8-43d9-b06c-8b7c4f1a6c1d"}}, {"type": "Feature", "geometry": {"type": "Point", "coordinates": [-1017773.4455999993, 4680402.3015]}, "properties": {"OBJECTID": 156529, "COD_SIG": null, "IDTIPO": null, "NOME": "PERFUMARIA NEFERTITI", "REGEND": "017072", "MORADA": "MISERIC\u00d3RDIA (R DA)", "NUM_POLICIA": "12", "FREGUESIA": "121", "LOCALIDADE": null, "COD_POST_4": null, "COD_POST_3": null, "COM_INT_ID": 134, "COD_ACT_ECON": "21302", "DESC_ACT_ECON": "Perfumarias", "ANO": 1996, "TIPO": "Retalho", "LOCALIZACAO": "Integrado - outro", "C_INTEGRADO": "GALERIA COMERCIAL ESPA\u00c7O CHIADO", "EMPRESA": "MARIA ISABEL SILVEIRA MENDES RODRIGUES MOURA", "GlobalID": "2c5127ad-24a5-4edd-8d0e-e00c8d301557"}}, {"type": "Feature", "geometry": {"type": "Point", "coordinates": [-1014778.9156999998, 4686603.480499998]}, "properties": {"OBJECTID": 156593, "COD_SIG": null, "IDTIPO": null, "NOME": "PRINCEPELINA", "REGEND": "016927", "MORADA": "PAULO DIAS DE NOVAIS (R)", "NUM_POLICIA": "LT 5 B", "FREGUESIA": "115", "LOCALIDADE": "LISBOA", "COD_POST_4": "1950", "COD_POST_3": "224", "COM_INT_ID": null, "COD_ACT_ECON": "21101", "DESC_ACT_ECON": "Artigos Vestu\u00e1rio Diverso (Misto)", "ANO": 1996, "TIPO": "Retalho", "LOCALIZACAO": "Isolado", "C_INTEGRADO": null, "EMPRESA": "MARIA ISABEL SILVEIRA MENDES RODRIGUES MOURA", "GlobalID": "fc6b3ea4-278f-4b19-b6dd-59734e5374e8"}}, {"type": "Feature", "geometry": {"type": "Point", "coordinates": [-1017088.7441000007, 4681171.173299998]}, "properties": {"OBJECTID": 156659, "COD_SIG": null, "IDTIPO": null, "NOME": "ALZIRA E LUCIANO", "REGEND": "017161", "MORADA": "MARTIN MONIZ (L)", "NUM_POLICIA": "C.C.M.MONIZ", "FREGUESIA": "121", "LOCALIDADE": null, "COD_POST_4": null, "COD_POST_3": null, "COM_INT_ID": 116, "COD_ACT_ECON": "21406", "DESC_ACT_ECON": "Artigos De Desporto", "ANO": 1996, "TIPO": "Retalho", "LOCALIZACAO": "Integrado - outro", "C_INTEGRADO": "CENTRO COMERCIAL MARTIM MONIZ", "EMPRESA": "ALZIRA E LUCIANO, LDA", "GlobalID": "c45ea043-6ff2-4f5d-a8f4-00134ae33957"}}, {"type": "Feature", "geometry": {"type": "Point", "coordinates": [-1017088.7441000007, 4681171.173299998]}, "properties": {"OBJECTID": 156661, "COD_SIG": null, "IDTIPO": null, "NOME": "CHARCUTARIA MORENA", "REGEND": "017164", "MORADA": "MARTIN MONIZ (L)", "NUM_POLICIA": "C.C.M.MONIZ", "FREGUESIA": "121", "LOCALIDADE": null, "COD_POST_4": null, "COD_POST_3": null, "COM_INT_ID": 116, "COD_ACT_ECON": "11003", "DESC_ACT_ECON": "Charcutarias", "ANO": 1996, "TIPO": "Retalho", "LOCALIZACAO": "Integrado - outro", "C_INTEGRADO": "CENTRO COMERCIAL MARTIM MONIZ", "EMPRESA": "MARIA ISABEL SILVEIRA MENDES RODRIGUES MOURA", "GlobalID": "e2633849-b47e-4039-bf06-c7fe294e6969"}}, {"type": "Feature", "geometry": {"type": "Point", "coordinates": [-1016906.9998000003, 4681339.731600001]}, "properties": {"OBJECTID": 156663, "COD_SIG": null, "IDTIPO": null, "NOME": "INTERSONICA", "REGEND": "017174", "MORADA": "BENFORMOSO (R DO)", "NUM_POLICIA": "99", "FREGUESIA": "121", "LOCALIDADE": null, "COD_POST_4": null, "COD_POST_3": null, "COM_INT_ID": null, "COD_ACT_ECON": "21414", "DESC_ACT_ECON": "Brinquedos E Jogos Para Crian\u00e7as", "ANO": 1996, "TIPO": "Retalho", "LOCALIZACAO": "Isolado", "C_INTEGRADO": null, "EMPRESA": "INTERSONICA - COM\u00c9RCIO IMPORTA\u00c7\u00c3O EXPORTA\u00c7\u00c3O, LDA", "GlobalID": "32d689d0-7a1d-4867-b0af-0bacfcfe56c5"}}, {"type": "Feature", "geometry": {"type": "Point", "coordinates": [-1020595.1805999987, 4679471.124399997]}, "properties": {"OBJECTID": 156674, "COD_SIG": null, "IDTIPO": null, "NOME": "CARLOS ALEXANDRE PEREIRA", "REGEND": "017376", "MORADA": "PAMPULHA (CAL\u00c7 DA)", "NUM_POLICIA": null, "FREGUESIA": "113", "LOCALIDADE": null, "COD_POST_4": null, "COD_POST_3": null, "COM_INT_ID": null, "COD_ACT_ECON": "21403", "DESC_ACT_ECON": "Tabacaria", "ANO": 1996, "TIPO": "Retalho", "LOCALIZACAO": "Isolado", "C_INTEGRADO": null, "EMPRESA": "MARIA ISABEL SILVEIRA MENDES RODRIGUES MOURA", "GlobalID": "37141946-4b3a-4105-b5ea-d9817903c5ba"}}, {"type": "Feature", "geometry": {"type": "Point", "coordinates": [-1015681.5537, 4687336.137800001]}, "properties": {"OBJECTID": 156707, "COD_SIG": null, "IDTIPO": null, "NOME": "INACIO JOAQUIM ARAUJO PIQUITO", "REGEND": "016995", "MORADA": "KEIL DO AMARAL (R)", "NUM_POLICIA": "LT 228", "FREGUESIA": "115", "LOCALIDADE": null, "COD_POST_4": null, "COD_POST_3": null, "COM_INT_ID": null, "COD_ACT_ECON": "12003", "DESC_ACT_ECON": "Mini-Mercados/Auto-Servi\u00e7os", "ANO": 1996, "TIPO": "Retalho", "LOCALIZACAO": "Isolado", "C_INTEGRADO": null, "EMPRESA": "MARIA ISABEL SILVEIRA MENDES RODRIGUES MOURA", "GlobalID": "cba8c408-dca4-4d00-98f1-92c95b400011"}}, {"type": "Feature", "geometry": {"type": "Point", "coordinates": [-1018584.6044000015, 4680149.1171]}, "properties": {"OBJECTID": 156938, "COD_SIG": null, "IDTIPO": null, "NOME": "PEDRO ENCARNA\u00c7AO COLARES & HERDEIROS", "REGEND": "017407", "MORADA": "FERNANDES TOMAS (R)", "NUM_POLICIA": "30 A", "FREGUESIA": "116", "LOCALIDADE": null, "COD_POST_4": null, "COD_POST_3": null, "COM_INT_ID": null, "COD_ACT_ECON": "21206", "DESC_ACT_ECON": "M\u00f3veis E Colchoaria (Interior)", "ANO": 1996, "TIPO": "Retalho", "LOCALIZACAO": "Isolado", "C_INTEGRADO": null, "EMPRESA": "MARIA ISABEL SILVEIRA MENDES RODRIGUES MOURA", "GlobalID": "30192fc4-c0b0-49de-98f2-bbd5649d512e"}}, {"type": "Feature", "geometry": {"type": "Point", "coordinates": [-1027019.6895000003, 4678862.862599999]}, "properties": {"OBJECTID": 156972, "COD_SIG": null, "IDTIPO": null, "NOME": "ESPA\u00c7O 3", "REGEND": "017253", "MORADA": "D JER\u00d3NIMO OS\u00d3RIO (R)", "NUM_POLICIA": "20 C", "FREGUESIA": "108", "LOCALIDADE": null, "COD_POST_4": null, "COD_POST_3": null, "COM_INT_ID": null, "COD_ACT_ECON": "21103", "DESC_ACT_ECON": "Artigos Vestu\u00e1rio Senhora (Boutique)", "ANO": 1996, "TIPO": "Retalho", "LOCALIZACAO": "Isolado", "C_INTEGRADO": null, "EMPRESA": "MARIA ISABEL SILVEIRA MENDES RODRIGUES MOURA", "GlobalID": "0e9ee78e-1a82-4dae-aa84-24a5b0d8914c"}}, {"type": "Feature", "geometry": {"type": "Point", "coordinates": [-1016497.5181000009, 4683467.574000001]}, "properties": {"OBJECTID": 157013, "COD_SIG": null, "IDTIPO": null, "NOME": "ALEXANDRA", "REGEND": "017456", "MORADA": "MORAIS SOARES (R)", "NUM_POLICIA": "97 A", "FREGUESIA": "119", "LOCALIDADE": null, "COD_POST_4": null, "COD_POST_3": null, "COM_INT_ID": null, "COD_ACT_ECON": "21202", "DESC_ACT_ECON": "Artigos Diversos Lar/Decora\u00e7\u00e3o", "ANO": 1996, "TIPO": "Retalho", "LOCALIZACAO": "Isolado", "C_INTEGRADO": null, "EMPRESA": "MARIA ISABEL SILVEIRA MENDES RODRIGUES MOURA", "GlobalID": "829bfc18-63f9-46d4-8032-d30f1a54d704"}}, {"type": "Feature", "geometry": {"type": "Point", "coordinates": [-1019368.1136999987, 4687862.425499998]}, "properties": {"OBJECTID": 157086, "COD_SIG": null, "IDTIPO": null, "NOME": "PASSERELLE", "REGEND": "017584", "MORADA": "FRANCISCO STROMP (R)", "NUM_POLICIA": "5 B", "FREGUESIA": "114", "LOCALIDADE": null, "COD_POST_4": null, "COD_POST_3": null, "COM_INT_ID": 111, "COD_ACT_ECON": "21111", "DESC_ACT_ECON": "Tecidos Para Confec\u00e7\u00e3o Vestu\u00e1rio", "ANO": 1996, "TIPO": "Retalho", "LOCALIZACAO": "Integrado - outro", "C_INTEGRADO": "CENTRO COMERCIAL STROMP", "EMPRESA": "MARIA ISABEL SILVEIRA MENDES RODRIGUES MOURA", "GlobalID": "ae07fa4b-81d1-47f7-a9f9-332d15c1db6e"}}, {"type": "Feature", "geometry": {"type": "Point", "coordinates": [-1019416.6755000018, 4688540.906999998]}, "properties": {"OBJECTID": 157088, "COD_SIG": null, "IDTIPO": null, "NOME": "ARESSA", "REGEND": "017586", "MORADA": "SILVA TAVARES (R)", "NUM_POLICIA": "7", "FREGUESIA": "114", "LOCALIDADE": null, "COD_POST_4": null, "COD_POST_3": null, "COM_INT_ID": 91, "COD_ACT_ECON": "21115", "DESC_ACT_ECON": "Sapatarias", "ANO": 1996, "TIPO": "Retalho", "LOCALIZACAO": "Integrado - outro", "C_INTEGRADO": "CENTRO COMERCIAL MOURAS", "EMPRESA": "MARIA ISABEL SILVEIRA MENDES RODRIGUES MOURA", "GlobalID": "ef9d2e5e-180e-4dc1-b978-593d0be84c14"}}, {"type": "Feature", "geometry": {"type": "Point", "coordinates": [-1016450.6097000018, 4680801.123199999]}, "properties": {"OBJECTID": 157117, "COD_SIG": null, "IDTIPO": null, "NOME": "SILVA & CORDEIRO", "REGEND": "017316", "MORADA": "RODRIGUES DE FREITAS (L)", "NUM_POLICIA": "4", "FREGUESIA": "121", "LOCALIDADE": null, "COD_POST_4": null, "COD_POST_3": null, "COM_INT_ID": null, "COD_ACT_ECON": "30006", "DESC_ACT_ECON": "Outras N.E. (Repara\u00e7\u00f5es)", "ANO": 1996, "TIPO": "Retalho", "LOCALIZACAO": "Isolado", "C_INTEGRADO": null, "EMPRESA": "MARIA ISABEL SILVEIRA MENDES RODRIGUES MOURA", "GlobalID": "3fae273b-109a-40e5-91c6-05673630134c"}}, {"type": "Feature", "geometry": {"type": "Point", "coordinates": [-1019406.7463000007, 4681228.385300003]}, "properties": {"OBJECTID": 157180, "COD_SIG": null, "IDTIPO": null, "NOME": "DISTRAI", "REGEND": "017498", "MORADA": "S BERNARDO (R DE)", "NUM_POLICIA": "43 G", "FREGUESIA": "110", "LOCALIDADE": null, "COD_POST_4": null, "COD_POST_3": null, "COM_INT_ID": null, "COD_ACT_ECON": "21403", "DESC_ACT_ECON": "Tabacaria", "ANO": 1996, "TIPO": "Retalho", "LOCALIZACAO": "Isolado", "C_INTEGRADO": null, "EMPRESA": "MARIA ISABEL SILVEIRA MENDES RODRIGUES MOURA", "GlobalID": "9b41aaf5-93e9-42f5-b710-a0f0a9f4cbea"}}, {"type": "Feature", "geometry": {"type": "Point", "coordinates": [-1019093.3632999994, 4681015.9991]}, "properties": {"OBJECTID": 157184, "COD_SIG": null, "IDTIPO": null, "NOME": "ANABELA PALMEIRA DE ARAUJO MARTINS", "REGEND": "017504", "MORADA": "S BENTO (R DE)", "NUM_POLICIA": "199 B", "FREGUESIA": "110", "LOCALIDADE": null, "COD_POST_4": null, "COD_POST_3": null, "COM_INT_ID": 130, "COD_ACT_ECON": "21207", "DESC_ACT_ECON": "M\u00f3veis Antigos/Antiguidades", "ANO": 1996, "TIPO": "Retalho", "LOCALIZACAO": "Integrado - outro", "C_INTEGRADO": "GALERIA ESPA\u00c7O S. BENTO", "EMPRESA": "MARIA ISABEL SILVEIRA MENDES RODRIGUES MOURA", "GlobalID": "3ad0c610-b497-48ca-93e1-df05feb6ec57"}}, {"type": "Feature", "geometry": {"type": "Point", "coordinates": [-1017411.8154999986, 4682166.387000002]}, "properties": {"OBJECTID": 157269, "COD_SIG": null, "IDTIPO": null, "NOME": "GERAL CAR", "REGEND": "017279", "MORADA": "Rua Gomes Freire", "NUM_POLICIA": "14", "FREGUESIA": "105", "LOCALIDADE": null, "COD_POST_4": "1150", "COD_POST_3": "179", "COM_INT_ID": null, "COD_ACT_ECON": "21504", "DESC_ACT_ECON": "Ve\u00edculos Ligeiros (Novos)", "ANO": 1996, "TIPO": "Retalho", "LOCALIZACAO": "Isolado", "C_INTEGRADO": null, "EMPRESA": "MARIA ISABEL SILVEIRA MENDES RODRIGUES MOURA", "GlobalID": "99896b98-512f-4fa5-b989-3fa8804a5bfd"}}, {"type": "Feature", "geometry": {"type": "Point", "coordinates": [-1017560.3031000011, 4682006.083300002]}, "properties": {"OBJECTID": 157432, "COD_SIG": null, "IDTIPO": null, "NOME": "BLOCO UNIVERSAL", "REGEND": "017312", "MORADA": "Alameda de Santo Ant\u00f3nio dos Capuchos", "NUM_POLICIA": "2A", "FREGUESIA": "105", "LOCALIDADE": "LISBOA                         ", "COD_POST_4": "1150", "COD_POST_3": "314", "COM_INT_ID": null, "COD_ACT_ECON": "21508", "DESC_ACT_ECON": "Acess\u00f3rios P/ Ve\u00edculos Excepto Motociclos", "ANO": 1996, "TIPO": "Retalho", "LOCALIZACAO": "Isolado", "C_INTEGRADO": null, "EMPRESA": "MARIA ISABEL SILVEIRA MENDES RODRIGUES MOURA", "GlobalID": "10f2a820-f28a-44f8-9aa6-d86dfb424ea7"}}, {"type": "Feature", "geometry": {"type": "Point", "coordinates": [-1018752.8764999993, 4680205.063600004]}, "properties": {"OBJECTID": 157464, "COD_SIG": null, "IDTIPO": null, "NOME": "NA PUREZA", "REGEND": "017401", "MORADA": "PO\u00c7O DOS NEGROS (R DO)", "NUM_POLICIA": "124/126", "FREGUESIA": "116", "LOCALIDADE": null, "COD_POST_4": null, "COD_POST_3": null, "COM_INT_ID": null, "COD_ACT_ECON": "11014", "DESC_ACT_ECON": "Prod. Naturais(Diet.,Medicinais,Espec.)", "ANO": 1996, "TIPO": "Retalho", "LOCALIZACAO": "Isolado", "C_INTEGRADO": null, "EMPRESA": "MARIA ISABEL SILVEIRA MENDES RODRIGUES MOURA", "GlobalID": "0b0f6dc4-bcfc-4d17-bd67-74992b56dd72"}}, {"type": "Feature", "geometry": {"type": "Point", "coordinates": [-1020531.8346000016, 4679641.458700001]}, "properties": {"OBJECTID": 157532, "COD_SIG": null, "IDTIPO": null, "NOME": "JACIS", "REGEND": "017359", "MORADA": "INFANTE SANTO (AV)", "NUM_POLICIA": "32 A", "FREGUESIA": "113", "LOCALIDADE": null, "COD_POST_4": null, "COD_POST_3": null, "COM_INT_ID": null, "COD_ACT_ECON": "21412", "DESC_ACT_ECON": "Material Fotogr\u00e1fico,Cinema", "ANO": 1996, "TIPO": "Retalho", "LOCALIZACAO": "Isolado", "C_INTEGRADO": null, "EMPRESA": "MARIA ISABEL SILVEIRA MENDES RODRIGUES MOURA", "GlobalID": "4a77b30e-8d9b-4182-9d53-a238829e4def"}}, {"type": "Feature", "geometry": {"type": "Point", "coordinates": [-1019964.2780000009, 4681411.020199999]}, "properties": {"OBJECTID": 157589, "COD_SIG": null, "IDTIPO": null, "NOME": "CREDIAUTO", "REGEND": "017522", "MORADA": "INFANTARIA DEZASSEIS (R DE)", "NUM_POLICIA": "2 A", "FREGUESIA": "110", "LOCALIDADE": null, "COD_POST_4": null, "COD_POST_3": null, "COM_INT_ID": null, "COD_ACT_ECON": "21505", "DESC_ACT_ECON": "Ve\u00edculos Pesados (Novos)", "ANO": 1996, "TIPO": "Retalho", "LOCALIZACAO": "Isolado", "C_INTEGRADO": null, "EMPRESA": "MARIA ISABEL SILVEIRA MENDES RODRIGUES MOURA", "GlobalID": "5a376c03-71e4-4956-9e2d-0f8dbf1562d5"}}, {"type": "Feature", "geometry": {"type": "Point", "coordinates": [-1019889.6046000011, 4681372.023199998]}, "properties": {"OBJECTID": 157597, "COD_SIG": null, "IDTIPO": null, "NOME": "LOJA TINTAS CAMPO OURIQUE", "REGEND": "017516", "MORADA": "DR ANT\u00d3NIO VIANA (L)", "NUM_POLICIA": "3 B", "FREGUESIA": "110", "LOCALIDADE": null, "COD_POST_4": null, "COD_POST_3": null, "COM_INT_ID": null, "COD_ACT_ECON": "21502", "DESC_ACT_ECON": "Tintas,Vernizes E Afins", "ANO": 1996, "TIPO": "Retalho", "LOCALIZACAO": "Isolado", "C_INTEGRADO": null, "EMPRESA": "MARIA ISABEL SILVEIRA MENDES RODRIGUES MOURA", "GlobalID": "8b98637d-4561-47b2-8b6a-cfa35aa8757c"}}, {"type": "Feature", "geometry": {"type": "Point", "coordinates": [-1016258.2588, 4682890.4727]}, "properties": {"OBJECTID": 157648, "COD_SIG": null, "IDTIPO": null, "NOME": "MARIA ADELAIDE GARGANTA", "REGEND": "017436", "MORADA": "CESARIO VERDE (R) \u00e6 PENHA", "NUM_POLICIA": "23", "FREGUESIA": "119", "LOCALIDADE": null, "COD_POST_4": null, "COD_POST_3": null, "COM_INT_ID": null, "COD_ACT_ECON": "21101", "DESC_ACT_ECON": "Artigos Vestu\u00e1rio Diverso (Misto)", "ANO": 1996, "TIPO": "Retalho", "LOCALIZACAO": "Isolado", "C_INTEGRADO": null, "EMPRESA": "MARIA ISABEL SILVEIRA MENDES RODRIGUES MOURA", "GlobalID": "ce42fe72-506d-4294-bfd3-0d97dd9720da"}}, {"type": "Feature", "geometry": {"type": "Point", "coordinates": [-1016289.3060999997, 4683156.209700003]}, "properties": {"OBJECTID": 157760, "COD_SIG": null, "IDTIPO": null, "NOME": "MAIUSCULA", "REGEND": "017452", "MORADA": "NEVES FERREIRA (R)", "NUM_POLICIA": "7", "FREGUESIA": "119", "LOCALIDADE": null, "COD_POST_4": null, "COD_POST_3": null, "COM_INT_ID": null, "COD_ACT_ECON": "30006", "DESC_ACT_ECON": "Outras N.E. (Repara\u00e7\u00f5es)", "ANO": 1996, "TIPO": "Retalho", "LOCALIZACAO": "Isolado", "C_INTEGRADO": null, "EMPRESA": "MAIUSCULA COMERCIO DE MOVEIS E DECORA\u00c7\u00c4O,LDA", "GlobalID": "e46fb98c-1a99-4426-9d42-a53491938900"}}, {"type": "Feature", "geometry": {"type": "Point", "coordinates": [-1019875.1055000015, 4682134.330799997]}, "properties": {"OBJECTID": 157771, "COD_SIG": null, "IDTIPO": null, "NOME": "DINASOM", "REGEND": "017537", "MORADA": "ENG DUARTE PACHECO (AV)", "NUM_POLICIA": null, "FREGUESIA": "110", "LOCALIDADE": null, "COD_POST_4": null, "COD_POST_3": null, "COM_INT_ID": 48, "COD_ACT_ECON": "21526", "DESC_ACT_ECON": "Outros N.E.(C.N.Alim. Diversos)", "ANO": 1996, "TIPO": "Retalho", "LOCALIZACAO": "Integrado - outro", "C_INTEGRADO": "SHOPPING CENTER AMOREIRAS", "EMPRESA": "MARIA ISABEL SILVEIRA MENDES RODRIGUES MOURA", "GlobalID": "37c1af36-5a86-4315-b3dc-f7e1bf486e1d"}}, {"type": "Feature", "geometry": {"type": "Point", "coordinates": [-1022570.6444999985, 4685465.0682]}, "properties": {"OBJECTID": 157784, "COD_SIG": null, "IDTIPO": null, "NOME": "DAVID FERREIRA", "REGEND": "017542", "MORADA": "Estrada de Benfica", "NUM_POLICIA": "443B", "FREGUESIA": "123", "LOCALIDADE": "LISBOA", "COD_POST_4": "1500", "COD_POST_3": "079", "COM_INT_ID": null, "COD_ACT_ECON": "30003", "DESC_ACT_ECON": "Repara\u00e7\u00e3o De Cal\u00e7ado E Art. Couro", "ANO": 1996, "TIPO": "Retalho", "LOCALIZACAO": "Isolado", "C_INTEGRADO": null, "EMPRESA": "MARIA ISABEL SILVEIRA MENDES RODRIGUES MOURA", "GlobalID": "b335bdf3-a5f1-4fd4-ab7a-c7374cd3f25e"}}, {"type": "Feature", "geometry": {"type": "Point", "coordinates": [-1016316.8817999996, 4682276.7238000035]}, "properties": {"OBJECTID": 157882, "COD_SIG": null, "IDTIPO": null, "NOME": "LIVRARIA MATIAS", "REGEND": "017448", "MORADA": "TRIANGULO VERMELHO (R DO)", "NUM_POLICIA": "2", "FREGUESIA": "119", "LOCALIDADE": null, "COD_POST_4": null, "COD_POST_3": null, "COM_INT_ID": null, "COD_ACT_ECON": "21402", "DESC_ACT_ECON": "Papelarias (Art. Escrit.,Jornais ..)", "ANO": 1996, "TIPO": "Retalho", "LOCALIZACAO": "Isolado", "C_INTEGRADO": null, "EMPRESA": "MARIA ISABEL SILVEIRA MENDES RODRIGUES MOURA", "GlobalID": "a3471aaf-6b14-4bff-a6f1-3050bde7e238"}}, {"type": "Feature", "geometry": {"type": "Point", "coordinates": [-1021761.1634999998, 4685331.688000001]}, "properties": {"OBJECTID": 157946, "COD_SIG": null, "IDTIPO": null, "NOME": "PAPELARIA TABACARIA GREKUS", "REGEND": "017566", "MORADA": "ABEL BOTELHO (R)", "NUM_POLICIA": "29 B", "FREGUESIA": "123", "LOCALIDADE": null, "COD_POST_4": null, "COD_POST_3": null, "COM_INT_ID": null, "COD_ACT_ECON": "21402", "DESC_ACT_ECON": "Papelarias (Art. Escrit.,Jornais ..)", "ANO": 1996, "TIPO": "Retalho", "LOCALIZACAO": "Isolado", "C_INTEGRADO": null, "EMPRESA": "MARIA ISABEL SILVEIRA MENDES RODRIGUES MOURA", "GlobalID": "25e166ff-97eb-41b8-b1f5-b2348887e01c"}}, {"type": "Feature", "geometry": {"type": "Point", "coordinates": [-1016455.6809, 4680325.5847999975]}, "properties": {"OBJECTID": 157969, "COD_SIG": null, "IDTIPO": null, "NOME": "MARIA ISABEL CONCEI\u00c7AO CATARINO ALVES", "REGEND": "017318", "MORADA": "S MARTINHO (L DE)", "NUM_POLICIA": "15", "FREGUESIA": "121", "LOCALIDADE": null, "COD_POST_4": null, "COD_POST_3": null, "COM_INT_ID": null, "COD_ACT_ECON": "21402", "DESC_ACT_ECON": "Papelarias (Art. Escrit.,Jornais ..)", "ANO": 1996, "TIPO": "Retalho", "LOCALIZACAO": "Isolado", "C_INTEGRADO": null, "EMPRESA": "MARIA ISABEL SILVEIRA MENDES RODRIGUES MOURA", "GlobalID": "a8108178-fbd2-4358-864c-7cfb94c90a32"}}, {"type": "Feature", "geometry": {"type": "Point", "coordinates": [-1017317.3918000013, 4681881.425899997]}, "properties": {"OBJECTID": 158051, "COD_SIG": null, "IDTIPO": null, "NOME": "ALVES SANTOS ALMEIDA", "REGEND": "017310", "MORADA": "MASTRO (L DO)", "NUM_POLICIA": "41", "FREGUESIA": "105", "LOCALIDADE": null, "COD_POST_4": null, "COD_POST_3": null, "COM_INT_ID": null, "COD_ACT_ECON": "30006", "DESC_ACT_ECON": "Outras N.E. (Repara\u00e7\u00f5es)", "ANO": 1996, "TIPO": "Retalho", "LOCALIZACAO": "Isolado", "C_INTEGRADO": null, "EMPRESA": "MARIA ISABEL SILVEIRA MENDES RODRIGUES MOURA", "GlobalID": "e4317283-be02-41c0-807c-4e1123152c73"}}, {"type": "Feature", "geometry": {"type": "Point", "coordinates": [-1019092.6660999991, 4681017.486000001]}, "properties": {"OBJECTID": 158218, "COD_SIG": null, "IDTIPO": null, "NOME": "TERESA MARIA JUSTINO GASPAR FONSECA", "REGEND": "017502", "MORADA": "Rua de S\u00e3o Bento", "NUM_POLICIA": "199B", "FREGUESIA": "110", "LOCALIDADE": "LISBOA                         ", "COD_POST_4": "1250", "COD_POST_3": "219", "COM_INT_ID": 130, "COD_ACT_ECON": "21207", "DESC_ACT_ECON": "M\u00f3veis Antigos/Antiguidades", "ANO": 1996, "TIPO": "Retalho", "LOCALIZACAO": "Integrado - outro", "C_INTEGRADO": "GALERIA ESPA\u00c7O S. BENTO", "EMPRESA": "MARIA ISABEL SILVEIRA MENDES RODRIGUES MOURA", "GlobalID": "3238395f-e83e-48e4-8ad4-5656e4bf086c"}}, {"type": "Feature", "geometry": {"type": "Point", "coordinates": [-1026202.936999999, 4678507.7289]}, "properties": {"OBJECTID": 158241, "COD_SIG": null, "IDTIPO": null, "NOME": "FRANCISCA MARIA TUBAL GON\u00c7ALVES", "REGEND": "017247", "MORADA": "DUARTE PACHECO PEREIRA (R)", "NUM_POLICIA": "JT N\u00ba 28", "FREGUESIA": "108", "LOCALIDADE": "LISBOA                         ", "COD_POST_4": "1400", "COD_POST_3": "140", "COM_INT_ID": null, "COD_ACT_ECON": "21403", "DESC_ACT_ECON": "Tabacaria", "ANO": 1996, "TIPO": "Retalho", "LOCALIZACAO": "Isolado", "C_INTEGRADO": null, "EMPRESA": "MARIA ISABEL SILVEIRA MENDES RODRIGUES MOURA", "GlobalID": "356e21eb-21e5-41a4-938a-29965f477c94"}}, {"type": "Feature", "geometry": {"type": "Point", "coordinates": [-1016490.0830000006, 4686087.153099999]}, "properties": {"OBJECTID": 158302, "COD_SIG": null, "IDTIPO": null, "NOME": "LOUREN\u00c7O & VICTOR", "REGEND": "017841", "MORADA": "ALM GAGO COUTINHO (AV)", "NUM_POLICIA": "81 A PORTA B", "FREGUESIA": "103", "LOCALIDADE": "LISBOA", "COD_POST_4": "1700", "COD_POST_3": "028", "COM_INT_ID": null, "COD_ACT_ECON": "30001", "DESC_ACT_ECON": "Repara\u00e7\u00e3o De Ve\u00edculos Autom\u00f3veis", "ANO": 1996, "TIPO": "Retalho", "LOCALIZACAO": "Isolado", "C_INTEGRADO": null, "EMPRESA": "LOUREN\u00c7O & VICTOR, LDA", "GlobalID": "a2ad94d7-458e-4575-a321-c65116f12c0e"}}, {"type": "Feature", "geometry": {"type": "Point", "coordinates": [-1019480.2083999999, 4681847.028800003]}, "properties": {"OBJECTID": 158441, "COD_SIG": null, "IDTIPO": null, "NOME": "TECNERGA", "REGEND": "017496", "MORADA": "AGUAS LIVRES (PR DAS)", "NUM_POLICIA": "8 D", "FREGUESIA": "110", "LOCALIDADE": null, "COD_POST_4": null, "COD_POST_3": null, "COM_INT_ID": null, "COD_ACT_ECON": "21512", "DESC_ACT_ECON": "Material El\u00e9ctrico E P/ Electr\u00f3nica", "ANO": 1996, "TIPO": "Retalho", "LOCALIZACAO": "Isolado", "C_INTEGRADO": null, "EMPRESA": "MARIA ISABEL SILVEIRA MENDES RODRIGUES MOURA", "GlobalID": "63a1de8a-d3c2-49ef-baf1-3738f03a9bf3"}}, {"type": "Feature", "geometry": {"type": "Point", "coordinates": [-1025962.3935999982, 4678075.044799998]}, "properties": {"OBJECTID": 158471, "COD_SIG": null, "IDTIPO": null, "NOME": "AUTO REPARADORA PEDROU\u00c7OS", "REGEND": "017243", "MORADA": "PEDROU\u00c7OS (R DE)", "NUM_POLICIA": "15", "FREGUESIA": "108", "LOCALIDADE": null, "COD_POST_4": null, "COD_POST_3": null, "COM_INT_ID": null, "COD_ACT_ECON": "30001", "DESC_ACT_ECON": "Repara\u00e7\u00e3o De Ve\u00edculos Autom\u00f3veis", "ANO": 1996, "TIPO": "Retalho", "LOCALIZACAO": "Isolado", "C_INTEGRADO": null, "EMPRESA": "MARIA ISABEL SILVEIRA MENDES RODRIGUES MOURA", "GlobalID": "e2426ac3-e8aa-4473-bfb2-8e60eb7e98ba"}}, {"type": "Feature", "geometry": {"type": "Point", "coordinates": [-1017098.9017999992, 4682034.2119999975]}, "properties": {"OBJECTID": 158610, "COD_SIG": null, "IDTIPO": null, "NOME": "FERNANDO ANTONIO MENDES", "REGEND": "017330", "MORADA": "CAP RENATO BAPTISTA (R)", "NUM_POLICIA": "69", "FREGUESIA": "105", "LOCALIDADE": null, "COD_POST_4": null, "COD_POST_3": null, "COM_INT_ID": null, "COD_ACT_ECON": "21206", "DESC_ACT_ECON": "M\u00f3veis E Colchoaria (Interior)", "ANO": 1996, "TIPO": "Retalho", "LOCALIZACAO": "Isolado", "C_INTEGRADO": null, "EMPRESA": "MARIA ISABEL SILVEIRA MENDES RODRIGUES MOURA", "GlobalID": "c5ed652b-914e-4363-ab3b-73cedc5f150d"}}, {"type": "Feature", "geometry": {"type": "Point", "coordinates": [-1019875.1055000015, 4682134.330799997]}, "properties": {"OBJECTID": 158647, "COD_SIG": null, "IDTIPO": null, "NOME": "DANIEL D", "REGEND": "017529", "MORADA": "ENG DUARTE PACHECO (AV)", "NUM_POLICIA": null, "FREGUESIA": "110", "LOCALIDADE": null, "COD_POST_4": null, "COD_POST_3": null, "COM_INT_ID": 48, "COD_ACT_ECON": "21103", "DESC_ACT_ECON": "Artigos Vestu\u00e1rio Senhora (Boutique)", "ANO": 1996, "TIPO": "Retalho", "LOCALIZACAO": "Integrado - outro", "C_INTEGRADO": "SHOPPING CENTER AMOREIRAS", "EMPRESA": "MARIA ISABEL SILVEIRA MENDES RODRIGUES MOURA", "GlobalID": "273065f8-3eb3-4703-8a47-5b54f4919fed"}}, {"type": "Feature", "geometry": {"type": "Point", "coordinates": [-1018105.5203999989, 4680689.043899998]}, "properties": {"OBJECTID": 158847, "COD_SIG": null, "IDTIPO": null, "NOME": "QUINTINO SOARES SANTOS", "REGEND": "017399", "MORADA": "LUZ SORIANO (R)", "NUM_POLICIA": "170", "FREGUESIA": "116", "LOCALIDADE": null, "COD_POST_4": null, "COD_POST_3": null, "COM_INT_ID": null, "COD_ACT_ECON": "21501", "DESC_ACT_ECON": "Materiais Constru\u00e7\u00e3o,Metais E Ferragens", "ANO": 1996, "TIPO": "Retalho", "LOCALIZACAO": "Isolado", "C_INTEGRADO": null, "EMPRESA": "MARIA ISABEL SILVEIRA MENDES RODRIGUES MOURA", "GlobalID": "20af430f-b8be-4fa0-b249-37e9e102a102"}}, {"type": "Feature", "geometry": {"type": "Point", "coordinates": [-1019953.4912, 4681420.516000003]}, "properties": {"OBJECTID": 158861, "COD_SIG": null, "IDTIPO": null, "NOME": "HORTO BOTANICO", "REGEND": "017512", "MORADA": "SILVA CARVALHO (R)", "NUM_POLICIA": "135", "FREGUESIA": "110", "LOCALIDADE": null, "COD_POST_4": null, "COD_POST_3": null, "COM_INT_ID": null, "COD_ACT_ECON": "21409", "DESC_ACT_ECON": "Artigos Jardinagem/Flores/Plantas", "ANO": 1996, "TIPO": "Retalho", "LOCALIZACAO": "Isolado", "C_INTEGRADO": null, "EMPRESA": "HORTO BOTANICO, LDA", "GlobalID": "0db688dc-1d91-4212-93d5-3b919e16c3ab"}}, {"type": "Feature", "geometry": {"type": "Point", "coordinates": [-1019763.7941000015, 4681585.024899997]}, "properties": {"OBJECTID": 158862, "COD_SIG": null, "IDTIPO": null, "NOME": "ROSA ALFACE", "REGEND": "017514", "MORADA": "ARRABIDA (R DA)", "NUM_POLICIA": "90 A", "FREGUESIA": "110", "LOCALIDADE": null, "COD_POST_4": null, "COD_POST_3": null, "COM_INT_ID": null, "COD_ACT_ECON": "21103", "DESC_ACT_ECON": "Artigos Vestu\u00e1rio Senhora (Boutique)", "ANO": 1996, "TIPO": "Retalho", "LOCALIZACAO": "Isolado", "C_INTEGRADO": null, "EMPRESA": "MARIA ISABEL SILVEIRA MENDES RODRIGUES MOURA", "GlobalID": "f902649f-91f5-4282-8042-2016bf6edf6c"}}, {"type": "Feature", "geometry": {"type": "Point", "coordinates": [-1017503.5271000005, 4681696.864500001]}, "properties": {"OBJECTID": 158902, "COD_SIG": null, "IDTIPO": null, "NOME": "GRUPO COOPERATIVO ELO", "REGEND": "017270", "MORADA": "MARTIRES DA PATRIA (CP DOS) CP DE SANT'ANA", "NUM_POLICIA": "13", "FREGUESIA": "105", "LOCALIDADE": null, "COD_POST_4": null, "COD_POST_3": null, "COM_INT_ID": null, "COD_ACT_ECON": "21413", "DESC_ACT_ECON": "Instrumentos Musicais", "ANO": 1996, "TIPO": "Retalho", "LOCALIZACAO": "Isolado", "C_INTEGRADO": null, "EMPRESA": "MARIA ISABEL SILVEIRA MENDES RODRIGUES MOURA", "GlobalID": "4f539568-20bf-4ba8-801c-85afb367f51e"}}, {"type": "Feature", "geometry": {"type": "Point", "coordinates": [-1020907.3610999994, 4687617.365400001]}, "properties": {"OBJECTID": 159159, "COD_SIG": null, "IDTIPO": null, "NOME": "ASCOT", "REGEND": "017661", "MORADA": "Rua Prof. Jo\u00e3o Barreira", "NUM_POLICIA": "17", "FREGUESIA": "114", "LOCALIDADE": "LISBOA                         ", "COD_POST_4": "1600", "COD_POST_3": "635", "COM_INT_ID": null, "COD_ACT_ECON": "21101", "DESC_ACT_ECON": "Artigos Vestu\u00e1rio Diverso (Misto)", "ANO": 1996, "TIPO": "Retalho", "LOCALIZACAO": "Isolado", "C_INTEGRADO": null, "EMPRESA": "MARIA ISABEL SILVEIRA MENDES RODRIGUES MOURA", "GlobalID": "3b2723d5-ddb3-4150-82c0-c9bd08c60799"}}, {"type": "Feature", "geometry": {"type": "Point", "coordinates": [-1018548.6418000013, 4683308.577600002]}, "properties": {"OBJECTID": 159187, "COD_SIG": null, "IDTIPO": null, "NOME": "ANT\u00d3NIO DE SOUSA LARANJEIRA", "REGEND": "017732", "MORADA": "FILIPE FOLQUE (R)", "NUM_POLICIA": "FRT N\u00ba 14", "FREGUESIA": "106", "LOCALIDADE": null, "COD_POST_4": null, "COD_POST_3": null, "COM_INT_ID": null, "COD_ACT_ECON": "21403", "DESC_ACT_ECON": "Tabacaria", "ANO": 1996, "TIPO": "Retalho", "LOCALIZACAO": "Isolado", "C_INTEGRADO": null, "EMPRESA": "MARIA ISABEL SILVEIRA MENDES RODRIGUES MOURA", "GlobalID": "d07e5fac-9023-4b4d-a1c8-f51152a5eec5"}}, {"type": "Feature", "geometry": {"type": "Point", "coordinates": [-1017144.6108000018, 4680478.647100002]}, "properties": {"OBJECTID": 159501, "COD_SIG": null, "IDTIPO": null, "NOME": "J RODRIGUES PAULO", "REGEND": "017819", "MORADA": "ASSUN\u00c7AO (R DA)", "NUM_POLICIA": "33", "FREGUESIA": "121", "LOCALIDADE": null, "COD_POST_4": null, "COD_POST_3": null, "COM_INT_ID": null, "COD_ACT_ECON": "21116", "DESC_ACT_ECON": "ARTIGOS DE PELE/CAL\u00c7ADO/MARROQUINARIA", "ANO": 1996, "TIPO": "Retalho", "LOCALIZACAO": "Isolado", "C_INTEGRADO": null, "EMPRESA": "J. RODRIGUES PAULO, LDA", "GlobalID": "3d39e78d-ef18-417c-961d-396b74d67914"}}, {"type": "Feature", "geometry": {"type": "Point", "coordinates": [-1018905.7525000013, 4679911.652599998]}, "properties": {"OBJECTID": 159949, "COD_SIG": null, "IDTIPO": null, "NOME": "GALP", "REGEND": "017756", "MORADA": "VITORINO DAM\u00c1SIO (L)", "NUM_POLICIA": null, "FREGUESIA": "113", "LOCALIDADE": null, "COD_POST_4": null, "COD_POST_3": null, "COM_INT_ID": null, "COD_ACT_ECON": "21509", "DESC_ACT_ECON": "Combust\u00edveis Ve\u00edculos Autom\u00f3veis", "ANO": 1996, "TIPO": "Retalho", "LOCALIZACAO": "Isolado", "C_INTEGRADO": null, "EMPRESA": "MARIA ISABEL SILVEIRA MENDES RODRIGUES MOURA", "GlobalID": "f3dc95ec-243b-4834-b5f3-3dfbbb123592"}}, {"type": "Feature", "geometry": {"type": "Point", "coordinates": [-1017242.9626999982, 4680577.798900001]}, "properties": {"OBJECTID": 159960, "COD_SIG": null, "IDTIPO": null, "NOME": "NUNES BAI\u00c3O", "REGEND": "017766", "MORADA": "CORREEIROS (R DOS)", "NUM_POLICIA": "199", "FREGUESIA": "121", "LOCALIDADE": null, "COD_POST_4": null, "COD_POST_3": null, "COM_INT_ID": null, "COD_ACT_ECON": "21101", "DESC_ACT_ECON": "Artigos Vestu\u00e1rio Diverso (Misto)", "ANO": 1996, "TIPO": "Retalho", "LOCALIZACAO": "Isolado", "C_INTEGRADO": null, "EMPRESA": "NUNES BAI\u00c3O & C\u00aa LDA", "GlobalID": "fbc5383b-bf87-403c-a3b0-58cc3a42d9bc"}}, {"type": "Feature", "geometry": {"type": "Point", "coordinates": [-1017152.9503000006, 4680422.0119]}, "properties": {"OBJECTID": 160221, "COD_SIG": null, "IDTIPO": null, "NOME": "GUIMAR", "REGEND": "017795", "MORADA": "PRATA (R)", "NUM_POLICIA": "183/187", "FREGUESIA": "121", "LOCALIDADE": null, "COD_POST_4": null, "COD_POST_3": null, "COM_INT_ID": null, "COD_ACT_ECON": "21206", "DESC_ACT_ECON": "M\u00f3veis E Colchoaria (Interior)", "ANO": 1996, "TIPO": "Retalho", "LOCALIZACAO": "Isolado", "C_INTEGRADO": null, "EMPRESA": "MARIA ISABEL SILVEIRA MENDES RODRIGUES MOURA", "GlobalID": "937b62d4-f869-448c-9c18-ab130a9194fe"}}, {"type": "Feature", "geometry": {"type": "Point", "coordinates": [-1018569.4684000015, 4683636.176299997]}, "properties": {"OBJECTID": 160309, "COD_SIG": null, "IDTIPO": null, "NOME": "ERVANARIA IMPERIAL", "REGEND": "017674", "MORADA": "PINHEIRO CHAGAS (R)", "NUM_POLICIA": "45", "FREGUESIA": "106", "LOCALIDADE": null, "COD_POST_4": null, "COD_POST_3": null, "COM_INT_ID": null, "COD_ACT_ECON": "11014", "DESC_ACT_ECON": "Prod. Naturais(Diet.,Medicinais,Espec.)", "ANO": 1996, "TIPO": "Retalho", "LOCALIZACAO": "Isolado", "C_INTEGRADO": null, "EMPRESA": "CAROLINO FERREIRA & MARIA, LDA", "GlobalID": "241722c3-5ae9-43b8-8390-e7d9267c9af1"}}, {"type": "Feature", "geometry": {"type": "Point", "coordinates": [-1020774.6523999982, 4687433.701099999]}, "properties": {"OBJECTID": 160385, "COD_SIG": null, "IDTIPO": null, "NOME": "JOSE DE SOUSA", "REGEND": "017659", "MORADA": "PROF FRANCISCO GENTIL (R)", "NUM_POLICIA": "FRT 32", "FREGUESIA": "114", "LOCALIDADE": null, "COD_POST_4": null, "COD_POST_3": null, "COM_INT_ID": null, "COD_ACT_ECON": "21403", "DESC_ACT_ECON": "Tabacaria", "ANO": 1996, "TIPO": "Retalho", "LOCALIZACAO": "Isolado", "C_INTEGRADO": null, "EMPRESA": "MARIA ISABEL SILVEIRA MENDES RODRIGUES MOURA", "GlobalID": "002e40d9-b864-4010-9a52-19bc1ccf4440"}}, {"type": "Feature", "geometry": {"type": "Point", "coordinates": [-1017124.1605999991, 4680331.3500000015]}, "properties": {"OBJECTID": 160548, "COD_SIG": null, "IDTIPO": null, "NOME": "AUGUSTO", "REGEND": "017793", "MORADA": "PRATA (R)", "NUM_POLICIA": "139", "FREGUESIA": "121", "LOCALIDADE": null, "COD_POST_4": null, "COD_POST_3": null, "COM_INT_ID": null, "COD_ACT_ECON": "21103", "DESC_ACT_ECON": "Artigos Vestu\u00e1rio Senhora (Boutique)", "ANO": 1996, "TIPO": "Retalho", "LOCALIZACAO": "Isolado", "C_INTEGRADO": null, "EMPRESA": "MARIA ISABEL SILVEIRA MENDES RODRIGUES MOURA", "GlobalID": "1d9281c9-e178-40b7-bfc4-d012f0a5cf03"}}, {"type": "Feature", "geometry": {"type": "Point", "coordinates": [-1019368.1136999987, 4687862.425300002]}, "properties": {"OBJECTID": 160583, "COD_SIG": null, "IDTIPO": null, "NOME": "CAMILO E COELHO", "REGEND": "017650", "MORADA": "FRANCISCO STROMP (R)", "NUM_POLICIA": "5 B", "FREGUESIA": "114", "LOCALIDADE": null, "COD_POST_4": null, "COD_POST_3": null, "COM_INT_ID": 111, "COD_ACT_ECON": "21526", "DESC_ACT_ECON": "Outros N.E.(C.N.Alim. Diversos)", "ANO": 1996, "TIPO": "Retalho", "LOCALIZACAO": "Integrado - outro", "C_INTEGRADO": "CENTRO COMERCIAL STROMP", "EMPRESA": "MARIA ISABEL SILVEIRA MENDES RODRIGUES MOURA", "GlobalID": "d1dd9a46-8b95-48ec-b4db-c64e403378b2"}}, {"type": "Feature", "geometry": {"type": "Point", "coordinates": [-1019079.200100001, 4687680.491400003]}, "properties": {"OBJECTID": 160599, "COD_SIG": null, "IDTIPO": null, "NOME": "TABACARIA A PASSAGEM", "REGEND": "017657", "MORADA": "JOS\u00c9 GALHARDO (R)", "NUM_POLICIA": "7 A", "FREGUESIA": "114", "LOCALIDADE": null, "COD_POST_4": null, "COD_POST_3": null, "COM_INT_ID": 146, "COD_ACT_ECON": "21403", "DESC_ACT_ECON": "Tabacaria", "ANO": 1996, "TIPO": "Retalho", "LOCALIZACAO": "Integrado - outro", "C_INTEGRADO": "DRUGSTORE PASSAGEM", "EMPRESA": "MARIA ISABEL SILVEIRA MENDES RODRIGUES MOURA", "GlobalID": "7d5d3e24-2a23-446c-9f84-733fc5bc7574"}}, {"type": "Feature", "geometry": {"type": "Point", "coordinates": [-1022696.3099999987, 4685646.635499999]}, "properties": {"OBJECTID": 160823, "COD_SIG": null, "IDTIPO": null, "NOME": "PANIFICA\u00c7AO JOAO XXI", "REGEND": "017616", "MORADA": "Rua Manuel Ferreira de Andrade", "NUM_POLICIA": "18D", "FREGUESIA": "123", "LOCALIDADE": null, "COD_POST_4": "1500", "COD_POST_3": "417", "COM_INT_ID": null, "COD_ACT_ECON": "11007", "DESC_ACT_ECON": "Padarias", "ANO": 1996, "TIPO": "Retalho", "LOCALIZACAO": "Isolado", "C_INTEGRADO": null, "EMPRESA": "PADARIA CENTRAL DO BAIRRO NOVO DE QUELUZ, LDA", "GlobalID": "57dc7ece-cdc9-4def-a8b6-b5aa3bd4d257"}}, {"type": "Feature", "geometry": {"type": "Point", "coordinates": [-1018781.0256999992, 4682050.234399997]}, "properties": {"OBJECTID": 161649, "COD_SIG": null, "IDTIPO": null, "NOME": "CACAU CREME", "REGEND": "017923", "MORADA": "CASTILHO (R)", "NUM_POLICIA": "39", "FREGUESIA": "122", "LOCALIDADE": null, "COD_POST_4": null, "COD_POST_3": null, "COM_INT_ID": 58, "COD_ACT_ECON": "11015", "DESC_ACT_ECON": "Bombons E Chocolates", "ANO": 1996, "TIPO": "Retalho", "LOCALIZACAO": "Integrado - outro", "C_INTEGRADO": "CENTRO COMERCIAL CASTIL", "EMPRESA": "MARIA ISABEL SILVEIRA MENDES RODRIGUES MOURA", "GlobalID": "3c507dae-16af-42e1-a4de-f7173ec916f3"}}, {"type": "Feature", "geometry": {"type": "Point", "coordinates": [-1016569.4045999981, 4680242.6215]}, "properties": {"OBJECTID": 161870, "COD_SIG": null, "IDTIPO": null, "NOME": "BONINA", "REGEND": "017915", "MORADA": "Rua de Augusto Rosa", "NUM_POLICIA": "23", "FREGUESIA": "121", "LOCALIDADE": null, "COD_POST_4": "1100", "COD_POST_3": "058", "COM_INT_ID": null, "COD_ACT_ECON": "21518", "DESC_ACT_ECON": "Artesanato", "ANO": 1996, "TIPO": "Retalho", "LOCALIZACAO": "Isolado", "C_INTEGRADO": null, "EMPRESA": "MARIA ISABEL SILVEIRA MENDES RODRIGUES MOURA", "GlobalID": "be9ce39d-3c69-44d5-b475-855b9f9ec42e"}}, {"type": "Feature", "geometry": {"type": "Point", "coordinates": [-1018743.8880999982, 4681240.960199997]}, "properties": {"OBJECTID": 162127, "COD_SIG": null, "IDTIPO": null, "NOME": "BOM CHIC BOM GENRE", "REGEND": "018081", "MORADA": "ENG MIGUEL PAIS (C)", "NUM_POLICIA": "31", "FREGUESIA": "122", "LOCALIDADE": null, "COD_POST_4": null, "COD_POST_3": null, "COM_INT_ID": null, "COD_ACT_ECON": "21101", "DESC_ACT_ECON": "Artigos Vestu\u00e1rio Diverso (Misto)", "ANO": 1996, "TIPO": "Retalho", "LOCALIZACAO": "Isolado", "C_INTEGRADO": null, "EMPRESA": "MARIA ISABEL SILVEIRA MENDES RODRIGUES MOURA", "GlobalID": "74f5edbb-e344-40e7-8620-7e9c39fcc334"}}, {"type": "Feature", "geometry": {"type": "Point", "coordinates": [-1015598.7512000017, 4681800.010499999]}, "properties": {"OBJECTID": 162403, "COD_SIG": null, "IDTIPO": null, "NOME": "SPIRAX SARCO", "REGEND": "017934", "MORADA": "BARBADINHOS (C DOS)", "NUM_POLICIA": "114 B", "FREGUESIA": "124", "LOCALIDADE": null, "COD_POST_4": null, "COD_POST_3": null, "COM_INT_ID": null, "COD_ACT_ECON": "21526", "DESC_ACT_ECON": "Outros N.E.(C.N.Alim. Diversos)", "ANO": 1996, "TIPO": "Retalho", "LOCALIZACAO": "Isolado", "C_INTEGRADO": null, "EMPRESA": "MARIA ISABEL SILVEIRA MENDES RODRIGUES MOURA", "GlobalID": "8c3158c0-0a51-4742-8ac1-3d986424b7bb"}}, {"type": "Feature", "geometry": {"type": "Point", "coordinates": [-1017392.1625000015, 4685082.659400001]}, "properties": {"OBJECTID": 162529, "COD_SIG": null, "IDTIPO": null, "NOME": "MARIE CLAIRE", "REGEND": "018030", "MORADA": "ROMA (AV)", "NUM_POLICIA": "21 A/B", "FREGUESIA": "104", "LOCALIDADE": "LISBOA", "COD_POST_4": "1000", "COD_POST_3": "262", "COM_INT_ID": null, "COD_ACT_ECON": "21103", "DESC_ACT_ECON": "Artigos Vestu\u00e1rio Senhora (Boutique)", "ANO": 1996, "TIPO": "Retalho", "LOCALIZACAO": "Isolado", "C_INTEGRADO": null, "EMPRESA": "MARIA ISABEL SILVEIRA MENDES RODRIGUES MOURA", "GlobalID": "32f46e75-5253-4bab-b1ae-039699ac7502"}}, {"type": "Feature", "geometry": {"type": "Point", "coordinates": [-1018641.0262000002, 4682238.165899999]}, "properties": {"OBJECTID": 162767, "COD_SIG": null, "IDTIPO": null, "NOME": "AMERICO GON\u00c7ALVES PINTO", "REGEND": "018076", "MORADA": "BRAAMCAMP (R)", "NUM_POLICIA": null, "FREGUESIA": "122", "LOCALIDADE": null, "COD_POST_4": null, "COD_POST_3": null, "COM_INT_ID": null, "COD_ACT_ECON": "21403", "DESC_ACT_ECON": "Tabacaria", "ANO": 1996, "TIPO": "Retalho", "LOCALIZACAO": "Isolado", "C_INTEGRADO": null, "EMPRESA": "MARIA ISABEL SILVEIRA MENDES RODRIGUES MOURA", "GlobalID": "bf25fb55-014a-46b8-8651-df46a35a4bd5"}}, {"type": "Feature", "geometry": {"type": "Point", "coordinates": [-1015287.6807000004, 4681201.911700003]}, "properties": {"OBJECTID": 162920, "COD_SIG": null, "IDTIPO": null, "NOME": "LAURA C. BOUTIQUES", "REGEND": "017931", "MORADA": "DIOGO DO COUTO (R)", "NUM_POLICIA": "2 B", "FREGUESIA": "124", "LOCALIDADE": null, "COD_POST_4": null, "COD_POST_3": null, "COM_INT_ID": null, "COD_ACT_ECON": "21103", "DESC_ACT_ECON": "Artigos Vestu\u00e1rio Senhora (Boutique)", "ANO": 1996, "TIPO": "Retalho", "LOCALIZACAO": "Isolado", "C_INTEGRADO": null, "EMPRESA": "MARIA ISABEL SILVEIRA MENDES RODRIGUES MOURA", "GlobalID": "245c4a2a-bdf0-45c7-a0d8-a07e3e867c7b"}}, {"type": "Feature", "geometry": {"type": "Point", "coordinates": [-1017683.7358000018, 4684817.162199996]}, "properties": {"OBJECTID": 163026, "COD_SIG": null, "IDTIPO": null, "NOME": "ATLANTIS CRISTAIS", "REGEND": "018066", "MORADA": "JOAO XXI (AV)", "NUM_POLICIA": "72", "FREGUESIA": "104", "LOCALIDADE": "LISBOA", "COD_POST_4": "1000", "COD_POST_3": "304", "COM_INT_ID": 118, "COD_ACT_ECON": "21214", "DESC_ACT_ECON": "Loi\u00e7as/Vidros", "ANO": 1996, "TIPO": "Retalho", "LOCALIZACAO": "Integrado - outro", "C_INTEGRADO": "GALERIA VIA VENETO - G. V. V.", "EMPRESA": "MARIA ISABEL SILVEIRA MENDES RODRIGUES MOURA", "GlobalID": "32b8f831-d3cb-4503-a2f0-11ed024f0890"}}, {"type": "Feature", "geometry": {"type": "Point", "coordinates": [-1023148.3924000002, 4679601.127899997]}, "properties": {"OBJECTID": 163172, "COD_SIG": null, "IDTIPO": null, "NOME": "ISOLFREI", "REGEND": "018256", "MORADA": "CRISTOV\u00c3O RODRIGUES ACENHEIRO (R)", "NUM_POLICIA": "2 A", "FREGUESIA": "101", "LOCALIDADE": null, "COD_POST_4": null, "COD_POST_3": null, "COM_INT_ID": null, "COD_ACT_ECON": "21526", "DESC_ACT_ECON": "Outros N.E.(C.N.Alim. Diversos)", "ANO": 1996, "TIPO": "Retalho", "LOCALIZACAO": "Isolado", "C_INTEGRADO": null, "EMPRESA": "MARIA ISABEL SILVEIRA MENDES RODRIGUES MOURA", "GlobalID": "02d9992c-48eb-4e73-8e40-f5ff1618d5a1"}}, {"type": "Feature", "geometry": {"type": "Point", "coordinates": [-1024100.2536999993, 4679249.519500002]}, "properties": {"OBJECTID": 163183, "COD_SIG": null, "IDTIPO": null, "NOME": "JOSE LUIS NABAIS CANDEIAS", "REGEND": "018248", "MORADA": "AJUDA (C DA)", "NUM_POLICIA": "91/93", "FREGUESIA": "101", "LOCALIDADE": null, "COD_POST_4": null, "COD_POST_3": null, "COM_INT_ID": 64, "COD_ACT_ECON": "30004", "DESC_ACT_ECON": "Repara\u00e7\u00e3o Art. El\u00e9ct. De Uso Domest", "ANO": 1996, "TIPO": "Retalho", "LOCALIZACAO": "Integrado - outro", "C_INTEGRADO": "SHOPPING CENTER 10 ESTRELAS", "EMPRESA": "MARIA ISABEL SILVEIRA MENDES RODRIGUES MOURA", "GlobalID": "988770fb-f920-4540-a89d-18583a3beb3c"}}, {"type": "Feature", "geometry": {"type": "Point", "coordinates": [-1015697.0828999989, 4684476.132399999]}, "properties": {"OBJECTID": 164036, "COD_SIG": null, "IDTIPO": null, "NOME": "PIZZA WORLD", "REGEND": "018323", "MORADA": "ENG ARANTES DE OLIVEIRA (AV)", "NUM_POLICIA": "11 A", "FREGUESIA": "104", "LOCALIDADE": null, "COD_POST_4": null, "COD_POST_3": null, "COM_INT_ID": null, "COD_ACT_ECON": "51499", "DESC_ACT_ECON": "OUTROS EST. COMIDA/REF.-(SEM CATEGORIA)", "ANO": 1996, "TIPO": "Restaura\u00e7\u00e3o e Bebidas", "LOCALIZACAO": "Isolado", "C_INTEGRADO": null, "EMPRESA": "MARIA ISABEL SILVEIRA MENDES RODRIGUES MOURA", "GlobalID": "bc3ec5e7-8550-4f97-b2f4-2beeb45e739f"}}, {"type": "Feature", "geometry": {"type": "Point", "coordinates": [-1017683.7358000018, 4684817.162199996]}, "properties": {"OBJECTID": 164189, "COD_SIG": null, "IDTIPO": null, "NOME": "MULTIFACE", "REGEND": "018064", "MORADA": "JOAO XXI (AV)", "NUM_POLICIA": "72", "FREGUESIA": "104", "LOCALIDADE": null, "COD_POST_4": null, "COD_POST_3": null, "COM_INT_ID": 118, "COD_ACT_ECON": "21114", "DESC_ACT_ECON": "Marroquinaria E Artigos De Viagem", "ANO": 1996, "TIPO": "Retalho", "LOCALIZACAO": "Integrado - outro", "C_INTEGRADO": "GALERIA VIA VENETO - G. V. V.", "EMPRESA": "MARIA ISABEL SILVEIRA MENDES RODRIGUES MOURA", "GlobalID": "5de29a53-e256-4f38-b225-2df389bbafb6"}}, {"type": "Feature", "geometry": {"type": "Point", "coordinates": [-1016833.4723999985, 4684199.074299999]}, "properties": {"OBJECTID": 164266, "COD_SIG": null, "IDTIPO": null, "NOME": "BOLINA", "REGEND": "017993", "MORADA": "GUERRA JUNQUEIRO (AV)", "NUM_POLICIA": "4 A", "FREGUESIA": "104", "LOCALIDADE": "LISBOA", "COD_POST_4": "1000", "COD_POST_3": "167", "COM_INT_ID": null, "COD_ACT_ECON": "21302", "DESC_ACT_ECON": "Perfumarias", "ANO": 1996, "TIPO": "Retalho", "LOCALIZACAO": "Isolado", "C_INTEGRADO": null, "EMPRESA": "SANCHES & SANTIAGO, LDA", "GlobalID": "1a11018b-3d36-40b0-8b1f-5a6f0157bb84"}}, {"type": "Feature", "geometry": {"type": "Point", "coordinates": [-1024058.4659000002, 4679397.775399998]}, "properties": {"OBJECTID": 164416, "COD_SIG": null, "IDTIPO": null, "NOME": "O ENXOVAL", "REGEND": "018241", "MORADA": "AJUDA (C DA)", "NUM_POLICIA": "202", "FREGUESIA": "101", "LOCALIDADE": null, "COD_POST_4": null, "COD_POST_3": null, "COM_INT_ID": 362, "COD_ACT_ECON": "21205", "DESC_ACT_ECON": "Roupa/Lar", "ANO": 1996, "TIPO": "Retalho", "LOCALIZACAO": "Integrado - outro", "C_INTEGRADO": "ESPA\u00c7O YORN STORE", "EMPRESA": "MARIA ISABEL SILVEIRA MENDES RODRIGUES MOURA", "GlobalID": "6d63a225-84d9-4002-b2d1-70b07f4a619d"}}, {"type": "Feature", "geometry": {"type": "Point", "coordinates": [-1023908.1061999984, 4679296.401299998]}, "properties": {"OBJECTID": 164418, "COD_SIG": null, "IDTIPO": null, "NOME": "JOAO RUIVO SOUSA", "REGEND": "018243", "MORADA": "BOA HORA (T DA) \u00c0 AJUDA", "NUM_POLICIA": "32 J", "FREGUESIA": "101", "LOCALIDADE": null, "COD_POST_4": null, "COD_POST_3": null, "COM_INT_ID": null, "COD_ACT_ECON": "11005", "DESC_ACT_ECON": "Produtos Horto-Frut\u00edcolas", "ANO": 1996, "TIPO": "Retalho", "LOCALIZACAO": "Isolado", "C_INTEGRADO": null, "EMPRESA": "MARIA ISABEL SILVEIRA MENDES RODRIGUES MOURA", "GlobalID": "18ccc256-05d1-4171-bb88-8910a2bc263d"}}, {"type": "Feature", "geometry": {"type": "Point", "coordinates": [-1023897.9827000014, 4679464.570900001]}, "properties": {"OBJECTID": 164533, "COD_SIG": null, "IDTIPO": null, "NOME": "VIEIRA & PINTO", "REGEND": "018244", "MORADA": "BICA DO MARQUES (R DA)", "NUM_POLICIA": "27", "FREGUESIA": "101", "LOCALIDADE": null, "COD_POST_4": null, "COD_POST_3": null, "COM_INT_ID": null, "COD_ACT_ECON": "22002", "DESC_ACT_ECON": "Bazares", "ANO": 1996, "TIPO": "Retalho", "LOCALIZACAO": "Isolado", "C_INTEGRADO": null, "EMPRESA": "MARIA ISABEL SILVEIRA MENDES RODRIGUES MOURA", "GlobalID": "7ee6e1b3-07b3-47e2-b3cf-423d1a29eb39"}}, {"type": "Feature", "geometry": {"type": "Point", "coordinates": [-1017683.7358000018, 4684817.162199996]}, "properties": {"OBJECTID": 164573, "COD_SIG": null, "IDTIPO": null, "NOME": "CRIS PERFUMARIA", "REGEND": "017983", "MORADA": "JOAO XXI (AV)", "NUM_POLICIA": "72", "FREGUESIA": "104", "LOCALIDADE": null, "COD_POST_4": null, "COD_POST_3": null, "COM_INT_ID": 118, "COD_ACT_ECON": "21302", "DESC_ACT_ECON": "Perfumarias", "ANO": 1996, "TIPO": "Retalho", "LOCALIZACAO": "Integrado - outro", "C_INTEGRADO": "GALERIA VIA VENETO - G. V. V.", "EMPRESA": "MARIA ISABEL SILVEIRA MENDES RODRIGUES MOURA", "GlobalID": "dbe734d5-d5b2-49b7-b937-a83b329f9bcb"}}, {"type": "Feature", "geometry": {"type": "Point", "coordinates": [-1017683.7358000018, 4684817.162199996]}, "properties": {"OBJECTID": 164711, "COD_SIG": null, "IDTIPO": null, "NOME": "MULTIFACE", "REGEND": "018059", "MORADA": "JOAO XXI (AV)", "NUM_POLICIA": "72", "FREGUESIA": "104", "LOCALIDADE": "LISBOA                         ", "COD_POST_4": "1000", "COD_POST_3": "304", "COM_INT_ID": 118, "COD_ACT_ECON": "21114", "DESC_ACT_ECON": "Marroquinaria E Artigos De Viagem", "ANO": 1996, "TIPO": "Retalho", "LOCALIZACAO": "Integrado - outro", "C_INTEGRADO": "GALERIA VIA VENETO - G. V. V.", "EMPRESA": "MARIA ISABEL SILVEIRA MENDES RODRIGUES MOURA", "GlobalID": "2bfbce37-8144-4b87-87b7-97063c76e8ac"}}, {"type": "Feature", "geometry": {"type": "Point", "coordinates": [-1018760.1026000008, 4681894.951800004]}, "properties": {"OBJECTID": 164824, "COD_SIG": null, "IDTIPO": null, "NOME": "O CARNEIRINHO", "REGEND": "018053", "MORADA": "ALEXANDRE HERCULANO (R)", "NUM_POLICIA": "50", "FREGUESIA": "122", "LOCALIDADE": null, "COD_POST_4": null, "COD_POST_3": null, "COM_INT_ID": 45, "COD_ACT_ECON": "21104", "DESC_ACT_ECON": "Artigos Vestu\u00e1rio Crian\u00e7a", "ANO": 1996, "TIPO": "Retalho", "LOCALIZACAO": "Integrado - outro", "C_INTEGRADO": "GALERIAS ALEXANDRE HERCULANO", "EMPRESA": "MARIA ISABEL SILVEIRA MENDES RODRIGUES MOURA", "GlobalID": "53143f87-6384-478d-8607-19c3a4c0727b"}}, {"type": "Feature", "geometry": {"type": "Point", "coordinates": [-1023903.9521999992, 4685165.424199998]}, "properties": {"OBJECTID": 165768, "COD_SIG": null, "IDTIPO": null, "NOME": "LOJA DAS MALAS", "REGEND": "018658", "MORADA": "GOMES PEREIRA (AV)", "NUM_POLICIA": "103", "FREGUESIA": "109", "LOCALIDADE": null, "COD_POST_4": null, "COD_POST_3": null, "COM_INT_ID": 158, "COD_ACT_ECON": "21114", "DESC_ACT_ECON": "Marroquinaria E Artigos De Viagem", "ANO": 1996, "TIPO": "Retalho", "LOCALIZACAO": "Integrado - outro", "C_INTEGRADO": "CENTRO COMERCIAL ATL\u00c2NTIDA", "EMPRESA": "MARIA ISABEL SILVEIRA MENDES RODRIGUES MOURA", "GlobalID": "f592c066-c29a-4dbe-acbc-18a403599c9b"}}, {"type": "Feature", "geometry": {"type": "Point", "coordinates": [-1021350.2653999999, 4687979.739399999]}, "properties": {"OBJECTID": 165776, "COD_SIG": null, "IDTIPO": null, "NOME": "BOXER'S SHORT", "REGEND": "018864", "MORADA": "NA\u00c7\u00d5ES UNIDAS (AV DAS)", "NUM_POLICIA": " ", "FREGUESIA": "114", "LOCALIDADE": "LISBOA                         ", "COD_POST_4": "1600", "COD_POST_3": "528", "COM_INT_ID": 69, "COD_ACT_ECON": "21109", "DESC_ACT_ECON": "Camisarias", "ANO": 1996, "TIPO": "Retalho", "LOCALIZACAO": "Integrado - outro", "C_INTEGRADO": "CONTINENTE TELHEIRAS", "EMPRESA": "MARIA ISABEL SILVEIRA MENDES RODRIGUES MOURA", "GlobalID": "f9b17b84-3080-47f1-9143-11cbda046cb4"}}, {"type": "Feature", "geometry": {"type": "Point", "coordinates": [-1020084.8902999982, 4680411.1109]}, "properties": {"OBJECTID": 166006, "COD_SIG": null, "IDTIPO": null, "NOME": "TALHODOURO", "REGEND": "018839", "MORADA": "SANT'ANA (R DE) \u00c0 LAPA", "NUM_POLICIA": "150 A/B", "FREGUESIA": "113", "LOCALIDADE": null, "COD_POST_4": null, "COD_POST_3": null, "COM_INT_ID": 209, "COD_ACT_ECON": "11002", "DESC_ACT_ECON": "Talhos", "ANO": 1996, "TIPO": "Retalho", "LOCALIZACAO": "Integrado - outro", "C_INTEGRADO": "MINIPRE\u00c7O", "EMPRESA": "MARIA ISABEL SILVEIRA MENDES RODRIGUES MOURA", "GlobalID": "c19c9dbc-7418-4dfc-93d4-b96dd75b8586"}}, {"type": "Feature", "geometry": {"type": "Point", "coordinates": [-1023820.8652999997, 4679277.132299997]}, "properties": {"OBJECTID": 166223, "COD_SIG": null, "IDTIPO": null, "NOME": "FRUTAS DIDI", "REGEND": "018240", "MORADA": "BOA HORA (T DA) \u00c0 AJUDA", "NUM_POLICIA": "39 B/C/D", "FREGUESIA": "101", "LOCALIDADE": null, "COD_POST_4": null, "COD_POST_3": null, "COM_INT_ID": 153, "COD_ACT_ECON": "11005", "DESC_ACT_ECON": "Produtos Horto-Frut\u00edcolas", "ANO": 1996, "TIPO": "Retalho", "LOCALIZACAO": "Integrado - outro", "C_INTEGRADO": "GALERIA MINIPRE\u00c7O", "EMPRESA": "MARIA ISABEL SILVEIRA MENDES RODRIGUES MOURA", "GlobalID": "5450d8f9-f315-4610-aa20-35b3e1c31b76"}}, {"type": "Feature", "geometry": {"type": "Point", "coordinates": [-1019338.2657999992, 4681744.5211]}, "properties": {"OBJECTID": 166235, "COD_SIG": null, "IDTIPO": null, "NOME": "AUTO IMPALA", "REGEND": "018223", "MORADA": "D JOAO V (R)", "NUM_POLICIA": "6 C", "FREGUESIA": "110", "LOCALIDADE": null, "COD_POST_4": null, "COD_POST_3": null, "COM_INT_ID": null, "COD_ACT_ECON": "21507", "DESC_ACT_ECON": "Motociclos", "ANO": 1996, "TIPO": "Retalho", "LOCALIZACAO": "Isolado", "C_INTEGRADO": null, "EMPRESA": "MARIA ISABEL SILVEIRA MENDES RODRIGUES MOURA", "GlobalID": "a30ee869-d31a-49ca-9fe8-1663f8bb0034"}}, {"type": "Feature", "geometry": {"type": "Point", "coordinates": [-1017016.8548999988, 4682491.397500001]}, "properties": {"OBJECTID": 166305, "COD_SIG": null, "IDTIPO": null, "NOME": "O CANTINHO DO PATO BRAVO", "REGEND": "018465", "MORADA": "ANJOS (REGUEIR\u00c3O DOS)", "NUM_POLICIA": "55", "FREGUESIA": "105", "LOCALIDADE": null, "COD_POST_4": null, "COD_POST_3": null, "COM_INT_ID": null, "COD_ACT_ECON": "51107", "DESC_ACT_ECON": "RESTAURANTE - 3\u00aa CATEGORIA", "ANO": 1996, "TIPO": "Restaura\u00e7\u00e3o e Bebidas", "LOCALIZACAO": "Isolado", "C_INTEGRADO": null, "EMPRESA": "MARIA ISABEL SILVEIRA MENDES RODRIGUES MOURA", "GlobalID": "0465aebb-09c6-4855-9291-e627e9ddc1c3"}}, {"type": "Feature", "geometry": {"type": "Point", "coordinates": [-1021707.3627000004, 4679594.632100001]}, "properties": {"OBJECTID": 166338, "COD_SIG": null, "IDTIPO": null, "NOME": "O PAOZINHO DO LUSIADAS", "REGEND": "018303", "MORADA": "LUSIADAS (R DOS)", "NUM_POLICIA": "5 A", "FREGUESIA": "102", "LOCALIDADE": null, "COD_POST_4": null, "COD_POST_3": null, "COM_INT_ID": 87, "COD_ACT_ECON": "11007", "DESC_ACT_ECON": "Padarias", "ANO": 1996, "TIPO": "Retalho", "LOCALIZACAO": "Integrado - outro", "C_INTEGRADO": "CENTRO COMERCIAL LUS\u00cdADAS", "EMPRESA": "MARIA ISABEL SILVEIRA MENDES RODRIGUES MOURA", "GlobalID": "d4fa6379-aa1b-4366-8fd5-007d97b681d7"}}, {"type": "Feature", "geometry": {"type": "Point", "coordinates": [-1017999.0562999994, 4686309.883699998]}, "properties": {"OBJECTID": 167180, "COD_SIG": null, "IDTIPO": null, "NOME": "AGIP", "REGEND": "019165", "MORADA": "IGREJA (AV DA)", "NUM_POLICIA": "FRT N\u00ba 37 A", "FREGUESIA": "103", "LOCALIDADE": "LISBOA", "COD_POST_4": "1700", "COD_POST_3": "233", "COM_INT_ID": null, "COD_ACT_ECON": "21509", "DESC_ACT_ECON": "Combust\u00edveis Ve\u00edculos Autom\u00f3veis", "ANO": 1996, "TIPO": "Retalho", "LOCALIZACAO": "Isolado", "C_INTEGRADO": null, "EMPRESA": "LAMARTINE SOARES E RODRIGUES, S.A.", "GlobalID": "4fed77a9-1ee9-45e8-8e66-609b06019304"}}, {"type": "Feature", "geometry": {"type": "Point", "coordinates": [-1024409.5516000018, 4685820.920599997]}, "properties": {"OBJECTID": 167195, "COD_SIG": null, "IDTIPO": null, "NOME": "MITSUBISH MOTORS", "REGEND": "019160", "MORADA": "PE \u00c1LVARO PROEN\u00c7A (AL)", "NUM_POLICIA": "LT C LJ B/C", "FREGUESIA": "109", "LOCALIDADE": null, "COD_POST_4": null, "COD_POST_3": null, "COM_INT_ID": null, "COD_ACT_ECON": "21504", "DESC_ACT_ECON": "Ve\u00edculos Ligeiros (Novos)", "ANO": 1996, "TIPO": "Retalho", "LOCALIZACAO": "Isolado", "C_INTEGRADO": null, "EMPRESA": "MARIA ISABEL SILVEIRA MENDES RODRIGUES MOURA", "GlobalID": "1544eb19-ac9e-4ba8-8920-1b5e62274f36"}}, {"type": "Feature", "geometry": {"type": "Point", "coordinates": [-1019029.5353000015, 4686900.492399998]}, "properties": {"OBJECTID": 167196, "COD_SIG": null, "IDTIPO": null, "NOME": "NOVA AFRICA", "REGEND": "019162", "MORADA": "GRANDE (CP)", "NUM_POLICIA": "C.C.CALEIDOS", "FREGUESIA": "103", "LOCALIDADE": null, "COD_POST_4": null, "COD_POST_3": null, "COM_INT_ID": 56, "COD_ACT_ECON": "21411", "DESC_ACT_ECON": "Discos/Cassetes Audio E Video", "ANO": 1996, "TIPO": "Retalho", "LOCALIZACAO": "Integrado - outro", "C_INTEGRADO": "CENTRO COMERCIAL CALEIDOSC\u00d3PIO", "EMPRESA": "MARIA ISABEL SILVEIRA MENDES RODRIGUES MOURA", "GlobalID": "e3410e54-ea7f-4cef-a571-4ceb52cd5aa1"}}, {"type": "Feature", "geometry": {"type": "Point", "coordinates": [-1014532.9070999995, 4687658.967200004]}, "properties": {"OBJECTID": 167807, "COD_SIG": null, "IDTIPO": null, "NOME": "DISCOTECA MELODIA CID", "REGEND": "019085", "MORADA": "CID DE BOLAMA (R)", "NUM_POLICIA": null, "FREGUESIA": "117", "LOCALIDADE": null, "COD_POST_4": null, "COD_POST_3": null, "COM_INT_ID": 160, "COD_ACT_ECON": "21411", "DESC_ACT_ECON": "Discos/Cassetes Audio E Video", "ANO": 1996, "TIPO": "Retalho", "LOCALIZACAO": "Integrado - outro", "C_INTEGRADO": "SPACIO SHOPPING", "EMPRESA": "DISCOTECA MELODIA CID", "GlobalID": "2201b1d1-80bd-40cb-9501-3854b52ff7e4"}}, {"type": "Feature", "geometry": {"type": "Point", "coordinates": [-1021860.6759000011, 4687657.884800002]}, "properties": {"OBJECTID": 168191, "COD_SIG": null, "IDTIPO": null, "NOME": "IBERICO SUPERMERCADOS", "REGEND": "018716", "MORADA": "PE AM\u00c9RICO (R DE)", "NUM_POLICIA": "18 H", "FREGUESIA": "112", "LOCALIDADE": "LISBOA", "COD_POST_4": "1600", "COD_POST_3": "548", "COM_INT_ID": null, "COD_ACT_ECON": "12003", "DESC_ACT_ECON": "Mini-Mercados/Auto-Servi\u00e7os", "ANO": 1996, "TIPO": "Retalho", "LOCALIZACAO": "Isolado", "C_INTEGRADO": null, "EMPRESA": "MARIA ISABEL SILVEIRA MENDES RODRIGUES MOURA", "GlobalID": "cc685c7e-584f-489a-a1cf-f8616fbd338b"}}, {"type": "Feature", "geometry": {"type": "Point", "coordinates": [-1016983.4274000004, 4681657.621200003]}, "properties": {"OBJECTID": 168513, "COD_SIG": null, "IDTIPO": null, "NOME": "VARIMPORTA", "REGEND": "019157", "MORADA": "ALM REIS (AV)", "NUM_POLICIA": "1 A/B", "FREGUESIA": "105", "LOCALIDADE": "LISBOA", "COD_POST_4": "1150", "COD_POST_3": "007", "COM_INT_ID": null, "COD_ACT_ECON": "22002", "DESC_ACT_ECON": "Bazares", "ANO": 1996, "TIPO": "Retalho", "LOCALIZACAO": "Isolado", "C_INTEGRADO": null, "EMPRESA": "Varimporta - Representa\u00e7\u00f5es, Lda", "GlobalID": "0a08301b-76d9-4ca8-980f-2370c61f4ef2"}}, {"type": "Feature", "geometry": {"type": "Point", "coordinates": [-1023285.8768000007, 4679427.346699998]}, "properties": {"OBJECTID": 168515, "COD_SIG": null, "IDTIPO": null, "NOME": "AUGUSTO ASSIS DA SILVA", "REGEND": "019136", "MORADA": "MIRADOR (R DO)", "NUM_POLICIA": "8 E", "FREGUESIA": "101", "LOCALIDADE": null, "COD_POST_4": null, "COD_POST_3": null, "COM_INT_ID": null, "COD_ACT_ECON": "30001", "DESC_ACT_ECON": "Repara\u00e7\u00e3o De Ve\u00edculos Autom\u00f3veis", "ANO": 1996, "TIPO": "Retalho", "LOCALIZACAO": "Isolado", "C_INTEGRADO": null, "EMPRESA": "MARIA ISABEL SILVEIRA MENDES RODRIGUES MOURA", "GlobalID": "5a09a6c1-67bd-4fe3-835a-bcd5e51f8b39"}}, {"type": "Feature", "geometry": {"type": "Point", "coordinates": [-1024286.9902999997, 4679351.410599999]}, "properties": {"OBJECTID": 168518, "COD_SIG": null, "IDTIPO": null, "NOME": "LUMA SPORT", "REGEND": "019140", "MORADA": "PAULO MARTINS (T DE)", "NUM_POLICIA": "40", "FREGUESIA": "101", "LOCALIDADE": null, "COD_POST_4": null, "COD_POST_3": null, "COM_INT_ID": null, "COD_ACT_ECON": "21406", "DESC_ACT_ECON": "Artigos De Desporto", "ANO": 1996, "TIPO": "Retalho", "LOCALIZACAO": "Isolado", "C_INTEGRADO": null, "EMPRESA": "MARIA ISABEL SILVEIRA MENDES RODRIGUES MOURA", "GlobalID": "9efef3d1-bf95-49cc-98c5-23c9c539f2f0"}}, {"type": "Feature", "geometry": {"type": "Point", "coordinates": [-1014694.0837999992, 4686493.018799998]}, "properties": {"OBJECTID": 168957, "COD_SIG": null, "IDTIPO": null, "NOME": "MANUEL RIBEIRO DE OLIVEIRA", "REGEND": "019300", "MORADA": "ANDR\u00c9 VIDAL DE NEGREIROS (R)", "NUM_POLICIA": "LT 29", "FREGUESIA": "115", "LOCALIDADE": null, "COD_POST_4": null, "COD_POST_3": null, "COM_INT_ID": 60, "COD_ACT_ECON": "11012", "DESC_ACT_ECON": "Produtos Congelados", "ANO": 1996, "TIPO": "Retalho", "LOCALIZACAO": "Integrado - outro", "C_INTEGRADO": "CENTRO COMERCIAL CHELAS", "EMPRESA": "MANUEL RIBEIRO OLIVEIRA", "GlobalID": "933a34f1-1456-4dcb-9da5-b86bff87a27c"}}, {"type": "Feature", "geometry": {"type": "Point", "coordinates": [-1014483.262600001, 4686430.692500003]}, "properties": {"OBJECTID": 168962, "COD_SIG": null, "IDTIPO": null, "NOME": "MARIA HERMEZINDA SIM\u00c4O", "REGEND": "019308", "MORADA": "Rua Luiz Pacheco", "NUM_POLICIA": "Lote 102", "FREGUESIA": "115", "LOCALIDADE": null, "COD_POST_4": "1950", "COD_POST_3": "004", "COM_INT_ID": null, "COD_ACT_ECON": "22002", "DESC_ACT_ECON": "Bazares", "ANO": 1996, "TIPO": "Retalho", "LOCALIZACAO": "Isolado", "C_INTEGRADO": null, "EMPRESA": "MARIA ISABEL SILVEIRA MENDES RODRIGUES MOURA", "GlobalID": "371adf68-9105-4abe-b0da-9ae76b932661"}}, {"type": "Feature", "geometry": {"type": "Point", "coordinates": [-1018284.1893000007, 4684350.248400003]}, "properties": {"OBJECTID": 168972, "COD_SIG": null, "IDTIPO": null, "NOME": "AUTO PEREIRA", "REGEND": "019320", "MORADA": "ELIAS GARCIA (AV)", "NUM_POLICIA": "83 B", "FREGUESIA": "106", "LOCALIDADE": "LISBOA", "COD_POST_4": "1050", "COD_POST_3": "097", "COM_INT_ID": null, "COD_ACT_ECON": "21509", "DESC_ACT_ECON": "Combust\u00edveis Ve\u00edculos Autom\u00f3veis", "ANO": 1996, "TIPO": "Retalho", "LOCALIZACAO": "Isolado", "C_INTEGRADO": null, "EMPRESA": "ARTUR E ARMANDO PEREIRA, LDA", "GlobalID": "626d1969-1bf5-4298-be36-cc2168fdc4c7"}}, {"type": "Feature", "geometry": {"type": "Point", "coordinates": [-1019029.5353000015, 4686900.492399998]}, "properties": {"OBJECTID": 169240, "COD_SIG": null, "IDTIPO": null, "NOME": "LOJA 21", "REGEND": "019163", "MORADA": "GRANDE (CP)", "NUM_POLICIA": "C.C.CALEIDOS", "FREGUESIA": "103", "LOCALIDADE": null, "COD_POST_4": null, "COD_POST_3": null, "COM_INT_ID": 56, "COD_ACT_ECON": "21520", "DESC_ACT_ECON": "Prendas", "ANO": 1996, "TIPO": "Retalho", "LOCALIZACAO": "Integrado - outro", "C_INTEGRADO": "CENTRO COMERCIAL CALEIDOSC\u00d3PIO", "EMPRESA": "MARIA ISABEL SILVEIRA MENDES RODRIGUES MOURA", "GlobalID": "08940ab2-b788-45ed-9dd2-9ee111657b5f"}}, {"type": "Feature", "geometry": {"type": "Point", "coordinates": [-1023917.1699000001, 4679462.390100002]}, "properties": {"OBJECTID": 169297, "COD_SIG": null, "IDTIPO": null, "NOME": "ANA PAULA SOUSA DAS MERC\u00ebS", "REGEND": "019134", "MORADA": "BICA DO MARQU\u00caS (R DA)", "NUM_POLICIA": "29 A", "FREGUESIA": "101", "LOCALIDADE": null, "COD_POST_4": null, "COD_POST_3": null, "COM_INT_ID": null, "COD_ACT_ECON": "21106", "DESC_ACT_ECON": "Roupa Interior", "ANO": 1996, "TIPO": "Retalho", "LOCALIZACAO": "Isolado", "C_INTEGRADO": null, "EMPRESA": "MARIA ISABEL SILVEIRA MENDES RODRIGUES MOURA", "GlobalID": "ead8c11e-318e-4b42-add5-9f3f48d6ca01"}}, {"type": "Feature", "geometry": {"type": "Point", "coordinates": [-1023298.805399999, 4679438.760799997]}, "properties": {"OBJECTID": 169298, "COD_SIG": null, "IDTIPO": null, "NOME": "ARLINDO NASCIMENTO MONTEIRO", "REGEND": "019137", "MORADA": "MIRADOR (R DO)", "NUM_POLICIA": "8 L", "FREGUESIA": "101", "LOCALIDADE": null, "COD_POST_4": null, "COD_POST_3": null, "COM_INT_ID": null, "COD_ACT_ECON": "30001", "DESC_ACT_ECON": "Repara\u00e7\u00e3o De Ve\u00edculos Autom\u00f3veis", "ANO": 1996, "TIPO": "Retalho", "LOCALIZACAO": "Isolado", "C_INTEGRADO": null, "EMPRESA": "MARIA ISABEL SILVEIRA MENDES RODRIGUES MOURA", "GlobalID": "86653a6d-76d5-4922-a492-363b4876b14d"}}, {"type": "Feature", "geometry": {"type": "Point", "coordinates": [-1017428.3456999995, 4680443.388400003]}, "properties": {"OBJECTID": 169366, "COD_SIG": null, "IDTIPO": null, "NOME": "MANGO", "REGEND": "018946", "MORADA": "Rua do Carmo", "NUM_POLICIA": "37", "FREGUESIA": "121", "LOCALIDADE": "LISBOA", "COD_POST_4": "1200", "COD_POST_3": "093", "COM_INT_ID": null, "COD_ACT_ECON": "21101", "DESC_ACT_ECON": "Artigos Vestu\u00e1rio Diverso (Misto)", "ANO": 1996, "TIPO": "Retalho", "LOCALIZACAO": "Isolado", "C_INTEGRADO": null, "EMPRESA": "MARIA ISABEL SILVEIRA MENDES RODRIGUES MOURA", "GlobalID": "e08b7b7f-9b74-4153-bb01-fa2275082d7d"}}, {"type": "Feature", "geometry": {"type": "Point", "coordinates": [-1017773.4455999993, 4680402.3015]}, "properties": {"OBJECTID": 169469, "COD_SIG": null, "IDTIPO": null, "NOME": "FRANCESCO MURI", "REGEND": "018929", "MORADA": "Rua da Miseric\u00f3rdia", "NUM_POLICIA": "12", "FREGUESIA": "121", "LOCALIDADE": "LISBOA", "COD_POST_4": "1200", "COD_POST_3": "273", "COM_INT_ID": 134, "COD_ACT_ECON": "21102", "DESC_ACT_ECON": "Artigos Vestu\u00e1rio Homem", "ANO": 1996, "TIPO": "Retalho", "LOCALIZACAO": "Integrado - outro", "C_INTEGRADO": "GALERIA COMERCIAL ESPA\u00c7O CHIADO", "EMPRESA": "CISBER MODA, LDA", "GlobalID": "5ecc39ad-43cf-4b3d-ba44-7070fb4b8142"}}, {"type": "Feature", "geometry": {"type": "Point", "coordinates": [-1023190.9387999997, 4679184.314000003]}, "properties": {"OBJECTID": 169772, "COD_SIG": null, "IDTIPO": null, "NOME": "PETIL", "REGEND": "019144", "MORADA": "DIOGO C\u00c3O (R) \u00c0 AJUDA", "NUM_POLICIA": "34 A", "FREGUESIA": "102", "LOCALIDADE": null, "COD_POST_4": null, "COD_POST_3": null, "COM_INT_ID": null, "COD_ACT_ECON": "30006", "DESC_ACT_ECON": "Outras N.E. (Repara\u00e7\u00f5es)", "ANO": 1996, "TIPO": "Retalho", "LOCALIZACAO": "Isolado", "C_INTEGRADO": null, "EMPRESA": "MARIA ISABEL SILVEIRA MENDES RODRIGUES MOURA", "GlobalID": "259a7323-1b7a-4ccd-97a3-fb45bfcf16fa"}}, {"type": "Feature", "geometry": {"type": "Point", "coordinates": [-1024961.2558999993, 4685715.8389]}, "properties": {"OBJECTID": 169906, "COD_SIG": null, "IDTIPO": null, "NOME": "TOTAL", "REGEND": "019166", "MORADA": "CASQUILHA (R DA)", "NUM_POLICIA": null, "FREGUESIA": "109", "LOCALIDADE": "LISBOA                         ", "COD_POST_4": "1500", "COD_POST_3": "149", "COM_INT_ID": null, "COD_ACT_ECON": "21509", "DESC_ACT_ECON": "Combust\u00edveis Ve\u00edculos Autom\u00f3veis", "ANO": 1996, "TIPO": "Retalho", "LOCALIZACAO": "Isolado", "C_INTEGRADO": null, "EMPRESA": "COMAR - GEST\u00c3O DE POSTOS DE COMBUST\u00cdVEIS, LDA", "GlobalID": "8a674b2a-e6ec-4714-844c-0de339a0808d"}}, {"type": "Feature", "geometry": {"type": "Point", "coordinates": [-1019972.3081, 4682926.281499997]}, "properties": {"OBJECTID": 169910, "COD_SIG": null, "IDTIPO": null, "NOME": "NOVA AUTO", "REGEND": "019170", "MORADA": "CAMPOLIDE (R DE)", "NUM_POLICIA": "105 C", "FREGUESIA": "111", "LOCALIDADE": null, "COD_POST_4": null, "COD_POST_3": null, "COM_INT_ID": null, "COD_ACT_ECON": "30001", "DESC_ACT_ECON": "Repara\u00e7\u00e3o De Ve\u00edculos Autom\u00f3veis", "ANO": 1996, "TIPO": "Retalho", "LOCALIZACAO": "Isolado", "C_INTEGRADO": null, "EMPRESA": "MARIA ISABEL SILVEIRA MENDES RODRIGUES MOURA", "GlobalID": "505dc28e-ccf2-4c28-b9f5-582a6ccbc62d"}}, {"type": "Feature", "geometry": {"type": "Point", "coordinates": [-1019952.3355999999, 4683085.8957]}, "properties": {"OBJECTID": 169913, "COD_SIG": null, "IDTIPO": null, "NOME": "ESCOLHA CAR", "REGEND": "019174", "MORADA": "Rua de Campolide", "NUM_POLICIA": "137A", "FREGUESIA": "111", "LOCALIDADE": "LISBOA", "COD_POST_4": "1070", "COD_POST_3": "029", "COM_INT_ID": null, "COD_ACT_ECON": "21505", "DESC_ACT_ECON": "Ve\u00edculos Pesados (Novos)", "ANO": 1996, "TIPO": "Retalho", "LOCALIZACAO": "Isolado", "C_INTEGRADO": null, "EMPRESA": "MARIA ISABEL SILVEIRA MENDES RODRIGUES MOURA", "GlobalID": "7340d2ee-0064-4a15-8420-165bcc5ec750"}}, {"type": "Feature", "geometry": {"type": "Point", "coordinates": [-1020209.1308999993, 4682926.171800002]}, "properties": {"OBJECTID": 170020, "COD_SIG": null, "IDTIPO": null, "NOME": "VITOR M M LUIS", "REGEND": "019172", "MORADA": "GEN TABORDA (R)", "NUM_POLICIA": "91 PORTA 1", "FREGUESIA": "111", "LOCALIDADE": null, "COD_POST_4": null, "COD_POST_3": null, "COM_INT_ID": null, "COD_ACT_ECON": "30001", "DESC_ACT_ECON": "Repara\u00e7\u00e3o De Ve\u00edculos Autom\u00f3veis", "ANO": 1996, "TIPO": "Retalho", "LOCALIZACAO": "Isolado", "C_INTEGRADO": null, "EMPRESA": "MARIA ISABEL SILVEIRA MENDES RODRIGUES MOURA", "GlobalID": "65e0230c-e270-4e9f-8460-a4a161e7a720"}}, {"type": "Feature", "geometry": {"type": "Point", "coordinates": [-1017152.5276999995, 4680500.406099997]}, "properties": {"OBJECTID": 170157, "COD_SIG": null, "IDTIPO": null, "NOME": "FASHION STORE", "REGEND": "019041", "MORADA": "PRATA (R)", "NUM_POLICIA": "198 V/ESC", "FREGUESIA": "121", "LOCALIDADE": "LISBOA", "COD_POST_4": "1100", "COD_POST_3": "422", "COM_INT_ID": null, "COD_ACT_ECON": "21118", "DESC_ACT_ECON": "Bijuterias", "ANO": 1996, "TIPO": "Retalho", "LOCALIZACAO": "Isolado", "C_INTEGRADO": null, "EMPRESA": "MARIA ISABEL SILVEIRA MENDES RODRIGUES MOURA", "GlobalID": "188ab096-f5bc-4d3b-8260-f98e727f97d3"}}, {"type": "Feature", "geometry": {"type": "Point", "coordinates": [-1016944.7417000011, 4679868.558899999]}, "properties": {"OBJECTID": 170255, "COD_SIG": null, "IDTIPO": null, "NOME": "MARIAMO ASSANE ALI", "REGEND": "019036", "MORADA": "COM\u00c9RCIO (PR DO)", "NUM_POLICIA": "JT M.FINAN.", "FREGUESIA": "121", "LOCALIDADE": null, "COD_POST_4": null, "COD_POST_3": null, "COM_INT_ID": null, "COD_ACT_ECON": "21403", "DESC_ACT_ECON": "Tabacaria", "ANO": 1996, "TIPO": "Retalho", "LOCALIZACAO": "Isolado", "C_INTEGRADO": null, "EMPRESA": "MARIA ISABEL SILVEIRA MENDES RODRIGUES MOURA", "GlobalID": "ca612063-d5a9-4ca0-b44b-ae0f09ebfa7d"}}, {"type": "Feature", "geometry": {"type": "Point", "coordinates": [-1023983.0949000008, 4680181.2139]}, "properties": {"OBJECTID": 170333, "COD_SIG": null, "IDTIPO": null, "NOME": "CARLOS MANUEL PEREIRA MOITA", "REGEND": "019135", "MORADA": "ARMANDO DE LUCENA (R)", "NUM_POLICIA": "LT 28 C/V", "FREGUESIA": "101", "LOCALIDADE": null, "COD_POST_4": null, "COD_POST_3": null, "COM_INT_ID": null, "COD_ACT_ECON": "30006", "DESC_ACT_ECON": "Outras N.E. (Repara\u00e7\u00f5es)", "ANO": 1996, "TIPO": "Retalho", "LOCALIZACAO": "Isolado", "C_INTEGRADO": null, "EMPRESA": "MARIA ISABEL SILVEIRA MENDES RODRIGUES MOURA", "GlobalID": "6140af72-70d1-4793-84e6-7f235176302a"}}, {"type": "Feature", "geometry": {"type": "Point", "coordinates": [-1021619.3524999991, 4678807.983900003]}, "properties": {"OBJECTID": 170440, "COD_SIG": null, "IDTIPO": null, "NOME": "TREK", "REGEND": "019141", "MORADA": "Doca de Santo Amaro", "NUM_POLICIA": "Armaz\u00e9m 7", "FREGUESIA": "102", "LOCALIDADE": "LISBOA", "COD_POST_4": "1350", "COD_POST_3": "353", "COM_INT_ID": null, "COD_ACT_ECON": "21406", "DESC_ACT_ECON": "Artigos De Desporto", "ANO": 1996, "TIPO": "Retalho", "LOCALIZACAO": "Isolado", "C_INTEGRADO": null, "EMPRESA": "MARIA ISABEL SILVEIRA MENDES RODRIGUES MOURA", "GlobalID": "3042715b-6786-4ccd-9d28-17bebd668037"}}, {"type": "Feature", "geometry": {"type": "Point", "coordinates": [-1021701.9037000015, 4678772.394400001]}, "properties": {"OBJECTID": 170449, "COD_SIG": null, "IDTIPO": null, "NOME": "ARQUIDOCA", "REGEND": "019143", "MORADA": "Doca de Santo Amaro", "NUM_POLICIA": "Armaz\u00e9m 13", "FREGUESIA": "102", "LOCALIDADE": null, "COD_POST_4": "1400", "COD_POST_3": "298", "COM_INT_ID": null, "COD_ACT_ECON": "21202", "DESC_ACT_ECON": "Artigos Diversos Lar/Decora\u00e7\u00e3o", "ANO": 1996, "TIPO": "Retalho", "LOCALIZACAO": "Isolado", "C_INTEGRADO": null, "EMPRESA": "ARQUINVESTE ARQUITECTURA & DECORA\u00c7\u00c3O, LDA", "GlobalID": "c2a58348-fe4d-46ca-b828-df02e25341a1"}}, {"type": "Feature", "geometry": {"type": "Point", "coordinates": [-1023158.1647999994, 4678672.027599998]}, "properties": {"OBJECTID": 170450, "COD_SIG": null, "IDTIPO": null, "NOME": "J A RIBEIRO", "REGEND": "019145", "MORADA": "ARTUR LAMAS (R)", "NUM_POLICIA": "1", "FREGUESIA": "102", "LOCALIDADE": null, "COD_POST_4": null, "COD_POST_3": null, "COM_INT_ID": null, "COD_ACT_ECON": "21514", "DESC_ACT_ECON": "Equipamento Inform\u00e1tico", "ANO": 1996, "TIPO": "Retalho", "LOCALIZACAO": "Isolado", "C_INTEGRADO": null, "EMPRESA": "J A RIBEIRO - INFORM\u00c1TICA, LDA", "GlobalID": "61648dfe-a1aa-49f5-ae57-8a10377a5bfc"}}, {"type": "Feature", "geometry": {"type": "Point", "coordinates": [-1016597.5249999985, 4685684.894699998]}, "properties": {"OBJECTID": 170453, "COD_SIG": null, "IDTIPO": null, "NOME": "FITAS E LA\u00c7OS", "REGEND": "019149", "MORADA": "GUILHERMINA SUGGIA (R)", "NUM_POLICIA": "14 B", "FREGUESIA": "103", "LOCALIDADE": "LISBOA", "COD_POST_4": "1700", "COD_POST_3": "226", "COM_INT_ID": null, "COD_ACT_ECON": "21205", "DESC_ACT_ECON": "Roupa/Lar", "ANO": 1996, "TIPO": "Retalho", "LOCALIZACAO": "Isolado", "C_INTEGRADO": null, "EMPRESA": "MARIA ISABEL SILVEIRA MENDES RODRIGUES MOURA", "GlobalID": "79dacdbf-2d78-4eaf-91cc-34d0f4fbf0f7"}}, {"type": "Feature", "geometry": {"type": "Point", "coordinates": [-1017773.4455999993, 4680402.3015]}, "properties": {"OBJECTID": 170607, "COD_SIG": null, "IDTIPO": null, "NOME": "SO CAFE", "REGEND": "018948", "MORADA": "MISERIC\u00d3RDIA (R DA)", "NUM_POLICIA": "12", "FREGUESIA": "121", "LOCALIDADE": null, "COD_POST_4": null, "COD_POST_3": null, "COM_INT_ID": 134, "COD_ACT_ECON": "52104", "DESC_ACT_ECON": "CAFE/PASTELARIA - 3\u00aa CATEGORIA", "ANO": 1996, "TIPO": "Restaura\u00e7\u00e3o e Bebidas", "LOCALIZACAO": "Integrado - outro", "C_INTEGRADO": "GALERIA COMERCIAL ESPA\u00c7O CHIADO", "EMPRESA": "MARIA ISABEL SILVEIRA MENDES RODRIGUES MOURA", "GlobalID": "999318d9-f4af-4a73-a161-5a0ece926321"}}, {"type": "Feature", "geometry": {"type": "Point", "coordinates": [-1019416.6755000018, 4688540.906999998]}, "properties": {"OBJECTID": 170666, "COD_SIG": null, "IDTIPO": null, "NOME": "MOURAS ZOO", "REGEND": "019317", "MORADA": "SILVA TAVARES (R)", "NUM_POLICIA": "7", "FREGUESIA": "114", "LOCALIDADE": "LISBOA", "COD_POST_4": "1750", "COD_POST_3": "287", "COM_INT_ID": 91, "COD_ACT_ECON": "21410", "DESC_ACT_ECON": "Pequenos Animais,Peixes Aqua.", "ANO": 1996, "TIPO": "Retalho", "LOCALIZACAO": "Integrado - outro", "C_INTEGRADO": "CENTRO COMERCIAL MOURAS", "EMPRESA": "MARIA ISABEL SILVEIRA MENDES RODRIGUES MOURA", "GlobalID": "14c07923-91b0-4067-af3e-9c1bc0c2fe79"}}, {"type": "Feature", "geometry": {"type": "Point", "coordinates": [-1014671.6972000003, 4686435.398199998]}, "properties": {"OBJECTID": 170680, "COD_SIG": null, "IDTIPO": null, "NOME": "VENTIFLOR", "REGEND": "019321", "MORADA": "ANDR\u00c9 VIDAL DE NEGREIROS (R)", "NUM_POLICIA": "LT 30 I/D/E", "FREGUESIA": "115", "LOCALIDADE": null, "COD_POST_4": null, "COD_POST_3": null, "COM_INT_ID": null, "COD_ACT_ECON": "21526", "DESC_ACT_ECON": "Outros N.E.(C.N.Alim. Diversos)", "ANO": 1996, "TIPO": "Retalho", "LOCALIZACAO": "Isolado", "C_INTEGRADO": null, "EMPRESA": "MARIA ISABEL SILVEIRA MENDES RODRIGUES MOURA", "GlobalID": "8e0778a8-4669-44a2-ab44-b03cfc0dbb46"}}, {"type": "Feature", "geometry": {"type": "Point", "coordinates": [-1019398.7298999988, 4684639.878399998]}, "properties": {"OBJECTID": 170692, "COD_SIG": null, "IDTIPO": null, "NOME": "FRANCISCO BERNARDINO DE ALMEIDA, HERDEIROS", "REGEND": "019336", "MORADA": "TOM\u00c1S CABREIRA (R)", "NUM_POLICIA": "1 B", "FREGUESIA": "106", "LOCALIDADE": null, "COD_POST_4": null, "COD_POST_3": null, "COM_INT_ID": null, "COD_ACT_ECON": "30003", "DESC_ACT_ECON": "Repara\u00e7\u00e3o De Cal\u00e7ado E Art. Couro", "ANO": 1996, "TIPO": "Retalho", "LOCALIZACAO": "Isolado", "C_INTEGRADO": null, "EMPRESA": "MARIA ISABEL SILVEIRA MENDES RODRIGUES MOURA", "GlobalID": "cb310561-668c-47d8-bd6d-28691d6a4f75"}}, {"type": "Feature", "geometry": {"type": "Point", "coordinates": [-1018656.4488999993, 4683975.859499998]}, "properties": {"OBJECTID": 170707, "COD_SIG": null, "IDTIPO": null, "NOME": "PERFUMARIA MARINA CRUZ", "REGEND": "019357", "MORADA": "MIGUEL BOMBARDA (AV)", "NUM_POLICIA": "133 A LJ 2", "FREGUESIA": "106", "LOCALIDADE": "LISBOA", "COD_POST_4": "1050", "COD_POST_3": "164", "COM_INT_ID": null, "COD_ACT_ECON": "21302", "DESC_ACT_ECON": "Perfumarias", "ANO": 1996, "TIPO": "Retalho", "LOCALIZACAO": "Isolado", "C_INTEGRADO": null, "EMPRESA": "MARINA CRUZ COM\u00c9RCIO PERFUMARIA E CABELEIREIRO, LDA", "GlobalID": "39c60f6a-0867-4c72-a70f-7d48f31cf9ea"}}, {"type": "Feature", "geometry": {"type": "Point", "coordinates": [-1017465.552099999, 4680335.031499997]}, "properties": {"OBJECTID": 170773, "COD_SIG": null, "IDTIPO": null, "NOME": "ISILDA PELICANO 2", "REGEND": "019260", "MORADA": "GARRETT (R)", "NUM_POLICIA": "19 LJ E", "FREGUESIA": "121", "LOCALIDADE": null, "COD_POST_4": null, "COD_POST_3": null, "COM_INT_ID": null, "COD_ACT_ECON": "21101", "DESC_ACT_ECON": "Artigos Vestu\u00e1rio Diverso (Misto)", "ANO": 1996, "TIPO": "Retalho", "LOCALIZACAO": "Isolado", "C_INTEGRADO": null, "EMPRESA": "MARIA ISABEL SILVEIRA MENDES RODRIGUES MOURA", "GlobalID": "e6b66c15-a5d0-43ee-99ee-8d1b496fc356"}}, {"type": "Feature", "geometry": {"type": "Point", "coordinates": [-1019815.4626000002, 4689326.1778]}, "properties": {"OBJECTID": 170775, "COD_SIG": null, "IDTIPO": null, "NOME": "DUARTE ANTONIO VILELA MOURATO", "REGEND": "019266", "MORADA": "TORRE (EST DA)", "NUM_POLICIA": "FRT N\u00ba 4", "FREGUESIA": "114", "LOCALIDADE": null, "COD_POST_4": null, "COD_POST_3": null, "COM_INT_ID": null, "COD_ACT_ECON": "21409", "DESC_ACT_ECON": "Artigos Jardinagem/Flores/Plantas", "ANO": 1996, "TIPO": "Retalho", "LOCALIZACAO": "Isolado", "C_INTEGRADO": null, "EMPRESA": "MARIA ISABEL SILVEIRA MENDES RODRIGUES MOURA", "GlobalID": "3ab27006-b797-4843-aa4e-15ad37670f6c"}}, {"type": "Feature", "geometry": {"type": "Point", "coordinates": [-1017603.6744999997, 4680307.905599996]}, "properties": {"OBJECTID": 170776, "COD_SIG": null, "IDTIPO": null, "NOME": "MARISETE FRAN\u00c7A LEITE", "REGEND": "019267", "MORADA": "GARRETT (R)", "NUM_POLICIA": "FRT IGREJA", "FREGUESIA": "121", "LOCALIDADE": null, "COD_POST_4": null, "COD_POST_3": null, "COM_INT_ID": null, "COD_ACT_ECON": "21403", "DESC_ACT_ECON": "Tabacaria", "ANO": 1996, "TIPO": "Retalho", "LOCALIZACAO": "Isolado", "C_INTEGRADO": null, "EMPRESA": "MARIA ISABEL SILVEIRA MENDES RODRIGUES MOURA", "GlobalID": "9f961d0b-58ba-4efe-b621-238bca3b7f13"}}, {"type": "Feature", "geometry": {"type": "Point", "coordinates": [-1018939.9824000001, 4687829.941500001]}, "properties": {"OBJECTID": 170786, "COD_SIG": null, "IDTIPO": null, "NOME": "AUTO LAMBERT", "REGEND": "019261", "MORADA": "AGOSTINHO NETO (R)", "NUM_POLICIA": "22 E", "FREGUESIA": "114", "LOCALIDADE": null, "COD_POST_4": null, "COD_POST_3": null, "COM_INT_ID": null, "COD_ACT_ECON": "21504", "DESC_ACT_ECON": "Ve\u00edculos Ligeiros (Novos)", "ANO": 1996, "TIPO": "Retalho", "LOCALIZACAO": "Isolado", "C_INTEGRADO": null, "EMPRESA": "MARIA ISABEL SILVEIRA MENDES RODRIGUES MOURA", "GlobalID": "80b80be5-8b7e-4d35-8486-1507d67df618"}}, {"type": "Feature", "geometry": {"type": "Point", "coordinates": [-1016113.9274000004, 4683278.900700003]}, "properties": {"OBJECTID": 170833, "COD_SIG": null, "IDTIPO": null, "NOME": "LAREXPORT", "REGEND": "019464", "MORADA": "PAIVA COUCEIRO (PR)", "NUM_POLICIA": "6 B", "FREGUESIA": "119", "LOCALIDADE": "LISBOA", "COD_POST_4": "1170", "COD_POST_3": "284", "COM_INT_ID": null, "COD_ACT_ECON": "21101", "DESC_ACT_ECON": "Artigos Vestu\u00e1rio Diverso (Misto)", "ANO": 1996, "TIPO": "Retalho", "LOCALIZACAO": "Isolado", "C_INTEGRADO": null, "EMPRESA": "MARIA ISABEL SILVEIRA MENDES RODRIGUES MOURA", "GlobalID": "f7907afc-6f82-4430-a958-95202dddf255"}}, {"type": "Feature", "geometry": {"type": "Point", "coordinates": [-1014475.5830999985, 4686471.452600002]}, "properties": {"OBJECTID": 170866, "COD_SIG": null, "IDTIPO": null, "NOME": "VITOR MANUEL LIMA RAIMUNDO", "REGEND": "019319", "MORADA": "ACT PALMIRA BASTOS (R)", "NUM_POLICIA": "LT 43 LJ 11", "FREGUESIA": "115", "LOCALIDADE": null, "COD_POST_4": null, "COD_POST_3": null, "COM_INT_ID": null, "COD_ACT_ECON": "21205", "DESC_ACT_ECON": "Roupa/Lar", "ANO": 1996, "TIPO": "Retalho", "LOCALIZACAO": "Isolado", "C_INTEGRADO": null, "EMPRESA": "VITOR MANUEL LIMA RAIMUNDO", "GlobalID": "faa20f32-8b68-43be-a984-242534684c6f"}}, {"type": "Feature", "geometry": {"type": "Point", "coordinates": [-1019032.7908999994, 4684316.168200001]}, "properties": {"OBJECTID": 170878, "COD_SIG": null, "IDTIPO": null, "NOME": "TABACARIA BERNA", "REGEND": "019342", "MORADA": "BERNA (AV DE)", "NUM_POLICIA": "40 C", "FREGUESIA": "106", "LOCALIDADE": null, "COD_POST_4": null, "COD_POST_3": null, "COM_INT_ID": null, "COD_ACT_ECON": "21403", "DESC_ACT_ECON": "Tabacaria", "ANO": 1996, "TIPO": "Retalho", "LOCALIZACAO": "Isolado", "C_INTEGRADO": null, "EMPRESA": "MARIA ISABEL SILVEIRA MENDES RODRIGUES MOURA", "GlobalID": "d220a4c4-5e7a-4548-86f5-745eec6e1243"}}, {"type": "Feature", "geometry": {"type": "Point", "coordinates": [-1018690.1706000008, 4683899.637500003]}, "properties": {"OBJECTID": 170887, "COD_SIG": null, "IDTIPO": null, "NOME": "RIGOM", "REGEND": "019347", "MORADA": "JO\u00c3O CRIS\u00d3STOMO (AV)", "NUM_POLICIA": "64 A", "FREGUESIA": "106", "LOCALIDADE": null, "COD_POST_4": null, "COD_POST_3": null, "COM_INT_ID": null, "COD_ACT_ECON": "21515", "DESC_ACT_ECON": "Equipamento E Mobili\u00e1rio De Escrit\u00f3rio", "ANO": 1996, "TIPO": "Retalho", "LOCALIZACAO": "Isolado", "C_INTEGRADO": null, "EMPRESA": "MARIA ISABEL SILVEIRA MENDES RODRIGUES MOURA", "GlobalID": "c9aab436-5bf4-40c7-ac42-af5b52ed8744"}}, {"type": "Feature", "geometry": {"type": "Point", "coordinates": [-1018508.1143000014, 4684107.354199998]}, "properties": {"OBJECTID": 170903, "COD_SIG": null, "IDTIPO": null, "NOME": "PEDRO JORGE NORONHA", "REGEND": "019364", "MORADA": "MARQ DE TOMAR (AV)", "NUM_POLICIA": "44 C", "FREGUESIA": "106", "LOCALIDADE": null, "COD_POST_4": null, "COD_POST_3": null, "COM_INT_ID": 162, "COD_ACT_ECON": "11006", "DESC_ACT_ECON": "Frutarias", "ANO": 1996, "TIPO": "Retalho", "LOCALIZACAO": "Integrado - outro", "C_INTEGRADO": "MINIPRE\u00c7O", "EMPRESA": "MARIA ISABEL SILVEIRA MENDES RODRIGUES MOURA", "GlobalID": "1d35c7d5-e829-417a-8b06-20092e5d1798"}}, {"type": "Feature", "geometry": {"type": "Point", "coordinates": [-1018252.7355999984, 4681027.786499999]}, "properties": {"OBJECTID": 170929, "COD_SIG": null, "IDTIPO": null, "NOME": "CHAIREL", "REGEND": "019449", "MORADA": "D PEDRO V (R)", "NUM_POLICIA": "111", "FREGUESIA": "116", "LOCALIDADE": null, "COD_POST_4": null, "COD_POST_3": null, "COM_INT_ID": null, "COD_ACT_ECON": "21207", "DESC_ACT_ECON": "M\u00f3veis Antigos/Antiguidades", "ANO": 1996, "TIPO": "Retalho", "LOCALIZACAO": "Isolado", "C_INTEGRADO": null, "EMPRESA": "MARIA ISABEL SILVEIRA MENDES RODRIGUES MOURA", "GlobalID": "d380a384-df77-49e9-b469-bacda15d782c"}}, {"type": "Feature", "geometry": {"type": "Point", "coordinates": [-1018376.8414999992, 4680919.914800003]}, "properties": {"OBJECTID": 170931, "COD_SIG": null, "IDTIPO": null, "NOME": "F.C.R. SPORT", "REGEND": "019452", "MORADA": "EDUARDO COELHO (R)", "NUM_POLICIA": "6 A/B", "FREGUESIA": "116", "LOCALIDADE": null, "COD_POST_4": null, "COD_POST_3": null, "COM_INT_ID": null, "COD_ACT_ECON": "21508", "DESC_ACT_ECON": "Acess\u00f3rios P/ Ve\u00edculos Excepto Motociclos", "ANO": 1996, "TIPO": "Retalho", "LOCALIZACAO": "Isolado", "C_INTEGRADO": null, "EMPRESA": "MARIA ISABEL SILVEIRA MENDES RODRIGUES MOURA", "GlobalID": "f0188866-cd9d-4326-a85e-d6fa5f59dbdf"}}, {"type": "Feature", "geometry": {"type": "Point", "coordinates": [-1017844.0526, 4680654.679899998]}, "properties": {"OBJECTID": 170935, "COD_SIG": null, "IDTIPO": null, "NOME": "ANTONIO SANTOS JOAQUIM", "REGEND": "019461", "MORADA": "TRINDADE COELHO (L)", "NUM_POLICIA": "FRT N\u00ba 17", "FREGUESIA": "116", "LOCALIDADE": null, "COD_POST_4": null, "COD_POST_3": null, "COM_INT_ID": null, "COD_ACT_ECON": "21403", "DESC_ACT_ECON": "Tabacaria", "ANO": 1996, "TIPO": "Retalho", "LOCALIZACAO": "Isolado", "C_INTEGRADO": null, "EMPRESA": "MARIA ISABEL SILVEIRA MENDES RODRIGUES MOURA", "GlobalID": "ffdfa76d-f840-45f5-9bb5-a9396931bc74"}}, {"type": "Feature", "geometry": {"type": "Point", "coordinates": [-1015557.2151999995, 4680796.735799998]}, "properties": {"OBJECTID": 170941, "COD_SIG": null, "IDTIPO": null, "NOME": "AMEIAS", "REGEND": "019468", "MORADA": "CAMINHOS DE FERRO (L DOS)", "NUM_POLICIA": "C.P.", "FREGUESIA": "124", "LOCALIDADE": "LISBOA                         ", "COD_POST_4": "1149", "COD_POST_3": "066", "COM_INT_ID": 200, "COD_ACT_ECON": "21106", "DESC_ACT_ECON": "Roupa Interior", "ANO": 1996, "TIPO": "Retalho", "LOCALIZACAO": "Integrado - outro", "C_INTEGRADO": "ESTA\u00c7\u00c3O CAMINHOS DE FERRO STA APOL\u00d3NIA", "EMPRESA": "AMEIAS - DISTRIBUIDORA ROUPA INTIMA E MEIAS, LDA", "GlobalID": "35a44288-4aef-4883-8421-fe6fc8d5de34"}}, {"type": "Feature", "geometry": {"type": "Point", "coordinates": [-1021149.8416999988, 4688558.537100002]}, "properties": {"OBJECTID": 170946, "COD_SIG": null, "IDTIPO": null, "NOME": "KATIUSKA", "REGEND": "019188", "MORADA": "PROJECTADA (R) \u00c0 AZ DOS ULMEIROS", "NUM_POLICIA": null, "FREGUESIA": "114", "LOCALIDADE": null, "COD_POST_4": null, "COD_POST_3": null, "COM_INT_ID": 79, "COD_ACT_ECON": "21110", "DESC_ACT_ECON": "Vestu\u00e1rio Pele", "ANO": 1996, "TIPO": "Retalho", "LOCALIZACAO": "Integrado - outro", "C_INTEGRADO": "CENTRO COMERCIAL PINGO DOCE", "EMPRESA": "MARIA ISABEL SILVEIRA MENDES RODRIGUES MOURA", "GlobalID": "ffeaf939-51f5-4839-a22d-a30d63c660d8"}}, {"type": "Feature", "geometry": {"type": "Point", "coordinates": [-1018050.5395999998, 4680530.643299997]}, "properties": {"OBJECTID": 170950, "COD_SIG": null, "IDTIPO": null, "NOME": "DIAMANTINO JOSE VARELA", "REGEND": "019196", "MORADA": "Rua da Rosa", "NUM_POLICIA": "78", "FREGUESIA": "116", "LOCALIDADE": null, "COD_POST_4": "1200", "COD_POST_3": "388", "COM_INT_ID": null, "COD_ACT_ECON": "21206", "DESC_ACT_ECON": "M\u00f3veis E Colchoaria (Interior)", "ANO": 1996, "TIPO": "Retalho", "LOCALIZACAO": "Isolado", "C_INTEGRADO": null, "EMPRESA": "MARIA ISABEL SILVEIRA MENDES RODRIGUES MOURA", "GlobalID": "3cc5de5d-108f-41f3-be74-1fc2522f0b7c"}}, {"type": "Feature", "geometry": {"type": "Point", "coordinates": [-1021149.8416999988, 4688558.537100002]}, "properties": {"OBJECTID": 170952, "COD_SIG": null, "IDTIPO": null, "NOME": "SERUMOLDURA", "REGEND": "019198", "MORADA": "PROJECTADA (R) \u00c0 AZ DOS ULMEIROS", "NUM_POLICIA": null, "FREGUESIA": "114", "LOCALIDADE": null, "COD_POST_4": null, "COD_POST_3": null, "COM_INT_ID": 79, "COD_ACT_ECON": "21201", "DESC_ACT_ECON": "Molduras", "ANO": 1996, "TIPO": "Retalho", "LOCALIZACAO": "Integrado - outro", "C_INTEGRADO": "CENTRO COMERCIAL PINGO DOCE", "EMPRESA": "MARIA ISABEL SILVEIRA MENDES RODRIGUES MOURA", "GlobalID": "a3ccbd5b-863f-4245-a089-118e53dd09b8"}}, {"type": "Feature", "geometry": {"type": "Point", "coordinates": [-1021123.5328000002, 4688527.132799998]}, "properties": {"OBJECTID": 170954, "COD_SIG": null, "IDTIPO": null, "NOME": "INTERFOTO", "REGEND": "019200", "MORADA": "PROJECTADA (R) \u00c0 AZ DOS ULMEIROS", "NUM_POLICIA": null, "FREGUESIA": "114", "LOCALIDADE": "LISBOA                         ", "COD_POST_4": "1600", "COD_POST_3": "776", "COM_INT_ID": 79, "COD_ACT_ECON": "21412", "DESC_ACT_ECON": "Material Fotogr\u00e1fico,Cinema", "ANO": 1996, "TIPO": "Retalho", "LOCALIZACAO": "Integrado - outro", "C_INTEGRADO": "CENTRO COMERCIAL PINGO DOCE", "EMPRESA": "MARIA ISABEL SILVEIRA MENDES RODRIGUES MOURA", "GlobalID": "53e27054-07af-4d23-8a8d-63d1bf02ef15"}}, {"type": "Feature", "geometry": {"type": "Point", "coordinates": [-1021149.8416999988, 4688558.537100002]}, "properties": {"OBJECTID": 170957, "COD_SIG": null, "IDTIPO": null, "NOME": "AR DO MAR", "REGEND": "019184", "MORADA": "PROJECTADA (R) \u00c0 AZ DOS ULMEIROS", "NUM_POLICIA": null, "FREGUESIA": "114", "LOCALIDADE": null, "COD_POST_4": null, "COD_POST_3": null, "COM_INT_ID": 79, "COD_ACT_ECON": "21101", "DESC_ACT_ECON": "Artigos Vestu\u00e1rio Diverso (Misto)", "ANO": 1996, "TIPO": "Retalho", "LOCALIZACAO": "Integrado - outro", "C_INTEGRADO": "CENTRO COMERCIAL PINGO DOCE", "EMPRESA": "PREIA - MAR - MOBILI\u00c1RIO, DECORA\u00c7\u00c3O E ARTIGOS N\u00c1UTICOS, LDA", "GlobalID": "a9fc010b-78db-4397-878e-2448826e3c9c"}}, {"type": "Feature", "geometry": {"type": "Point", "coordinates": [-1021149.8416999988, 4688558.537100002]}, "properties": {"OBJECTID": 170964, "COD_SIG": null, "IDTIPO": null, "NOME": "ADORNO", "REGEND": "019195", "MORADA": "PROJECTADA (R) \u00c0 AZ DOS ULMEIROS", "NUM_POLICIA": null, "FREGUESIA": "114", "LOCALIDADE": null, "COD_POST_4": null, "COD_POST_3": null, "COM_INT_ID": 79, "COD_ACT_ECON": "21118", "DESC_ACT_ECON": "Bijuterias", "ANO": 1996, "TIPO": "Retalho", "LOCALIZACAO": "Integrado - outro", "C_INTEGRADO": "CENTRO COMERCIAL PINGO DOCE", "EMPRESA": "MARIA ISABEL SILVEIRA MENDES RODRIGUES MOURA", "GlobalID": "15d8a9a8-6e29-4495-b138-85e0a42aeb5b"}}, {"type": "Feature", "geometry": {"type": "Point", "coordinates": [-1021149.8416999988, 4688558.537100002]}, "properties": {"OBJECTID": 170967, "COD_SIG": null, "IDTIPO": null, "NOME": "TABACARIA FUMISTA", "REGEND": "019199", "MORADA": "PROJECTADA (R) \u00c0 AZ DOS ULMEIROS", "NUM_POLICIA": null, "FREGUESIA": "114", "LOCALIDADE": "LISBOA                         ", "COD_POST_4": "1600", "COD_POST_3": "776", "COM_INT_ID": 79, "COD_ACT_ECON": "21403", "DESC_ACT_ECON": "Tabacaria", "ANO": 1996, "TIPO": "Retalho", "LOCALIZACAO": "Integrado - outro", "C_INTEGRADO": "CENTRO COMERCIAL PINGO DOCE", "EMPRESA": "TABACARIA & PAPELARIA FUMISTA, LDA", "GlobalID": "06a9530b-3843-482c-9785-2bccfb30a490"}}, {"type": "Feature", "geometry": {"type": "Point", "coordinates": [-1019638.2210999988, 4680268.925300002]}, "properties": {"OBJECTID": 170970, "COD_SIG": null, "IDTIPO": null, "NOME": "PANOS DA LAPA", "REGEND": "019202", "MORADA": "Rua da Lapa", "NUM_POLICIA": "47", "FREGUESIA": "113", "LOCALIDADE": "LISBOA", "COD_POST_4": "1200", "COD_POST_3": "700", "COM_INT_ID": null, "COD_ACT_ECON": "21205", "DESC_ACT_ECON": "Roupa/Lar", "ANO": 1996, "TIPO": "Retalho", "LOCALIZACAO": "Isolado", "C_INTEGRADO": null, "EMPRESA": "MARIA ISABEL SILVEIRA MENDES RODRIGUES MOURA", "GlobalID": "c1b2f819-4fb9-4e43-a688-0eefb8982238"}}, {"type": "Feature", "geometry": {"type": "Point", "coordinates": [-1019416.6755000018, 4688540.906999998]}, "properties": {"OBJECTID": 170979, "COD_SIG": null, "IDTIPO": null, "NOME": "XARRO", "REGEND": "019318", "MORADA": "SILVA TAVARES (R)", "NUM_POLICIA": "7", "FREGUESIA": "114", "LOCALIDADE": null, "COD_POST_4": null, "COD_POST_3": null, "COM_INT_ID": 91, "COD_ACT_ECON": "21101", "DESC_ACT_ECON": "Artigos Vestu\u00e1rio Diverso (Misto)", "ANO": 1996, "TIPO": "Retalho", "LOCALIZACAO": "Integrado - outro", "C_INTEGRADO": "CENTRO COMERCIAL MOURAS", "EMPRESA": "MARIA ISABEL SILVEIRA MENDES RODRIGUES MOURA", "GlobalID": "08b95595-25fc-4540-8026-535958b085d8"}}, {"type": "Feature", "geometry": {"type": "Point", "coordinates": [-1019084.5428000018, 4685141.2689]}, "properties": {"OBJECTID": 170983, "COD_SIG": null, "IDTIPO": null, "NOME": "GALERIA JOVENS EMPRESARIOS", "REGEND": "019324", "MORADA": "SOUSA LOPES (R)", "NUM_POLICIA": "LT IJ", "FREGUESIA": "106", "LOCALIDADE": null, "COD_POST_4": null, "COD_POST_3": null, "COM_INT_ID": null, "COD_ACT_ECON": "21405", "DESC_ACT_ECON": "Galerias De Arte", "ANO": 1996, "TIPO": "Retalho", "LOCALIZACAO": "Isolado", "C_INTEGRADO": null, "EMPRESA": "MARIA ISABEL SILVEIRA MENDES RODRIGUES MOURA", "GlobalID": "747497d3-253b-4ea2-9101-acdd13845eb6"}}, {"type": "Feature", "geometry": {"type": "Point", "coordinates": [-1019517.871199999, 4684760.669100001]}, "properties": {"OBJECTID": 170985, "COD_SIG": null, "IDTIPO": null, "NOME": "ESPINGARDARIA CENTRAL", "REGEND": "019327", "MORADA": "GEN LEMAN (R)", "NUM_POLICIA": "20 B", "FREGUESIA": "106", "LOCALIDADE": null, "COD_POST_4": null, "COD_POST_3": null, "COM_INT_ID": null, "COD_ACT_ECON": "21406", "DESC_ACT_ECON": "Artigos De Desporto", "ANO": 1996, "TIPO": "Retalho", "LOCALIZACAO": "Isolado", "C_INTEGRADO": null, "EMPRESA": "ESPINGARDARIA A. S. MONTEZ, SA", "GlobalID": "28c391e4-5e85-4602-b7d9-cfffb1171b44"}}, {"type": "Feature", "geometry": {"type": "Point", "coordinates": [-1019428.1884000003, 4685214.223399997]}, "properties": {"OBJECTID": 170988, "COD_SIG": null, "IDTIPO": null, "NOME": "ANTONIO FERNANDES PEREIRA", "REGEND": "019331", "MORADA": "CRISTOV\u00c3O DE FIGUEIREDO (R)", "NUM_POLICIA": "15/15 A", "FREGUESIA": "106", "LOCALIDADE": null, "COD_POST_4": null, "COD_POST_3": null, "COM_INT_ID": null, "COD_ACT_ECON": "21206", "DESC_ACT_ECON": "M\u00f3veis E Colchoaria (Interior)", "ANO": 1996, "TIPO": "Retalho", "LOCALIZACAO": "Isolado", "C_INTEGRADO": null, "EMPRESA": "MARIA ISABEL SILVEIRA MENDES RODRIGUES MOURA", "GlobalID": "615bf522-d2c7-4f77-a97f-6a39bf8d3eab"}}, {"type": "Feature", "geometry": {"type": "Point", "coordinates": [-1019957.3652999997, 4684676.0013]}, "properties": {"OBJECTID": 170990, "COD_SIG": null, "IDTIPO": null, "NOME": "MARTINS & ABRANTES", "REGEND": "019334", "MORADA": "FILIPE DA MATA (R)", "NUM_POLICIA": "164 A/B", "FREGUESIA": "106", "LOCALIDADE": null, "COD_POST_4": null, "COD_POST_3": null, "COM_INT_ID": null, "COD_ACT_ECON": "21206", "DESC_ACT_ECON": "M\u00f3veis E Colchoaria (Interior)", "ANO": 1996, "TIPO": "Retalho", "LOCALIZACAO": "Isolado", "C_INTEGRADO": null, "EMPRESA": "MARIA ISABEL SILVEIRA MENDES RODRIGUES MOURA", "GlobalID": "da752bc3-fcbe-4228-b83e-bac774692c65"}}, {"type": "Feature", "geometry": {"type": "Point", "coordinates": [-1019048.4673000015, 4684344.274599999]}, "properties": {"OBJECTID": 170991, "COD_SIG": null, "IDTIPO": null, "NOME": "CRISCAR", "REGEND": "019339", "MORADA": "DR SILVA TELES (R)", "NUM_POLICIA": "10 A", "FREGUESIA": "106", "LOCALIDADE": null, "COD_POST_4": null, "COD_POST_3": null, "COM_INT_ID": null, "COD_ACT_ECON": "21504", "DESC_ACT_ECON": "Ve\u00edculos Ligeiros (Novos)", "ANO": 1996, "TIPO": "Retalho", "LOCALIZACAO": "Isolado", "C_INTEGRADO": null, "EMPRESA": "MARIA ISABEL SILVEIRA MENDES RODRIGUES MOURA", "GlobalID": "067415aa-cc4c-435a-8d9b-d46853a5116a"}}, {"type": "Feature", "geometry": {"type": "Point", "coordinates": [-1018399.4019000009, 4684811.7754999995]}, "properties": {"OBJECTID": 170997, "COD_SIG": null, "IDTIPO": null, "NOME": "LOJA 7", "REGEND": "019428", "MORADA": "J\u00daLIO DINIS (AV)", "NUM_POLICIA": "14", "FREGUESIA": "106", "LOCALIDADE": null, "COD_POST_4": null, "COD_POST_3": null, "COM_INT_ID": 63, "COD_ACT_ECON": "22002", "DESC_ACT_ECON": "Bazares", "ANO": 1996, "TIPO": "Retalho", "LOCALIZACAO": "Integrado - outro", "C_INTEGRADO": "SHOPPING COLUMBIA", "EMPRESA": "MARIA ISABEL SILVEIRA MENDES RODRIGUES MOURA", "GlobalID": "c7886a66-5607-4c71-8f49-4698bc4d815e"}}, {"type": "Feature", "geometry": {"type": "Point", "coordinates": [-1019025.7518000007, 4685064.466799997]}, "properties": {"OBJECTID": 171001, "COD_SIG": null, "IDTIPO": null, "NOME": "THIS IS IT", "REGEND": "019434", "MORADA": "SOUSA LOPES (R)", "NUM_POLICIA": "LT PQRS", "FREGUESIA": "106", "LOCALIDADE": null, "COD_POST_4": null, "COD_POST_3": null, "COM_INT_ID": 74, "COD_ACT_ECON": "21113", "DESC_ACT_ECON": "Chap\u00e9us E Guarda-Chuvas", "ANO": 1996, "TIPO": "Retalho", "LOCALIZACAO": "Integrado - outro", "C_INTEGRADO": "CENTRO COMERCIAL GEMINI", "EMPRESA": "MARIA ISABEL SILVEIRA MENDES RODRIGUES MOURA", "GlobalID": "7f73cefa-9e6c-48df-b54e-c6be5acc3ecc"}}, {"type": "Feature", "geometry": {"type": "Point", "coordinates": [-1019911.2785999998, 4684676.5222999975]}, "properties": {"OBJECTID": 171006, "COD_SIG": null, "IDTIPO": null, "NOME": "MOTORREGO", "REGEND": "019361", "MORADA": "FILIPE DA MATA (R)", "NUM_POLICIA": "142 A", "FREGUESIA": "106", "LOCALIDADE": null, "COD_POST_4": null, "COD_POST_3": null, "COM_INT_ID": null, "COD_ACT_ECON": "21526", "DESC_ACT_ECON": "Outros N.E.(C.N.Alim. Diversos)", "ANO": 1996, "TIPO": "Retalho", "LOCALIZACAO": "Isolado", "C_INTEGRADO": null, "EMPRESA": "MARIA ISABEL SILVEIRA MENDES RODRIGUES MOURA", "GlobalID": "74b5d258-8e16-46a8-add9-750f0a4304b5"}}, {"type": "Feature", "geometry": {"type": "Point", "coordinates": [-1018877.5921999998, 4685212.692599997]}, "properties": {"OBJECTID": 171010, "COD_SIG": null, "IDTIPO": null, "NOME": "ANTONIO SARAIVA PAIS", "REGEND": "019368", "MORADA": "\u00c1LVARO PAIS (AV)", "NUM_POLICIA": "13", "FREGUESIA": "106", "LOCALIDADE": null, "COD_POST_4": null, "COD_POST_3": null, "COM_INT_ID": 163, "COD_ACT_ECON": "21402", "DESC_ACT_ECON": "Papelarias (Art. Escrit.,Jornais ..)", "ANO": 1996, "TIPO": "Retalho", "LOCALIZACAO": "Integrado - outro", "C_INTEGRADO": "CENTRO COMERCIAL MULTICENTRO", "EMPRESA": "MARIA ISABEL SILVEIRA MENDES RODRIGUES MOURA", "GlobalID": "4993ac41-ec26-4efe-a264-0621881ee220"}}, {"type": "Feature", "geometry": {"type": "Point", "coordinates": [-1019025.7518000007, 4685064.466799997]}, "properties": {"OBJECTID": 171020, "COD_SIG": null, "IDTIPO": null, "NOME": "PALMO E PALMO", "REGEND": "019436", "MORADA": "SOUSA LOPES (R)", "NUM_POLICIA": "LT PQRS", "FREGUESIA": "106", "LOCALIDADE": null, "COD_POST_4": null, "COD_POST_3": null, "COM_INT_ID": 74, "COD_ACT_ECON": "21104", "DESC_ACT_ECON": "Artigos Vestu\u00e1rio Crian\u00e7a", "ANO": 1996, "TIPO": "Retalho", "LOCALIZACAO": "Integrado - outro", "C_INTEGRADO": "CENTRO COMERCIAL GEMINI", "EMPRESA": "MARIA ISABEL SILVEIRA MENDES RODRIGUES MOURA", "GlobalID": "7e11d6d2-1166-4436-999b-f789613e43a2"}}, {"type": "Feature", "geometry": {"type": "Point", "coordinates": [-1019025.7518000007, 4685064.466799997]}, "properties": {"OBJECTID": 171025, "COD_SIG": null, "IDTIPO": null, "NOME": "HERBARIA", "REGEND": "019443", "MORADA": "SOUSA LOPES (R)", "NUM_POLICIA": "LT PQRS", "FREGUESIA": "106", "LOCALIDADE": null, "COD_POST_4": null, "COD_POST_3": null, "COM_INT_ID": 74, "COD_ACT_ECON": "21409", "DESC_ACT_ECON": "Artigos Jardinagem/Flores/Plantas", "ANO": 1996, "TIPO": "Retalho", "LOCALIZACAO": "Integrado - outro", "C_INTEGRADO": "CENTRO COMERCIAL GEMINI", "EMPRESA": "MARIA ISABEL SILVEIRA MENDES RODRIGUES MOURA", "GlobalID": "d7dfe9fe-08fc-4754-835d-7d3473a9eee3"}}, {"type": "Feature", "geometry": {"type": "Point", "coordinates": [-1018139.0947000012, 4680345.205200002]}, "properties": {"OBJECTID": 171033, "COD_SIG": null, "IDTIPO": null, "NOME": "JOAO MANUEL SOUSA CRUZ", "REGEND": "019450", "MORADA": "COMBRO (C DO)", "NUM_POLICIA": "FRT N\u00ba 2", "FREGUESIA": "116", "LOCALIDADE": null, "COD_POST_4": null, "COD_POST_3": null, "COM_INT_ID": null, "COD_ACT_ECON": "21403", "DESC_ACT_ECON": "Tabacaria", "ANO": 1996, "TIPO": "Retalho", "LOCALIZACAO": "Isolado", "C_INTEGRADO": null, "EMPRESA": "MARIA ISABEL SILVEIRA MENDES RODRIGUES MOURA", "GlobalID": "2fd858b9-c6f4-4242-9344-8e6bcf697484"}}, {"type": "Feature", "geometry": {"type": "Point", "coordinates": [-1015563.1801000014, 4685979.569899999]}, "properties": {"OBJECTID": 171069, "COD_SIG": null, "IDTIPO": null, "NOME": "ELVIRA MARIA LOPES MAIA", "REGEND": "019293", "MORADA": "RUI GR\u00c1CIO (R)", "NUM_POLICIA": "LT 370 LJ 1", "FREGUESIA": "115", "LOCALIDADE": null, "COD_POST_4": null, "COD_POST_3": null, "COM_INT_ID": null, "COD_ACT_ECON": "12003", "DESC_ACT_ECON": "Mini-Mercados/Auto-Servi\u00e7os", "ANO": 1996, "TIPO": "Retalho", "LOCALIZACAO": "Isolado", "C_INTEGRADO": null, "EMPRESA": "MARIA ISABEL SILVEIRA MENDES RODRIGUES MOURA", "GlobalID": "3c360e02-1a0f-4169-8955-c5d929fc3308"}}, {"type": "Feature", "geometry": {"type": "Point", "coordinates": [-1021512.1556999981, 4689332.496699996]}, "properties": {"OBJECTID": 171072, "COD_SIG": null, "IDTIPO": null, "NOME": "CONTROLADORA AUTOREPARADORA", "REGEND": "019277", "MORADA": "Azinhaga da Fonte Velha", "NUM_POLICIA": "Letra C", "FREGUESIA": "114", "LOCALIDADE": "LISBOA", "COD_POST_4": "1600", "COD_POST_3": "461", "COM_INT_ID": null, "COD_ACT_ECON": "30001", "DESC_ACT_ECON": "Repara\u00e7\u00e3o De Ve\u00edculos Autom\u00f3veis", "ANO": 1996, "TIPO": "Retalho", "LOCALIZACAO": "Isolado", "C_INTEGRADO": null, "EMPRESA": "MARIA ISABEL SILVEIRA MENDES RODRIGUES MOURA", "GlobalID": "a7fcab2d-a787-4e54-ab86-825e4584c92f"}}, {"type": "Feature", "geometry": {"type": "Point", "coordinates": [-1019025.7518000007, 4685064.466799997]}, "properties": {"OBJECTID": 171096, "COD_SIG": null, "IDTIPO": null, "NOME": "HEDIARD", "REGEND": "019435", "MORADA": "SOUSA LOPES (R)", "NUM_POLICIA": "LT PQRS", "FREGUESIA": "106", "LOCALIDADE": null, "COD_POST_4": null, "COD_POST_3": null, "COM_INT_ID": 74, "COD_ACT_ECON": "11001", "DESC_ACT_ECON": "Bebidas", "ANO": 1996, "TIPO": "Retalho", "LOCALIZACAO": "Integrado - outro", "C_INTEGRADO": "CENTRO COMERCIAL GEMINI", "EMPRESA": "MARIA ISABEL SILVEIRA MENDES RODRIGUES MOURA", "GlobalID": "bf566586-15ae-4d07-97ff-6677f88a78c1"}}, {"type": "Feature", "geometry": {"type": "Point", "coordinates": [-1019025.7518000007, 4685064.466799997]}, "properties": {"OBJECTID": 171100, "COD_SIG": null, "IDTIPO": null, "NOME": "ROMAO E SOARES", "REGEND": "019441", "MORADA": "SOUSA LOPES (R)", "NUM_POLICIA": "LT PQRS", "FREGUESIA": "106", "LOCALIDADE": null, "COD_POST_4": null, "COD_POST_3": null, "COM_INT_ID": 74, "COD_ACT_ECON": "21115", "DESC_ACT_ECON": "Sapatarias", "ANO": 1996, "TIPO": "Retalho", "LOCALIZACAO": "Integrado - outro", "C_INTEGRADO": "CENTRO COMERCIAL GEMINI", "EMPRESA": "MARIA ISABEL SILVEIRA MENDES RODRIGUES MOURA", "GlobalID": "e47a240a-91cd-4094-99e5-863521462aa9"}}, {"type": "Feature", "geometry": {"type": "Point", "coordinates": [-1018301.4087999985, 4680927.1809]}, "properties": {"OBJECTID": 171114, "COD_SIG": null, "IDTIPO": null, "NOME": "LIVRARIA BIZANTINA", "REGEND": "019417", "MORADA": "CD DE SOURE (T DO)", "NUM_POLICIA": "29", "FREGUESIA": "116", "LOCALIDADE": null, "COD_POST_4": null, "COD_POST_3": null, "COM_INT_ID": null, "COD_ACT_ECON": "21404", "DESC_ACT_ECON": "Alfarrabista/Filatelia/Numism\u00e1tica", "ANO": 1996, "TIPO": "Retalho", "LOCALIZACAO": "Isolado", "C_INTEGRADO": null, "EMPRESA": "MARIA ISABEL SILVEIRA MENDES RODRIGUES MOURA", "GlobalID": "9095a656-752b-456e-afc9-6673a57c2c02"}}, {"type": "Feature", "geometry": {"type": "Point", "coordinates": [-1019025.7518000007, 4685064.466799997]}, "properties": {"OBJECTID": 171124, "COD_SIG": null, "IDTIPO": null, "NOME": "BOTONES", "REGEND": "019433", "MORADA": "SOUSA LOPES (R)", "NUM_POLICIA": "LT PQRS", "FREGUESIA": "106", "LOCALIDADE": null, "COD_POST_4": null, "COD_POST_3": null, "COM_INT_ID": 74, "COD_ACT_ECON": "21107", "DESC_ACT_ECON": "Artigos Malha", "ANO": 1996, "TIPO": "Retalho", "LOCALIZACAO": "Integrado - outro", "C_INTEGRADO": "CENTRO COMERCIAL GEMINI", "EMPRESA": "M P BARROSO, LDA", "GlobalID": "d75b72cc-befe-4338-8767-5de044b62af1"}}, {"type": "Feature", "geometry": {"type": "Point", "coordinates": [-1018150.9827000014, 4680981.545900002]}, "properties": {"OBJECTID": 171129, "COD_SIG": null, "IDTIPO": null, "NOME": "LITOGRAFIA PORTUGAL", "REGEND": "019451", "MORADA": "ROSA (R DA)", "NUM_POLICIA": "311", "FREGUESIA": "116", "LOCALIDADE": null, "COD_POST_4": null, "COD_POST_3": null, "COM_INT_ID": null, "COD_ACT_ECON": "21520", "DESC_ACT_ECON": "Prendas", "ANO": 1996, "TIPO": "Retalho", "LOCALIZACAO": "Isolado", "C_INTEGRADO": null, "EMPRESA": "MARIA ISABEL SILVEIRA MENDES RODRIGUES MOURA", "GlobalID": "51c8da2e-2d52-4a3c-8303-b545d6ab6895"}}, {"type": "Feature", "geometry": {"type": "Point", "coordinates": [-1021202.2983000018, 4679760.933899999]}, "properties": {"OBJECTID": 171133, "COD_SIG": null, "IDTIPO": null, "NOME": "ADELINO CUNHA TOM\u00c9", "REGEND": "019460", "MORADA": "GEN DOMINGOS DE OLIVEIRA (PR)", "NUM_POLICIA": "FRT CP", "FREGUESIA": "113", "LOCALIDADE": null, "COD_POST_4": null, "COD_POST_3": null, "COM_INT_ID": null, "COD_ACT_ECON": "21403", "DESC_ACT_ECON": "Tabacaria", "ANO": 1996, "TIPO": "Retalho", "LOCALIZACAO": "Isolado", "C_INTEGRADO": null, "EMPRESA": "MARIA ISABEL SILVEIRA MENDES RODRIGUES MOURA", "GlobalID": "a2009e8e-b5ce-4491-a0a1-8ddd7721c42b"}}, {"type": "Feature", "geometry": {"type": "Point", "coordinates": [-1019863.949000001, 4681138.411600001]}, "properties": {"OBJECTID": 171157, "COD_SIG": null, "IDTIPO": null, "NOME": "BATIBOM", "REGEND": "019511", "MORADA": "SARAIVA DE CARVALHO (R)", "NUM_POLICIA": "120 A", "FREGUESIA": "110", "LOCALIDADE": null, "COD_POST_4": null, "COD_POST_3": null, "COM_INT_ID": null, "COD_ACT_ECON": "21101", "DESC_ACT_ECON": "Artigos Vestu\u00e1rio Diverso (Misto)", "ANO": 1996, "TIPO": "Retalho", "LOCALIZACAO": "Isolado", "C_INTEGRADO": null, "EMPRESA": "MARIA ISABEL SILVEIRA MENDES RODRIGUES MOURA", "GlobalID": "6843d3de-8464-4b53-a132-e032612accc2"}}, {"type": "Feature", "geometry": {"type": "Point", "coordinates": [-1020231.1704999991, 4690010.798699997]}, "properties": {"OBJECTID": 171179, "COD_SIG": null, "IDTIPO": null, "NOME": "INA - ROLAMENTOS", "REGEND": "019275", "MORADA": "JAIME LOPES DIAS (R)", "NUM_POLICIA": "LT 1668 D", "FREGUESIA": "114", "LOCALIDADE": "LISBOA", "COD_POST_4": "1750", "COD_POST_3": "124", "COM_INT_ID": null, "COD_ACT_ECON": "21526", "DESC_ACT_ECON": "Outros N.E.(C.N.Alim. Diversos)", "ANO": 1996, "TIPO": "Retalho", "LOCALIZACAO": "Isolado", "C_INTEGRADO": null, "EMPRESA": "MARIA ISABEL SILVEIRA MENDES RODRIGUES MOURA", "GlobalID": "f2bf6891-fe69-4d46-b135-2c69e2bca483"}}, {"type": "Feature", "geometry": {"type": "Point", "coordinates": [-1020224.2820999995, 4689297.025300004]}, "properties": {"OBJECTID": 171184, "COD_SIG": null, "IDTIPO": null, "NOME": "ADOINDO VILELA RIBEIRO", "REGEND": "019281", "MORADA": "LAJES (AZ DAS)", "NUM_POLICIA": "6", "FREGUESIA": "114", "LOCALIDADE": "LISBOA", "COD_POST_4": "1600", "COD_POST_3": "484", "COM_INT_ID": null, "COD_ACT_ECON": "21409", "DESC_ACT_ECON": "Artigos Jardinagem/Flores/Plantas", "ANO": 1996, "TIPO": "Retalho", "LOCALIZACAO": "Isolado", "C_INTEGRADO": null, "EMPRESA": "ADOINDO VILELA RIBEIRO", "GlobalID": "91d77be9-693e-47ac-90f5-c6d80997b39b"}}, {"type": "Feature", "geometry": {"type": "Point", "coordinates": [-1016448.7956000008, 4683225.160899997]}, "properties": {"OBJECTID": 171207, "COD_SIG": null, "IDTIPO": null, "NOME": "MARIA JO\u00c4O LENCASTRE", "REGEND": "019381", "MORADA": "PO\u00c7O DOS MOUROS (C DOS)", "NUM_POLICIA": "23", "FREGUESIA": "119", "LOCALIDADE": null, "COD_POST_4": null, "COD_POST_3": null, "COM_INT_ID": null, "COD_ACT_ECON": "21207", "DESC_ACT_ECON": "M\u00f3veis Antigos/Antiguidades", "ANO": 1996, "TIPO": "Retalho", "LOCALIZACAO": "Isolado", "C_INTEGRADO": null, "EMPRESA": "MARIA ISABEL SILVEIRA MENDES RODRIGUES MOURA", "GlobalID": "1d3b14db-88d7-4ef8-b0bd-4a0ba1924de6"}}, {"type": "Feature", "geometry": {"type": "Point", "coordinates": [-1016250.4419, 4683181.950599998]}, "properties": {"OBJECTID": 171208, "COD_SIG": null, "IDTIPO": null, "NOME": "COLUNA D'ARTE", "REGEND": "019383", "MORADA": "NEVES FERREIRA (R)", "NUM_POLICIA": "LT A/R", "FREGUESIA": "119", "LOCALIDADE": null, "COD_POST_4": null, "COD_POST_3": null, "COM_INT_ID": null, "COD_ACT_ECON": "21206", "DESC_ACT_ECON": "M\u00f3veis E Colchoaria (Interior)", "ANO": 1996, "TIPO": "Retalho", "LOCALIZACAO": "Isolado", "C_INTEGRADO": null, "EMPRESA": "MARIA ISABEL SILVEIRA MENDES RODRIGUES MOURA", "GlobalID": "c2335f04-c700-4ecf-aeda-b2fa429acecd"}}, {"type": "Feature", "geometry": {"type": "Point", "coordinates": [-1020624.5978999995, 4679471.499600001]}, "properties": {"OBJECTID": 171215, "COD_SIG": null, "IDTIPO": null, "NOME": "BELA CASA", "REGEND": "019396", "MORADA": "SACRAMENTO (R DO) A ALCANTARA", "NUM_POLICIA": "40/42", "FREGUESIA": "113", "LOCALIDADE": null, "COD_POST_4": null, "COD_POST_3": null, "COM_INT_ID": null, "COD_ACT_ECON": "22002", "DESC_ACT_ECON": "Bazares", "ANO": 1996, "TIPO": "Retalho", "LOCALIZACAO": "Isolado", "C_INTEGRADO": null, "EMPRESA": "MARIA ISABEL SILVEIRA MENDES RODRIGUES MOURA", "GlobalID": "8bb111fe-fd41-433a-a747-bab2fa2df917"}}, {"type": "Feature", "geometry": {"type": "Point", "coordinates": [-1020782.4781000018, 4687400.913900003]}, "properties": {"OBJECTID": 171268, "COD_SIG": null, "IDTIPO": null, "NOME": "MOMAD Z HASSAN", "REGEND": "019246", "MORADA": "PROF FRANCISCO GENTIL (R)", "NUM_POLICIA": "FRT CGD", "FREGUESIA": "114", "LOCALIDADE": "LISBOA                         ", "COD_POST_4": "1600", "COD_POST_3": "622", "COM_INT_ID": null, "COD_ACT_ECON": "21403", "DESC_ACT_ECON": "Tabacaria", "ANO": 1996, "TIPO": "Retalho", "LOCALIZACAO": "Isolado", "C_INTEGRADO": null, "EMPRESA": "MARIA ISABEL SILVEIRA MENDES RODRIGUES MOURA", "GlobalID": "03de035c-951d-4aeb-a42b-5e1cfe124785"}}, {"type": "Feature", "geometry": {"type": "Point", "coordinates": [-1018991.885400001, 4688235.740900002]}, "properties": {"OBJECTID": 171270, "COD_SIG": null, "IDTIPO": null, "NOME": "REVILOC", "REGEND": "019248", "MORADA": "MANUEL MARQUES (R)", "NUM_POLICIA": "14 I", "FREGUESIA": "114", "LOCALIDADE": null, "COD_POST_4": null, "COD_POST_3": null, "COM_INT_ID": null, "COD_ACT_ECON": "21215", "DESC_ACT_ECON": "Revestimentos Lar (Papel Parede, Etc.)", "ANO": 1996, "TIPO": "Retalho", "LOCALIZACAO": "Isolado", "C_INTEGRADO": null, "EMPRESA": "MARIA ISABEL SILVEIRA MENDES RODRIGUES MOURA", "GlobalID": "95cf4695-bc2c-4c84-afd6-ef524e9d4b1d"}}, {"type": "Feature", "geometry": {"type": "Point", "coordinates": [-1018979.7347000018, 4688118.2601]}, "properties": {"OBJECTID": 171273, "COD_SIG": null, "IDTIPO": null, "NOME": "TRIGUEIRA", "REGEND": "019254", "MORADA": "Rua Manuel Marques (antiga Rua I do Loteamento da Quinta das Pedreiras)", "NUM_POLICIA": "8G", "FREGUESIA": "114", "LOCALIDADE": "LISBOA", "COD_POST_4": "1750", "COD_POST_3": "171", "COM_INT_ID": null, "COD_ACT_ECON": "11007", "DESC_ACT_ECON": "Padarias", "ANO": 1996, "TIPO": "Retalho", "LOCALIZACAO": "Isolado", "C_INTEGRADO": null, "EMPRESA": "MARIA ISABEL SILVEIRA MENDES RODRIGUES MOURA", "GlobalID": "bf23ea7f-eae7-4836-8494-fd8cd12e6a33"}}, {"type": "Feature", "geometry": {"type": "Point", "coordinates": [-1021551.6647999994, 4689369.182700001]}, "properties": {"OBJECTID": 171287, "COD_SIG": null, "IDTIPO": null, "NOME": "FERNANDO ANTONIO GUERREIRO SILVA", "REGEND": "019276", "MORADA": "FONTE VELHA (AZ DA)", "NUM_POLICIA": "J R S", "FREGUESIA": "114", "LOCALIDADE": null, "COD_POST_4": null, "COD_POST_3": null, "COM_INT_ID": null, "COD_ACT_ECON": "30001", "DESC_ACT_ECON": "Repara\u00e7\u00e3o De Ve\u00edculos Autom\u00f3veis", "ANO": 1996, "TIPO": "Retalho", "LOCALIZACAO": "Isolado", "C_INTEGRADO": null, "EMPRESA": "MARIA ISABEL SILVEIRA MENDES RODRIGUES MOURA", "GlobalID": "8d115bcc-48b2-413f-8f1c-749941735fa8"}}, {"type": "Feature", "geometry": {"type": "Point", "coordinates": [-1016467.9932000004, 4683460.185000002]}, "properties": {"OBJECTID": 171309, "COD_SIG": null, "IDTIPO": null, "NOME": "JORGE MIGUEL FERREIRA EVORA", "REGEND": "019386", "MORADA": "MORAIS SOARES (R)", "NUM_POLICIA": "93 A", "FREGUESIA": "119", "LOCALIDADE": null, "COD_POST_4": null, "COD_POST_3": null, "COM_INT_ID": 72, "COD_ACT_ECON": "21403", "DESC_ACT_ECON": "Tabacaria", "ANO": 1996, "TIPO": "Retalho", "LOCALIZACAO": "Integrado - outro", "C_INTEGRADO": "CENTRO COMERCIAL GALERIA 80", "EMPRESA": "MARIA ISABEL SILVEIRA MENDES RODRIGUES MOURA", "GlobalID": "e6700491-9852-4ea3-a68d-d7ae83798ffb"}}, {"type": "Feature", "geometry": {"type": "Point", "coordinates": [-1016422.9598000012, 4682261.423799999]}, "properties": {"OBJECTID": 171310, "COD_SIG": null, "IDTIPO": null, "NOME": "SISPORSOL", "REGEND": "019389", "MORADA": "TRI\u00c2NGULO VERMELHO (R DO)", "NUM_POLICIA": "28 A/B", "FREGUESIA": "119", "LOCALIDADE": null, "COD_POST_4": null, "COD_POST_3": null, "COM_INT_ID": null, "COD_ACT_ECON": "21526", "DESC_ACT_ECON": "Outros N.E.(C.N.Alim. Diversos)", "ANO": 1996, "TIPO": "Retalho", "LOCALIZACAO": "Isolado", "C_INTEGRADO": null, "EMPRESA": "MARIA ISABEL SILVEIRA MENDES RODRIGUES MOURA", "GlobalID": "bdc9165d-95ca-4ef1-8790-40e27e26cab5"}}, {"type": "Feature", "geometry": {"type": "Point", "coordinates": [-1020150.1383999996, 4679440.025399998]}, "properties": {"OBJECTID": 171321, "COD_SIG": null, "IDTIPO": null, "NOME": "PORTAS VERDES", "REGEND": "019402", "MORADA": "PRES ARRIAGA (R)", "NUM_POLICIA": "68/70", "FREGUESIA": "113", "LOCALIDADE": null, "COD_POST_4": null, "COD_POST_3": null, "COM_INT_ID": null, "COD_ACT_ECON": "21207", "DESC_ACT_ECON": "M\u00f3veis Antigos/Antiguidades", "ANO": 1996, "TIPO": "Retalho", "LOCALIZACAO": "Isolado", "C_INTEGRADO": null, "EMPRESA": "MARIA ISABEL SILVEIRA MENDES RODRIGUES MOURA", "GlobalID": "cdf48b81-c3ba-4b25-9250-8ce7ac457db7"}}, {"type": "Feature", "geometry": {"type": "Point", "coordinates": [-1015686.2648000009, 4681605.3527000025]}, "properties": {"OBJECTID": 171322, "COD_SIG": null, "IDTIPO": null, "NOME": "ENGRACAR", "REGEND": "019474", "MORADA": "VALE DE ST ANT\u00d3NIO (R DO)", "NUM_POLICIA": "148 A", "FREGUESIA": "124", "LOCALIDADE": null, "COD_POST_4": null, "COD_POST_3": null, "COM_INT_ID": null, "COD_ACT_ECON": "21506", "DESC_ACT_ECON": "Tractores,Reboques E Semi-Reboques", "ANO": 1996, "TIPO": "Retalho", "LOCALIZACAO": "Isolado", "C_INTEGRADO": null, "EMPRESA": "ENGRACAR - COMERCIO DE AUTOMOVEIS, LDA", "GlobalID": "21eb0575-be16-4ee9-bd1e-8e0bef465620"}}, {"type": "Feature", "geometry": {"type": "Point", "coordinates": [-1019326.3531000018, 4688022.360200003]}, "properties": {"OBJECTID": 171347, "COD_SIG": null, "IDTIPO": null, "NOME": "AUTO ELITE", "REGEND": "019242", "MORADA": "LINHAS DE TORRES (AL DAS)", "NUM_POLICIA": "94 B", "FREGUESIA": "114", "LOCALIDADE": null, "COD_POST_4": null, "COD_POST_3": null, "COM_INT_ID": null, "COD_ACT_ECON": "21504", "DESC_ACT_ECON": "Ve\u00edculos Ligeiros (Novos)", "ANO": 1996, "TIPO": "Retalho", "LOCALIZACAO": "Isolado", "C_INTEGRADO": null, "EMPRESA": "AUTO ELITE LDA", "GlobalID": "38c92864-da51-4a15-9e20-d068b3de9dfd"}}, {"type": "Feature", "geometry": {"type": "Point", "coordinates": [-1018996.6072999984, 4688199.678800002]}, "properties": {"OBJECTID": 171370, "COD_SIG": null, "IDTIPO": null, "NOME": "CHA DAS TRES", "REGEND": "019256", "MORADA": "MANUEL MARQUES (R)", "NUM_POLICIA": "12 D LJ DT\u00aa", "FREGUESIA": "114", "LOCALIDADE": null, "COD_POST_4": null, "COD_POST_3": null, "COM_INT_ID": null, "COD_ACT_ECON": "21202", "DESC_ACT_ECON": "Artigos Diversos Lar/Decora\u00e7\u00e3o", "ANO": 1996, "TIPO": "Retalho", "LOCALIZACAO": "Isolado", "C_INTEGRADO": null, "EMPRESA": "CH\u00c1 DAS TR\u00caS - ARTIGOS DE DECORA\u00c7\u00c3O, LDA", "GlobalID": "96b570db-4b87-4755-86cb-51a2c3d78530"}}, {"type": "Feature", "geometry": {"type": "Point", "coordinates": [-1018996.6072999984, 4688199.678800002]}, "properties": {"OBJECTID": 171372, "COD_SIG": null, "IDTIPO": null, "NOME": "DONA CONTA", "REGEND": "019259", "MORADA": "MANUEL MARQUES (R)", "NUM_POLICIA": "12 D LJ ESQ\u00aa", "FREGUESIA": "114", "LOCALIDADE": null, "COD_POST_4": null, "COD_POST_3": null, "COM_INT_ID": null, "COD_ACT_ECON": "21119", "DESC_ACT_ECON": "Outros N.E (C.N.Alim.Uso Pessoal)", "ANO": 1996, "TIPO": "Retalho", "LOCALIZACAO": "Isolado", "C_INTEGRADO": null, "EMPRESA": "DONA CONTA ACESS\u00d3RIOS DE MODA, LDA", "GlobalID": "6c55ea46-0ef2-49a9-900d-8776f971edf4"}}, {"type": "Feature", "geometry": {"type": "Point", "coordinates": [-1018905.6396000013, 4688196.840899996]}, "properties": {"OBJECTID": 171389, "COD_SIG": null, "IDTIPO": null, "NOME": "FLOR DO PARQUE", "REGEND": "019263", "MORADA": "AGOSTINHO NETO (R)", "NUM_POLICIA": "33 C", "FREGUESIA": "114", "LOCALIDADE": null, "COD_POST_4": null, "COD_POST_3": null, "COM_INT_ID": null, "COD_ACT_ECON": "11003", "DESC_ACT_ECON": "Charcutarias", "ANO": 1996, "TIPO": "Retalho", "LOCALIZACAO": "Isolado", "C_INTEGRADO": null, "EMPRESA": "MARIA ISABEL SILVEIRA MENDES RODRIGUES MOURA", "GlobalID": "e275dde8-b920-47a9-a474-8a5b4aa266f1"}}, {"type": "Feature", "geometry": {"type": "Point", "coordinates": [-1018877.5921999998, 4685212.692599997]}, "properties": {"OBJECTID": 171395, "COD_SIG": null, "IDTIPO": null, "NOME": "ESTER VALIDO", "REGEND": "019372", "MORADA": "\u00c1LVARO PAIS (AV)", "NUM_POLICIA": "13", "FREGUESIA": "106", "LOCALIDADE": null, "COD_POST_4": null, "COD_POST_3": null, "COM_INT_ID": 163, "COD_ACT_ECON": "21106", "DESC_ACT_ECON": "Roupa Interior", "ANO": 1996, "TIPO": "Retalho", "LOCALIZACAO": "Integrado - outro", "C_INTEGRADO": "CENTRO COMERCIAL MULTICENTRO", "EMPRESA": "MARIA ISABEL SILVEIRA MENDES RODRIGUES MOURA", "GlobalID": "58ba3c33-f7d3-47d4-a69b-7d334ea2fd32"}}, {"type": "Feature", "geometry": {"type": "Point", "coordinates": [-1018453.2980999984, 4684905.753200002]}, "properties": {"OBJECTID": 171405, "COD_SIG": null, "IDTIPO": null, "NOME": "PE DE POEJO", "REGEND": "019354", "MORADA": "CINCO DE OUTUBRO (AV)", "NUM_POLICIA": "198 D", "FREGUESIA": "106", "LOCALIDADE": null, "COD_POST_4": null, "COD_POST_3": null, "COM_INT_ID": null, "COD_ACT_ECON": "21518", "DESC_ACT_ECON": "Artesanato", "ANO": 1996, "TIPO": "Retalho", "LOCALIZACAO": "Isolado", "C_INTEGRADO": null, "EMPRESA": "MARIA ISABEL SILVEIRA MENDES RODRIGUES MOURA", "GlobalID": "ed6d33e7-db2b-41fe-affc-a0e486b30a07"}}, {"type": "Feature", "geometry": {"type": "Point", "coordinates": [-1017503.5271000005, 4681696.864500001]}, "properties": {"OBJECTID": 171412, "COD_SIG": null, "IDTIPO": null, "NOME": "AIRES ALMEIDA", "REGEND": "019362", "MORADA": "M\u00c1RTIRES DA P\u00c1TRIA (CP DOS) CP DE SANT'ANA", "NUM_POLICIA": "FRT N\u00ba 13", "FREGUESIA": "105", "LOCALIDADE": null, "COD_POST_4": null, "COD_POST_3": null, "COM_INT_ID": null, "COD_ACT_ECON": "21403", "DESC_ACT_ECON": "Tabacaria", "ANO": 1996, "TIPO": "Retalho", "LOCALIZACAO": "Isolado", "C_INTEGRADO": null, "EMPRESA": "MARIA ISABEL SILVEIRA MENDES RODRIGUES MOURA", "GlobalID": "b61a95ab-e815-4a9b-8f06-49eb55c2ce84"}}, {"type": "Feature", "geometry": {"type": "Point", "coordinates": [-1018279.7300999984, 4684849.016900003]}, "properties": {"OBJECTID": 171416, "COD_SIG": null, "IDTIPO": null, "NOME": "FARRUTX", "REGEND": "019369", "MORADA": "REP\u00daBLICA (AV) AO SALDANHA", "NUM_POLICIA": "85 A", "FREGUESIA": "106", "LOCALIDADE": null, "COD_POST_4": null, "COD_POST_3": null, "COM_INT_ID": null, "COD_ACT_ECON": "21115", "DESC_ACT_ECON": "Sapatarias", "ANO": 1996, "TIPO": "Retalho", "LOCALIZACAO": "Isolado", "C_INTEGRADO": null, "EMPRESA": "MARIA ISABEL SILVEIRA MENDES RODRIGUES MOURA", "GlobalID": "058950f9-8a90-4f0c-a8e3-c008af1aca4b"}}, {"type": "Feature", "geometry": {"type": "Point", "coordinates": [-1015580.5971999988, 4685946.022]}, "properties": {"OBJECTID": 171429, "COD_SIG": null, "IDTIPO": null, "NOME": "JORGE MANUEL CUNHA DA MAIA", "REGEND": "019290", "MORADA": "RUI GR\u00c1CIO (R)", "NUM_POLICIA": "LT 370 LJ 2", "FREGUESIA": "115", "LOCALIDADE": "LISBOA", "COD_POST_4": "1900", "COD_POST_3": "801", "COM_INT_ID": null, "COD_ACT_ECON": "11002", "DESC_ACT_ECON": "Talhos", "ANO": 1996, "TIPO": "Retalho", "LOCALIZACAO": "Isolado", "C_INTEGRADO": null, "EMPRESA": "MARIA ISABEL SILVEIRA MENDES RODRIGUES MOURA", "GlobalID": "8a6ec2b4-58ea-4cdc-8436-67d8f67d4977"}}, {"type": "Feature", "geometry": {"type": "Point", "coordinates": [-1014741.1431000009, 4686462.936800003]}, "properties": {"OBJECTID": 171436, "COD_SIG": null, "IDTIPO": null, "NOME": "TRILUZ", "REGEND": "019296", "MORADA": "PAULO DIAS DE NOVAIS (R)", "NUM_POLICIA": "LT 24 B", "FREGUESIA": "115", "LOCALIDADE": "LISBOA", "COD_POST_4": "1900", "COD_POST_3": "783", "COM_INT_ID": null, "COD_ACT_ECON": "21512", "DESC_ACT_ECON": "Material El\u00e9ctrico E P/ Electr\u00f3nica", "ANO": 1996, "TIPO": "Retalho", "LOCALIZACAO": "Isolado", "C_INTEGRADO": null, "EMPRESA": "MARIA ISABEL SILVEIRA MENDES RODRIGUES MOURA", "GlobalID": "68043aed-93ed-4c20-8024-77aa603e6a24"}}, {"type": "Feature", "geometry": {"type": "Point", "coordinates": [-1014694.0837999992, 4686493.018799998]}, "properties": {"OBJECTID": 171440, "COD_SIG": null, "IDTIPO": null, "NOME": "MARIA TERESA CARVALHO LABRINCHA", "REGEND": "019302", "MORADA": "ANDR\u00c9 VIDAL DE NEGREIROS (R)", "NUM_POLICIA": "LT 29", "FREGUESIA": "115", "LOCALIDADE": null, "COD_POST_4": null, "COD_POST_3": null, "COM_INT_ID": 60, "COD_ACT_ECON": "21514", "DESC_ACT_ECON": "Equipamento Inform\u00e1tico", "ANO": 1996, "TIPO": "Retalho", "LOCALIZACAO": "Integrado - outro", "C_INTEGRADO": "CENTRO COMERCIAL CHELAS", "EMPRESA": "MARIA ISABEL SILVEIRA MENDES RODRIGUES MOURA", "GlobalID": "d088807f-5b06-4d61-81f3-863954110204"}}, {"type": "Feature", "geometry": {"type": "Point", "coordinates": [-1020989.4648999982, 4688195.128600001]}, "properties": {"OBJECTID": 171447, "COD_SIG": null, "IDTIPO": null, "NOME": "ANTONIO DUARTE", "REGEND": "019285", "MORADA": "PROF PRADO COELHO (R)", "NUM_POLICIA": "25 A", "FREGUESIA": "114", "LOCALIDADE": null, "COD_POST_4": null, "COD_POST_3": null, "COM_INT_ID": null, "COD_ACT_ECON": "21215", "DESC_ACT_ECON": "Revestimentos Lar (Papel Parede, Etc.)", "ANO": 1996, "TIPO": "Retalho", "LOCALIZACAO": "Isolado", "C_INTEGRADO": null, "EMPRESA": "MARIA ISABEL SILVEIRA MENDES RODRIGUES MOURA", "GlobalID": "db6960a7-db47-4bf6-9e3e-8f541f0b884c"}}, {"type": "Feature", "geometry": {"type": "Point", "coordinates": [-1017720.6070000008, 4680152.734999999]}, "properties": {"OBJECTID": 171462, "COD_SIG": null, "IDTIPO": null, "NOME": "INTERTRA\u00c7O", "REGEND": "019250", "MORADA": "Rua Ant\u00f3nio Maria Cardoso", "NUM_POLICIA": "70", "FREGUESIA": "121", "LOCALIDADE": "LISBOA                         ", "COD_POST_4": "1200", "COD_POST_3": "027", "COM_INT_ID": null, "COD_ACT_ECON": "21202", "DESC_ACT_ECON": "Artigos Diversos Lar/Decora\u00e7\u00e3o", "ANO": 1996, "TIPO": "Retalho", "LOCALIZACAO": "Isolado", "C_INTEGRADO": null, "EMPRESA": "MARIA ISABEL SILVEIRA MENDES RODRIGUES MOURA", "GlobalID": "085969ff-e6ba-45bb-a17d-b552c0f3319f"}}, {"type": "Feature", "geometry": {"type": "Point", "coordinates": [-1018825.6101999991, 4688067.371699996]}, "properties": {"OBJECTID": 171469, "COD_SIG": null, "IDTIPO": null, "NOME": "ADIC\u00c7OES", "REGEND": "019233", "MORADA": "Rua Amilcar Cabral (antigo Arruamento A do Plano da Quinta do Lambert)", "NUM_POLICIA": "44", "FREGUESIA": "114", "LOCALIDADE": "LISBOA", "COD_POST_4": "1750", "COD_POST_3": "007", "COM_INT_ID": null, "COD_ACT_ECON": "21202", "DESC_ACT_ECON": "Artigos Diversos Lar/Decora\u00e7\u00e3o", "ANO": 1996, "TIPO": "Retalho", "LOCALIZACAO": "Isolado", "C_INTEGRADO": null, "EMPRESA": "MARIA ISABEL SILVEIRA MENDES RODRIGUES MOURA", "GlobalID": "0e4d803b-760c-4340-87d8-46e2392db257"}}, {"type": "Feature", "geometry": {"type": "Point", "coordinates": [-1019011.1427999996, 4684326.6954]}, "properties": {"OBJECTID": 171471, "COD_SIG": null, "IDTIPO": null, "NOME": "MUNDO EM LISBOA", "REGEND": "019341", "MORADA": "BERNA (AV DE)", "NUM_POLICIA": "38 A", "FREGUESIA": "106", "LOCALIDADE": null, "COD_POST_4": null, "COD_POST_3": null, "COM_INT_ID": null, "COD_ACT_ECON": "21211", "DESC_ACT_ECON": "Electrodom\u00e9sticos", "ANO": 1996, "TIPO": "Retalho", "LOCALIZACAO": "Isolado", "C_INTEGRADO": null, "EMPRESA": "MUNDO EM LISBOA - COMERCIO DE IMPORTA\u00c7AO E EXPORTA\u00c7AO, LDA", "GlobalID": "8212b711-aa1b-4d50-ad39-ebb27c4133f4"}}, {"type": "Feature", "geometry": {"type": "Point", "coordinates": [-1018538.5381999984, 4683806.543300003]}, "properties": {"OBJECTID": 171472, "COD_SIG": null, "IDTIPO": null, "NOME": "DIA", "REGEND": "019345", "MORADA": "DUQUE DE \u00c1VILA (AV)", "NUM_POLICIA": "66 B", "FREGUESIA": "106", "LOCALIDADE": "LISBOA", "COD_POST_4": "1050", "COD_POST_3": "083", "COM_INT_ID": null, "COD_ACT_ECON": "21504", "DESC_ACT_ECON": "Ve\u00edculos Ligeiros (Novos)", "ANO": 1996, "TIPO": "Retalho", "LOCALIZACAO": "Isolado", "C_INTEGRADO": null, "EMPRESA": "MARIA ISABEL SILVEIRA MENDES RODRIGUES MOURA", "GlobalID": "cecc52f3-2e2d-4bdb-a0c0-3828ef8ff6dd"}}, {"type": "Feature", "geometry": {"type": "Point", "coordinates": [-1017773.4455999993, 4680402.301600002]}, "properties": {"OBJECTID": 171497, "COD_SIG": null, "IDTIPO": null, "NOME": "LIOLA", "REGEND": "019408", "MORADA": "Rua da Miseric\u00f3rdia", "NUM_POLICIA": "12", "FREGUESIA": "121", "LOCALIDADE": "LISBOA", "COD_POST_4": "1200", "COD_POST_3": "273", "COM_INT_ID": 134, "COD_ACT_ECON": "21103", "DESC_ACT_ECON": "Artigos Vestu\u00e1rio Senhora (Boutique)", "ANO": 1996, "TIPO": "Retalho", "LOCALIZACAO": "Integrado - outro", "C_INTEGRADO": "GALERIA COMERCIAL ESPA\u00c7O CHIADO", "EMPRESA": "MARIA ISABEL SILVEIRA MENDES RODRIGUES MOURA", "GlobalID": "280a9193-77e0-48bb-acd4-70a6cd50b1d2"}}, {"type": "Feature", "geometry": {"type": "Point", "coordinates": [-1015213.9098000005, 4681245.1219]}, "properties": {"OBJECTID": 171531, "COD_SIG": null, "IDTIPO": null, "NOME": "CENTEQUE", "REGEND": "019465", "MORADA": "SANTA APOL\u00d3NIA (C DE)", "NUM_POLICIA": "32", "FREGUESIA": "124", "LOCALIDADE": null, "COD_POST_4": null, "COD_POST_3": null, "COM_INT_ID": null, "COD_ACT_ECON": "21514", "DESC_ACT_ECON": "Equipamento Inform\u00e1tico", "ANO": 1996, "TIPO": "Retalho", "LOCALIZACAO": "Isolado", "C_INTEGRADO": null, "EMPRESA": "MARIA ISABEL SILVEIRA MENDES RODRIGUES MOURA", "GlobalID": "409d937b-76ed-46ef-953d-ef896178ff8c"}}, {"type": "Feature", "geometry": {"type": "Point", "coordinates": [-1015557.2151999995, 4680796.735799998]}, "properties": {"OBJECTID": 171549, "COD_SIG": null, "IDTIPO": null, "NOME": "MAPOS", "REGEND": "019469", "MORADA": "CAMINHOS DE FERRO (L DOS)", "NUM_POLICIA": "ESTA\u00c7\u00c3O C.P.", "FREGUESIA": "124", "LOCALIDADE": "LISBOA                         ", "COD_POST_4": "1149", "COD_POST_3": "066", "COM_INT_ID": 200, "COD_ACT_ECON": "21118", "DESC_ACT_ECON": "Bijuterias", "ANO": 1996, "TIPO": "Retalho", "LOCALIZACAO": "Integrado - outro", "C_INTEGRADO": "ESTA\u00c7\u00c3O CAMINHOS DE FERRO STA APOL\u00d3NIA", "EMPRESA": "MAPOS - COM\u00c9RCIO DE ARTIGOS DE ADORNO, LDA", "GlobalID": "c55a9888-b5c4-4e68-adf4-eeb9b155606c"}}, {"type": "Feature", "geometry": {"type": "Point", "coordinates": [-1017299.8066000007, 4680800.326099999]}, "properties": {"OBJECTID": 171563, "COD_SIG": null, "IDTIPO": null, "NOME": "ANA CRISTINA CANDEIAS", "REGEND": "019486", "MORADA": "D ANT\u00c3O DE ALMADA (R)", "NUM_POLICIA": "FRT N\u00ba 4", "FREGUESIA": "121", "LOCALIDADE": null, "COD_POST_4": null, "COD_POST_3": null, "COM_INT_ID": null, "COD_ACT_ECON": "21403", "DESC_ACT_ECON": "Tabacaria", "ANO": 1996, "TIPO": "Retalho", "LOCALIZACAO": "Isolado", "C_INTEGRADO": null, "EMPRESA": "MARIA ISABEL SILVEIRA MENDES RODRIGUES MOURA", "GlobalID": "0e1d8a70-b02b-421d-a6cb-eca3a995b792"}}, {"type": "Feature", "geometry": {"type": "Point", "coordinates": [-1021149.8416999988, 4688558.537100002]}, "properties": {"OBJECTID": 171585, "COD_SIG": null, "IDTIPO": null, "NOME": "J F INFORMATICA", "REGEND": "019191", "MORADA": "PROJECTADA (R) \u00c0 AZ DOS ULMEIROS", "NUM_POLICIA": null, "FREGUESIA": "114", "LOCALIDADE": null, "COD_POST_4": null, "COD_POST_3": null, "COM_INT_ID": 79, "COD_ACT_ECON": "21514", "DESC_ACT_ECON": "Equipamento Inform\u00e1tico", "ANO": 1996, "TIPO": "Retalho", "LOCALIZACAO": "Integrado - outro", "C_INTEGRADO": "CENTRO COMERCIAL PINGO DOCE", "EMPRESA": "J F INFORM\u00c1TICA, LDA", "GlobalID": "0c4f36cc-9a5d-4bda-b532-14512f55adf3"}}, {"type": "Feature", "geometry": {"type": "Point", "coordinates": [-1018326.694699999, 4683910.122900002]}, "properties": {"OBJECTID": 171590, "COD_SIG": null, "IDTIPO": null, "NOME": "MOVEIS VICENTE & FILHO", "REGEND": "019346", "MORADA": "JO\u00c3O CRIS\u00d3STOMO (AV)", "NUM_POLICIA": "33 C/D", "FREGUESIA": "106", "LOCALIDADE": null, "COD_POST_4": null, "COD_POST_3": null, "COM_INT_ID": null, "COD_ACT_ECON": "21206", "DESC_ACT_ECON": "M\u00f3veis E Colchoaria (Interior)", "ANO": 1996, "TIPO": "Retalho", "LOCALIZACAO": "Isolado", "C_INTEGRADO": null, "EMPRESA": "MARIA ISABEL SILVEIRA MENDES RODRIGUES MOURA", "GlobalID": "a51026d4-1af8-408c-ad6c-bbab52d763ee"}}, {"type": "Feature", "geometry": {"type": "Point", "coordinates": [-1018535.0969999991, 4684484.613300003]}, "properties": {"OBJECTID": 171592, "COD_SIG": null, "IDTIPO": null, "NOME": "PETIT ROSE", "REGEND": "019349", "MORADA": "BARBOSA DU BOCAGE (AV)", "NUM_POLICIA": "128 B", "FREGUESIA": "106", "LOCALIDADE": null, "COD_POST_4": null, "COD_POST_3": null, "COM_INT_ID": null, "COD_ACT_ECON": "21522", "DESC_ACT_ECON": "Ourivesarias/Relojoarias", "ANO": 1996, "TIPO": "Retalho", "LOCALIZACAO": "Isolado", "C_INTEGRADO": null, "EMPRESA": "MARIA ISABEL SILVEIRA MENDES RODRIGUES MOURA", "GlobalID": "3b62f5fd-aea9-43ff-99fe-fb712ce1a845"}}, {"type": "Feature", "geometry": {"type": "Point", "coordinates": [-1018416.1871000007, 4684361.632399999]}, "properties": {"OBJECTID": 171604, "COD_SIG": null, "IDTIPO": null, "NOME": "JOSE CARLOS LEAL SERRA SANTOS RODRIGUES", "REGEND": "019325", "MORADA": "ELIAS GARCIA (AV)", "NUM_POLICIA": "FRT N\u00ba92", "FREGUESIA": "106", "LOCALIDADE": "LISBOA                         ", "COD_POST_4": "1050", "COD_POST_3": "101", "COM_INT_ID": null, "COD_ACT_ECON": "21403", "DESC_ACT_ECON": "Tabacaria", "ANO": 1996, "TIPO": "Retalho", "LOCALIZACAO": "Isolado", "C_INTEGRADO": null, "EMPRESA": "MARIA ISABEL SILVEIRA MENDES RODRIGUES MOURA", "GlobalID": "df6efe3a-f3b4-41ac-a0fd-3199c700442c"}}, {"type": "Feature", "geometry": {"type": "Point", "coordinates": [-1019514.0450000018, 4684761.9978]}, "properties": {"OBJECTID": 171606, "COD_SIG": null, "IDTIPO": null, "NOME": "ESPINGARDARIA CENTRAL", "REGEND": "019328", "MORADA": "GEN LEMAN (R)", "NUM_POLICIA": "20 A", "FREGUESIA": "106", "LOCALIDADE": null, "COD_POST_4": null, "COD_POST_3": null, "COM_INT_ID": null, "COD_ACT_ECON": "21524", "DESC_ACT_ECON": "Armas,Muni\u00e7\u00f5es E Artigos De Ca\u00e7a", "ANO": 1996, "TIPO": "Retalho", "LOCALIZACAO": "Isolado", "C_INTEGRADO": null, "EMPRESA": "ESPINGARDARIA A. S. MONTEZ, SA", "GlobalID": "80e3fdc6-8263-4e48-b523-ad6d0e630bfe"}}, {"type": "Feature", "geometry": {"type": "Point", "coordinates": [-1018362.3469000012, 4684818.616899997]}, "properties": {"OBJECTID": 171611, "COD_SIG": null, "IDTIPO": null, "NOME": "ALADINOS", "REGEND": "019427", "MORADA": "JULIO DINIS (AV)", "NUM_POLICIA": "10 A", "FREGUESIA": "106", "LOCALIDADE": "LISBOA", "COD_POST_4": "1069", "COD_POST_3": "216", "COM_INT_ID": 49, "COD_ACT_ECON": "21514", "DESC_ACT_ECON": "Equipamento Inform\u00e1tico", "ANO": 1996, "TIPO": "Retalho", "LOCALIZACAO": "Integrado - outro", "C_INTEGRADO": "DRUGSTORE APOLO 70", "EMPRESA": "MARIA ISABEL SILVEIRA MENDES RODRIGUES MOURA", "GlobalID": "8799ad33-52cf-4df6-b9eb-803bce8bf5fa"}}, {"type": "Feature", "geometry": {"type": "Point", "coordinates": [-1019025.7518000007, 4685064.466799997]}, "properties": {"OBJECTID": 171614, "COD_SIG": null, "IDTIPO": null, "NOME": "STREG", "REGEND": "019431", "MORADA": "SOUSA LOPES (R)", "NUM_POLICIA": "LT PQRS", "FREGUESIA": "106", "LOCALIDADE": "LISBOA", "COD_POST_4": "1600", "COD_POST_3": "207", "COM_INT_ID": 74, "COD_ACT_ECON": "21103", "DESC_ACT_ECON": "Artigos Vestu\u00e1rio Senhora (Boutique)", "ANO": 1996, "TIPO": "Retalho", "LOCALIZACAO": "Integrado - outro", "C_INTEGRADO": "CENTRO COMERCIAL GEMINI", "EMPRESA": "MARIA ISABEL SILVEIRA MENDES RODRIGUES MOURA", "GlobalID": "1b73fce1-afaf-4cd8-b38e-15901515645a"}}, {"type": "Feature", "geometry": {"type": "Point", "coordinates": [-1019025.7518000007, 4685064.466799997]}, "properties": {"OBJECTID": 171619, "COD_SIG": null, "IDTIPO": null, "NOME": "SAPATARIA DA TIA MI", "REGEND": "019437", "MORADA": "SOUSA LOPES (R)", "NUM_POLICIA": "LT PQRS", "FREGUESIA": "106", "LOCALIDADE": null, "COD_POST_4": null, "COD_POST_3": null, "COM_INT_ID": 74, "COD_ACT_ECON": "21115", "DESC_ACT_ECON": "Sapatarias", "ANO": 1996, "TIPO": "Retalho", "LOCALIZACAO": "Integrado - outro", "C_INTEGRADO": "CENTRO COMERCIAL GEMINI", "EMPRESA": "MARIA DA GLORIA E FILHAS, LDA", "GlobalID": "d6ac01d2-d806-4a66-be79-97e02c05ffc9"}}, {"type": "Feature", "geometry": {"type": "Point", "coordinates": [-1018893.5260000005, 4680220.922799997]}, "properties": {"OBJECTID": 171622, "COD_SIG": null, "IDTIPO": null, "NOME": "AUTOMALPIQUE", "REGEND": "019414", "MORADA": "S BENTO (R DE)", "NUM_POLICIA": "9 A", "FREGUESIA": "116", "LOCALIDADE": "LISBOA                         ", "COD_POST_4": "1200", "COD_POST_3": "815", "COM_INT_ID": null, "COD_ACT_ECON": "30001", "DESC_ACT_ECON": "Repara\u00e7\u00e3o De Ve\u00edculos Autom\u00f3veis", "ANO": 1996, "TIPO": "Retalho", "LOCALIZACAO": "Isolado", "C_INTEGRADO": null, "EMPRESA": "AUTO-MALPIQUE, LDA", "GlobalID": "620cd7d7-7fb9-4236-8d6c-2bf7ad9d5176"}}, {"type": "Feature", "geometry": {"type": "Point", "coordinates": [-1018362.3469000012, 4684818.616899997]}, "properties": {"OBJECTID": 171631, "COD_SIG": null, "IDTIPO": null, "NOME": "ABELHAS MESTRES", "REGEND": "019426", "MORADA": "J\u00daLIO DINIS (AV)", "NUM_POLICIA": "10 A", "FREGUESIA": "106", "LOCALIDADE": null, "COD_POST_4": null, "COD_POST_3": null, "COM_INT_ID": 49, "COD_ACT_ECON": "21117", "DESC_ACT_ECON": "Retrosarias", "ANO": 1996, "TIPO": "Retalho", "LOCALIZACAO": "Integrado - outro", "C_INTEGRADO": "DRUGSTORE APOLO 70", "EMPRESA": "MARIA ISABEL SILVEIRA MENDES RODRIGUES MOURA", "GlobalID": "c6e8fae4-cd77-4a07-a6d2-623a959fc603"}}, {"type": "Feature", "geometry": {"type": "Point", "coordinates": [-1016990.0033, 4681573.752400003]}, "properties": {"OBJECTID": 171638, "COD_SIG": null, "IDTIPO": null, "NOME": "GARAGEM AUTO LIS", "REGEND": "019491", "MORADA": "Rua da Palma", "NUM_POLICIA": "273", "FREGUESIA": "121", "LOCALIDADE": "LISBOA", "COD_POST_4": "1100", "COD_POST_3": "391", "COM_INT_ID": null, "COD_ACT_ECON": "21509", "DESC_ACT_ECON": "Combust\u00edveis Ve\u00edculos Autom\u00f3veis", "ANO": 1996, "TIPO": "Retalho", "LOCALIZACAO": "Isolado", "C_INTEGRADO": null, "EMPRESA": "RECOLHA DE AUTOM\u00d3VEIS DA LIS, LDA", "GlobalID": "43f103ab-bf25-4388-adeb-28a53bd946d8"}}, {"type": "Feature", "geometry": {"type": "Point", "coordinates": [-1024020.2144999988, 4685143.493000001]}, "properties": {"OBJECTID": 171660, "COD_SIG": null, "IDTIPO": null, "NOME": "OLIMPIO BRANCO", "REGEND": "019171", "MORADA": "VENEZUELA (R DA)", "NUM_POLICIA": "ESTA\u00c7\u00c3O C.P.", "FREGUESIA": "109", "LOCALIDADE": null, "COD_POST_4": null, "COD_POST_3": null, "COM_INT_ID": 201, "COD_ACT_ECON": "11003", "DESC_ACT_ECON": "Charcutarias", "ANO": 1996, "TIPO": "Retalho", "LOCALIZACAO": "Integrado - outro", "C_INTEGRADO": "ESTA\u00c7\u00c3O CAMINHOS DE FERRO BENFICA", "EMPRESA": "MARIA ISABEL SILVEIRA MENDES RODRIGUES MOURA", "GlobalID": "a176bb18-ca91-48a8-b23a-36b82de2b3a9"}}, {"type": "Feature", "geometry": {"type": "Point", "coordinates": [-1021149.8416999988, 4688558.537100002]}, "properties": {"OBJECTID": 171692, "COD_SIG": null, "IDTIPO": null, "NOME": "DONDOCA", "REGEND": "019207", "MORADA": "PROJECTADA (R) \u00e6 AZ DOS ULMEIROS", "NUM_POLICIA": null, "FREGUESIA": "114", "LOCALIDADE": null, "COD_POST_4": null, "COD_POST_3": null, "COM_INT_ID": 79, "COD_ACT_ECON": "21103", "DESC_ACT_ECON": "Artigos Vestu\u00e1rio Senhora (Boutique)", "ANO": 1996, "TIPO": "Retalho", "LOCALIZACAO": "Integrado - outro", "C_INTEGRADO": "CENTRO COMERCIAL PINGO DOCE", "EMPRESA": "MARIA ISABEL SILVEIRA MENDES RODRIGUES MOURA", "GlobalID": "30d5e600-f369-4fc5-a51d-6c83b36f83b4"}}, {"type": "Feature", "geometry": {"type": "Point", "coordinates": [-1019986.2369000018, 4680173.206900001]}, "properties": {"OBJECTID": 171702, "COD_SIG": null, "IDTIPO": null, "NOME": "OPTIMA PERFUMARIA", "REGEND": "019222", "MORADA": "S DOMINGOS (R DE) \u00c0 LAPA", "NUM_POLICIA": "117 C", "FREGUESIA": "113", "LOCALIDADE": null, "COD_POST_4": null, "COD_POST_3": null, "COM_INT_ID": null, "COD_ACT_ECON": "21302", "DESC_ACT_ECON": "Perfumarias", "ANO": 1996, "TIPO": "Retalho", "LOCALIZACAO": "Isolado", "C_INTEGRADO": null, "EMPRESA": "OPTIMAS PERFUMARIA, LDA", "GlobalID": "acab05ba-2802-42c7-9968-e21da8370d3c"}}, {"type": "Feature", "geometry": {"type": "Point", "coordinates": [-1021149.8416999988, 4688558.537100002]}, "properties": {"OBJECTID": 171704, "COD_SIG": null, "IDTIPO": null, "NOME": "ORQUIDEA SAPATINHO", "REGEND": "019193", "MORADA": "PROJECTADA (R) \u00c0 AZ DOS ULMEIROS", "NUM_POLICIA": null, "FREGUESIA": "114", "LOCALIDADE": null, "COD_POST_4": null, "COD_POST_3": null, "COM_INT_ID": 79, "COD_ACT_ECON": "21409", "DESC_ACT_ECON": "Artigos Jardinagem/Flores/Plantas", "ANO": 1996, "TIPO": "Retalho", "LOCALIZACAO": "Integrado - outro", "C_INTEGRADO": "CENTRO COMERCIAL PINGO DOCE", "EMPRESA": "MARIA ISABEL ABREU PENARROIAS", "GlobalID": "4537bbf3-bdb6-4588-9544-7c2266b61797"}}, {"type": "Feature", "geometry": {"type": "Point", "coordinates": [-1021149.8416999988, 4688558.537100002]}, "properties": {"OBJECTID": 171710, "COD_SIG": null, "IDTIPO": null, "NOME": "ESTADIO", "REGEND": "019201", "MORADA": "PROJECTADA (R) \u00c0 AZ DOS ULMEIROS", "NUM_POLICIA": null, "FREGUESIA": "114", "LOCALIDADE": null, "COD_POST_4": null, "COD_POST_3": null, "COM_INT_ID": 79, "COD_ACT_ECON": "21406", "DESC_ACT_ECON": "Artigos De Desporto", "ANO": 1996, "TIPO": "Retalho", "LOCALIZACAO": "Integrado - outro", "C_INTEGRADO": "CENTRO COMERCIAL PINGO DOCE", "EMPRESA": "MARIA ISABEL SILVEIRA MENDES RODRIGUES MOURA", "GlobalID": "b7ac8e81-ab81-4b71-8929-49dbbc8f4227"}}, {"type": "Feature", "geometry": {"type": "Point", "coordinates": [-1019025.7518000007, 4685064.466799997]}, "properties": {"OBJECTID": 171713, "COD_SIG": null, "IDTIPO": null, "NOME": "IRMAOS RODRIGUES DO CARMO", "REGEND": "019440", "MORADA": "SOUSA LOPES (R)", "NUM_POLICIA": "LT PQRS", "FREGUESIA": "106", "LOCALIDADE": null, "COD_POST_4": null, "COD_POST_3": null, "COM_INT_ID": 74, "COD_ACT_ECON": "21101", "DESC_ACT_ECON": "Artigos Vestu\u00e1rio Diverso (Misto)", "ANO": 1996, "TIPO": "Retalho", "LOCALIZACAO": "Integrado - outro", "C_INTEGRADO": "CENTRO COMERCIAL GEMINI", "EMPRESA": "MARIA ISABEL SILVEIRA MENDES RODRIGUES MOURA", "GlobalID": "57f95bc7-adcc-4d4f-99a8-25996cb04665"}}, {"type": "Feature", "geometry": {"type": "Point", "coordinates": [-1019025.7518000007, 4685064.466799997]}, "properties": {"OBJECTID": 171736, "COD_SIG": null, "IDTIPO": null, "NOME": "BATISTA E CUNHA", "REGEND": "019432", "MORADA": "SOUSA LOPES (R)", "NUM_POLICIA": "LT PQRS", "FREGUESIA": "106", "LOCALIDADE": null, "COD_POST_4": null, "COD_POST_3": null, "COM_INT_ID": 74, "COD_ACT_ECON": "21109", "DESC_ACT_ECON": "Camisarias", "ANO": 1996, "TIPO": "Retalho", "LOCALIZACAO": "Integrado - outro", "C_INTEGRADO": "CENTRO COMERCIAL GEMINI", "EMPRESA": "BATISTA & CUNHA, LDA", "GlobalID": "890a11ae-6aec-4a96-a103-a7184cf4343c"}}, {"type": "Feature", "geometry": {"type": "Point", "coordinates": [-1016911.9200999998, 4681385.209399998]}, "properties": {"OBJECTID": 171746, "COD_SIG": null, "IDTIPO": null, "NOME": "MUSALIS BRINDES", "REGEND": "019500", "MORADA": "Rua do Benformoso", "NUM_POLICIA": "133", "FREGUESIA": "121", "LOCALIDADE": null, "COD_POST_4": "1100", "COD_POST_3": "083", "COM_INT_ID": null, "COD_ACT_ECON": "22002", "DESC_ACT_ECON": "Bazares", "ANO": 1996, "TIPO": "Retalho", "LOCALIZACAO": "Isolado", "C_INTEGRADO": null, "EMPRESA": "MARIA ISABEL SILVEIRA MENDES RODRIGUES MOURA", "GlobalID": "467d2d25-ac7e-49e0-88f3-307617a06e28"}}, {"type": "Feature", "geometry": {"type": "Point", "coordinates": [-1019233.3112000003, 4688130.7399]}, "properties": {"OBJECTID": 171764, "COD_SIG": null, "IDTIPO": null, "NOME": "SUPER G", "REGEND": "019228", "MORADA": "JOS\u00c9 DA COSTA PEDREIRA (R)", "NUM_POLICIA": "LT 10 A/10 B", "FREGUESIA": "114", "LOCALIDADE": null, "COD_POST_4": null, "COD_POST_3": null, "COM_INT_ID": 350, "COD_ACT_ECON": "12002", "DESC_ACT_ECON": "Supermercados", "ANO": 1996, "TIPO": "Retalho", "LOCALIZACAO": "Integrado - outro", "C_INTEGRADO": "SUPER G", "EMPRESA": "MARIA ISABEL SILVEIRA MENDES RODRIGUES MOURA", "GlobalID": "47081072-8666-4996-9eb9-b5d3ef6d3384"}}, {"type": "Feature", "geometry": {"type": "Point", "coordinates": [-1018474.6977999993, 4682129.488499999]}, "properties": {"OBJECTID": 171773, "COD_SIG": null, "IDTIPO": null, "NOME": "OS URSITOS - COM\u00c9RCIO DE MOBILI\u00c1RIO E DECORA\u00c7\u00c3O INFANTIL, LDA", "REGEND": "019187", "MORADA": "LIBERDADE (AV)", "NUM_POLICIA": "245 B", "FREGUESIA": "122", "LOCALIDADE": null, "COD_POST_4": null, "COD_POST_3": null, "COM_INT_ID": 159, "COD_ACT_ECON": "21206", "DESC_ACT_ECON": "M\u00f3veis E Colchoaria (Interior)", "ANO": 1996, "TIPO": "Retalho", "LOCALIZACAO": "Integrado - outro", "C_INTEGRADO": "GALERIA COMERCIAL 245", "EMPRESA": "MARIA ISABEL SILVEIRA MENDES RODRIGUES MOURA", "GlobalID": "50f89f18-8ae4-4918-b662-a516ff2842e4"}}, {"type": "Feature", "geometry": {"type": "Point", "coordinates": [-1019386.8260999992, 4689423.532200001]}, "properties": {"OBJECTID": 171784, "COD_SIG": null, "IDTIPO": null, "NOME": "TECNOMEGA", "REGEND": "019264", "MORADA": "TORRE (EST DA)", "NUM_POLICIA": "75 C", "FREGUESIA": "114", "LOCALIDADE": null, "COD_POST_4": null, "COD_POST_3": null, "COM_INT_ID": null, "COD_ACT_ECON": "21514", "DESC_ACT_ECON": "Equipamento Inform\u00e1tico", "ANO": 1996, "TIPO": "Retalho", "LOCALIZACAO": "Isolado", "C_INTEGRADO": null, "EMPRESA": "MARIA ISABEL SILVEIRA MENDES RODRIGUES MOURA", "GlobalID": "73165046-f6be-4939-a734-285053430c85"}}, {"type": "Feature", "geometry": {"type": "Point", "coordinates": [-1018931.7412, 4687779.8803]}, "properties": {"OBJECTID": 171800, "COD_SIG": null, "IDTIPO": null, "NOME": "VITORIA FLORISTA", "REGEND": "019262", "MORADA": "AGOSTINHO NETO (R)", "NUM_POLICIA": "18 E", "FREGUESIA": "114", "LOCALIDADE": null, "COD_POST_4": null, "COD_POST_3": null, "COM_INT_ID": null, "COD_ACT_ECON": "21409", "DESC_ACT_ECON": "Artigos Jardinagem/Flores/Plantas", "ANO": 1996, "TIPO": "Retalho", "LOCALIZACAO": "Isolado", "C_INTEGRADO": null, "EMPRESA": "MARIA ISABEL SILVEIRA MENDES RODRIGUES MOURA", "GlobalID": "6483e2af-c9e8-4020-a026-792f4679a709"}}, {"type": "Feature", "geometry": {"type": "Point", "coordinates": [-1017429.3154999986, 4680415.1061]}, "properties": {"OBJECTID": 171823, "COD_SIG": null, "IDTIPO": null, "NOME": "CRISTINA LOPES", "REGEND": "019421", "MORADA": "Rua do Carmo", "NUM_POLICIA": "27", "FREGUESIA": "121", "LOCALIDADE": "LISBOA", "COD_POST_4": "1200", "COD_POST_3": "093", "COM_INT_ID": 152, "COD_ACT_ECON": "21101", "DESC_ACT_ECON": "Artigos Vestu\u00e1rio Diverso (Misto)", "ANO": 1996, "TIPO": "Retalho", "LOCALIZACAO": "Integrado - outro", "C_INTEGRADO": "GALERIAS POMBALINA", "EMPRESA": "MARIA ISABEL SILVEIRA MENDES RODRIGUES MOURA", "GlobalID": "3464892a-b289-4edb-a497-ecd6730307b0"}}, {"type": "Feature", "geometry": {"type": "Point", "coordinates": [-1018335.5194000006, 4684824.058499999]}, "properties": {"OBJECTID": 171827, "COD_SIG": null, "IDTIPO": null, "NOME": "XANGRILA", "REGEND": "019425", "MORADA": "JULIO DINIS (AV)", "NUM_POLICIA": "6 A/D", "FREGUESIA": "106", "LOCALIDADE": null, "COD_POST_4": null, "COD_POST_3": null, "COM_INT_ID": 50, "COD_ACT_ECON": "21526", "DESC_ACT_ECON": "Outros N.E.(C.N.Alim. Diversos)", "ANO": 1996, "TIPO": "Retalho", "LOCALIZACAO": "Integrado - outro", "C_INTEGRADO": "CENTRO COMERCIAL ARCO IRIS", "EMPRESA": "MARIA ISABEL SILVEIRA MENDES RODRIGUES MOURA", "GlobalID": "d8296456-9749-4ee5-b5b7-05f73de643d6"}}, {"type": "Feature", "geometry": {"type": "Point", "coordinates": [-1026959.1248000003, 4678719.684500001]}, "properties": {"OBJECTID": 171860, "COD_SIG": null, "IDTIPO": null, "NOME": "GALERIA TRIANGULO 48", "REGEND": "019523", "MORADA": "D VASCO DA GAMA (AV)", "NUM_POLICIA": "48 A", "FREGUESIA": "108", "LOCALIDADE": null, "COD_POST_4": null, "COD_POST_3": null, "COM_INT_ID": null, "COD_ACT_ECON": "21405", "DESC_ACT_ECON": "Galerias De Arte", "ANO": 1996, "TIPO": "Retalho", "LOCALIZACAO": "Isolado", "C_INTEGRADO": null, "EMPRESA": "MARIA ISABEL SILVEIRA MENDES RODRIGUES MOURA", "GlobalID": "e2180c1f-7921-4c36-930b-2f392096fa9f"}}, {"type": "Feature", "geometry": {"type": "Point", "coordinates": [-1016300.8123999983, 4681267.986699998]}, "properties": {"OBJECTID": 171872, "COD_SIG": null, "IDTIPO": null, "NOME": "PAPASOM", "REGEND": "019208", "MORADA": "Largo da Gra\u00e7a", "NUM_POLICIA": "43", "FREGUESIA": "124", "LOCALIDADE": "LISBOA", "COD_POST_4": "1170", "COD_POST_3": "165", "COM_INT_ID": null, "COD_ACT_ECON": "21411", "DESC_ACT_ECON": "Discos/Cassetes Audio E Video", "ANO": 1996, "TIPO": "Retalho", "LOCALIZACAO": "Isolado", "C_INTEGRADO": null, "EMPRESA": "MARIA ISABEL SILVEIRA MENDES RODRIGUES MOURA", "GlobalID": "7824431f-244b-46df-b969-980a75173e81"}}, {"type": "Feature", "geometry": {"type": "Point", "coordinates": [-1013125.4160999991, 4685526.212700002]}, "properties": {"OBJECTID": 171895, "COD_SIG": null, "IDTIPO": null, "NOME": "JOSE VITOR MATEUS RODRIGUES", "REGEND": "019316", "MORADA": "TELHAL (R DO) AO PO\u00c7O DO BISPO", "NUM_POLICIA": "3", "FREGUESIA": "115", "LOCALIDADE": null, "COD_POST_4": null, "COD_POST_3": null, "COM_INT_ID": null, "COD_ACT_ECON": "22002", "DESC_ACT_ECON": "Bazares", "ANO": 1996, "TIPO": "Retalho", "LOCALIZACAO": "Isolado", "C_INTEGRADO": null, "EMPRESA": "MARIA ISABEL SILVEIRA MENDES RODRIGUES MOURA", "GlobalID": "24aa1705-6082-4f79-b76a-f7be7cef2272"}}, {"type": "Feature", "geometry": {"type": "Point", "coordinates": [-1020231.9230000004, 4690077.675999999]}, "properties": {"OBJECTID": 171898, "COD_SIG": null, "IDTIPO": null, "NOME": "MOVEIS TENERA", "REGEND": "019272", "MORADA": "JAIME LOPES DIAS (R)", "NUM_POLICIA": "LT 2 LJ", "FREGUESIA": "114", "LOCALIDADE": null, "COD_POST_4": null, "COD_POST_3": null, "COM_INT_ID": null, "COD_ACT_ECON": "21206", "DESC_ACT_ECON": "M\u00f3veis E Colchoaria (Interior)", "ANO": 1996, "TIPO": "Retalho", "LOCALIZACAO": "Isolado", "C_INTEGRADO": null, "EMPRESA": "MARIA ISABEL SILVEIRA MENDES RODRIGUES MOURA", "GlobalID": "da7cfdaf-d400-4c8c-a7f3-87e06336465a"}}, {"type": "Feature", "geometry": {"type": "Point", "coordinates": [-1020225.1372999996, 4689246.8549000025]}, "properties": {"OBJECTID": 171913, "COD_SIG": null, "IDTIPO": null, "NOME": "ANTONIO LUIS TEIXEIRA DE MAGALHAES", "REGEND": "019278", "MORADA": "LAJES (AZ DAS)", "NUM_POLICIA": "7 B/C", "FREGUESIA": "114", "LOCALIDADE": null, "COD_POST_4": null, "COD_POST_3": null, "COM_INT_ID": null, "COD_ACT_ECON": "21526", "DESC_ACT_ECON": "Outros N.E.(C.N.Alim. Diversos)", "ANO": 1996, "TIPO": "Retalho", "LOCALIZACAO": "Isolado", "C_INTEGRADO": null, "EMPRESA": "MARIA ISABEL SILVEIRA MENDES RODRIGUES MOURA", "GlobalID": "e177fa9d-1e94-48b1-92bb-5b91bca3a831"}}, {"type": "Feature", "geometry": {"type": "Point", "coordinates": [-1017599.3150000013, 4682027.398800001]}, "properties": {"OBJECTID": 171925, "COD_SIG": null, "IDTIPO": null, "NOME": "EDITORIAL CAMINHO", "REGEND": "019366", "MORADA": "ST ANT\u00d3NIO DOS CAPUCHOS (AL DE)", "NUM_POLICIA": "6 B", "FREGUESIA": "105", "LOCALIDADE": null, "COD_POST_4": null, "COD_POST_3": null, "COM_INT_ID": null, "COD_ACT_ECON": "21401", "DESC_ACT_ECON": "Livrarias", "ANO": 1996, "TIPO": "Retalho", "LOCALIZACAO": "Isolado", "C_INTEGRADO": null, "EMPRESA": "MARIA ISABEL SILVEIRA MENDES RODRIGUES MOURA", "GlobalID": "3b675025-c4d5-4d03-80b5-4b7a9b6dd52f"}}, {"type": "Feature", "geometry": {"type": "Point", "coordinates": [-1017635.1363999993, 4680936.031900004]}, "properties": {"OBJECTID": 171937, "COD_SIG": null, "IDTIPO": null, "NOME": "CLEMENTONA CORREIA NETO NATARIO", "REGEND": "019505", "MORADA": "RESTAURADORES (PR DOS)", "NUM_POLICIA": "FRT PAL.FOZ", "FREGUESIA": "121", "LOCALIDADE": "LISBOA                         ", "COD_POST_4": "1250", "COD_POST_3": "187", "COM_INT_ID": null, "COD_ACT_ECON": "21403", "DESC_ACT_ECON": "Tabacaria", "ANO": 1996, "TIPO": "Retalho", "LOCALIZACAO": "Isolado", "C_INTEGRADO": null, "EMPRESA": "MARIA ISABEL SILVEIRA MENDES RODRIGUES MOURA", "GlobalID": "3ca70e4d-0118-4226-a6f8-934084daf6c3"}}, {"type": "Feature", "geometry": {"type": "Point", "coordinates": [-1016935.7509000003, 4681159.490800001]}, "properties": {"OBJECTID": 171951, "COD_SIG": null, "IDTIPO": null, "NOME": "KOTECHA MAYURKUMAR AMRUTLAL", "REGEND": "019521", "MORADA": "MARTIN MONIZ (L)", "NUM_POLICIA": "C.C.MOURARIA", "FREGUESIA": "121", "LOCALIDADE": null, "COD_POST_4": null, "COD_POST_3": null, "COM_INT_ID": 90, "COD_ACT_ECON": "12004", "DESC_ACT_ECON": "Mercearias", "ANO": 1996, "TIPO": "Retalho", "LOCALIZACAO": "Integrado - outro", "C_INTEGRADO": "CENTRO COMERCIAL MOURARIA", "EMPRESA": "MARIA ISABEL SILVEIRA MENDES RODRIGUES MOURA", "GlobalID": "fe120f97-7e32-4646-8cac-93bc2fe01eb7"}}, {"type": "Feature", "geometry": {"type": "Point", "coordinates": [-1020489.253800001, 4687451.0940999985]}, "properties": {"OBJECTID": 171975, "COD_SIG": null, "IDTIPO": null, "NOME": "PET SHOP RITAS FRIENDS", "REGEND": "019243", "MORADA": "PROF FRANCISCO GENTIL (R)", "NUM_POLICIA": "20 A", "FREGUESIA": "114", "LOCALIDADE": null, "COD_POST_4": null, "COD_POST_3": null, "COM_INT_ID": null, "COD_ACT_ECON": "21410", "DESC_ACT_ECON": "Pequenos Animais,Peixes Aqua.", "ANO": 1996, "TIPO": "Retalho", "LOCALIZACAO": "Isolado", "C_INTEGRADO": null, "EMPRESA": "MARIA ISABEL SILVEIRA MENDES RODRIGUES MOURA", "GlobalID": "add4269c-9c7d-43e1-b1a7-1c907ada7685"}}, {"type": "Feature", "geometry": {"type": "Point", "coordinates": [-1020481.5850999989, 4687452.467200004]}, "properties": {"OBJECTID": 171980, "COD_SIG": null, "IDTIPO": null, "NOME": "MIFFY", "REGEND": "019247", "MORADA": "PROF FRANCISCO GENTIL (R)", "NUM_POLICIA": "18 A", "FREGUESIA": "114", "LOCALIDADE": null, "COD_POST_4": null, "COD_POST_3": null, "COM_INT_ID": null, "COD_ACT_ECON": "21104", "DESC_ACT_ECON": "Artigos Vestu\u00e1rio Crian\u00e7a", "ANO": 1996, "TIPO": "Retalho", "LOCALIZACAO": "Isolado", "C_INTEGRADO": null, "EMPRESA": "MARIA ISABEL SILVEIRA MENDES RODRIGUES MOURA", "GlobalID": "8e45262e-9518-4b5d-8967-108e15b09ec2"}}, {"type": "Feature", "geometry": {"type": "Point", "coordinates": [-1020522.5377999991, 4687336.2673999965]}, "properties": {"OBJECTID": 172017, "COD_SIG": null, "IDTIPO": null, "NOME": "SOPAREL", "REGEND": "019298", "MORADA": "TELHEIRAS (EST DE)", "NUM_POLICIA": "132 A", "FREGUESIA": "114", "LOCALIDADE": null, "COD_POST_4": null, "COD_POST_3": null, "COM_INT_ID": null, "COD_ACT_ECON": "11007", "DESC_ACT_ECON": "Padarias", "ANO": 1996, "TIPO": "Retalho", "LOCALIZACAO": "Isolado", "C_INTEGRADO": null, "EMPRESA": "SOPAREL SOCIEDADE PANIFICADORA REUNIDA, SA", "GlobalID": "cc4f4fda-b887-4dc0-ae9a-c9e4cea4235c"}}, {"type": "Feature", "geometry": {"type": "Point", "coordinates": [-1018877.5921999998, 4685212.692599997]}, "properties": {"OBJECTID": 172019, "COD_SIG": null, "IDTIPO": null, "NOME": "EXPRESSAO DE COR", "REGEND": "019370", "MORADA": "\u00c1LVARO PAIS (AV)", "NUM_POLICIA": "13", "FREGUESIA": "106", "LOCALIDADE": null, "COD_POST_4": null, "COD_POST_3": null, "COM_INT_ID": 163, "COD_ACT_ECON": "21412", "DESC_ACT_ECON": "Material Fotogr\u00e1fico,Cinema", "ANO": 1996, "TIPO": "Retalho", "LOCALIZACAO": "Integrado - outro", "C_INTEGRADO": "CENTRO COMERCIAL MULTICENTRO", "EMPRESA": "MARIA ISABEL SILVEIRA MENDES RODRIGUES MOURA", "GlobalID": "0e16cd2f-bc6b-4d70-a159-9e98b47c9e63"}}, {"type": "Feature", "geometry": {"type": "Point", "coordinates": [-1016109.0102999993, 4682401.9736]}, "properties": {"OBJECTID": 172028, "COD_SIG": null, "IDTIPO": null, "NOME": "ELECTRO SAPADORES", "REGEND": "019380", "MORADA": "CASTELO BRANCO SARAIVA (R)", "NUM_POLICIA": "28 A", "FREGUESIA": "119", "LOCALIDADE": null, "COD_POST_4": null, "COD_POST_3": null, "COM_INT_ID": null, "COD_ACT_ECON": "30001", "DESC_ACT_ECON": "Repara\u00e7\u00e3o De Ve\u00edculos Autom\u00f3veis", "ANO": 1996, "TIPO": "Retalho", "LOCALIZACAO": "Isolado", "C_INTEGRADO": null, "EMPRESA": "ELECTRO SAPADORES - REPARAC\u00c7\u00d6ES ELECTRICAS AUTO - SOM, LDA", "GlobalID": "7cf0900f-adf1-4e82-9179-1d14c8a66093"}}, {"type": "Feature", "geometry": {"type": "Point", "coordinates": [-1016172.0384000018, 4682730.744499996]}, "properties": {"OBJECTID": 172030, "COD_SIG": null, "IDTIPO": null, "NOME": "ALIGERE", "REGEND": "019387", "MORADA": "GEN RO\u00c7ADAS (AV)", "NUM_POLICIA": "117 B", "FREGUESIA": "119", "LOCALIDADE": null, "COD_POST_4": null, "COD_POST_3": null, "COM_INT_ID": null, "COD_ACT_ECON": "22002", "DESC_ACT_ECON": "Bazares", "ANO": 1996, "TIPO": "Retalho", "LOCALIZACAO": "Isolado", "C_INTEGRADO": null, "EMPRESA": "MARIA ISABEL SILVEIRA MENDES RODRIGUES MOURA", "GlobalID": "bc3c6934-1e3b-4636-a2b3-4ca494c7d348"}}, {"type": "Feature", "geometry": {"type": "Point", "coordinates": [-1018000.1750999987, 4684137.437399998]}, "properties": {"OBJECTID": 172034, "COD_SIG": null, "IDTIPO": null, "NOME": "AUTO REPUBLICA", "REGEND": "019367", "MORADA": "MIGUEL BOMBARDA (AV)", "NUM_POLICIA": "6 A", "FREGUESIA": "106", "LOCALIDADE": "LISBOA", "COD_POST_4": "1000", "COD_POST_3": "208", "COM_INT_ID": null, "COD_ACT_ECON": "30001", "DESC_ACT_ECON": "Repara\u00e7\u00e3o De Ve\u00edculos Autom\u00f3veis", "ANO": 1996, "TIPO": "Retalho", "LOCALIZACAO": "Isolado", "C_INTEGRADO": null, "EMPRESA": "SANTOGAL P - COM\u00c9RCIO E REPARA\u00c7\u00c3O DE AUTOMOVEIS, LDA", "GlobalID": "0ee05a12-f100-41dc-a208-811ea2020cee"}}, {"type": "Feature", "geometry": {"type": "Point", "coordinates": [-1015749.3731000014, 4681642.8583]}, "properties": {"OBJECTID": 172044, "COD_SIG": null, "IDTIPO": null, "NOME": "MAVILDE MARTINS RUIVO", "REGEND": "019477", "MORADA": "VALE DE ST ANT\u00d3NIO (R DO)", "NUM_POLICIA": "175 B", "FREGUESIA": "124", "LOCALIDADE": null, "COD_POST_4": null, "COD_POST_3": null, "COM_INT_ID": null, "COD_ACT_ECON": "21402", "DESC_ACT_ECON": "Papelarias (Art. Escrit.,Jornais ..)", "ANO": 1996, "TIPO": "Retalho", "LOCALIZACAO": "Isolado", "C_INTEGRADO": null, "EMPRESA": "MARIA ISABEL SILVEIRA MENDES RODRIGUES MOURA", "GlobalID": "dea600f5-3ae2-4402-acf0-7184fb867dc4"}}, {"type": "Feature", "geometry": {"type": "Point", "coordinates": [-1019580.3273000009, 4681769.848399997]}, "properties": {"OBJECTID": 172054, "COD_SIG": null, "IDTIPO": null, "NOME": "TADOCHA", "REGEND": "019513", "MORADA": "CUST\u00d3DIO VIEIRA (R)", "NUM_POLICIA": "2", "FREGUESIA": "110", "LOCALIDADE": null, "COD_POST_4": null, "COD_POST_3": null, "COM_INT_ID": null, "COD_ACT_ECON": "21202", "DESC_ACT_ECON": "Artigos Diversos Lar/Decora\u00e7\u00e3o", "ANO": 1996, "TIPO": "Retalho", "LOCALIZACAO": "Isolado", "C_INTEGRADO": null, "EMPRESA": "MARIA ISABEL SILVEIRA MENDES RODRIGUES MOURA", "GlobalID": "51251a10-472d-46cc-835d-1cd7727a8291"}}, {"type": "Feature", "geometry": {"type": "Point", "coordinates": [-1019457.0533999987, 4680429.736699998]}, "properties": {"OBJECTID": 172060, "COD_SIG": null, "IDTIPO": null, "NOME": "GALANTE", "REGEND": "019230", "MORADA": "BORGES CARNEIRO (R)", "NUM_POLICIA": "49/55", "FREGUESIA": "113", "LOCALIDADE": null, "COD_POST_4": null, "COD_POST_3": null, "COM_INT_ID": null, "COD_ACT_ECON": "21206", "DESC_ACT_ECON": "M\u00f3veis E Colchoaria (Interior)", "ANO": 1996, "TIPO": "Retalho", "LOCALIZACAO": "Isolado", "C_INTEGRADO": null, "EMPRESA": "GALANTE - DECORA\u00c7\u00d5ES, SOCIEDADE UNIPESSOAL LDA", "GlobalID": "9a4f101a-a58a-4d86-9898-899ca5e842e3"}}, {"type": "Feature", "geometry": {"type": "Point", "coordinates": [-1019318.8975000009, 4685058.603100002]}, "properties": {"OBJECTID": 172086, "COD_SIG": null, "IDTIPO": null, "NOME": "PERFILFORMA", "REGEND": "019335", "MORADA": "VELOSO SALGADO (R)", "NUM_POLICIA": "15 A", "FREGUESIA": "106", "LOCALIDADE": null, "COD_POST_4": null, "COD_POST_3": null, "COM_INT_ID": null, "COD_ACT_ECON": "21514", "DESC_ACT_ECON": "Equipamento Inform\u00e1tico", "ANO": 1996, "TIPO": "Retalho", "LOCALIZACAO": "Isolado", "C_INTEGRADO": null, "EMPRESA": "MARIA ISABEL SILVEIRA MENDES RODRIGUES MOURA", "GlobalID": "11cd5995-33c0-4de3-884e-d7cca1eb571a"}}, {"type": "Feature", "geometry": {"type": "Point", "coordinates": [-1021076.7353999987, 4679618.5515]}, "properties": {"OBJECTID": 172094, "COD_SIG": null, "IDTIPO": null, "NOME": "SANDRA MARIA VRAJDAS", "REGEND": "019351", "MORADA": "PRIOR DO CRATO (R) A ALC\u00c2NTARA", "NUM_POLICIA": "77/79", "FREGUESIA": "113", "LOCALIDADE": "LISBOA", "COD_POST_4": "1350", "COD_POST_3": "260", "COM_INT_ID": null, "COD_ACT_ECON": "22002", "DESC_ACT_ECON": "Bazares", "ANO": 1996, "TIPO": "Retalho", "LOCALIZACAO": "Isolado", "C_INTEGRADO": null, "EMPRESA": "MARIA ISABEL SILVEIRA MENDES RODRIGUES MOURA", "GlobalID": "cc4ca204-e9eb-4673-84cb-e724dbf8c321"}}, {"type": "Feature", "geometry": {"type": "Point", "coordinates": [-1018504.0953000002, 4684082.164800003]}, "properties": {"OBJECTID": 172096, "COD_SIG": null, "IDTIPO": null, "NOME": "LIBRAIRE FRANCAISE", "REGEND": "019353", "MORADA": "Avenida Marqu\u00eas de Tomar", "NUM_POLICIA": "38", "FREGUESIA": "106", "LOCALIDADE": "LISBOA", "COD_POST_4": "1050", "COD_POST_3": "156", "COM_INT_ID": null, "COD_ACT_ECON": "21401", "DESC_ACT_ECON": "Livrarias", "ANO": 1996, "TIPO": "Retalho", "LOCALIZACAO": "Isolado", "C_INTEGRADO": null, "EMPRESA": "MARIA ISABEL SILVEIRA MENDES RODRIGUES MOURA", "GlobalID": "cf142770-3e45-4793-9dc0-42e1a6b9d69d"}}, {"type": "Feature", "geometry": {"type": "Point", "coordinates": [-1017616.8262999989, 4680941.208899997]}, "properties": {"OBJECTID": 172143, "COD_SIG": null, "IDTIPO": null, "NOME": "LOJA DOS 300", "REGEND": "019483", "MORADA": "RESTAURADORES (PR DOS)", "NUM_POLICIA": "METRO", "FREGUESIA": "121", "LOCALIDADE": "LISBOA                         ", "COD_POST_4": "1250", "COD_POST_3": "188", "COM_INT_ID": 177, "COD_ACT_ECON": "22002", "DESC_ACT_ECON": "Bazares", "ANO": 1996, "TIPO": "Retalho", "LOCALIZACAO": "Integrado - outro", "C_INTEGRADO": "ESTA\u00c7\u00c3O METROPOLITANO RESTAURADORES", "EMPRESA": "MARIA ISABEL SILVEIRA MENDES RODRIGUES MOURA", "GlobalID": "fdcb9c22-68cd-48c8-9249-b18f0bc43dcb"}}, {"type": "Feature", "geometry": {"type": "Point", "coordinates": [-1018664.5014000013, 4680668.6818]}, "properties": {"OBJECTID": 172169, "COD_SIG": null, "IDTIPO": null, "NOME": "COMPAGNIE DE ETOFFES", "REGEND": "019453", "MORADA": "EDUARDO COELHO (R)", "NUM_POLICIA": "80", "FREGUESIA": "116", "LOCALIDADE": null, "COD_POST_4": null, "COD_POST_3": null, "COM_INT_ID": null, "COD_ACT_ECON": "21204", "DESC_ACT_ECON": "Tecidos Para Decora\u00e7\u00e3o", "ANO": 1996, "TIPO": "Retalho", "LOCALIZACAO": "Isolado", "C_INTEGRADO": null, "EMPRESA": "MARIA ISABEL SILVEIRA MENDES RODRIGUES MOURA", "GlobalID": "d772c2a8-a430-4a42-bff3-d6ec9ab4b4ba"}}, {"type": "Feature", "geometry": {"type": "Point", "coordinates": [-1018544.2432000004, 4680896.200300001]}, "properties": {"OBJECTID": 172170, "COD_SIG": null, "IDTIPO": null, "NOME": "VI\u00c9S", "REGEND": "019456", "MORADA": "PALMEIRA (R DA)", "NUM_POLICIA": "28 C", "FREGUESIA": "116", "LOCALIDADE": null, "COD_POST_4": null, "COD_POST_3": null, "COM_INT_ID": null, "COD_ACT_ECON": "21202", "DESC_ACT_ECON": "Artigos Diversos Lar/Decora\u00e7\u00e3o", "ANO": 1996, "TIPO": "Retalho", "LOCALIZACAO": "Isolado", "C_INTEGRADO": null, "EMPRESA": "MARIA ISABEL SILVEIRA MENDES RODRIGUES MOURA", "GlobalID": "7e299d06-b051-4181-b4d6-335e33f92164"}}, {"type": "Feature", "geometry": {"type": "Point", "coordinates": [-1018508.1143000014, 4684107.354199998]}, "properties": {"OBJECTID": 172172, "COD_SIG": null, "IDTIPO": null, "NOME": "CELEIROCINCO", "REGEND": "019462", "MORADA": "MARQ DE TOMAR (AV)", "NUM_POLICIA": "44 B/C", "FREGUESIA": "106", "LOCALIDADE": null, "COD_POST_4": null, "COD_POST_3": null, "COM_INT_ID": 162, "COD_ACT_ECON": "11003", "DESC_ACT_ECON": "Charcutarias", "ANO": 1996, "TIPO": "Retalho", "LOCALIZACAO": "Integrado - outro", "C_INTEGRADO": "MINIPRE\u00c7O", "EMPRESA": "CELERICINCO - COMERCIO DE FRUTAS E CARNES, LDA", "GlobalID": "1a53e8b1-c342-40d4-855b-eb238c112eef"}}, {"type": "Feature", "geometry": {"type": "Point", "coordinates": [-1022586.8753999993, 4686991.112800002]}, "properties": {"OBJECTID": 172179, "COD_SIG": null, "IDTIPO": null, "NOME": "STRAUSS", "REGEND": "019213", "MORADA": "ADELAIDE CABETE (R)", "NUM_POLICIA": "3 A", "FREGUESIA": "112", "LOCALIDADE": null, "COD_POST_4": null, "COD_POST_3": null, "COM_INT_ID": null, "COD_ACT_ECON": "21411", "DESC_ACT_ECON": "Discos/Cassetes Audio E Video", "ANO": 1996, "TIPO": "Retalho", "LOCALIZACAO": "Isolado", "C_INTEGRADO": null, "EMPRESA": "MARIA ISABEL SILVEIRA MENDES RODRIGUES MOURA", "GlobalID": "fd3829b4-19ac-435a-bb4c-b7ad966d78a2"}}, {"type": "Feature", "geometry": {"type": "Point", "coordinates": [-1019782.633200001, 4680391.3948]}, "properties": {"OBJECTID": 172186, "COD_SIG": null, "IDTIPO": null, "NOME": "LOUREN\u00c7O A COELHO", "REGEND": "019225", "MORADA": "BUENOS AIRES (R DE)", "NUM_POLICIA": "7 C", "FREGUESIA": "113", "LOCALIDADE": null, "COD_POST_4": null, "COD_POST_3": null, "COM_INT_ID": null, "COD_ACT_ECON": "21210", "DESC_ACT_ECON": "Candeeiros/Ilumina\u00e7\u00e3o", "ANO": 1996, "TIPO": "Retalho", "LOCALIZACAO": "Isolado", "C_INTEGRADO": null, "EMPRESA": "MARIA ISABEL SILVEIRA MENDES RODRIGUES MOURA", "GlobalID": "af6ce0bc-3b1f-45c6-ab13-846b421b497b"}}, {"type": "Feature", "geometry": {"type": "Point", "coordinates": [-1019233.3112000003, 4688130.7399]}, "properties": {"OBJECTID": 172189, "COD_SIG": null, "IDTIPO": null, "NOME": "TABACARIA GENECO", "REGEND": "019229", "MORADA": "JOS\u00c9 DA COSTA PEDREIRA (R)", "NUM_POLICIA": "LT 10 A/10 B", "FREGUESIA": "114", "LOCALIDADE": null, "COD_POST_4": null, "COD_POST_3": null, "COM_INT_ID": 350, "COD_ACT_ECON": "21403", "DESC_ACT_ECON": "Tabacaria", "ANO": 1996, "TIPO": "Retalho", "LOCALIZACAO": "Integrado - outro", "C_INTEGRADO": "SUPER G", "EMPRESA": "MARIA ISABEL SILVEIRA MENDES RODRIGUES MOURA", "GlobalID": "0fefa0f9-323c-429d-8d6e-84694a87f9c7"}}, {"type": "Feature", "geometry": {"type": "Point", "coordinates": [-1019029.7325000018, 4685211.756499998]}, "properties": {"OBJECTID": 172210, "COD_SIG": null, "IDTIPO": null, "NOME": "LOGICIEL", "REGEND": "019337", "MORADA": "SOUSA LOPES (R)", "NUM_POLICIA": "LT MNO LJ 3", "FREGUESIA": "106", "LOCALIDADE": null, "COD_POST_4": null, "COD_POST_3": null, "COM_INT_ID": null, "COD_ACT_ECON": "21514", "DESC_ACT_ECON": "Equipamento Inform\u00e1tico", "ANO": 1996, "TIPO": "Retalho", "LOCALIZACAO": "Isolado", "C_INTEGRADO": null, "EMPRESA": "MARIA ISABEL SILVEIRA MENDES RODRIGUES MOURA", "GlobalID": "d82f981d-a682-44b1-86d0-670962255b87"}}, {"type": "Feature", "geometry": {"type": "Point", "coordinates": [-1018645.5786000006, 4683803.7238000035]}, "properties": {"OBJECTID": 172212, "COD_SIG": null, "IDTIPO": null, "NOME": "ALTAMIRA", "REGEND": "019344", "MORADA": "DUQUE DE \u00c1VILA (AV)", "NUM_POLICIA": "98 D", "FREGUESIA": "106", "LOCALIDADE": null, "COD_POST_4": null, "COD_POST_3": null, "COM_INT_ID": null, "COD_ACT_ECON": "21515", "DESC_ACT_ECON": "Equipamento E Mobili\u00e1rio De Escrit\u00f3rio", "ANO": 1996, "TIPO": "Retalho", "LOCALIZACAO": "Isolado", "C_INTEGRADO": null, "EMPRESA": "MOVEIS ALTAMIRA MOBILIARIO SA", "GlobalID": "13c5dc5c-88d6-41ca-bf90-27c19eef1282"}}, {"type": "Feature", "geometry": {"type": "Point", "coordinates": [-1018264.7351999991, 4680387.8478000015]}, "properties": {"OBJECTID": 172227, "COD_SIG": null, "IDTIPO": null, "NOME": "PORMAIORES", "REGEND": "019446", "MORADA": "S\u00c9CULO (R DO)", "NUM_POLICIA": "7", "FREGUESIA": "116", "LOCALIDADE": "LISBOA", "COD_POST_4": "1200", "COD_POST_3": "433", "COM_INT_ID": null, "COD_ACT_ECON": "21103", "DESC_ACT_ECON": "Artigos Vestu\u00e1rio Senhora (Boutique)", "ANO": 1996, "TIPO": "Retalho", "LOCALIZACAO": "Isolado", "C_INTEGRADO": null, "EMPRESA": "MARIA ISABEL SILVEIRA MENDES RODRIGUES MOURA", "GlobalID": "484554d8-9e45-42d0-9c90-e0a9bd806bfa"}}, {"type": "Feature", "geometry": {"type": "Point", "coordinates": [-1019025.7518000007, 4685064.466799997]}, "properties": {"OBJECTID": 172234, "COD_SIG": null, "IDTIPO": null, "NOME": "CRISLUX", "REGEND": "019442", "MORADA": "SOUSA LOPES (R)", "NUM_POLICIA": "LT PQRS", "FREGUESIA": "106", "LOCALIDADE": null, "COD_POST_4": null, "COD_POST_3": null, "COM_INT_ID": 74, "COD_ACT_ECON": "21210", "DESC_ACT_ECON": "Candeeiros/Ilumina\u00e7\u00e3o", "ANO": 1996, "TIPO": "Retalho", "LOCALIZACAO": "Integrado - outro", "C_INTEGRADO": "CENTRO COMERCIAL GEMINI", "EMPRESA": "MARIA ISABEL SILVEIRA MENDES RODRIGUES MOURA", "GlobalID": "6eaaa9ac-1358-4fb5-aab7-efcc38222a56"}}, {"type": "Feature", "geometry": {"type": "Point", "coordinates": [-1016957.1121999994, 4681217.6734]}, "properties": {"OBJECTID": 172245, "COD_SIG": null, "IDTIPO": null, "NOME": "ALMENDRA E ESTEVES", "REGEND": "019492", "MORADA": "Rua Fernandes da Fonseca", "NUM_POLICIA": "28", "FREGUESIA": "121", "LOCALIDADE": null, "COD_POST_4": "1100", "COD_POST_3": "238", "COM_INT_ID": null, "COD_ACT_ECON": "22002", "DESC_ACT_ECON": "Bazares", "ANO": 1996, "TIPO": "Retalho", "LOCALIZACAO": "Isolado", "C_INTEGRADO": null, "EMPRESA": "MARIA ISABEL SILVEIRA MENDES RODRIGUES MOURA", "GlobalID": "0dc830db-87fa-407d-9b16-b62c8f4cd50b"}}, {"type": "Feature", "geometry": {"type": "Point", "coordinates": [-1017078.5183999985, 4681340.4135000035]}, "properties": {"OBJECTID": 172248, "COD_SIG": null, "IDTIPO": null, "NOME": "RODRIGUES NARAN", "REGEND": "019497", "MORADA": "S L\u00c1ZARO (R DE)", "NUM_POLICIA": "42", "FREGUESIA": "121", "LOCALIDADE": null, "COD_POST_4": null, "COD_POST_3": null, "COM_INT_ID": null, "COD_ACT_ECON": "21101", "DESC_ACT_ECON": "Artigos Vestu\u00e1rio Diverso (Misto)", "ANO": 1996, "TIPO": "Retalho", "LOCALIZACAO": "Isolado", "C_INTEGRADO": null, "EMPRESA": "MARIA ISABEL SILVEIRA MENDES RODRIGUES MOURA", "GlobalID": "7d12a3a3-fbe1-4d91-9519-0c40b945c439"}}, {"type": "Feature", "geometry": {"type": "Point", "coordinates": [-1017067.7919000015, 4681552.766999997]}, "properties": {"OBJECTID": 172249, "COD_SIG": null, "IDTIPO": null, "NOME": "CONFEC\u00c7\u00d6ES MIGFER", "REGEND": "019499", "MORADA": "DESTERRO (C DO)", "NUM_POLICIA": "16", "FREGUESIA": "121", "LOCALIDADE": null, "COD_POST_4": null, "COD_POST_3": null, "COM_INT_ID": null, "COD_ACT_ECON": "21103", "DESC_ACT_ECON": "Artigos Vestu\u00e1rio Senhora (Boutique)", "ANO": 1996, "TIPO": "Retalho", "LOCALIZACAO": "Isolado", "C_INTEGRADO": null, "EMPRESA": "MARIA ISABEL SILVEIRA MENDES RODRIGUES MOURA", "GlobalID": "a4d16d81-90f9-4dc0-b01a-0b75ff81afce"}}, {"type": "Feature", "geometry": {"type": "Point", "coordinates": [-1019400.1037999988, 4681206.612099998]}, "properties": {"OBJECTID": 172259, "COD_SIG": null, "IDTIPO": null, "NOME": "GOLF SHOP", "REGEND": "019509", "MORADA": "S BERNARDO (R DE)", "NUM_POLICIA": "43 B", "FREGUESIA": "110", "LOCALIDADE": null, "COD_POST_4": null, "COD_POST_3": null, "COM_INT_ID": null, "COD_ACT_ECON": "21406", "DESC_ACT_ECON": "Artigos De Desporto", "ANO": 1996, "TIPO": "Retalho", "LOCALIZACAO": "Isolado", "C_INTEGRADO": null, "EMPRESA": "MARIA ISABEL SILVEIRA MENDES RODRIGUES MOURA", "GlobalID": "fbe07650-70af-4965-b618-e06de1fbbc7e"}}, {"type": "Feature", "geometry": {"type": "Point", "coordinates": [-1018005.1574999988, 4680524.382399999]}, "properties": {"OBJECTID": 172284, "COD_SIG": null, "IDTIPO": null, "NOME": "JOSE PEREIRA DE OLIVEIRA", "REGEND": "019194", "MORADA": "ATALAIA (R DA)", "NUM_POLICIA": "88", "FREGUESIA": "116", "LOCALIDADE": null, "COD_POST_4": null, "COD_POST_3": null, "COM_INT_ID": null, "COD_ACT_ECON": "21206", "DESC_ACT_ECON": "M\u00f3veis E Colchoaria (Interior)", "ANO": 1996, "TIPO": "Retalho", "LOCALIZACAO": "Isolado", "C_INTEGRADO": null, "EMPRESA": "MARIA ISABEL SILVEIRA MENDES RODRIGUES MOURA", "GlobalID": "a72c3fb8-0c37-43ed-ad6c-61843c4edf93"}}, {"type": "Feature", "geometry": {"type": "Point", "coordinates": [-1021149.8416999988, 4688558.537100002]}, "properties": {"OBJECTID": 172286, "COD_SIG": null, "IDTIPO": null, "NOME": "OPTIMAGEM III", "REGEND": "019197", "MORADA": "PROJECTADA (R) \u00c0 AZ DOS ULMEIROS", "NUM_POLICIA": null, "FREGUESIA": "114", "LOCALIDADE": null, "COD_POST_4": null, "COD_POST_3": null, "COM_INT_ID": 79, "COD_ACT_ECON": "21303", "DESC_ACT_ECON": "Material \u00d3ptico (Oculistas)", "ANO": 1996, "TIPO": "Retalho", "LOCALIZACAO": "Integrado - outro", "C_INTEGRADO": "CENTRO COMERCIAL PINGO DOCE", "EMPRESA": "MARIA ISABEL SILVEIRA MENDES RODRIGUES MOURA", "GlobalID": "784b3327-c7fa-4f1d-8649-760973448938"}}, {"type": "Feature", "geometry": {"type": "Point", "coordinates": [-1013374.2613999993, 4684317.722999997]}, "properties": {"OBJECTID": 172307, "COD_SIG": null, "IDTIPO": null, "NOME": "JANTE 13", "REGEND": "019311", "MORADA": "A\u00c7\u00daCAR (R DO)", "NUM_POLICIA": "54", "FREGUESIA": "115", "LOCALIDADE": "LISBOA", "COD_POST_4": "1900", "COD_POST_3": "606", "COM_INT_ID": null, "COD_ACT_ECON": "21508", "DESC_ACT_ECON": "Acess\u00f3rios P/ Ve\u00edculos Excepto Motociclos", "ANO": 1996, "TIPO": "Retalho", "LOCALIZACAO": "Isolado", "C_INTEGRADO": null, "EMPRESA": "MARIA ISABEL SILVEIRA MENDES RODRIGUES MOURA", "GlobalID": "7defd117-7e20-4ee5-93f1-6e4426712b3a"}}, {"type": "Feature", "geometry": {"type": "Point", "coordinates": [-1013645.6283, 4684592.4265]}, "properties": {"OBJECTID": 172324, "COD_SIG": null, "IDTIPO": null, "NOME": "EPEDA", "REGEND": "019322", "MORADA": "MARVILA (R DE)", "NUM_POLICIA": "49 C", "FREGUESIA": "115", "LOCALIDADE": null, "COD_POST_4": null, "COD_POST_3": null, "COM_INT_ID": null, "COD_ACT_ECON": "21206", "DESC_ACT_ECON": "M\u00f3veis E Colchoaria (Interior)", "ANO": 1996, "TIPO": "Retalho", "LOCALIZACAO": "Isolado", "C_INTEGRADO": null, "EMPRESA": "MARIA ISABEL SILVEIRA MENDES RODRIGUES MOURA", "GlobalID": "1c469c17-6450-4450-940c-c2e82a7f9623"}}, {"type": "Feature", "geometry": {"type": "Point", "coordinates": [-1018071.0773000009, 4680467.106399998]}, "properties": {"OBJECTID": 172331, "COD_SIG": null, "IDTIPO": null, "NOME": "MANUEL ALVES E JOSE MANUEL GON\u00c7ALVES", "REGEND": "019445", "MORADA": "ROSA (R DA)", "NUM_POLICIA": "39", "FREGUESIA": "116", "LOCALIDADE": null, "COD_POST_4": null, "COD_POST_3": null, "COM_INT_ID": null, "COD_ACT_ECON": "21102", "DESC_ACT_ECON": "Artigos Vestu\u00e1rio Homem", "ANO": 1996, "TIPO": "Retalho", "LOCALIZACAO": "Isolado", "C_INTEGRADO": null, "EMPRESA": "MANUEL ALVES & JOSE GONL\u00c7ALVES CRIA\u00c7OES TEXTEIS, LDA", "GlobalID": "9ee96f48-efc9-4229-b771-9a03f1ae0b14"}}, {"type": "Feature", "geometry": {"type": "Point", "coordinates": [-1018152.4646000005, 4680883.859300002]}, "properties": {"OBJECTID": 172333, "COD_SIG": null, "IDTIPO": null, "NOME": "EL CIELO", "REGEND": "019447", "MORADA": "S BOAVENTURA (R DE)", "NUM_POLICIA": "42", "FREGUESIA": "116", "LOCALIDADE": null, "COD_POST_4": null, "COD_POST_3": null, "COM_INT_ID": null, "COD_ACT_ECON": "21101", "DESC_ACT_ECON": "Artigos Vestu\u00e1rio Diverso (Misto)", "ANO": 1996, "TIPO": "Retalho", "LOCALIZACAO": "Isolado", "C_INTEGRADO": null, "EMPRESA": "MARIA ISABEL SILVEIRA MENDES RODRIGUES MOURA", "GlobalID": "34b28557-4870-46f1-9d2c-a2ae0a9fcff6"}}, {"type": "Feature", "geometry": {"type": "Point", "coordinates": [-1018142.2718000002, 4680351.244499996]}, "properties": {"OBJECTID": 172334, "COD_SIG": null, "IDTIPO": null, "NOME": "CAFES DAQUI, LDA", "REGEND": "019448", "MORADA": "COMBRO (C DO)", "NUM_POLICIA": "8", "FREGUESIA": "116", "LOCALIDADE": null, "COD_POST_4": null, "COD_POST_3": null, "COM_INT_ID": null, "COD_ACT_ECON": "11016", "DESC_ACT_ECON": "Caf\u00e9, Ch\u00e1 E Suced\u00e2neos", "ANO": 1996, "TIPO": "Retalho", "LOCALIZACAO": "Isolado", "C_INTEGRADO": null, "EMPRESA": "MARIA ISABEL SILVEIRA MENDES RODRIGUES MOURA", "GlobalID": "0cb6f763-7c17-4d7e-be7b-e508848a6c2c"}}, {"type": "Feature", "geometry": {"type": "Point", "coordinates": [-1018552.4613999985, 4680829.2820999995]}, "properties": {"OBJECTID": 172339, "COD_SIG": null, "IDTIPO": null, "NOME": "OITOCENTOS", "REGEND": "019455", "MORADA": "RUBEN A LEIT\u00c3O (R)", "NUM_POLICIA": "17 B", "FREGUESIA": "116", "LOCALIDADE": null, "COD_POST_4": null, "COD_POST_3": null, "COM_INT_ID": null, "COD_ACT_ECON": "21206", "DESC_ACT_ECON": "M\u00f3veis E Colchoaria (Interior)", "ANO": 1996, "TIPO": "Retalho", "LOCALIZACAO": "Isolado", "C_INTEGRADO": null, "EMPRESA": "MARIA ISABEL SILVEIRA MENDES RODRIGUES MOURA", "GlobalID": "c0bf1fa1-9d90-4e25-ae84-e014ddf45da1"}}, {"type": "Feature", "geometry": {"type": "Point", "coordinates": [-1018860.933699999, 4680400.787100002]}, "properties": {"OBJECTID": 172341, "COD_SIG": null, "IDTIPO": null, "NOME": "TALHO MIUDEZAS", "REGEND": "019459", "MORADA": "S BENTO (R DE)", "NUM_POLICIA": "86", "FREGUESIA": "116", "LOCALIDADE": null, "COD_POST_4": null, "COD_POST_3": null, "COM_INT_ID": null, "COD_ACT_ECON": "11002", "DESC_ACT_ECON": "Talhos", "ANO": 1996, "TIPO": "Retalho", "LOCALIZACAO": "Isolado", "C_INTEGRADO": null, "EMPRESA": "MARIA ISABEL SILVEIRA MENDES RODRIGUES MOURA", "GlobalID": "4784f69e-6ffc-4f07-9496-9f44ab860778"}}, {"type": "Feature", "geometry": {"type": "Point", "coordinates": [-1018566.2972000018, 4680922.941799998]}, "properties": {"OBJECTID": 172349, "COD_SIG": null, "IDTIPO": null, "NOME": "O CONCELHO", "REGEND": "019454", "MORADA": "CEC\u00cdLIO DE SOUSA (R)", "NUM_POLICIA": "10 R/C", "FREGUESIA": "116", "LOCALIDADE": null, "COD_POST_4": null, "COD_POST_3": null, "COM_INT_ID": null, "COD_ACT_ECON": "11018", "DESC_ACT_ECON": "Outros N.E (C. Alim. Especializado)", "ANO": 1996, "TIPO": "Retalho", "LOCALIZACAO": "Isolado", "C_INTEGRADO": null, "EMPRESA": "MARIA ISABEL SILVEIRA MENDES RODRIGUES MOURA", "GlobalID": "b0b3e69b-4e8f-4775-bc93-e6f65c21f03b"}}, {"type": "Feature", "geometry": {"type": "Point", "coordinates": [-1018508.1143000014, 4684107.354199998]}, "properties": {"OBJECTID": 172353, "COD_SIG": null, "IDTIPO": null, "NOME": "CELEIROCINCO", "REGEND": "019463", "MORADA": "MARQ DE TOMAR (AV)", "NUM_POLICIA": "44 C", "FREGUESIA": "106", "LOCALIDADE": null, "COD_POST_4": null, "COD_POST_3": null, "COM_INT_ID": 162, "COD_ACT_ECON": "11002", "DESC_ACT_ECON": "Talhos", "ANO": 1996, "TIPO": "Retalho", "LOCALIZACAO": "Integrado - outro", "C_INTEGRADO": "MINIPRE\u00c7O", "EMPRESA": "CELERICINCO - COMERCIO DE FRUTAS E CARNES, LDA", "GlobalID": "756da641-d368-48d1-96d5-d5de5548d562"}}, {"type": "Feature", "geometry": {"type": "Point", "coordinates": [-1020052.0824999996, 4681023.192000002]}, "properties": {"OBJECTID": 172384, "COD_SIG": null, "IDTIPO": null, "NOME": "GIMNICA", "REGEND": "019215", "MORADA": "SARAIVA DE CARVALHO (R)", "NUM_POLICIA": "117 A", "FREGUESIA": "113", "LOCALIDADE": null, "COD_POST_4": null, "COD_POST_3": null, "COM_INT_ID": null, "COD_ACT_ECON": "21406", "DESC_ACT_ECON": "Artigos De Desporto", "ANO": 1996, "TIPO": "Retalho", "LOCALIZACAO": "Isolado", "C_INTEGRADO": null, "EMPRESA": "MARIA ISABEL SILVEIRA MENDES RODRIGUES MOURA", "GlobalID": "781f5002-88e5-48ba-88eb-88b5db8b6087"}}, {"type": "Feature", "geometry": {"type": "Point", "coordinates": [-1020152.9602000006, 4680888.396499999]}, "properties": {"OBJECTID": 172386, "COD_SIG": null, "IDTIPO": null, "NOME": "LOJA DO PATROCINIO", "REGEND": "019217", "MORADA": "PATROC\u00cdNIO (R DO)", "NUM_POLICIA": "98", "FREGUESIA": "113", "LOCALIDADE": null, "COD_POST_4": null, "COD_POST_3": null, "COM_INT_ID": null, "COD_ACT_ECON": "21205", "DESC_ACT_ECON": "Roupa/Lar", "ANO": 1996, "TIPO": "Retalho", "LOCALIZACAO": "Isolado", "C_INTEGRADO": null, "EMPRESA": "MARIA ISABEL SILVEIRA MENDES RODRIGUES MOURA", "GlobalID": "803c13b2-cfa5-4d63-b17a-8120520ae063"}}, {"type": "Feature", "geometry": {"type": "Point", "coordinates": [-1015640.3526999988, 4686004.700000003]}, "properties": {"OBJECTID": 172415, "COD_SIG": null, "IDTIPO": null, "NOME": "PIG\u00c4O & FILHO, LDA", "REGEND": "019294", "MORADA": "RUI GR\u00c1CIO (R)", "NUM_POLICIA": "LT 371 LJ 5", "FREGUESIA": "115", "LOCALIDADE": "LISBOA", "COD_POST_4": "1900", "COD_POST_3": "801", "COM_INT_ID": null, "COD_ACT_ECON": "12003", "DESC_ACT_ECON": "Mini-Mercados/Auto-Servi\u00e7os", "ANO": 1996, "TIPO": "Retalho", "LOCALIZACAO": "Isolado", "C_INTEGRADO": null, "EMPRESA": "PAULO JORGE PAIVA MONTEIRO", "GlobalID": "aaacc4d1-2d4e-4a97-98b8-ca7730726959"}}, {"type": "Feature", "geometry": {"type": "Point", "coordinates": [-1019935.2140999995, 4679503.015699998]}, "properties": {"OBJECTID": 172427, "COD_SIG": null, "IDTIPO": null, "NOME": "LOPES & PACHECO, LDA", "REGEND": "019419", "MORADA": "D BR\u00c1S (T DE)", "NUM_POLICIA": "6", "FREGUESIA": "113", "LOCALIDADE": null, "COD_POST_4": null, "COD_POST_3": null, "COM_INT_ID": null, "COD_ACT_ECON": "30001", "DESC_ACT_ECON": "Repara\u00e7\u00e3o De Ve\u00edculos Autom\u00f3veis", "ANO": 1996, "TIPO": "Retalho", "LOCALIZACAO": "Isolado", "C_INTEGRADO": null, "EMPRESA": "MARIA ISABEL SILVEIRA MENDES RODRIGUES MOURA", "GlobalID": "cf3c3294-5fd1-4135-8da7-4d9ede6acd70"}}, {"type": "Feature", "geometry": {"type": "Point", "coordinates": [-1019035.6737000011, 4685208.964100003]}, "properties": {"OBJECTID": 172435, "COD_SIG": null, "IDTIPO": null, "NOME": "ALELUIA", "REGEND": "019430", "MORADA": "SOUSA LOPES (R)", "NUM_POLICIA": "LT MNO LJ 2", "FREGUESIA": "106", "LOCALIDADE": null, "COD_POST_4": null, "COD_POST_3": null, "COM_INT_ID": null, "COD_ACT_ECON": "21518", "DESC_ACT_ECON": "Artesanato", "ANO": 1996, "TIPO": "Retalho", "LOCALIZACAO": "Isolado", "C_INTEGRADO": null, "EMPRESA": "MARIA ISABEL SILVEIRA MENDES RODRIGUES MOURA", "GlobalID": "a8a430b1-2012-4341-ba40-7c8f58fe7598"}}, {"type": "Feature", "geometry": {"type": "Point", "coordinates": [-1019025.7518000007, 4685064.466799997]}, "properties": {"OBJECTID": 172441, "COD_SIG": null, "IDTIPO": null, "NOME": "DOCE E AMARGO", "REGEND": "019438", "MORADA": "SOUSA LOPES (R)", "NUM_POLICIA": "LT PQRS", "FREGUESIA": "106", "LOCALIDADE": null, "COD_POST_4": null, "COD_POST_3": null, "COM_INT_ID": 74, "COD_ACT_ECON": "11015", "DESC_ACT_ECON": "Bombons E Chocolates", "ANO": 1996, "TIPO": "Retalho", "LOCALIZACAO": "Integrado - outro", "C_INTEGRADO": "CENTRO COMERCIAL GEMINI", "EMPRESA": "SILVIA DOS ANJOS", "GlobalID": "67328378-1f77-442c-966d-5aa02200fdf8"}}, {"type": "Feature", "geometry": {"type": "Point", "coordinates": [-1019025.7518000007, 4685064.466799997]}, "properties": {"OBJECTID": 172442, "COD_SIG": null, "IDTIPO": null, "NOME": "CABO DO NORTE", "REGEND": "019439", "MORADA": "SOUSA LOPES (R)", "NUM_POLICIA": "LT PQRS", "FREGUESIA": "106", "LOCALIDADE": null, "COD_POST_4": null, "COD_POST_3": null, "COM_INT_ID": 74, "COD_ACT_ECON": "21526", "DESC_ACT_ECON": "Outros N.E.(C.N.Alim. Diversos)", "ANO": 1996, "TIPO": "Retalho", "LOCALIZACAO": "Integrado - outro", "C_INTEGRADO": "CENTRO COMERCIAL GEMINI", "EMPRESA": "SILVIA DOS ANJOS", "GlobalID": "55a98405-c33a-4662-848c-dbff7cb5f89d"}}, {"type": "Feature", "geometry": {"type": "Point", "coordinates": [-1019025.7518000007, 4685064.466799997]}, "properties": {"OBJECTID": 172446, "COD_SIG": null, "IDTIPO": null, "NOME": "TEAR DA AVO", "REGEND": "019444", "MORADA": "SOUSA LOPES (R)", "NUM_POLICIA": "LT PQRS", "FREGUESIA": "106", "LOCALIDADE": null, "COD_POST_4": null, "COD_POST_3": null, "COM_INT_ID": 74, "COD_ACT_ECON": "21205", "DESC_ACT_ECON": "Roupa/Lar", "ANO": 1996, "TIPO": "Retalho", "LOCALIZACAO": "Integrado - outro", "C_INTEGRADO": "CENTRO COMERCIAL GEMINI", "EMPRESA": "MARIA ISABEL SILVEIRA MENDES RODRIGUES MOURA", "GlobalID": "d92cb2a6-78a7-4a22-b2da-f987c6431863"}}, {"type": "Feature", "geometry": {"type": "Point", "coordinates": [-1020642.9338000007, 4679660.6044000015]}, "properties": {"OBJECTID": 172451, "COD_SIG": null, "IDTIPO": null, "NOME": "SOVENDO", "REGEND": "019418", "MORADA": "COVA DA MOURA (T DA)", "NUM_POLICIA": "2", "FREGUESIA": "113", "LOCALIDADE": null, "COD_POST_4": null, "COD_POST_3": null, "COM_INT_ID": null, "COD_ACT_ECON": "21508", "DESC_ACT_ECON": "Acess\u00f3rios P/ Ve\u00edculos Excepto Motociclos", "ANO": 1996, "TIPO": "Retalho", "LOCALIZACAO": "Isolado", "C_INTEGRADO": null, "EMPRESA": "SOVENDO II -  AUTOM\u00d3VEIS, ACESS\u00d3RIOS E PE\u00c7AS, LDA", "GlobalID": "3dc07f64-79fb-4daf-995d-2d3f63fdf9f8"}}, {"type": "Feature", "geometry": {"type": "Point", "coordinates": [-1019002.1017999984, 4688233.054200001]}, "properties": {"OBJECTID": 172479, "COD_SIG": null, "IDTIPO": null, "NOME": "SOESSES", "REGEND": "019251", "MORADA": "MANUEL MARQUES (R)", "NUM_POLICIA": "14 G", "FREGUESIA": "114", "LOCALIDADE": null, "COD_POST_4": null, "COD_POST_3": null, "COM_INT_ID": null, "COD_ACT_ECON": "21205", "DESC_ACT_ECON": "Roupa/Lar", "ANO": 1996, "TIPO": "Retalho", "LOCALIZACAO": "Isolado", "C_INTEGRADO": null, "EMPRESA": "MARIA ISABEL SILVEIRA MENDES RODRIGUES MOURA", "GlobalID": "2acbf86e-8dbd-49d0-89d6-6a9416a0378c"}}, {"type": "Feature", "geometry": {"type": "Point", "coordinates": [-1019731.9354999997, 4680550.0309000015]}, "properties": {"OBJECTID": 172501, "COD_SIG": null, "IDTIPO": null, "NOME": "TV PLUS", "REGEND": "019221", "MORADA": "NAVEGANTES (R DOS)", "NUM_POLICIA": "58", "FREGUESIA": "113", "LOCALIDADE": null, "COD_POST_4": null, "COD_POST_3": null, "COM_INT_ID": null, "COD_ACT_ECON": "21211", "DESC_ACT_ECON": "Electrodom\u00e9sticos", "ANO": 1996, "TIPO": "Retalho", "LOCALIZACAO": "Isolado", "C_INTEGRADO": null, "EMPRESA": "MARIA ISABEL SILVEIRA MENDES RODRIGUES MOURA", "GlobalID": "5613a028-13d0-4e0b-8c0a-0ae56ece7312"}}, {"type": "Feature", "geometry": {"type": "Point", "coordinates": [-1014146.9756000005, 4686585.059699997]}, "properties": {"OBJECTID": 172507, "COD_SIG": null, "IDTIPO": null, "NOME": "O. GRA\u00c7A & GRA\u00c7A, LDA", "REGEND": "019306", "MORADA": "OLIVEIRA CARDONEGA (R)", "NUM_POLICIA": "52 B", "FREGUESIA": "115", "LOCALIDADE": null, "COD_POST_4": null, "COD_POST_3": null, "COM_INT_ID": null, "COD_ACT_ECON": "21526", "DESC_ACT_ECON": "Outros N.E.(C.N.Alim. Diversos)", "ANO": 1996, "TIPO": "Retalho", "LOCALIZACAO": "Isolado", "C_INTEGRADO": null, "EMPRESA": "MARIA ISABEL SILVEIRA MENDES RODRIGUES MOURA", "GlobalID": "dbf57d8f-74f6-47d4-ae06-0a630e0a6f4d"}}, {"type": "Feature", "geometry": {"type": "Point", "coordinates": [-1014332.8205999993, 4686253.518799998]}, "properties": {"OBJECTID": 172509, "COD_SIG": null, "IDTIPO": null, "NOME": "JOSE FALARDO DE ALMEIDA", "REGEND": "019309", "MORADA": "MANUEL TEIXEIRA GOMES (R)", "NUM_POLICIA": "LT 60 B", "FREGUESIA": "115", "LOCALIDADE": null, "COD_POST_4": null, "COD_POST_3": null, "COM_INT_ID": null, "COD_ACT_ECON": "21518", "DESC_ACT_ECON": "Artesanato", "ANO": 1996, "TIPO": "Retalho", "LOCALIZACAO": "Isolado", "C_INTEGRADO": null, "EMPRESA": "MARIA ISABEL SILVEIRA MENDES RODRIGUES MOURA", "GlobalID": "bc8ef0c5-1bd3-46a0-b789-2ce027206b8c"}}, {"type": "Feature", "geometry": {"type": "Point", "coordinates": [-1013051.5500000007, 4685321.286600001]}, "properties": {"OBJECTID": 172514, "COD_SIG": null, "IDTIPO": null, "NOME": "PORTILAVAUTO", "REGEND": "019314", "MORADA": "FERNANDO PALHA (R)", "NUM_POLICIA": "44/48", "FREGUESIA": "115", "LOCALIDADE": null, "COD_POST_4": null, "COD_POST_3": null, "COM_INT_ID": null, "COD_ACT_ECON": "30001", "DESC_ACT_ECON": "Repara\u00e7\u00e3o De Ve\u00edculos Autom\u00f3veis", "ANO": 1996, "TIPO": "Retalho", "LOCALIZACAO": "Isolado", "C_INTEGRADO": null, "EMPRESA": "MARIA ISABEL SILVEIRA MENDES RODRIGUES MOURA", "GlobalID": "322a173a-45ad-46f7-8314-84eff45c1324"}}, {"type": "Feature", "geometry": {"type": "Point", "coordinates": [-1019734.1442999989, 4689096.786799997]}, "properties": {"OBJECTID": 172524, "COD_SIG": null, "IDTIPO": null, "NOME": "A P/SIS/2", "REGEND": "019288", "MORADA": "Alameda das Linhas de Torres", "NUM_POLICIA": "236A", "FREGUESIA": "114", "LOCALIDADE": "LISBOA", "COD_POST_4": "1750", "COD_POST_3": "151", "COM_INT_ID": 86, "COD_ACT_ECON": "21514", "DESC_ACT_ECON": "Equipamento Inform\u00e1tico", "ANO": 1996, "TIPO": "Retalho", "LOCALIZACAO": "Integrado - outro", "C_INTEGRADO": "CENTRO COMERCIAL LUMIAR", "EMPRESA": "MARIA ISABEL SILVEIRA MENDES RODRIGUES MOURA", "GlobalID": "bca5774b-ebef-4baf-8780-95b6bb79c4ed"}}, {"type": "Feature", "geometry": {"type": "Point", "coordinates": [-1021110.3964000009, 4679652.861599997]}, "properties": {"OBJECTID": 172537, "COD_SIG": null, "IDTIPO": null, "NOME": "QUIOSQUE TIVOLI", "REGEND": "019391", "MORADA": "PRIOR DO CRATO (R) A ALC\u00c2NTARA", "NUM_POLICIA": "108/110", "FREGUESIA": "113", "LOCALIDADE": null, "COD_POST_4": null, "COD_POST_3": null, "COM_INT_ID": null, "COD_ACT_ECON": "21526", "DESC_ACT_ECON": "Outros N.E.(C.N.Alim. Diversos)", "ANO": 1996, "TIPO": "Retalho", "LOCALIZACAO": "Isolado", "C_INTEGRADO": null, "EMPRESA": "MARIA ISABEL SILVEIRA MENDES RODRIGUES MOURA", "GlobalID": "a21c011f-5104-4aba-b0ac-e835bf38a22a"}}, {"type": "Feature", "geometry": {"type": "Point", "coordinates": [-1018877.5921999998, 4685212.692599997]}, "properties": {"OBJECTID": 172542, "COD_SIG": null, "IDTIPO": null, "NOME": "FRAGUINI", "REGEND": "019375", "MORADA": "\u00c1LVARO PAIS (AV)", "NUM_POLICIA": "13", "FREGUESIA": "106", "LOCALIDADE": null, "COD_POST_4": null, "COD_POST_3": null, "COM_INT_ID": 163, "COD_ACT_ECON": "21302", "DESC_ACT_ECON": "Perfumarias", "ANO": 1996, "TIPO": "Retalho", "LOCALIZACAO": "Integrado - outro", "C_INTEGRADO": "CENTRO COMERCIAL MULTICENTRO", "EMPRESA": "MARIA ISABEL SILVEIRA MENDES RODRIGUES MOURA", "GlobalID": "1b3512d9-5b67-444b-a143-904be856399b"}}, {"type": "Feature", "geometry": {"type": "Point", "coordinates": [-1017986.5456000008, 4680809.881399997]}, "properties": {"OBJECTID": 172578, "COD_SIG": null, "IDTIPO": null, "NOME": "CHARME E MESA", "REGEND": "019671", "MORADA": "CARA (T DA)", "NUM_POLICIA": "20/22", "FREGUESIA": "116", "LOCALIDADE": null, "COD_POST_4": null, "COD_POST_3": null, "COM_INT_ID": null, "COD_ACT_ECON": "51107", "DESC_ACT_ECON": "RESTAURANTE - 3\u00aa CATEGORIA", "ANO": 1996, "TIPO": "Restaura\u00e7\u00e3o e Bebidas", "LOCALIZACAO": "Isolado", "C_INTEGRADO": null, "EMPRESA": "MARIA ISABEL SILVEIRA MENDES RODRIGUES MOURA", "GlobalID": "214313ae-bde4-47c5-8a03-8576f9452122"}}, {"type": "Feature", "geometry": {"type": "Point", "coordinates": [-1019009.8889999986, 4680875.570299998]}, "properties": {"OBJECTID": 172580, "COD_SIG": null, "IDTIPO": null, "NOME": "O CONSTITUINTE", "REGEND": "019674", "MORADA": "S BENTO (R DE)", "NUM_POLICIA": "145", "FREGUESIA": "113", "LOCALIDADE": "LISBOA", "COD_POST_4": "1200", "COD_POST_3": "817", "COM_INT_ID": null, "COD_ACT_ECON": "51107", "DESC_ACT_ECON": "RESTAURANTE - 3\u00aa CATEGORIA", "ANO": 1996, "TIPO": "Restaura\u00e7\u00e3o e Bebidas", "LOCALIZACAO": "Isolado", "C_INTEGRADO": null, "EMPRESA": "MARIA ISABEL SILVEIRA MENDES RODRIGUES MOURA", "GlobalID": "c2d5762b-e560-4d0e-bc0e-1932c9b7f98b"}}, {"type": "Feature", "geometry": {"type": "Point", "coordinates": [-1018806.6414999999, 4688059.361199997]}, "properties": {"OBJECTID": 172587, "COD_SIG": null, "IDTIPO": null, "NOME": "CAFE EUROPA", "REGEND": "019680", "MORADA": "AM\u00cdLCAR CABRAL (R)", "NUM_POLICIA": "42 C", "FREGUESIA": "114", "LOCALIDADE": "LISBOA", "COD_POST_4": "1750", "COD_POST_3": "020", "COM_INT_ID": null, "COD_ACT_ECON": "52104", "DESC_ACT_ECON": "CAFE/PASTELARIA - 3\u00aa CATEGORIA", "ANO": 1996, "TIPO": "Restaura\u00e7\u00e3o e Bebidas", "LOCALIZACAO": "Isolado", "C_INTEGRADO": null, "EMPRESA": "MARIA ISABEL SILVEIRA MENDES RODRIGUES MOURA", "GlobalID": "0888634d-d703-4d20-a48f-dfcafa836fc3"}}, {"type": "Feature", "geometry": {"type": "Point", "coordinates": [-1019862.0590000004, 4680512.5801]}, "properties": {"OBJECTID": 172591, "COD_SIG": null, "IDTIPO": null, "NOME": "LEO BURGUER", "REGEND": "019677", "MORADA": "S CIRO (R DE)", "NUM_POLICIA": "46/48", "FREGUESIA": "113", "LOCALIDADE": null, "COD_POST_4": null, "COD_POST_3": null, "COM_INT_ID": null, "COD_ACT_ECON": "51203", "DESC_ACT_ECON": "\"SNACK-BAR\" - 3\u00aa CATEGORIA", "ANO": 1996, "TIPO": "Restaura\u00e7\u00e3o e Bebidas", "LOCALIZACAO": "Isolado", "C_INTEGRADO": null, "EMPRESA": "MARIA ISABEL SILVEIRA MENDES RODRIGUES MOURA", "GlobalID": "404f8723-2050-40ca-aa08-bcb32791de32"}}, {"type": "Feature", "geometry": {"type": "Point", "coordinates": [-1017348.7408000007, 4680213.858900003]}, "properties": {"OBJECTID": 172625, "COD_SIG": null, "IDTIPO": null, "NOME": "SOCIDEL", "REGEND": "019750", "MORADA": "S NICOLAU (R DE)", "NUM_POLICIA": "122", "FREGUESIA": "121", "LOCALIDADE": null, "COD_POST_4": null, "COD_POST_3": null, "COM_INT_ID": null, "COD_ACT_ECON": "21406", "DESC_ACT_ECON": "Artigos De Desporto", "ANO": 1996, "TIPO": "Retalho", "LOCALIZACAO": "Isolado", "C_INTEGRADO": null, "EMPRESA": "SOCIDEL - SOCIEDADE COMERCIAL DE ARTIGOS DE DESPORTO, LDA", "GlobalID": "5a2ddf6e-80bd-45f0-b9b4-3507fbf04340"}}, {"type": "Feature", "geometry": {"type": "Point", "coordinates": [-1015700.3891999982, 4687215.172600001]}, "properties": {"OBJECTID": 172643, "COD_SIG": null, "IDTIPO": null, "NOME": "JOAO SIMOES TEIXEIRA BARRIAS", "REGEND": "019705", "MORADA": "CASSIANO BRANCO (R)", "NUM_POLICIA": "LT 224 LJ 14", "FREGUESIA": "115", "LOCALIDADE": null, "COD_POST_4": null, "COD_POST_3": null, "COM_INT_ID": null, "COD_ACT_ECON": "52104", "DESC_ACT_ECON": "CAFE/PASTELARIA - 3\u00aa CATEGORIA", "ANO": 1996, "TIPO": "Restaura\u00e7\u00e3o e Bebidas", "LOCALIZACAO": "Isolado", "C_INTEGRADO": null, "EMPRESA": "MARIA ISABEL SILVEIRA MENDES RODRIGUES MOURA", "GlobalID": "65d873b6-80f4-4417-aea1-7aa3a3a6482f"}}, {"type": "Feature", "geometry": {"type": "Point", "coordinates": [-1017549.8504000008, 4681136.007399999]}, "properties": {"OBJECTID": 172677, "COD_SIG": null, "IDTIPO": null, "NOME": "BEST BURGER", "REGEND": "019798", "MORADA": "PORTAS DE ST ANT\u00c3O (R DAS)", "NUM_POLICIA": "101/103", "FREGUESIA": "121", "LOCALIDADE": null, "COD_POST_4": null, "COD_POST_3": null, "COM_INT_ID": null, "COD_ACT_ECON": "51403", "DESC_ACT_ECON": "OUTROS EST. COMIDAS REFEI\u00c7\u00d5ES - 3\u00aa CAT.", "ANO": 1996, "TIPO": "Restaura\u00e7\u00e3o e Bebidas", "LOCALIZACAO": "Isolado", "C_INTEGRADO": null, "EMPRESA": "PASTELARIA CASTANHEIRA, SA", "GlobalID": "8b48a84b-6385-4cfd-85cc-7732ce35f3b5"}}, {"type": "Feature", "geometry": {"type": "Point", "coordinates": [-1024456.1942000017, 4678387.056699999]}, "properties": {"OBJECTID": 172688, "COD_SIG": null, "IDTIPO": null, "NOME": "TERRAS PEREIRA", "REGEND": "019593", "MORADA": "Rua de Bel\u00e9m", "NUM_POLICIA": "75", "FREGUESIA": "108", "LOCALIDADE": "LISBOA", "COD_POST_4": "1300", "COD_POST_3": "083", "COM_INT_ID": null, "COD_ACT_ECON": "21526", "DESC_ACT_ECON": "Outros N.E.(C.N.Alim. Diversos)", "ANO": 1996, "TIPO": "Retalho", "LOCALIZACAO": "Isolado", "C_INTEGRADO": null, "EMPRESA": "MARIA ISABEL SILVEIRA MENDES RODRIGUES MOURA", "GlobalID": "78c50fe2-b29f-4c78-b8b2-719ddfb56a01"}}, {"type": "Feature", "geometry": {"type": "Point", "coordinates": [-1017683.7358000018, 4684817.162199996]}, "properties": {"OBJECTID": 172693, "COD_SIG": null, "IDTIPO": null, "NOME": "LOVE JEANS", "REGEND": "019598", "MORADA": "JO\u00c3O XXI (AV)", "NUM_POLICIA": "72", "FREGUESIA": "104", "LOCALIDADE": null, "COD_POST_4": null, "COD_POST_3": null, "COM_INT_ID": 118, "COD_ACT_ECON": "21101", "DESC_ACT_ECON": "Artigos Vestu\u00e1rio Diverso (Misto)", "ANO": 1996, "TIPO": "Retalho", "LOCALIZACAO": "Integrado - outro", "C_INTEGRADO": "GALERIA VIA VENETO - G. V. V.", "EMPRESA": "MODERNO O CLASSICO - MODA INTERNACIONAL LDA", "GlobalID": "ebd4152e-90db-456b-86fd-8bd39a4e5789"}}, {"type": "Feature", "geometry": {"type": "Point", "coordinates": [-1017327.1799000017, 4680204.200000003]}, "properties": {"OBJECTID": 172710, "COD_SIG": null, "IDTIPO": null, "NOME": "O DOBRAO", "REGEND": "019749", "MORADA": "S NICOLAU (R DE)", "NUM_POLICIA": "113", "FREGUESIA": "121", "LOCALIDADE": "LISBOA", "COD_POST_4": "1100", "COD_POST_3": "548", "COM_INT_ID": null, "COD_ACT_ECON": "21107", "DESC_ACT_ECON": "Artigos Malha", "ANO": 1996, "TIPO": "Retalho", "LOCALIZACAO": "Isolado", "C_INTEGRADO": null, "EMPRESA": "O DOBR\u00c3O - SOCIEDADE DE COM\u00c9RCIO E NUMISM\u00c1TICA, LDA", "GlobalID": "7e3e9286-b278-4460-8031-e9801c5b158a"}}, {"type": "Feature", "geometry": {"type": "Point", "coordinates": [-1020302.7142999992, 4679163.001400001]}, "properties": {"OBJECTID": 172726, "COD_SIG": null, "IDTIPO": null, "NOME": "O CACILHEIRO", "REGEND": "019746", "MORADA": "CAIS DA ROCHA", "NUM_POLICIA": null, "FREGUESIA": null, "LOCALIDADE": null, "COD_POST_4": null, "COD_POST_3": null, "COM_INT_ID": null, "COD_ACT_ECON": "52103", "DESC_ACT_ECON": "CAF\u00c9/PASTELARIA - 2\u00aa CATEGORIA", "ANO": 1996, "TIPO": "Restaura\u00e7\u00e3o e Bebidas", "LOCALIZACAO": "Isolado", "C_INTEGRADO": null, "EMPRESA": "MARIA ISABEL SILVEIRA MENDES RODRIGUES MOURA", "GlobalID": "dcce3825-e92e-4bd4-bc9a-744055caf082"}}, {"type": "Feature", "geometry": {"type": "Point", "coordinates": [-1015334.0053000003, 4681581.826300003]}, "properties": {"OBJECTID": 172758, "COD_SIG": null, "IDTIPO": null, "NOME": "A. RUBIANS", "REGEND": "019777", "MORADA": "BARBADINHOS (C DOS)", "NUM_POLICIA": "99/101", "FREGUESIA": "124", "LOCALIDADE": "LISBOA", "COD_POST_4": "1170", "COD_POST_3": "040", "COM_INT_ID": null, "COD_ACT_ECON": "52104", "DESC_ACT_ECON": "CAFE/PASTELARIA - 3\u00aa CATEGORIA", "ANO": 1996, "TIPO": "Restaura\u00e7\u00e3o e Bebidas", "LOCALIZACAO": "Isolado", "C_INTEGRADO": null, "EMPRESA": "MARIA ISABEL SILVEIRA MENDES RODRIGUES MOURA", "GlobalID": "91eb3257-c179-4135-b73b-3aa28e92a0fe"}}, {"type": "Feature", "geometry": {"type": "Point", "coordinates": [-1015557.2151999995, 4680796.735799998]}, "properties": {"OBJECTID": 172761, "COD_SIG": null, "IDTIPO": null, "NOME": "EUREST", "REGEND": "019779", "MORADA": "CAMINHOS DE FERRO (L DOS)", "NUM_POLICIA": "C.P.", "FREGUESIA": "124", "LOCALIDADE": "LISBOA                         ", "COD_POST_4": "1149", "COD_POST_3": "066", "COM_INT_ID": 200, "COD_ACT_ECON": "52104", "DESC_ACT_ECON": "CAFE/PASTELARIA - 3\u00aa CATEGORIA", "ANO": 1996, "TIPO": "Restaura\u00e7\u00e3o e Bebidas", "LOCALIZACAO": "Integrado - outro", "C_INTEGRADO": "ESTA\u00c7\u00c3O CAMINHOS DE FERRO STA APOL\u00d3NIA", "EMPRESA": "EUREST (PORTUGAL) - SOCIEDADE EUROPEIA DE RESTAURANTES, LDA  ", "GlobalID": "db2a8597-2eaa-4404-9e20-4a8acdb1034c"}}, {"type": "Feature", "geometry": {"type": "Point", "coordinates": [-1015557.2151999995, 4680796.735799998]}, "properties": {"OBJECTID": 172762, "COD_SIG": null, "IDTIPO": null, "NOME": "BOUTIQUE DO CAF\u00c9", "REGEND": "019781", "MORADA": "CAMINHOS DE FERRO (L DOS)", "NUM_POLICIA": "C.P.", "FREGUESIA": "124", "LOCALIDADE": null, "COD_POST_4": null, "COD_POST_3": null, "COM_INT_ID": 200, "COD_ACT_ECON": "52104", "DESC_ACT_ECON": "CAFE/PASTELARIA - 3\u00aa CATEGORIA", "ANO": 1996, "TIPO": "Restaura\u00e7\u00e3o e Bebidas", "LOCALIZACAO": "Integrado - outro", "C_INTEGRADO": "ESTA\u00c7\u00c3O CAMINHOS DE FERRO STA APOL\u00d3NIA", "EMPRESA": "EUREST (PORTUGAL) - SOCIEDADE EUROPEIA DE RESTAURANTES, LDA  ", "GlobalID": "b0fcfc5b-4642-4a8e-a45a-f29a1f670e37"}}, {"type": "Feature", "geometry": {"type": "Point", "coordinates": [-1024575.3790999986, 4678474.9602999985]}, "properties": {"OBJECTID": 172794, "COD_SIG": null, "IDTIPO": null, "NOME": "ESPECIARIAS FINAS", "REGEND": "019591", "MORADA": "JER\u00d3NIMOS (L DOS)", "NUM_POLICIA": "4 A/B/C", "FREGUESIA": "108", "LOCALIDADE": null, "COD_POST_4": null, "COD_POST_3": null, "COM_INT_ID": null, "COD_ACT_ECON": "21518", "DESC_ACT_ECON": "Artesanato", "ANO": 1996, "TIPO": "Retalho", "LOCALIZACAO": "Isolado", "C_INTEGRADO": null, "EMPRESA": "MARIA ISABEL SILVEIRA MENDES RODRIGUES MOURA", "GlobalID": "d5427df9-7b33-4382-a70e-d79854868c19"}}, {"type": "Feature", "geometry": {"type": "Point", "coordinates": [-1019272.7569999993, 4688138.572099999]}, "properties": {"OBJECTID": 172811, "COD_SIG": null, "IDTIPO": null, "NOME": "AS BRANCAS", "REGEND": "019679", "MORADA": "RAUL MESNIER DU PONSARD (R)", "NUM_POLICIA": "2 E/F", "FREGUESIA": "114", "LOCALIDADE": "LISBOA                         ", "COD_POST_4": "1750", "COD_POST_3": "243", "COM_INT_ID": null, "COD_ACT_ECON": "51203", "DESC_ACT_ECON": "\"SNACK-BAR\" - 3\u00aa CATEGORIA", "ANO": 1996, "TIPO": "Restaura\u00e7\u00e3o e Bebidas", "LOCALIZACAO": "Isolado", "C_INTEGRADO": null, "EMPRESA": "MARIA ISABEL SILVEIRA MENDES RODRIGUES MOURA", "GlobalID": "9891b91e-24ef-4d22-b5d7-f3b20d85a19b"}}, {"type": "Feature", "geometry": {"type": "Point", "coordinates": [-1020409.9243000001, 4679422.527800001]}, "properties": {"OBJECTID": 172826, "COD_SIG": null, "IDTIPO": null, "NOME": "RESTAURANTE BAR INICIO", "REGEND": "019744", "MORADA": "PRES ARRIAGA (R)", "NUM_POLICIA": "55", "FREGUESIA": "113", "LOCALIDADE": null, "COD_POST_4": null, "COD_POST_3": null, "COM_INT_ID": null, "COD_ACT_ECON": "51107", "DESC_ACT_ECON": "RESTAURANTE - 3\u00aa CATEGORIA", "ANO": 1996, "TIPO": "Restaura\u00e7\u00e3o e Bebidas", "LOCALIZACAO": "Isolado", "C_INTEGRADO": null, "EMPRESA": "MARIA ISABEL SILVEIRA MENDES RODRIGUES MOURA", "GlobalID": "96988d78-9ead-4e7f-ac37-c77a44fe183a"}}, {"type": "Feature", "geometry": {"type": "Point", "coordinates": [-1026079.3592000008, 4678119.905500002]}, "properties": {"OBJECTID": 172840, "COD_SIG": null, "IDTIPO": null, "NOME": "ALBINO PIRES VILANOVA", "REGEND": "019547", "MORADA": "Rua de Pedrou\u00e7os", "NUM_POLICIA": "37A", "FREGUESIA": "108", "LOCALIDADE": "LISBOA", "COD_POST_4": "1400", "COD_POST_3": "285", "COM_INT_ID": null, "COD_ACT_ECON": "11017", "DESC_ACT_ECON": "Pronto A Comer (Churrasq.,Comida A Peso)", "ANO": 1996, "TIPO": "Retalho", "LOCALIZACAO": "Isolado", "C_INTEGRADO": null, "EMPRESA": "MARIA ISABEL SILVEIRA MENDES RODRIGUES MOURA", "GlobalID": "6453dcca-90eb-42b2-8432-520def92f5e6"}}, {"type": "Feature", "geometry": {"type": "Point", "coordinates": [-1017568.1079999991, 4680672.401799999]}, "properties": {"OBJECTID": 172856, "COD_SIG": null, "IDTIPO": null, "NOME": "TRA\u00c7O LIVRE", "REGEND": "019403", "MORADA": "Cal\u00e7ada do Carmo", "NUM_POLICIA": "18", "FREGUESIA": "121", "LOCALIDADE": "LISBOA                         ", "COD_POST_4": "1200", "COD_POST_3": "091", "COM_INT_ID": null, "COD_ACT_ECON": "21202", "DESC_ACT_ECON": "Artigos Diversos Lar/Decora\u00e7\u00e3o", "ANO": 1996, "TIPO": "Retalho", "LOCALIZACAO": "Isolado", "C_INTEGRADO": null, "EMPRESA": "TRA\u00c7O LIVRE - DESIGN, LDA", "GlobalID": "40e79429-ff56-4497-91fc-071aec7e1e8d"}}, {"type": "Feature", "geometry": {"type": "Point", "coordinates": [-1019051.9428999983, 4681779.866899997]}, "properties": {"OBJECTID": 172920, "COD_SIG": null, "IDTIPO": null, "NOME": "ALASTRA", "REGEND": "019669", "MORADA": "S FILIPE N\u00c9RI (R DE)", "NUM_POLICIA": "27 B", "FREGUESIA": "122", "LOCALIDADE": null, "COD_POST_4": null, "COD_POST_3": null, "COM_INT_ID": null, "COD_ACT_ECON": "21202", "DESC_ACT_ECON": "Artigos Diversos Lar/Decora\u00e7\u00e3o", "ANO": 1996, "TIPO": "Retalho", "LOCALIZACAO": "Isolado", "C_INTEGRADO": null, "EMPRESA": "MARIA ISABEL SILVEIRA MENDES RODRIGUES MOURA", "GlobalID": "4086ad16-e395-4c00-8fe3-d5d22846097a"}}, {"type": "Feature", "geometry": {"type": "Point", "coordinates": [-1018330.1108999997, 4682481.989500001]}, "properties": {"OBJECTID": 172929, "COD_SIG": null, "IDTIPO": null, "NOME": "MEIA DESFEITA", "REGEND": "019663", "MORADA": "DUQUE DE LOUL\u00c9 (AV)", "NUM_POLICIA": "101/103", "FREGUESIA": "122", "LOCALIDADE": null, "COD_POST_4": null, "COD_POST_3": null, "COM_INT_ID": 88, "COD_ACT_ECON": "51403", "DESC_ACT_ECON": "OUTROS EST. COMIDAS REFEI\u00c7\u00d5ES - 3\u00aa CAT.", "ANO": 1996, "TIPO": "Restaura\u00e7\u00e3o e Bebidas", "LOCALIZACAO": "Integrado - outro", "C_INTEGRADO": "GALERIA MARQU\u00caS POMBAL", "EMPRESA": "MARIA ISABEL SILVEIRA MENDES RODRIGUES MOURA", "GlobalID": "b89a76a3-f2df-4de0-a2fc-269e1196c648"}}, {"type": "Feature", "geometry": {"type": "Point", "coordinates": [-1026415.9199000001, 4678015.682899997]}, "properties": {"OBJECTID": 172947, "COD_SIG": null, "IDTIPO": null, "NOME": "BELEM AUTO", "REGEND": "019554", "MORADA": "\u00cdNDIA (AV DA)", "NUM_POLICIA": "CP PEDROU\u00c7OS", "FREGUESIA": "108", "LOCALIDADE": null, "COD_POST_4": null, "COD_POST_3": null, "COM_INT_ID": null, "COD_ACT_ECON": "30001", "DESC_ACT_ECON": "Repara\u00e7\u00e3o De Ve\u00edculos Autom\u00f3veis", "ANO": 1996, "TIPO": "Retalho", "LOCALIZACAO": "Isolado", "C_INTEGRADO": null, "EMPRESA": "MARIA ISABEL SILVEIRA MENDES RODRIGUES MOURA", "GlobalID": "67e3cfaf-4445-47a9-876e-9b328d6e5c6d"}}, {"type": "Feature", "geometry": {"type": "Point", "coordinates": [-1015557.2151999995, 4680796.735799998]}, "properties": {"OBJECTID": 172987, "COD_SIG": null, "IDTIPO": null, "NOME": "A.Z.M", "REGEND": "019479", "MORADA": "CAMINHOS DE FERRO (L DOS)", "NUM_POLICIA": "C.P.", "FREGUESIA": "124", "LOCALIDADE": null, "COD_POST_4": null, "COD_POST_3": null, "COM_INT_ID": 200, "COD_ACT_ECON": "12004", "DESC_ACT_ECON": "Mercearias", "ANO": 1996, "TIPO": "Retalho", "LOCALIZACAO": "Integrado - outro", "C_INTEGRADO": "ESTA\u00c7\u00c3O CAMINHOS DE FERRO STA APOL\u00d3NIA", "EMPRESA": "MARIA ISABEL SILVEIRA MENDES RODRIGUES MOURA", "GlobalID": "71693001-b25f-42f2-ba5c-a8e2eb1fd127"}}, {"type": "Feature", "geometry": {"type": "Point", "coordinates": [-1016735.5892000012, 4682371.141400002]}, "properties": {"OBJECTID": 173010, "COD_SIG": null, "IDTIPO": null, "NOME": "SUBWAY", "REGEND": "019643", "MORADA": "FORNO DO TIJOLO (R DO)", "NUM_POLICIA": "29 A", "FREGUESIA": "105", "LOCALIDADE": null, "COD_POST_4": null, "COD_POST_3": null, "COM_INT_ID": null, "COD_ACT_ECON": "51403", "DESC_ACT_ECON": "OUTROS EST. COMIDAS REFEI\u00c7\u00d5ES - 3\u00aa CAT.", "ANO": 1996, "TIPO": "Restaura\u00e7\u00e3o e Bebidas", "LOCALIZACAO": "Isolado", "C_INTEGRADO": null, "EMPRESA": "NASON - GESTAO IMOBILIARIA, LDA", "GlobalID": "a25579d8-b257-42d1-b68f-c27ca971164f"}}, {"type": "Feature", "geometry": {"type": "Point", "coordinates": [-1021123.5328000002, 4688527.132799998]}, "properties": {"OBJECTID": 173017, "COD_SIG": null, "IDTIPO": null, "NOME": "COMPANHIA DO CAFE", "REGEND": "019650", "MORADA": "PROJECTADA (R) \u00c0 AZ DOS ULMEIROS", "NUM_POLICIA": null, "FREGUESIA": "114", "LOCALIDADE": "LISBOA                         ", "COD_POST_4": "1600", "COD_POST_3": "776", "COM_INT_ID": 79, "COD_ACT_ECON": "52104", "DESC_ACT_ECON": "CAFE/PASTELARIA - 3\u00aa CATEGORIA", "ANO": 1996, "TIPO": "Restaura\u00e7\u00e3o e Bebidas", "LOCALIZACAO": "Integrado - outro", "C_INTEGRADO": "CENTRO COMERCIAL PINGO DOCE", "EMPRESA": "COMPANHIA DO CAF\u00c9, LDA", "GlobalID": "29359c48-6dd6-479e-9285-97575577e01a"}}, {"type": "Feature", "geometry": {"type": "Point", "coordinates": [-1023008.434700001, 4679560.348700002]}, "properties": {"OBJECTID": 173025, "COD_SIG": null, "IDTIPO": null, "NOME": "LUIS MIGUEL DAS NEVES GON\u00c7ALVES", "REGEND": "019642", "MORADA": "D JO\u00c3O DE CASTRO (R DE) \u00c0 AJUDA", "NUM_POLICIA": "31 A", "FREGUESIA": "101", "LOCALIDADE": null, "COD_POST_4": null, "COD_POST_3": null, "COM_INT_ID": null, "COD_ACT_ECON": "51203", "DESC_ACT_ECON": "\"SNACK-BAR\" - 3\u00aa CATEGORIA", "ANO": 1996, "TIPO": "Restaura\u00e7\u00e3o e Bebidas", "LOCALIZACAO": "Isolado", "C_INTEGRADO": null, "EMPRESA": "MARIA ISABEL SILVEIRA MENDES RODRIGUES MOURA", "GlobalID": "5f391cfd-9b97-43a0-b4b8-474ebe5bca80"}}, {"type": "Feature", "geometry": {"type": "Point", "coordinates": [-1016334.1884000003, 4682520.045599997]}, "properties": {"OBJECTID": 173041, "COD_SIG": null, "IDTIPO": null, "NOME": "A PAPAROCA DE ALICE", "REGEND": "019735", "MORADA": "ANT\u00d3NIO SARDINHA (PR)", "NUM_POLICIA": "1 A", "FREGUESIA": "119", "LOCALIDADE": null, "COD_POST_4": null, "COD_POST_3": null, "COM_INT_ID": null, "COD_ACT_ECON": "51107", "DESC_ACT_ECON": "RESTAURANTE - 3\u00aa CATEGORIA", "ANO": 1996, "TIPO": "Restaura\u00e7\u00e3o e Bebidas", "LOCALIZACAO": "Isolado", "C_INTEGRADO": null, "EMPRESA": "MARIA ISABEL SILVEIRA MENDES RODRIGUES MOURA", "GlobalID": "508992ae-ad8d-4f55-9ab0-805a54747da9"}}, {"type": "Feature", "geometry": {"type": "Point", "coordinates": [-1019999.1383000016, 4684676.6074]}, "properties": {"OBJECTID": 173049, "COD_SIG": null, "IDTIPO": null, "NOME": "CIDALIA RODRIGUES NUNES LOPES", "REGEND": "019729", "MORADA": "LARANJEIRAS (EST DAS)", "NUM_POLICIA": "120 C", "FREGUESIA": "106", "LOCALIDADE": null, "COD_POST_4": null, "COD_POST_3": null, "COM_INT_ID": null, "COD_ACT_ECON": "51203", "DESC_ACT_ECON": "\"SNACK-BAR\" - 3\u00aa CATEGORIA", "ANO": 1996, "TIPO": "Restaura\u00e7\u00e3o e Bebidas", "LOCALIZACAO": "Isolado", "C_INTEGRADO": null, "EMPRESA": "MARIA ISABEL SILVEIRA MENDES RODRIGUES MOURA", "GlobalID": "301c5de1-e884-4917-9159-4f5e5e24b60b"}}, {"type": "Feature", "geometry": {"type": "Point", "coordinates": [-1019875.1055000015, 4682134.330799997]}, "properties": {"OBJECTID": 173065, "COD_SIG": null, "IDTIPO": null, "NOME": "LOJA DAS MEIAS", "REGEND": "019612", "MORADA": "Avenida Engenheiro Duarte Pacheco", "NUM_POLICIA": "Lote 7", "FREGUESIA": "110", "LOCALIDADE": "LISBOA                         ", "COD_POST_4": "1070", "COD_POST_3": "100", "COM_INT_ID": 48, "COD_ACT_ECON": "21102", "DESC_ACT_ECON": "Artigos Vestu\u00e1rio Homem", "ANO": 1996, "TIPO": "Retalho", "LOCALIZACAO": "Integrado - outro", "C_INTEGRADO": "SHOPPING CENTER AMOREIRAS", "EMPRESA": "MARIA ISABEL SILVEIRA MENDES RODRIGUES MOURA", "GlobalID": "6bfabf5b-a029-4c84-97bf-2a9719a1a791"}}, {"type": "Feature", "geometry": {"type": "Point", "coordinates": [-1017375.3313999996, 4684832.146600001]}, "properties": {"OBJECTID": 173079, "COD_SIG": null, "IDTIPO": null, "NOME": "N\u00d3S LINGERI", "REGEND": "019606", "MORADA": "JO\u00c3O XXI (AV)", "NUM_POLICIA": "43 A", "FREGUESIA": "104", "LOCALIDADE": null, "COD_POST_4": null, "COD_POST_3": null, "COM_INT_ID": 168, "COD_ACT_ECON": "21106", "DESC_ACT_ECON": "Roupa Interior", "ANO": 1996, "TIPO": "Retalho", "LOCALIZACAO": "Integrado - outro", "C_INTEGRADO": "CENTRO COMERCIAL JO\u00c3O XXI", "EMPRESA": "MARIA ISABEL SILVEIRA MENDES RODRIGUES MOURA", "GlobalID": "7f92aa3d-d045-403d-818c-b07e3b75ca24"}}, {"type": "Feature", "geometry": {"type": "Point", "coordinates": [-1019934.9662999995, 4682095.061399996]}, "properties": {"OBJECTID": 173083, "COD_SIG": null, "IDTIPO": null, "NOME": "PESQUISA HIST\u00d3RICA", "REGEND": "019610", "MORADA": "Avenida Engenheiro Duarte Pacheco", "NUM_POLICIA": "Lote 7", "FREGUESIA": "110", "LOCALIDADE": "LISBOA                         ", "COD_POST_4": "1070", "COD_POST_3": "100", "COM_INT_ID": 48, "COD_ACT_ECON": "21207", "DESC_ACT_ECON": "M\u00f3veis Antigos/Antiguidades", "ANO": 1996, "TIPO": "Retalho", "LOCALIZACAO": "Integrado - outro", "C_INTEGRADO": "SHOPPING CENTER AMOREIRAS", "EMPRESA": "HEINER DENEART", "GlobalID": "ff233417-58ff-41ec-b81b-86a4b1d4de77"}}, {"type": "Feature", "geometry": {"type": "Point", "coordinates": [-1015557.2151999995, 4680796.735799998]}, "properties": {"OBJECTID": 173098, "COD_SIG": null, "IDTIPO": null, "NOME": "MARIA DO ROSARIO DUARTE JORGE", "REGEND": "019480", "MORADA": "CAMINHOS DE FERRO (L DOS)", "NUM_POLICIA": "C.P.", "FREGUESIA": "124", "LOCALIDADE": "LISBOA                         ", "COD_POST_4": "1149", "COD_POST_3": "066", "COM_INT_ID": 200, "COD_ACT_ECON": "21403", "DESC_ACT_ECON": "Tabacaria", "ANO": 1996, "TIPO": "Retalho", "LOCALIZACAO": "Integrado - outro", "C_INTEGRADO": "ESTA\u00c7\u00c3O CAMINHOS DE FERRO STA APOL\u00d3NIA", "EMPRESA": "MARIA ISABEL SILVEIRA MENDES RODRIGUES MOURA", "GlobalID": "b2034900-57cf-4911-8d04-d1cc1943a144"}}, {"type": "Feature", "geometry": {"type": "Point", "coordinates": [-1021149.8416999988, 4688558.537100002]}, "properties": {"OBJECTID": 173114, "COD_SIG": null, "IDTIPO": null, "NOME": "FRANCISCO TEIXEIRA", "REGEND": "019209", "MORADA": "PROJECTADA (R) \u00c0 AZ DOS ULMEIROS", "NUM_POLICIA": null, "FREGUESIA": "114", "LOCALIDADE": null, "COD_POST_4": null, "COD_POST_3": null, "COM_INT_ID": 79, "COD_ACT_ECON": "21410", "DESC_ACT_ECON": "Pequenos Animais,Peixes Aqua.", "ANO": 1996, "TIPO": "Retalho", "LOCALIZACAO": "Integrado - outro", "C_INTEGRADO": "CENTRO COMERCIAL PINGO DOCE", "EMPRESA": "MARIA ISABEL SILVEIRA MENDES RODRIGUES MOURA", "GlobalID": "7517e960-0023-43ec-af81-7d7df6b3ae66"}}, {"type": "Feature", "geometry": {"type": "Point", "coordinates": [-1017594.6055000015, 4682580.958700001]}, "properties": {"OBJECTID": 173142, "COD_SIG": null, "IDTIPO": null, "NOME": "TERMINAL 100", "REGEND": "019715", "MORADA": "Rua Gomes Freire", "NUM_POLICIA": "134", "FREGUESIA": "105", "LOCALIDADE": null, "COD_POST_4": "1150", "COD_POST_3": "180", "COM_INT_ID": null, "COD_ACT_ECON": "52104", "DESC_ACT_ECON": "CAFE/PASTELARIA - 3\u00aa CATEGORIA", "ANO": 1996, "TIPO": "Restaura\u00e7\u00e3o e Bebidas", "LOCALIZACAO": "Isolado", "C_INTEGRADO": null, "EMPRESA": "MARIA ISABEL SILVEIRA MENDES RODRIGUES MOURA", "GlobalID": "3a3a6621-f880-48c2-8204-0e47fcff0af7"}}, {"type": "Feature", "geometry": {"type": "Point", "coordinates": [-1017683.7358000018, 4684817.162199996]}, "properties": {"OBJECTID": 173154, "COD_SIG": null, "IDTIPO": null, "NOME": "MARCO 91", "REGEND": "019808", "MORADA": "JO\u00c3O XXI (AV)", "NUM_POLICIA": "72", "FREGUESIA": "104", "LOCALIDADE": null, "COD_POST_4": null, "COD_POST_3": null, "COM_INT_ID": 118, "COD_ACT_ECON": "52104", "DESC_ACT_ECON": "CAFE/PASTELARIA - 3\u00aa CATEGORIA", "ANO": 1996, "TIPO": "Restaura\u00e7\u00e3o e Bebidas", "LOCALIZACAO": "Integrado - outro", "C_INTEGRADO": "GALERIA VIA VENETO - G. V. V.", "EMPRESA": "MARCO 91 - Com\u00e9rcio e Representa\u00e7\u00f5es, Lda", "GlobalID": "350de360-7e43-49d3-81d4-73e56c5ff349"}}, {"type": "Feature", "geometry": {"type": "Point", "coordinates": [-1021040.8051000014, 4688091.659999996]}, "properties": {"OBJECTID": 173195, "COD_SIG": null, "IDTIPO": null, "NOME": "FACES", "REGEND": "019689", "MORADA": "Rua Prof. Prado Coelho (antiga Rua 5 de Telheiras Norte)", "NUM_POLICIA": "15B", "FREGUESIA": "114", "LOCALIDADE": "LISBOA", "COD_POST_4": "1600", "COD_POST_3": "651", "COM_INT_ID": null, "COD_ACT_ECON": "52104", "DESC_ACT_ECON": "CAFE/PASTELARIA - 3\u00aa CATEGORIA", "ANO": 1996, "TIPO": "Restaura\u00e7\u00e3o e Bebidas", "LOCALIZACAO": "Isolado", "C_INTEGRADO": null, "EMPRESA": "MARIA ISABEL SILVEIRA MENDES RODRIGUES MOURA", "GlobalID": "d17c75a7-9ec7-4aa3-975a-fd140ddc20d1"}}, {"type": "Feature", "geometry": {"type": "Point", "coordinates": [-1021149.8416999988, 4688558.537100002]}, "properties": {"OBJECTID": 173210, "COD_SIG": null, "IDTIPO": null, "NOME": "ROSA FLOR", "REGEND": "019203", "MORADA": "PROJECTADA (R) \u00c0 AZ DOS ULMEIROS", "NUM_POLICIA": null, "FREGUESIA": "114", "LOCALIDADE": null, "COD_POST_4": null, "COD_POST_3": null, "COM_INT_ID": 79, "COD_ACT_ECON": "21205", "DESC_ACT_ECON": "Roupa/Lar", "ANO": 1996, "TIPO": "Retalho", "LOCALIZACAO": "Integrado - outro", "C_INTEGRADO": "CENTRO COMERCIAL PINGO DOCE", "EMPRESA": "ROSAFLOR LAVORES, LDA", "GlobalID": "244f02ac-c613-40d5-a242-d7aa47ff10a0"}}, {"type": "Feature", "geometry": {"type": "Point", "coordinates": [-1019835.683600001, 4680164.518299997]}, "properties": {"OBJECTID": 173221, "COD_SIG": null, "IDTIPO": null, "NOME": "LIGA\u00c7OES", "REGEND": "019220", "MORADA": "LAPA (R DA)", "NUM_POLICIA": "104 B", "FREGUESIA": "113", "LOCALIDADE": null, "COD_POST_4": null, "COD_POST_3": null, "COM_INT_ID": null, "COD_ACT_ECON": "21527", "DESC_ACT_ECON": "Telecomunica\u00e7\u00f5es", "ANO": 1996, "TIPO": "Retalho", "LOCALIZACAO": "Isolado", "C_INTEGRADO": null, "EMPRESA": "MARIA ISABEL SILVEIRA MENDES RODRIGUES MOURA", "GlobalID": "13189184-a8dd-48d1-b719-da26f73ec1ca"}}, {"type": "Feature", "geometry": {"type": "Point", "coordinates": [-1019934.1072000004, 4680432.091700003]}, "properties": {"OBJECTID": 173230, "COD_SIG": null, "IDTIPO": null, "NOME": "B.B.S.", "REGEND": "019218", "MORADA": "S CIRO (R DE)", "NUM_POLICIA": "28 A", "FREGUESIA": "113", "LOCALIDADE": null, "COD_POST_4": null, "COD_POST_3": null, "COM_INT_ID": null, "COD_ACT_ECON": "11012", "DESC_ACT_ECON": "Produtos Congelados", "ANO": 1996, "TIPO": "Retalho", "LOCALIZACAO": "Isolado", "C_INTEGRADO": null, "EMPRESA": "MARIA ISABEL SILVEIRA MENDES RODRIGUES MOURA", "GlobalID": "001f8d61-9c2d-49d9-9cb0-6feffbe46a2a"}}, {"type": "Feature", "geometry": {"type": "Point", "coordinates": [-1018411.1226999983, 4684674.423699997]}, "properties": {"OBJECTID": 173250, "COD_SIG": null, "IDTIPO": null, "NOME": "SALFINO", "REGEND": "019722", "MORADA": "CINCO DE OUTUBRO (AV)", "NUM_POLICIA": "172 A", "FREGUESIA": "106", "LOCALIDADE": null, "COD_POST_4": null, "COD_POST_3": null, "COM_INT_ID": null, "COD_ACT_ECON": "51203", "DESC_ACT_ECON": "\"SNACK-BAR\" - 3\u00aa CATEGORIA", "ANO": 1996, "TIPO": "Restaura\u00e7\u00e3o e Bebidas", "LOCALIZACAO": "Isolado", "C_INTEGRADO": null, "EMPRESA": "MARIA ISABEL SILVEIRA MENDES RODRIGUES MOURA", "GlobalID": "9e5a57ec-53bd-4ab4-8d5e-a3b31de9c766"}}, {"type": "Feature", "geometry": {"type": "Point", "coordinates": [-1017180.131000001, 4680683.869900003]}, "properties": {"OBJECTID": 173302, "COD_SIG": null, "IDTIPO": null, "NOME": "KIDCOOL", "REGEND": "019753", "MORADA": "FIGUEIRA (PR DA)", "NUM_POLICIA": "16 B", "FREGUESIA": "121", "LOCALIDADE": null, "COD_POST_4": null, "COD_POST_3": null, "COM_INT_ID": null, "COD_ACT_ECON": "21104", "DESC_ACT_ECON": "Artigos Vestu\u00e1rio Crian\u00e7a", "ANO": 1996, "TIPO": "Retalho", "LOCALIZACAO": "Isolado", "C_INTEGRADO": null, "EMPRESA": "NASON - GESTAO IMOBILIARIA, LDA", "GlobalID": "70add0ff-53d3-4bec-a43d-1380d85c8851"}}, {"type": "Feature", "geometry": {"type": "Point", "coordinates": [-1017393.0694999993, 4680211.1633]}, "properties": {"OBJECTID": 173339, "COD_SIG": null, "IDTIPO": null, "NOME": "FOTOVIDEO", "REGEND": "019271", "MORADA": "NOVA DO ALMADA (R)", "NUM_POLICIA": "51", "FREGUESIA": "121", "LOCALIDADE": null, "COD_POST_4": null, "COD_POST_3": null, "COM_INT_ID": null, "COD_ACT_ECON": "21412", "DESC_ACT_ECON": "Material Fotogr\u00e1fico,Cinema", "ANO": 1996, "TIPO": "Retalho", "LOCALIZACAO": "Isolado", "C_INTEGRADO": null, "EMPRESA": "MARIA ISABEL SILVEIRA MENDES RODRIGUES MOURA", "GlobalID": "82a982ff-b02e-4dbe-8712-e2f4832e8c2a"}}, {"type": "Feature", "geometry": {"type": "Point", "coordinates": [-1015473.2908999994, 4687313.070100002]}, "properties": {"OBJECTID": 173356, "COD_SIG": null, "IDTIPO": null, "NOME": "MANUEL DUARTE DA CRUZ, LDA", "REGEND": "019289", "MORADA": "PEDRO JOS\u00c9 PEZERAT (R)", "NUM_POLICIA": "LT 232 LJ109", "FREGUESIA": "115", "LOCALIDADE": "LISBOA", "COD_POST_4": "1900", "COD_POST_3": "788", "COM_INT_ID": null, "COD_ACT_ECON": "12003", "DESC_ACT_ECON": "Mini-Mercados/Auto-Servi\u00e7os", "ANO": 1996, "TIPO": "Retalho", "LOCALIZACAO": "Isolado", "C_INTEGRADO": null, "EMPRESA": "MARIA ISABEL SILVEIRA MENDES RODRIGUES MOURA", "GlobalID": "9c9eface-def5-460c-92c7-3d8445ab2ded"}}, {"type": "Feature", "geometry": {"type": "Point", "coordinates": [-1016967.7558000013, 4681277.374300003]}, "properties": {"OBJECTID": 173387, "COD_SIG": null, "IDTIPO": null, "NOME": "SICALMA", "REGEND": "019578", "MORADA": "PALMA (R DA)", "NUM_POLICIA": "208/212", "FREGUESIA": "121", "LOCALIDADE": null, "COD_POST_4": null, "COD_POST_3": null, "COM_INT_ID": 216, "COD_ACT_ECON": "11002", "DESC_ACT_ECON": "Talhos", "ANO": 1996, "TIPO": "Retalho", "LOCALIZACAO": "Integrado - outro", "C_INTEGRADO": "SUPERMERCADO MUNDO NOVO", "EMPRESA": "SICALMA - SOCIEDADE IND.E COM\u00c9RCIO DE CARNES , LDA", "GlobalID": "26ec8f0f-0e97-4dac-9257-0753ccc4c34e"}}, {"type": "Feature", "geometry": {"type": "Point", "coordinates": [-1026797.9503999986, 4678083.048299998]}, "properties": {"OBJECTID": 173444, "COD_SIG": null, "IDTIPO": null, "NOME": "AUTODOCA", "REGEND": "019544", "MORADA": "BRAS\u00cdLIA (AV DE)", "NUM_POLICIA": "DOCA PESCA", "FREGUESIA": "108", "LOCALIDADE": null, "COD_POST_4": null, "COD_POST_3": null, "COM_INT_ID": null, "COD_ACT_ECON": "21509", "DESC_ACT_ECON": "Combust\u00edveis Ve\u00edculos Autom\u00f3veis", "ANO": 1996, "TIPO": "Retalho", "LOCALIZACAO": "Isolado", "C_INTEGRADO": null, "EMPRESA": "AUTODOCA-SOCIEDADE REVENDEDORA DE COMBUSTIVEIS, LDA", "GlobalID": "82abef88-bf9e-4a40-bde4-7919bfda3586"}}, {"type": "Feature", "geometry": {"type": "Point", "coordinates": [-1016467.9932000004, 4683460.185000002]}, "properties": {"OBJECTID": 173461, "COD_SIG": null, "IDTIPO": null, "NOME": "SARAIVA E NEVES", "REGEND": "019385", "MORADA": "MORAIS SOARES (R)", "NUM_POLICIA": "93 A", "FREGUESIA": "119", "LOCALIDADE": null, "COD_POST_4": null, "COD_POST_3": null, "COM_INT_ID": 72, "COD_ACT_ECON": "11012", "DESC_ACT_ECON": "Produtos Congelados", "ANO": 1996, "TIPO": "Retalho", "LOCALIZACAO": "Integrado - outro", "C_INTEGRADO": "CENTRO COMERCIAL GALERIA 80", "EMPRESA": "SARAIVA & NEVES COM\u00c9RCIO DE PROD. ALIM. CONGELADOS E FRESCOS, LDA", "GlobalID": "1749b90f-ef28-4537-9168-ff6b2e77a46e"}}, {"type": "Feature", "geometry": {"type": "Point", "coordinates": [-1015986.3625999987, 4681660.8386999965]}, "properties": {"OBJECTID": 173520, "COD_SIG": null, "IDTIPO": null, "NOME": "CALINAS", "REGEND": "019673", "MORADA": "BELA VISTA (R DA) \u00c0 GRA\u00c7A", "NUM_POLICIA": "81 A", "FREGUESIA": "124", "LOCALIDADE": null, "COD_POST_4": null, "COD_POST_3": null, "COM_INT_ID": null, "COD_ACT_ECON": "51203", "DESC_ACT_ECON": "\"SNACK-BAR\" - 3\u00aa CATEGORIA", "ANO": 1996, "TIPO": "Restaura\u00e7\u00e3o e Bebidas", "LOCALIZACAO": "Isolado", "C_INTEGRADO": null, "EMPRESA": "MARIA ISABEL SILVEIRA MENDES RODRIGUES MOURA", "GlobalID": "b01a0999-7d49-40ac-b927-d854efbf2b2f"}}, {"type": "Feature", "geometry": {"type": "Point", "coordinates": [-1021149.8416999988, 4688558.537100002]}, "properties": {"OBJECTID": 173525, "COD_SIG": null, "IDTIPO": null, "NOME": "BURGER KING", "REGEND": "019646", "MORADA": "PROJECTADA (R) \u00c0 AZ DOS ULMEIROS", "NUM_POLICIA": null, "FREGUESIA": "114", "LOCALIDADE": null, "COD_POST_4": null, "COD_POST_3": null, "COM_INT_ID": 79, "COD_ACT_ECON": "51107", "DESC_ACT_ECON": "RESTAURANTE - 3\u00aa CATEGORIA", "ANO": 1996, "TIPO": "Restaura\u00e7\u00e3o e Bebidas", "LOCALIZACAO": "Integrado - outro", "C_INTEGRADO": "CENTRO COMERCIAL PINGO DOCE", "EMPRESA": "MARIA ISABEL SILVEIRA MENDES RODRIGUES MOURA", "GlobalID": "c1b09f1e-15f8-4d20-ac71-3e4c3b258a4e"}}, {"type": "Feature", "geometry": {"type": "Point", "coordinates": [-1024066.4715999998, 4686039.090400003]}, "properties": {"OBJECTID": 173532, "COD_SIG": null, "IDTIPO": null, "NOME": "PATEO DA COMIDA", "REGEND": "019654", "MORADA": "BENFICA (EST DE)", "NUM_POLICIA": "576", "FREGUESIA": "109", "LOCALIDADE": null, "COD_POST_4": null, "COD_POST_3": null, "COM_INT_ID": null, "COD_ACT_ECON": "51403", "DESC_ACT_ECON": "OUTROS EST. COMIDAS REFEI\u00c7\u00d5ES - 3\u00aa CAT.", "ANO": 1996, "TIPO": "Restaura\u00e7\u00e3o e Bebidas", "LOCALIZACAO": "Isolado", "C_INTEGRADO": null, "EMPRESA": "MARIA ISABEL SILVEIRA MENDES RODRIGUES MOURA", "GlobalID": "3a84c003-6e8b-44d8-8670-4a8209eb3a29"}}, {"type": "Feature", "geometry": {"type": "Point", "coordinates": [-1023101.4362000003, 4685746.913900003]}, "properties": {"OBJECTID": 173535, "COD_SIG": null, "IDTIPO": null, "NOME": "COLA E COMPANHIA", "REGEND": "019657", "MORADA": "BENFICA (EST DE)", "NUM_POLICIA": "503", "FREGUESIA": "109", "LOCALIDADE": null, "COD_POST_4": null, "COD_POST_3": null, "COM_INT_ID": 71, "COD_ACT_ECON": "51107", "DESC_ACT_ECON": "RESTAURANTE - 3\u00aa CATEGORIA", "ANO": 1996, "TIPO": "Restaura\u00e7\u00e3o e Bebidas", "LOCALIZACAO": "Integrado - outro", "C_INTEGRADO": "CENTRO COMERCIAL FONTE NOVA", "EMPRESA": "DONA EMPADA INDUSTRIA HOTELEIRA, LDA", "GlobalID": "b48f5dd7-f497-4f07-ad11-74866c6fc034"}}, {"type": "Feature", "geometry": {"type": "Point", "coordinates": [-1024980.8808000013, 4678174.030699998]}, "properties": {"OBJECTID": 173563, "COD_SIG": null, "IDTIPO": null, "NOME": "PROPATINS", "REGEND": "019599", "MORADA": "Rua Bartolomeu Dias", "NUM_POLICIA": "CCB", "FREGUESIA": "108", "LOCALIDADE": "LISBOA                         ", "COD_POST_4": "1400", "COD_POST_3": "026", "COM_INT_ID": 217, "COD_ACT_ECON": "21406", "DESC_ACT_ECON": "Artigos De Desporto", "ANO": 1996, "TIPO": "Retalho", "LOCALIZACAO": "Integrado - outro", "C_INTEGRADO": "CENTRO CULTURAL DE BEL\u00c9M", "EMPRESA": "MARIA ISABEL SILVEIRA MENDES RODRIGUES MOURA", "GlobalID": "a3d7155c-aca8-449d-a645-a0583d8a350e"}}, {"type": "Feature", "geometry": {"type": "Point", "coordinates": [-1021149.8416999988, 4688558.537100002]}, "properties": {"OBJECTID": 173614, "COD_SIG": null, "IDTIPO": null, "NOME": "CAF YOG", "REGEND": "019648", "MORADA": "PROJECTADA (R) \u00c0 AZ DOS ULMEIROS", "NUM_POLICIA": null, "FREGUESIA": "114", "LOCALIDADE": "LISBOA                         ", "COD_POST_4": "1600", "COD_POST_3": "776", "COM_INT_ID": 79, "COD_ACT_ECON": "52504", "DESC_ACT_ECON": "GELATARIA - 3\u00aa CATEGORIA", "ANO": 1996, "TIPO": "Restaura\u00e7\u00e3o e Bebidas", "LOCALIZACAO": "Integrado - outro", "C_INTEGRADO": "CENTRO COMERCIAL PINGO DOCE", "EMPRESA": "MARIA ISABEL SILVEIRA MENDES RODRIGUES MOURA", "GlobalID": "c15eed78-7fc2-427c-b826-c9d145c7b676"}}, {"type": "Feature", "geometry": {"type": "Point", "coordinates": [-1017092.1154000014, 4680211.458800003]}, "properties": {"OBJECTID": 173650, "COD_SIG": null, "IDTIPO": null, "NOME": "ESTREIA", "REGEND": "019732", "MORADA": "PRATA (R)", "NUM_POLICIA": "77/79", "FREGUESIA": "121", "LOCALIDADE": "LISBOA", "COD_POST_4": "1100", "COD_POST_3": "414", "COM_INT_ID": null, "COD_ACT_ECON": "21103", "DESC_ACT_ECON": "Artigos Vestu\u00e1rio Senhora (Boutique)", "ANO": 1996, "TIPO": "Retalho", "LOCALIZACAO": "Isolado", "C_INTEGRADO": null, "EMPRESA": "ESTREIA COM\u00c9RCIO DE CONFEC\u00c7\u00d5ES, LDA", "GlobalID": "84e98380-261a-4f37-956e-b3f17b76a137"}}, {"type": "Feature", "geometry": {"type": "Point", "coordinates": [-1016135.3099000007, 4682416.427699998]}, "properties": {"OBJECTID": 173653, "COD_SIG": null, "IDTIPO": null, "NOME": "FERREIRA FERNANDES E COSTA", "REGEND": "019734", "MORADA": "CASTELO BRANCO SARAIVA (R)", "NUM_POLICIA": "3 A", "FREGUESIA": "119", "LOCALIDADE": null, "COD_POST_4": null, "COD_POST_3": null, "COM_INT_ID": null, "COD_ACT_ECON": "51109", "DESC_ACT_ECON": "RESTAURANTE - CASA DE PASTO", "ANO": 1996, "TIPO": "Restaura\u00e7\u00e3o e Bebidas", "LOCALIZACAO": "Isolado", "C_INTEGRADO": null, "EMPRESA": "MARIA ISABEL SILVEIRA MENDES RODRIGUES MOURA", "GlobalID": "244b170e-6384-43e2-b013-a556a96ff8d1"}}, {"type": "Feature", "geometry": {"type": "Point", "coordinates": [-1016112.8416999988, 4682400.365800001]}, "properties": {"OBJECTID": 173658, "COD_SIG": null, "IDTIPO": null, "NOME": "SNACK-BAR PRESIDENTE", "REGEND": "019719", "MORADA": "Rua Castelo Branco Saraiva", "NUM_POLICIA": "28B", "FREGUESIA": "119", "LOCALIDADE": null, "COD_POST_4": "1170", "COD_POST_3": "082", "COM_INT_ID": null, "COD_ACT_ECON": "51203", "DESC_ACT_ECON": "\"SNACK-BAR\" - 3\u00aa CATEGORIA", "ANO": 1996, "TIPO": "Restaura\u00e7\u00e3o e Bebidas", "LOCALIZACAO": "Isolado", "C_INTEGRADO": null, "EMPRESA": "MARIA ISABEL SILVEIRA MENDES RODRIGUES MOURA", "GlobalID": "3103f290-8ce4-4d3b-afce-79cbab4ee358"}}, {"type": "Feature", "geometry": {"type": "Point", "coordinates": [-1016953.9384999983, 4681535.850199997]}, "properties": {"OBJECTID": 173700, "COD_SIG": null, "IDTIPO": null, "NOME": "FRUTAL GAL COM MINIPRE\u00c7O", "REGEND": "019490", "MORADA": "PALMA (R DA)", "NUM_POLICIA": "276 A/B", "FREGUESIA": "121", "LOCALIDADE": null, "COD_POST_4": null, "COD_POST_3": null, "COM_INT_ID": 215, "COD_ACT_ECON": "11006", "DESC_ACT_ECON": "Frutarias", "ANO": 1996, "TIPO": "Retalho", "LOCALIZACAO": "Integrado - outro", "C_INTEGRADO": "MINIPRE\u00c7O", "EMPRESA": "MARIA ISABEL SILVEIRA MENDES RODRIGUES MOURA", "GlobalID": "2942c202-8fbf-483d-93e0-9d1887e03e97"}}, {"type": "Feature", "geometry": {"type": "Point", "coordinates": [-1020004.1926999986, 4689077.013400003]}, "properties": {"OBJECTID": 173714, "COD_SIG": null, "IDTIPO": null, "NOME": "LUMIARENSE AUTO-PE\u00c7AS", "REGEND": "019231", "MORADA": "LU\u00cdS DE FREITAS BRANCO (R)", "NUM_POLICIA": "34 B", "FREGUESIA": "114", "LOCALIDADE": null, "COD_POST_4": null, "COD_POST_3": null, "COM_INT_ID": null, "COD_ACT_ECON": "21508", "DESC_ACT_ECON": "Acess\u00f3rios P/ Ve\u00edculos Excepto Motociclos", "ANO": 1996, "TIPO": "Retalho", "LOCALIZACAO": "Isolado", "C_INTEGRADO": null, "EMPRESA": "MARIA ISABEL SILVEIRA MENDES RODRIGUES MOURA", "GlobalID": "b7617957-8278-4b5e-8971-c70abc590801"}}, {"type": "Feature", "geometry": {"type": "Point", "coordinates": [-1021149.8416999988, 4688558.537100002]}, "properties": {"OBJECTID": 173715, "COD_SIG": null, "IDTIPO": null, "NOME": "REAL COMPANHIA DO BEBE", "REGEND": "019189", "MORADA": "PROJECTADA (R) \u00c0 AZ DOS ULMEIROS", "NUM_POLICIA": null, "FREGUESIA": "114", "LOCALIDADE": null, "COD_POST_4": null, "COD_POST_3": null, "COM_INT_ID": 79, "COD_ACT_ECON": "21105", "DESC_ACT_ECON": "Roupa B\u00e9b\u00e9", "ANO": 1996, "TIPO": "Retalho", "LOCALIZACAO": "Integrado - outro", "C_INTEGRADO": "CENTRO COMERCIAL PINGO DOCE", "EMPRESA": "MARIA ISABEL SILVEIRA MENDES RODRIGUES MOURA", "GlobalID": "ea7d5a64-f96f-49a5-9107-d2b49580a770"}}, {"type": "Feature", "geometry": {"type": "Point", "coordinates": [-1018430.8933999985, 4682391.797799997]}, "properties": {"OBJECTID": 173717, "COD_SIG": null, "IDTIPO": null, "NOME": "MARIA TOMASIA GASPAR LOPES", "REGEND": "019192", "MORADA": "DUQUE DE LOUL\u00c9 (AV)", "NUM_POLICIA": "FRT N\u00ba 117 A", "FREGUESIA": "122", "LOCALIDADE": "LISBOA", "COD_POST_4": "1050", "COD_POST_3": "089", "COM_INT_ID": null, "COD_ACT_ECON": "21403", "DESC_ACT_ECON": "Tabacaria", "ANO": 1996, "TIPO": "Retalho", "LOCALIZACAO": "Isolado", "C_INTEGRADO": null, "EMPRESA": "MARIA ISABEL SILVEIRA MENDES RODRIGUES MOURA", "GlobalID": "8a269d39-5a56-4aff-b13f-45fd8349214e"}}, {"type": "Feature", "geometry": {"type": "Point", "coordinates": [-1014028.0148000009, 4686236.593599997]}, "properties": {"OBJECTID": 173752, "COD_SIG": null, "IDTIPO": null, "NOME": "CARRISCOOP", "REGEND": "019710", "MORADA": "PROF LOPO DE CARVALHO (R)", "NUM_POLICIA": "7", "FREGUESIA": "115", "LOCALIDADE": null, "COD_POST_4": null, "COD_POST_3": null, "COM_INT_ID": null, "COD_ACT_ECON": "52199", "DESC_ACT_ECON": "CAF\u00c9/PASTELARIA - (SEM CATEGORIA)", "ANO": 1996, "TIPO": "Restaura\u00e7\u00e3o e Bebidas", "LOCALIZACAO": "Isolado", "C_INTEGRADO": null, "EMPRESA": "MARIA ISABEL SILVEIRA MENDES RODRIGUES MOURA", "GlobalID": "a2da4fa9-2e8d-4b32-b158-5a4c4bef9784"}}, {"type": "Feature", "geometry": {"type": "Point", "coordinates": [-1017694.4818000011, 4679971.402800001]}, "properties": {"OBJECTID": 173796, "COD_SIG": null, "IDTIPO": null, "NOME": "CHEZ DEGROOTE", "REGEND": "019688", "MORADA": "DUQUES DE BRAGAN\u00c7A (R DOS)", "NUM_POLICIA": "5 L/M", "FREGUESIA": "121", "LOCALIDADE": null, "COD_POST_4": null, "COD_POST_3": null, "COM_INT_ID": null, "COD_ACT_ECON": "51107", "DESC_ACT_ECON": "RESTAURANTE - 3\u00aa CATEGORIA", "ANO": 1996, "TIPO": "Restaura\u00e7\u00e3o e Bebidas", "LOCALIZACAO": "Isolado", "C_INTEGRADO": null, "EMPRESA": "GOMES DE S\u00c1 & MARQUES, LDA", "GlobalID": "dc2b2e47-a54a-4d59-8824-3e22ee7b21ab"}}, {"type": "Feature", "geometry": {"type": "Point", "coordinates": [-1021149.8416999988, 4688558.537100002]}, "properties": {"OBJECTID": 173817, "COD_SIG": null, "IDTIPO": null, "NOME": "TUDO NATURAL", "REGEND": "019205", "MORADA": "PROJECTADA (R) \u00c0 AZ DOS ULMEIROS", "NUM_POLICIA": null, "FREGUESIA": "114", "LOCALIDADE": null, "COD_POST_4": null, "COD_POST_3": null, "COM_INT_ID": 79, "COD_ACT_ECON": "21302", "DESC_ACT_ECON": "Perfumarias", "ANO": 1996, "TIPO": "Retalho", "LOCALIZACAO": "Integrado - outro", "C_INTEGRADO": "CENTRO COMERCIAL PINGO DOCE", "EMPRESA": "MARIA ISABEL SILVEIRA MENDES RODRIGUES MOURA", "GlobalID": "ba341970-18b2-4863-a15a-0e7ed5f79bc3"}}, {"type": "Feature", "geometry": {"type": "Point", "coordinates": [-1016327.8660000004, 4681637.828100003]}, "properties": {"OBJECTID": 173822, "COD_SIG": null, "IDTIPO": null, "NOME": "FERNANDO DUARTE SANTOS", "REGEND": "019204", "MORADA": "GRA\u00c7A (R DA)", "NUM_POLICIA": "FRT N\u00ba 72", "FREGUESIA": "124", "LOCALIDADE": null, "COD_POST_4": null, "COD_POST_3": null, "COM_INT_ID": null, "COD_ACT_ECON": "21403", "DESC_ACT_ECON": "Tabacaria", "ANO": 1996, "TIPO": "Retalho", "LOCALIZACAO": "Isolado", "C_INTEGRADO": null, "EMPRESA": "MARIA ISABEL SILVEIRA MENDES RODRIGUES MOURA", "GlobalID": "121f2f61-b39c-4a26-bfa5-1d79cd61479d"}}, {"type": "Feature", "geometry": {"type": "Point", "coordinates": [-1020575.5425999984, 4687493.835199997]}, "properties": {"OBJECTID": 173838, "COD_SIG": null, "IDTIPO": null, "NOME": "AZUL E BEGE", "REGEND": "019297", "MORADA": "PROF M\u00c1RIO CHICO (R)", "NUM_POLICIA": "2 G", "FREGUESIA": "114", "LOCALIDADE": null, "COD_POST_4": null, "COD_POST_3": null, "COM_INT_ID": null, "COD_ACT_ECON": "21205", "DESC_ACT_ECON": "Roupa/Lar", "ANO": 1996, "TIPO": "Retalho", "LOCALIZACAO": "Isolado", "C_INTEGRADO": null, "EMPRESA": "MARIA ISABEL SILVEIRA MENDES RODRIGUES MOURA", "GlobalID": "70725760-6342-44b1-9e5e-79bdb2074eca"}}, {"type": "Feature", "geometry": {"type": "Point", "coordinates": [-1014594.6253999993, 4686303.637199998]}, "properties": {"OBJECTID": 173840, "COD_SIG": null, "IDTIPO": null, "NOME": "O MARTELINHO DAS ANAS", "REGEND": "019301", "MORADA": "DR AUGUSTO DE CASTRO (AV)", "NUM_POLICIA": "LG VIADUTO", "FREGUESIA": "115", "LOCALIDADE": null, "COD_POST_4": null, "COD_POST_3": null, "COM_INT_ID": null, "COD_ACT_ECON": "21501", "DESC_ACT_ECON": "Materiais Constru\u00e7\u00e3o,Metais E Ferragens", "ANO": 1996, "TIPO": "Retalho", "LOCALIZACAO": "Isolado", "C_INTEGRADO": null, "EMPRESA": "MARIA ISABEL SILVEIRA MENDES RODRIGUES MOURA", "GlobalID": "ad1c5ce1-dce0-4e38-9220-62ee7a8b6870"}}, {"type": "Feature", "geometry": {"type": "Point", "coordinates": [-1021031.7714999989, 4688130.0309000015]}, "properties": {"OBJECTID": 173845, "COD_SIG": null, "IDTIPO": null, "NOME": "COMPANHIA DO MOVEL", "REGEND": "019284", "MORADA": "PROF PRADO COELHO (R)", "NUM_POLICIA": "19 A", "FREGUESIA": "114", "LOCALIDADE": null, "COD_POST_4": null, "COD_POST_3": null, "COM_INT_ID": null, "COD_ACT_ECON": "21202", "DESC_ACT_ECON": "Artigos Diversos Lar/Decora\u00e7\u00e3o", "ANO": 1996, "TIPO": "Retalho", "LOCALIZACAO": "Isolado", "C_INTEGRADO": null, "EMPRESA": "MARIA ISABEL SILVEIRA MENDES RODRIGUES MOURA", "GlobalID": "9673e737-5dc2-44a6-8744-6c849cbb3982"}}, {"type": "Feature", "geometry": {"type": "Point", "coordinates": [-1013553.8073999994, 4684747.6796]}, "properties": {"OBJECTID": 173846, "COD_SIG": null, "IDTIPO": null, "NOME": "MARIA ALCINA SOUSA CARDOSO", "REGEND": "019712", "MORADA": "MARVILA (R DE)", "NUM_POLICIA": "7 A", "FREGUESIA": "115", "LOCALIDADE": null, "COD_POST_4": null, "COD_POST_3": null, "COM_INT_ID": null, "COD_ACT_ECON": "52104", "DESC_ACT_ECON": "CAFE/PASTELARIA - 3\u00aa CATEGORIA", "ANO": 1996, "TIPO": "Restaura\u00e7\u00e3o e Bebidas", "LOCALIZACAO": "Isolado", "C_INTEGRADO": null, "EMPRESA": "MARIA ISABEL SILVEIRA MENDES RODRIGUES MOURA", "GlobalID": "784b7247-0e40-45e7-a502-aea7df875151"}}, {"type": "Feature", "geometry": {"type": "Point", "coordinates": [-1024980.8808000013, 4678174.030699998]}, "properties": {"OBJECTID": 173886, "COD_SIG": null, "IDTIPO": null, "NOME": "LARTENAUTICA", "REGEND": "019595", "MORADA": "IMP\u00c9RIO (PR DO)", "NUM_POLICIA": "C.C.B.", "FREGUESIA": "108", "LOCALIDADE": "LISBOA                         ", "COD_POST_4": "1449", "COD_POST_3": "003", "COM_INT_ID": 217, "COD_ACT_ECON": "21526", "DESC_ACT_ECON": "Outros N.E.(C.N.Alim. Diversos)", "ANO": 1996, "TIPO": "Retalho", "LOCALIZACAO": "Integrado - outro", "C_INTEGRADO": "CENTRO CULTURAL DE BEL\u00c9M", "EMPRESA": "MARIA ISABEL SILVEIRA MENDES RODRIGUES MOURA", "GlobalID": "0bddf832-9d69-4d7d-843a-47cec93eb994"}}, {"type": "Feature", "geometry": {"type": "Point", "coordinates": [-1020528.2703000009, 4679659.186499998]}, "properties": {"OBJECTID": 173909, "COD_SIG": null, "IDTIPO": null, "NOME": "A CANDEIA", "REGEND": "019745", "MORADA": "INFANTE SANTO (AV)", "NUM_POLICIA": "32 D", "FREGUESIA": "113", "LOCALIDADE": "LISBOA", "COD_POST_4": "1350", "COD_POST_3": "179", "COM_INT_ID": null, "COD_ACT_ECON": "51107", "DESC_ACT_ECON": "RESTAURANTE - 3\u00aa CATEGORIA", "ANO": 1996, "TIPO": "Restaura\u00e7\u00e3o e Bebidas", "LOCALIZACAO": "Isolado", "C_INTEGRADO": null, "EMPRESA": "GALAXA & FRIAS, LDA", "GlobalID": "65ad2e60-0df5-4baa-b244-c44d5a64b94b"}}, {"type": "Feature", "geometry": {"type": "Point", "coordinates": [-1017585.6011000015, 4680569.479699999]}, "properties": {"OBJECTID": 173912, "COD_SIG": null, "IDTIPO": null, "NOME": "ANT\u00d3NIO IN\u00c1CIO", "REGEND": "019748", "MORADA": "Rua da Condessa", "NUM_POLICIA": "11", "FREGUESIA": "121", "LOCALIDADE": "LISBOA", "COD_POST_4": "1200", "COD_POST_3": "120", "COM_INT_ID": null, "COD_ACT_ECON": "51403", "DESC_ACT_ECON": "OUTROS EST. COMIDAS REFEI\u00c7\u00d5ES - 3\u00aa CAT.", "ANO": 1996, "TIPO": "Restaura\u00e7\u00e3o e Bebidas", "LOCALIZACAO": "Isolado", "C_INTEGRADO": null, "EMPRESA": "ANT\u00d3NIO IN\u00c1CIO", "GlobalID": "174a9b58-b64e-4e50-962b-4f1e325d709e"}}, {"type": "Feature", "geometry": {"type": "Point", "coordinates": [-1017334.4675999992, 4680635.903099999]}, "properties": {"OBJECTID": 173918, "COD_SIG": null, "IDTIPO": null, "NOME": "AUTHENTIK", "REGEND": "019754", "MORADA": "D PEDRO IV (PR DE) ROSSIO", "NUM_POLICIA": "4/5", "FREGUESIA": "121", "LOCALIDADE": "LISBOA", "COD_POST_4": "1100", "COD_POST_3": "199", "COM_INT_ID": null, "COD_ACT_ECON": "21101", "DESC_ACT_ECON": "Artigos Vestu\u00e1rio Diverso (Misto)", "ANO": 1996, "TIPO": "Retalho", "LOCALIZACAO": "Isolado", "C_INTEGRADO": null, "EMPRESA": "ENTRE CORAIS TUBAROES CONFEC\u00c7OES SA", "GlobalID": "346c7b22-2da7-4e17-84a5-de73c24260da"}}, {"type": "Feature", "geometry": {"type": "Point", "coordinates": [-1017162.1110000014, 4680633.430399999]}, "properties": {"OBJECTID": 173924, "COD_SIG": null, "IDTIPO": null, "NOME": "PARAISO INFANTIL", "REGEND": "019756", "MORADA": "DOURADORES (R DOS)", "NUM_POLICIA": "167/169", "FREGUESIA": "121", "LOCALIDADE": "LISBOA                         ", "COD_POST_4": "1100", "COD_POST_3": "205", "COM_INT_ID": null, "COD_ACT_ECON": "21412", "DESC_ACT_ECON": "Material Fotogr\u00e1fico,Cinema", "ANO": 1996, "TIPO": "Retalho", "LOCALIZACAO": "Isolado", "C_INTEGRADO": null, "EMPRESA": "MARIA ISABEL SILVEIRA MENDES RODRIGUES MOURA", "GlobalID": "1a451095-2624-4e0e-8699-04bf3c3dae69"}}, {"type": "Feature", "geometry": {"type": "Point", "coordinates": [-1017269.6807999983, 4680329.484700002]}, "properties": {"OBJECTID": 173935, "COD_SIG": null, "IDTIPO": null, "NOME": "JOSE CERQUEIRA COELHO", "REGEND": "019771", "MORADA": "VIT\u00d3RIA (R DA)", "NUM_POLICIA": "FRT N\u00ba 67", "FREGUESIA": "121", "LOCALIDADE": "LISBOA                         ", "COD_POST_4": "1100", "COD_POST_3": "618", "COM_INT_ID": null, "COD_ACT_ECON": "21403", "DESC_ACT_ECON": "Tabacaria", "ANO": 1996, "TIPO": "Retalho", "LOCALIZACAO": "Isolado", "C_INTEGRADO": null, "EMPRESA": "MARIA ISABEL SILVEIRA MENDES RODRIGUES MOURA", "GlobalID": "f9186b07-d8a1-4b89-88f9-073d1e97cd2e"}}, {"type": "Feature", "geometry": {"type": "Point", "coordinates": [-1019314.9759999998, 4681607.263800003]}, "properties": {"OBJECTID": 173982, "COD_SIG": null, "IDTIPO": null, "NOME": "TIBIT", "REGEND": "019793", "MORADA": "SOL (R DO) AO RATO", "NUM_POLICIA": "10", "FREGUESIA": "110", "LOCALIDADE": null, "COD_POST_4": null, "COD_POST_3": null, "COM_INT_ID": null, "COD_ACT_ECON": "51403", "DESC_ACT_ECON": "OUTROS EST. COMIDAS REFEI\u00c7\u00d5ES - 3\u00aa CAT.", "ANO": 1996, "TIPO": "Restaura\u00e7\u00e3o e Bebidas", "LOCALIZACAO": "Isolado", "C_INTEGRADO": null, "EMPRESA": "MARIA ISABEL SILVEIRA MENDES RODRIGUES MOURA", "GlobalID": "4f10d976-a27b-4fe3-91c9-9d6855649a62"}}, {"type": "Feature", "geometry": {"type": "Point", "coordinates": [-1025698.7740000002, 4678071.751500003]}, "properties": {"OBJECTID": 174044, "COD_SIG": null, "IDTIPO": null, "NOME": "CAPA FI", "REGEND": "019543", "MORADA": "BARTOLOMEU DIAS (R)", "NUM_POLICIA": "111", "FREGUESIA": "108", "LOCALIDADE": null, "COD_POST_4": null, "COD_POST_3": null, "COM_INT_ID": null, "COD_ACT_ECON": "21402", "DESC_ACT_ECON": "Papelarias (Art. Escrit.,Jornais ..)", "ANO": 1996, "TIPO": "Retalho", "LOCALIZACAO": "Isolado", "C_INTEGRADO": null, "EMPRESA": "MARIA ISABEL SILVEIRA MENDES RODRIGUES MOURA", "GlobalID": "930aede3-90d4-4951-8b19-4905987f91ea"}}, {"type": "Feature", "geometry": {"type": "Point", "coordinates": [-1016234.1598999985, 4683383.048100002]}, "properties": {"OBJECTID": 174071, "COD_SIG": null, "IDTIPO": null, "NOME": "AUDILAR", "REGEND": "019384", "MORADA": "CARRILHO VIDEIRA (R)", "NUM_POLICIA": "57", "FREGUESIA": "119", "LOCALIDADE": null, "COD_POST_4": null, "COD_POST_3": null, "COM_INT_ID": null, "COD_ACT_ECON": "21211", "DESC_ACT_ECON": "Electrodom\u00e9sticos", "ANO": 1996, "TIPO": "Retalho", "LOCALIZACAO": "Isolado", "C_INTEGRADO": null, "EMPRESA": "AUDILAR - MOVEIS E ELECTRODOM\u00c9STICOS, LDA", "GlobalID": "954ab182-6c8b-4efa-ba55-1c55cf61f193"}}, {"type": "Feature", "geometry": {"type": "Point", "coordinates": [-1020031.9547999986, 4679456.949100003]}, "properties": {"OBJECTID": 174084, "COD_SIG": null, "IDTIPO": null, "NOME": "TABACARIA JARDIM DA ROCHA", "REGEND": "019399", "MORADA": "PRES ARRIAGA (R)", "NUM_POLICIA": "18/20", "FREGUESIA": "113", "LOCALIDADE": null, "COD_POST_4": null, "COD_POST_3": null, "COM_INT_ID": null, "COD_ACT_ECON": "21302", "DESC_ACT_ECON": "Perfumarias", "ANO": 1996, "TIPO": "Retalho", "LOCALIZACAO": "Isolado", "C_INTEGRADO": null, "EMPRESA": "MARIA ISABEL SILVEIRA MENDES RODRIGUES MOURA", "GlobalID": "eaddc80d-6996-4260-8124-90e1edc29210"}}, {"type": "Feature", "geometry": {"type": "Point", "coordinates": [-1024427.6744000018, 4686596.7465]}, "properties": {"OBJECTID": 174116, "COD_SIG": null, "IDTIPO": null, "NOME": "GALERIA DOS SONHOS", "REGEND": "019652", "MORADA": "Rua Jorge Barradas", "NUM_POLICIA": "39E", "FREGUESIA": "109", "LOCALIDADE": "LISBOA", "COD_POST_4": "1500", "COD_POST_3": "369", "COM_INT_ID": null, "COD_ACT_ECON": "52104", "DESC_ACT_ECON": "CAFE/PASTELARIA - 3\u00aa CATEGORIA", "ANO": 1996, "TIPO": "Restaura\u00e7\u00e3o e Bebidas", "LOCALIZACAO": "Isolado", "C_INTEGRADO": null, "EMPRESA": "MARIA ISABEL SILVEIRA MENDES RODRIGUES MOURA", "GlobalID": "cf1cfd11-eee2-4a6e-aec6-9ba7327edeee"}}, {"type": "Feature", "geometry": {"type": "Point", "coordinates": [-1016329.8918000013, 4681470.728399999]}, "properties": {"OBJECTID": 174124, "COD_SIG": null, "IDTIPO": null, "NOME": "SNACK-BAR MAXIBELA", "REGEND": "019672", "MORADA": "Rua da Gra\u00e7a", "NUM_POLICIA": "111", "FREGUESIA": "124", "LOCALIDADE": "LISBOA", "COD_POST_4": "1170", "COD_POST_3": "168", "COM_INT_ID": null, "COD_ACT_ECON": "51203", "DESC_ACT_ECON": "\"SNACK-BAR\" - 3\u00aa CATEGORIA", "ANO": 1996, "TIPO": "Restaura\u00e7\u00e3o e Bebidas", "LOCALIZACAO": "Isolado", "C_INTEGRADO": null, "EMPRESA": "GRA\u00c7A MARIA, RAMOS & SOUSA, LDA  ", "GlobalID": "8ee5cfd4-b76f-40dd-b597-b111b9e43d4e"}}, {"type": "Feature", "geometry": {"type": "Point", "coordinates": [-1016133.7756999992, 4682507.512699999]}, "properties": {"OBJECTID": 174145, "COD_SIG": null, "IDTIPO": null, "NOME": "CAF\u00c9 PASTELARIA MINOKA", "REGEND": "019733", "MORADA": "Avenida General Ro\u00e7adas", "NUM_POLICIA": "36C", "FREGUESIA": "119", "LOCALIDADE": "LISBOA", "COD_POST_4": "1170", "COD_POST_3": "163", "COM_INT_ID": null, "COD_ACT_ECON": "52104", "DESC_ACT_ECON": "CAFE/PASTELARIA - 3\u00aa CATEGORIA", "ANO": 1996, "TIPO": "Restaura\u00e7\u00e3o e Bebidas", "LOCALIZACAO": "Isolado", "C_INTEGRADO": null, "EMPRESA": "AUTO JOAQUIM SIM\u00d5ES NUNES, LDA", "GlobalID": "589c70bd-db1d-4090-b83d-0c6a6071f89b"}}, {"type": "Feature", "geometry": {"type": "Point", "coordinates": [-1019402.0029999986, 4685391.941600002]}, "properties": {"OBJECTID": 174147, "COD_SIG": null, "IDTIPO": null, "NOME": "A PROPOSITO", "REGEND": "019726", "MORADA": "FOR\u00c7AS ARMADAS (AV DAS)", "NUM_POLICIA": "101 C", "FREGUESIA": "106", "LOCALIDADE": null, "COD_POST_4": null, "COD_POST_3": null, "COM_INT_ID": null, "COD_ACT_ECON": "51203", "DESC_ACT_ECON": "\"SNACK-BAR\" - 3\u00aa CATEGORIA", "ANO": 1996, "TIPO": "Restaura\u00e7\u00e3o e Bebidas", "LOCALIZACAO": "Isolado", "C_INTEGRADO": null, "EMPRESA": "MARIA ISABEL SILVEIRA MENDES RODRIGUES MOURA", "GlobalID": "1eb63efb-e30f-409e-ad56-b755aa825664"}}, {"type": "Feature", "geometry": {"type": "Point", "coordinates": [-1019061.4774000011, 4682087.577]}, "properties": {"OBJECTID": 174166, "COD_SIG": null, "IDTIPO": null, "NOME": "FOREVA", "REGEND": "019618", "MORADA": "ARTILHARIA UM (R DE)", "NUM_POLICIA": "11", "FREGUESIA": "122", "LOCALIDADE": null, "COD_POST_4": null, "COD_POST_3": null, "COM_INT_ID": null, "COD_ACT_ECON": "21115", "DESC_ACT_ECON": "Sapatarias", "ANO": 1996, "TIPO": "Retalho", "LOCALIZACAO": "Isolado", "C_INTEGRADO": null, "EMPRESA": "FOREVA - Com\u00e9rcio de Cal\u00e7ado, SA", "GlobalID": "00b319b7-867a-4f1e-b850-cf5ae41b7c3c"}}, {"type": "Feature", "geometry": {"type": "Point", "coordinates": [-1017781.0872999988, 4680515.303300001]}, "properties": {"OBJECTID": 174179, "COD_SIG": null, "IDTIPO": null, "NOME": "O CARMO E A TRINDADE", "REGEND": "019405", "MORADA": "TRINDADE (L DA)", "NUM_POLICIA": "10", "FREGUESIA": "121", "LOCALIDADE": null, "COD_POST_4": null, "COD_POST_3": null, "COM_INT_ID": null, "COD_ACT_ECON": "21114", "DESC_ACT_ECON": "Marroquinaria E Artigos De Viagem", "ANO": 1996, "TIPO": "Retalho", "LOCALIZACAO": "Isolado", "C_INTEGRADO": null, "EMPRESA": "O CARMO E A TRINDADE - MATERIAL DID\u00c1TICO E DE ESCRIT\u00d3RIO, LDA", "GlobalID": "07706b56-3eec-4d1d-9098-f6477c5bec3c"}}, {"type": "Feature", "geometry": {"type": "Point", "coordinates": [-1017058.9567000009, 4681196.613600001]}, "properties": {"OBJECTID": 174192, "COD_SIG": null, "IDTIPO": null, "NOME": "LUANG ZHYING", "REGEND": "019494", "MORADA": "PALMA (R DA)", "NUM_POLICIA": "FRT CC.M.MON", "FREGUESIA": "121", "LOCALIDADE": null, "COD_POST_4": null, "COD_POST_3": null, "COM_INT_ID": null, "COD_ACT_ECON": "21403", "DESC_ACT_ECON": "Tabacaria", "ANO": 1996, "TIPO": "Retalho", "LOCALIZACAO": "Isolado", "C_INTEGRADO": null, "EMPRESA": "MARIA ISABEL SILVEIRA MENDES RODRIGUES MOURA", "GlobalID": "62574d93-1e46-491b-b79f-7972795ce4d3"}}, {"type": "Feature", "geometry": {"type": "Point", "coordinates": [-1024461.2212000005, 4686069.173699997]}, "properties": {"OBJECTID": 174215, "COD_SIG": null, "IDTIPO": null, "NOME": "BARBARA & PIERRE LUIGI", "REGEND": "019658", "MORADA": "BENFICA (EST DE)", "NUM_POLICIA": "727", "FREGUESIA": "109", "LOCALIDADE": null, "COD_POST_4": null, "COD_POST_3": null, "COM_INT_ID": 109, "COD_ACT_ECON": "51107", "DESC_ACT_ECON": "RESTAURANTE - 3\u00aa CATEGORIA", "ANO": 1996, "TIPO": "Restaura\u00e7\u00e3o e Bebidas", "LOCALIZACAO": "Integrado - outro", "C_INTEGRADO": "DRUGSTORE 75", "EMPRESA": "MARIA ISABEL SILVEIRA MENDES RODRIGUES MOURA", "GlobalID": "d8fcf88d-e31f-41a8-a459-21d1e6bbf51e"}}, {"type": "Feature", "geometry": {"type": "Point", "coordinates": [-1017439.7663999982, 4684808.663900003]}, "properties": {"OBJECTID": 174284, "COD_SIG": null, "IDTIPO": null, "NOME": "ERIKA", "REGEND": "019611", "MORADA": "JO\u00c3O XXI (AV)", "NUM_POLICIA": "51 B", "FREGUESIA": "104", "LOCALIDADE": "LISBOA", "COD_POST_4": "1000", "COD_POST_3": "299", "COM_INT_ID": null, "COD_ACT_ECON": "11014", "DESC_ACT_ECON": "Prod. Naturais(Diet.,Medicinais,Espec.)", "ANO": 1996, "TIPO": "Retalho", "LOCALIZACAO": "Isolado", "C_INTEGRADO": null, "EMPRESA": "MARIA ISABEL SILVEIRA MENDES RODRIGUES MOURA", "GlobalID": "54c4c298-5e4d-48b9-bb42-a95a13710002"}}, {"type": "Feature", "geometry": {"type": "Point", "coordinates": [-1015361.2824000008, 4681618.801700003]}, "properties": {"OBJECTID": 174306, "COD_SIG": null, "IDTIPO": null, "NOME": "MARIA CELESTE SOUSA CERQUEIRA", "REGEND": "019473", "MORADA": "BARBADINHOS (C DOS)", "NUM_POLICIA": "40 A", "FREGUESIA": "124", "LOCALIDADE": null, "COD_POST_4": null, "COD_POST_3": null, "COM_INT_ID": null, "COD_ACT_ECON": "21410", "DESC_ACT_ECON": "Pequenos Animais,Peixes Aqua.", "ANO": 1996, "TIPO": "Retalho", "LOCALIZACAO": "Isolado", "C_INTEGRADO": null, "EMPRESA": "MARIA ISABEL SILVEIRA MENDES RODRIGUES MOURA", "GlobalID": "d197aa40-9ce1-48fc-9212-07c44905ffcc"}}, {"type": "Feature", "geometry": {"type": "Point", "coordinates": [-1015692.7140999995, 4681611.3445999995]}, "properties": {"OBJECTID": 174307, "COD_SIG": null, "IDTIPO": null, "NOME": "LOJA DOS 300", "REGEND": "019475", "MORADA": "VALE DE ST ANT\u00d3NIO (R DO)", "NUM_POLICIA": "148 B", "FREGUESIA": "124", "LOCALIDADE": null, "COD_POST_4": null, "COD_POST_3": null, "COM_INT_ID": null, "COD_ACT_ECON": "22002", "DESC_ACT_ECON": "Bazares", "ANO": 1996, "TIPO": "Retalho", "LOCALIZACAO": "Isolado", "C_INTEGRADO": null, "EMPRESA": "MARIA ISABEL SILVEIRA MENDES RODRIGUES MOURA", "GlobalID": "3a859215-9a62-4551-9545-87aa0c4bd038"}}, {"type": "Feature", "geometry": {"type": "Point", "coordinates": [-1016566.311999999, 4680260.119400002]}, "properties": {"OBJECTID": 174318, "COD_SIG": null, "IDTIPO": null, "NOME": "ILIDIO JESUS CRUZ", "REGEND": "019637", "MORADA": "Rua de Augusto Rosa", "NUM_POLICIA": "22", "FREGUESIA": "121", "LOCALIDADE": "LISBOA", "COD_POST_4": "1100", "COD_POST_3": "059", "COM_INT_ID": null, "COD_ACT_ECON": "21207", "DESC_ACT_ECON": "M\u00f3veis Antigos/Antiguidades", "ANO": 1996, "TIPO": "Retalho", "LOCALIZACAO": "Isolado", "C_INTEGRADO": null, "EMPRESA": "MARIA ISABEL SILVEIRA MENDES RODRIGUES MOURA", "GlobalID": "cf0b5e90-c420-4d8f-a57b-46deeb348002"}}, {"type": "Feature", "geometry": {"type": "Point", "coordinates": [-1017375.3313999996, 4684832.146600001]}, "properties": {"OBJECTID": 174393, "COD_SIG": null, "IDTIPO": null, "NOME": "O MIMINHO", "REGEND": "019605", "MORADA": "JO\u00c3O XXI (AV)", "NUM_POLICIA": "43 A", "FREGUESIA": "104", "LOCALIDADE": null, "COD_POST_4": null, "COD_POST_3": null, "COM_INT_ID": 168, "COD_ACT_ECON": "21105", "DESC_ACT_ECON": "Roupa B\u00e9b\u00e9", "ANO": 1996, "TIPO": "Retalho", "LOCALIZACAO": "Integrado - outro", "C_INTEGRADO": "CENTRO COMERCIAL JO\u00c3O XXI", "EMPRESA": "MARIA ISABEL SILVEIRA MENDES RODRIGUES MOURA", "GlobalID": "ed905833-86d8-4f14-ab43-77929cc6780e"}}, {"type": "Feature", "geometry": {"type": "Point", "coordinates": [-1021031.2302000001, 4688150.926600002]}, "properties": {"OBJECTID": 174419, "COD_SIG": null, "IDTIPO": null, "NOME": "O TACHINHO", "REGEND": "019687", "MORADA": "PROF PRADO COELHO (R)", "NUM_POLICIA": "19 D", "FREGUESIA": "114", "LOCALIDADE": null, "COD_POST_4": null, "COD_POST_3": null, "COM_INT_ID": null, "COD_ACT_ECON": "51403", "DESC_ACT_ECON": "OUTROS EST. COMIDAS REFEI\u00c7\u00d5ES - 3\u00aa CAT.", "ANO": 1996, "TIPO": "Restaura\u00e7\u00e3o e Bebidas", "LOCALIZACAO": "Isolado", "C_INTEGRADO": null, "EMPRESA": "MARIA ISABEL SILVEIRA MENDES RODRIGUES MOURA", "GlobalID": "ef3c82d0-ba1f-4589-802e-9b01578b069b"}}, {"type": "Feature", "geometry": {"type": "Point", "coordinates": [-1017091.8634000011, 4680453.526900001]}, "properties": {"OBJECTID": 174425, "COD_SIG": null, "IDTIPO": null, "NOME": "BOOZE E SPEED", "REGEND": "019764", "MORADA": "DOURADORES (R DOS)", "NUM_POLICIA": "120", "FREGUESIA": "121", "LOCALIDADE": null, "COD_POST_4": null, "COD_POST_3": null, "COM_INT_ID": null, "COD_ACT_ECON": "21101", "DESC_ACT_ECON": "Artigos Vestu\u00e1rio Diverso (Misto)", "ANO": 1996, "TIPO": "Retalho", "LOCALIZACAO": "Isolado", "C_INTEGRADO": null, "EMPRESA": "MARIA ISABEL SILVEIRA MENDES RODRIGUES MOURA", "GlobalID": "cbc5d27e-673e-4346-9a32-8a10f55bd8f4"}}, {"type": "Feature", "geometry": {"type": "Point", "coordinates": [-1023354.8068000004, 4679079.616599999]}, "properties": {"OBJECTID": 174429, "COD_SIG": null, "IDTIPO": null, "NOME": "COOPERATIVA DE CONSUMO FRATERNIDADE OPERARIA AJUDENSE", "REGEND": "019641", "MORADA": "Rua Alfredo da Silva", "NUM_POLICIA": "3B", "FREGUESIA": "101", "LOCALIDADE": "LISBOA", "COD_POST_4": "1300", "COD_POST_3": "040", "COM_INT_ID": null, "COD_ACT_ECON": "51299", "DESC_ACT_ECON": "\"SNACK-BAR\" - (SEM CATEGORIA)", "ANO": 1996, "TIPO": "Restaura\u00e7\u00e3o e Bebidas", "LOCALIZACAO": "Isolado", "C_INTEGRADO": null, "EMPRESA": "MARIA ISABEL SILVEIRA MENDES RODRIGUES MOURA", "GlobalID": "8ab2e71a-172f-4930-b666-41ef34b80bbb"}}, {"type": "Feature", "geometry": {"type": "Point", "coordinates": [-1015926.0100999996, 4682471.2211000025]}, "properties": {"OBJECTID": 174449, "COD_SIG": null, "IDTIPO": null, "NOME": "SNACK-BAR VINGA", "REGEND": "019721", "MORADA": "CASTELO BRANCO SARAIVA (R)", "NUM_POLICIA": "72 B/C", "FREGUESIA": "119", "LOCALIDADE": null, "COD_POST_4": null, "COD_POST_3": null, "COM_INT_ID": null, "COD_ACT_ECON": "51203", "DESC_ACT_ECON": "\"SNACK-BAR\" - 3\u00aa CATEGORIA", "ANO": 1996, "TIPO": "Restaura\u00e7\u00e3o e Bebidas", "LOCALIZACAO": "Isolado", "C_INTEGRADO": null, "EMPRESA": "MARIA ISABEL SILVEIRA MENDES RODRIGUES MOURA", "GlobalID": "65053943-8617-48f9-9efb-3399001e81c0"}}, {"type": "Feature", "geometry": {"type": "Point", "coordinates": [-1019303.9541999996, 4681766.755800001]}, "properties": {"OBJECTID": 174467, "COD_SIG": null, "IDTIPO": null, "NOME": "BELA BAR TOQUE", "REGEND": "019799", "MORADA": "D JO\u00c3O V (R)", "NUM_POLICIA": "4 A", "FREGUESIA": "110", "LOCALIDADE": null, "COD_POST_4": null, "COD_POST_3": null, "COM_INT_ID": null, "COD_ACT_ECON": "51105", "DESC_ACT_ECON": "RESTAURANTE - 2\u00aa CATEGORIA", "ANO": 1996, "TIPO": "Restaura\u00e7\u00e3o e Bebidas", "LOCALIZACAO": "Isolado", "C_INTEGRADO": null, "EMPRESA": "MARIA ISABEL SILVEIRA MENDES RODRIGUES MOURA", "GlobalID": "2ccc5a93-c945-4c18-b16e-8d1e5df50f81"}}, {"type": "Feature", "geometry": {"type": "Point", "coordinates": [-1026971.5408000015, 4678795.342100002]}, "properties": {"OBJECTID": 174476, "COD_SIG": null, "IDTIPO": null, "NOME": "JETE-OITO", "REGEND": "019809", "MORADA": "D JERONIMO OSORIO (R)", "NUM_POLICIA": "19 B", "FREGUESIA": "108", "LOCALIDADE": null, "COD_POST_4": null, "COD_POST_3": null, "COM_INT_ID": null, "COD_ACT_ECON": "51109", "DESC_ACT_ECON": "RESTAURANTE - CASA DE PASTO", "ANO": 1996, "TIPO": "Restaura\u00e7\u00e3o e Bebidas", "LOCALIZACAO": "Isolado", "C_INTEGRADO": null, "EMPRESA": "MARIA ISABEL SILVEIRA MENDES RODRIGUES MOURA", "GlobalID": "4b108f3e-8a52-4a32-b326-5407d41a842c"}}, {"type": "Feature", "geometry": {"type": "Point", "coordinates": [-1024980.8808000013, 4678174.030699998]}, "properties": {"OBJECTID": 174500, "COD_SIG": null, "IDTIPO": null, "NOME": "KA-OBJECTOS COM ALMA", "REGEND": "019597", "MORADA": "Pra\u00e7a do Imp\u00e9rio", "NUM_POLICIA": "CCB", "FREGUESIA": "108", "LOCALIDADE": "LISBOA                         ", "COD_POST_4": "1449", "COD_POST_3": "003", "COM_INT_ID": 217, "COD_ACT_ECON": "21405", "DESC_ACT_ECON": "Galerias De Arte", "ANO": 1996, "TIPO": "Retalho", "LOCALIZACAO": "Integrado - outro", "C_INTEGRADO": "CENTRO CULTURAL DE BEL\u00c9M", "EMPRESA": "MARIA ISABEL SILVEIRA MENDES RODRIGUES MOURA", "GlobalID": "5fb9bf84-5aea-441b-a74e-20a94c1e17a3"}}, {"type": "Feature", "geometry": {"type": "Point", "coordinates": [-1017683.7358000018, 4684817.162199996]}, "properties": {"OBJECTID": 174507, "COD_SIG": null, "IDTIPO": null, "NOME": "LORENA E NARCISO DECORA\u00c7\u00d6ES", "REGEND": "019600", "MORADA": "JOAO XXI (AV)", "NUM_POLICIA": "72", "FREGUESIA": "104", "LOCALIDADE": "LISBOA", "COD_POST_4": "1000", "COD_POST_3": "304", "COM_INT_ID": 118, "COD_ACT_ECON": "21202", "DESC_ACT_ECON": "Artigos Diversos Lar/Decora\u00e7\u00e3o", "ANO": 1996, "TIPO": "Retalho", "LOCALIZACAO": "Integrado - outro", "C_INTEGRADO": "GALERIA VIA VENETO - G. V. V.", "EMPRESA": "MARIA ISABEL SILVEIRA MENDES RODRIGUES MOURA", "GlobalID": "752f5e39-b5f4-4d06-a857-838cec0c36e0"}}, {"type": "Feature", "geometry": {"type": "Point", "coordinates": [-1017683.7358000018, 4684817.162199996]}, "properties": {"OBJECTID": 174511, "COD_SIG": null, "IDTIPO": null, "NOME": "CEDOSCE", "REGEND": "019603", "MORADA": "JO\u00c3O XXI (AV)", "NUM_POLICIA": "72", "FREGUESIA": "104", "LOCALIDADE": null, "COD_POST_4": null, "COD_POST_3": null, "COM_INT_ID": 118, "COD_ACT_ECON": "21103", "DESC_ACT_ECON": "Artigos Vestu\u00e1rio Senhora (Boutique)", "ANO": 1996, "TIPO": "Retalho", "LOCALIZACAO": "Integrado - outro", "C_INTEGRADO": "GALERIA VIA VENETO - G. V. V.", "EMPRESA": "ANTUNES MENDES & FILHOS, LDA", "GlobalID": "8dc21e8b-351f-4a8b-8de7-7cebd28e4d10"}}, {"type": "Feature", "geometry": {"type": "Point", "coordinates": [-1024805.7639000006, 4678901.452100001]}, "properties": {"OBJECTID": 174523, "COD_SIG": null, "IDTIPO": null, "NOME": "BELEMOTOR", "REGEND": "019552", "MORADA": "JER\u00d3NIMOS (R DOS)", "NUM_POLICIA": "36 B", "FREGUESIA": "108", "LOCALIDADE": null, "COD_POST_4": null, "COD_POST_3": null, "COM_INT_ID": null, "COD_ACT_ECON": "21504", "DESC_ACT_ECON": "Ve\u00edculos Ligeiros (Novos)", "ANO": 1996, "TIPO": "Retalho", "LOCALIZACAO": "Isolado", "C_INTEGRADO": null, "EMPRESA": "MARIA ISABEL SILVEIRA MENDES RODRIGUES MOURA", "GlobalID": "6962e0fa-539d-4f21-8ccc-f213e166c577"}}, {"type": "Feature", "geometry": {"type": "Point", "coordinates": [-1018165.5276000015, 4681023.793799996]}, "properties": {"OBJECTID": 174596, "COD_SIG": null, "IDTIPO": null, "NOME": "RIBEIRO E ALMEIDA ANTIQUARIOS", "REGEND": "019780", "MORADA": "D PEDRO V (R)", "NUM_POLICIA": "63", "FREGUESIA": "116", "LOCALIDADE": null, "COD_POST_4": null, "COD_POST_3": null, "COM_INT_ID": null, "COD_ACT_ECON": "52104", "DESC_ACT_ECON": "CAFE/PASTELARIA - 3\u00aa CATEGORIA", "ANO": 1996, "TIPO": "Restaura\u00e7\u00e3o e Bebidas", "LOCALIZACAO": "Isolado", "C_INTEGRADO": null, "EMPRESA": "MARIA ISABEL SILVEIRA MENDES RODRIGUES MOURA", "GlobalID": "bc32f02d-0701-4238-ae5f-0a63c381113d"}}, {"type": "Feature", "geometry": {"type": "Point", "coordinates": [-1026328.7976999991, 4678222.286399998]}, "properties": {"OBJECTID": 174674, "COD_SIG": null, "IDTIPO": null, "NOME": "LOJA DOS 300", "REGEND": "019854", "MORADA": "PEDROU\u00c7OS (R DE)", "NUM_POLICIA": "75 C", "FREGUESIA": "108", "LOCALIDADE": null, "COD_POST_4": null, "COD_POST_3": null, "COM_INT_ID": null, "COD_ACT_ECON": "22002", "DESC_ACT_ECON": "Bazares", "ANO": 1996, "TIPO": "Retalho", "LOCALIZACAO": "Isolado", "C_INTEGRADO": null, "EMPRESA": "MARIA ISABEL SILVEIRA MENDES RODRIGUES MOURA", "GlobalID": "fa07b05e-3351-4747-9ddb-4368c2af61f2"}}, {"type": "Feature", "geometry": {"type": "Point", "coordinates": [-1015557.2151999995, 4680796.735799998]}, "properties": {"OBJECTID": 174701, "COD_SIG": null, "IDTIPO": null, "NOME": "BAR DA SALA INTERNACIONAL", "REGEND": "019778", "MORADA": "CAMINHOS DE FERRO (L DOS)", "NUM_POLICIA": "ESTA\u00c7\u00c3O C.P.", "FREGUESIA": "124", "LOCALIDADE": "LISBOA                         ", "COD_POST_4": "1149", "COD_POST_3": "066", "COM_INT_ID": 200, "COD_ACT_ECON": "52104", "DESC_ACT_ECON": "CAFE/PASTELARIA - 3\u00aa CATEGORIA", "ANO": 1996, "TIPO": "Restaura\u00e7\u00e3o e Bebidas", "LOCALIZACAO": "Integrado - outro", "C_INTEGRADO": "ESTA\u00c7\u00c3O CAMINHOS DE FERRO STA APOL\u00d3NIA", "EMPRESA": "EUREST (PORTUGAL) - SOCIEDADE EUROPEIA DE RESTAURANTES, LDA  ", "GlobalID": "aa02b7d5-967d-48e1-a623-4c32b921123f"}}, {"type": "Feature", "geometry": {"type": "Point", "coordinates": [-1021860.6457999982, 4687643.458400004]}, "properties": {"OBJECTID": 174761, "COD_SIG": null, "IDTIPO": null, "NOME": "IN WEAR", "REGEND": "019845", "MORADA": "Rua Padre Am\u00e9rico (antiga Via 1 \u00e0 Azinhaga da Torre do Fato)", "NUM_POLICIA": "18D", "FREGUESIA": "112", "LOCALIDADE": null, "COD_POST_4": "1600", "COD_POST_3": "548", "COM_INT_ID": null, "COD_ACT_ECON": "21101", "DESC_ACT_ECON": "Artigos Vestu\u00e1rio Diverso (Misto)", "ANO": 1996, "TIPO": "Retalho", "LOCALIZACAO": "Isolado", "C_INTEGRADO": null, "EMPRESA": "MARIA ISABEL SILVEIRA MENDES RODRIGUES MOURA", "GlobalID": "98462245-b9dd-4d24-b66e-b1adaf116b85"}}, {"type": "Feature", "geometry": {"type": "Point", "coordinates": [-1016935.7509000003, 4681159.490900002]}, "properties": {"OBJECTID": 174772, "COD_SIG": null, "IDTIPO": null, "NOME": "MD. JAHURULCISLAM E RAFIQ ULLAH", "REGEND": "019842", "MORADA": "MARTIN MONIZ (L)", "NUM_POLICIA": "C.C.MOURARIA", "FREGUESIA": "121", "LOCALIDADE": "LISBOA                         ", "COD_POST_4": "1100", "COD_POST_3": "341", "COM_INT_ID": 90, "COD_ACT_ECON": "21118", "DESC_ACT_ECON": "Bijuterias", "ANO": 1996, "TIPO": "Retalho", "LOCALIZACAO": "Integrado - outro", "C_INTEGRADO": "CENTRO COMERCIAL MOURARIA", "EMPRESA": "MARIA ISABEL SILVEIRA MENDES RODRIGUES MOURA", "GlobalID": "616fb4dc-d23c-49c2-9cf9-913a20b11998"}}, {"type": "Feature", "geometry": {"type": "Point", "coordinates": [-1027021.8663000017, 4678830.7148]}, "properties": {"OBJECTID": 174818, "COD_SIG": null, "IDTIPO": null, "NOME": "OFF SHORE", "REGEND": "019566", "MORADA": "D JER\u00d3NIMO OS\u00d3RIO (R)", "NUM_POLICIA": "23 B", "FREGUESIA": "108", "LOCALIDADE": null, "COD_POST_4": null, "COD_POST_3": null, "COM_INT_ID": null, "COD_ACT_ECON": "21406", "DESC_ACT_ECON": "Artigos De Desporto", "ANO": 1996, "TIPO": "Retalho", "LOCALIZACAO": "Isolado", "C_INTEGRADO": null, "EMPRESA": "MARIA ISABEL SILVEIRA MENDES RODRIGUES MOURA", "GlobalID": "6cdc169e-0dce-4ec2-820c-7f8d8313d8c5"}}, {"type": "Feature", "geometry": {"type": "Point", "coordinates": [-1016417.9767000005, 4680169.788900003]}, "properties": {"OBJECTID": 174836, "COD_SIG": null, "IDTIPO": null, "NOME": "A PECARRUCHA", "REGEND": "019639", "MORADA": "Rua de S\u00e3o Jo\u00e3o da Pra\u00e7a", "NUM_POLICIA": "74", "FREGUESIA": "121", "LOCALIDADE": null, "COD_POST_4": "1100", "COD_POST_3": "521", "COM_INT_ID": null, "COD_ACT_ECON": "30003", "DESC_ACT_ECON": "Repara\u00e7\u00e3o De Cal\u00e7ado E Art. Couro", "ANO": 1996, "TIPO": "Retalho", "LOCALIZACAO": "Isolado", "C_INTEGRADO": null, "EMPRESA": "MARIA ISABEL SILVEIRA MENDES RODRIGUES MOURA", "GlobalID": "4cfc0970-2c04-4572-a342-6a8874ff385a"}}, {"type": "Feature", "geometry": {"type": "Point", "coordinates": [-1019875.1055000015, 4682134.330799997]}, "properties": {"OBJECTID": 174837, "COD_SIG": null, "IDTIPO": null, "NOME": "HABITAT", "REGEND": "019640", "MORADA": "ENG DUARTE PACHECO (AV)", "NUM_POLICIA": null, "FREGUESIA": "110", "LOCALIDADE": "LISBOA                         ", "COD_POST_4": "1070", "COD_POST_3": "103", "COM_INT_ID": 48, "COD_ACT_ECON": "21206", "DESC_ACT_ECON": "M\u00f3veis E Colchoaria (Interior)", "ANO": 1996, "TIPO": "Retalho", "LOCALIZACAO": "Integrado - outro", "C_INTEGRADO": "SHOPPING CENTER AMOREIRAS", "EMPRESA": "HABIFINO-DECORA\u00c7\u00d5ES, SA", "GlobalID": "887a1d6b-d83e-4682-93d8-6c217d690d38"}}, {"type": "Feature", "geometry": {"type": "Point", "coordinates": [-1019364.7969999984, 4688138.955700003]}, "properties": {"OBJECTID": 174867, "COD_SIG": null, "IDTIPO": null, "NOME": "SERFUS FLORISTA", "REGEND": "019846", "MORADA": "LINHAS DE TORRES (AL DAS)", "NUM_POLICIA": "106 A", "FREGUESIA": "114", "LOCALIDADE": "LISBOA", "COD_POST_4": "1750", "COD_POST_3": "148", "COM_INT_ID": null, "COD_ACT_ECON": "21409", "DESC_ACT_ECON": "Artigos Jardinagem/Flores/Plantas", "ANO": 1996, "TIPO": "Retalho", "LOCALIZACAO": "Isolado", "C_INTEGRADO": null, "EMPRESA": "MARIA ISABEL SILVEIRA MENDES RODRIGUES MOURA", "GlobalID": "fc03968f-7d32-4e05-b30d-b61abbbad570"}}, {"type": "Feature", "geometry": {"type": "Point", "coordinates": [-1016549.5427000001, 4680143.428900003]}, "properties": {"OBJECTID": 174932, "COD_SIG": null, "IDTIPO": null, "NOME": "SOSS\u00c9", "REGEND": "019631", "MORADA": "Rua de S\u00e3o Jo\u00e3o da Pra\u00e7a", "NUM_POLICIA": "95", "FREGUESIA": "121", "LOCALIDADE": null, "COD_POST_4": "1100", "COD_POST_3": "519", "COM_INT_ID": null, "COD_ACT_ECON": "21206", "DESC_ACT_ECON": "M\u00f3veis E Colchoaria (Interior)", "ANO": 1996, "TIPO": "Retalho", "LOCALIZACAO": "Isolado", "C_INTEGRADO": null, "EMPRESA": "MARIA ISABEL SILVEIRA MENDES RODRIGUES MOURA", "GlobalID": "bd6b9ec4-afa4-489b-bf59-4065e0b1c398"}}, {"type": "Feature", "geometry": {"type": "Point", "coordinates": [-1019991.3200999983, 4689641.793200001]}, "properties": {"OBJECTID": 174954, "COD_SIG": null, "IDTIPO": null, "NOME": "COLHER DE PAU", "REGEND": "019693", "MORADA": "Rua Alexandre Ferreira", "NUM_POLICIA": "25B", "FREGUESIA": "114", "LOCALIDADE": "LISBOA", "COD_POST_4": "1750", "COD_POST_3": "010", "COM_INT_ID": null, "COD_ACT_ECON": "52104", "DESC_ACT_ECON": "CAFE/PASTELARIA - 3\u00aa CATEGORIA", "ANO": 1996, "TIPO": "Restaura\u00e7\u00e3o e Bebidas", "LOCALIZACAO": "Isolado", "C_INTEGRADO": null, "EMPRESA": "MARIA ISABEL SILVEIRA MENDES RODRIGUES MOURA", "GlobalID": "eb6f7de2-1f5f-4566-866c-81cb4f8e3edd"}}, {"type": "Feature", "geometry": {"type": "Point", "coordinates": [-1017408.8907999992, 4680455.7080999985]}, "properties": {"OBJECTID": 174958, "COD_SIG": null, "IDTIPO": null, "NOME": "PRINTEMPS", "REGEND": "019843", "MORADA": "CARMO (R DO)", "NUM_POLICIA": "ED. GRANDELA", "FREGUESIA": "121", "LOCALIDADE": null, "COD_POST_4": null, "COD_POST_3": null, "COM_INT_ID": null, "COD_ACT_ECON": "22001", "DESC_ACT_ECON": "Grandes Armaz\u00e9ns", "ANO": 1996, "TIPO": "Retalho", "LOCALIZACAO": "Isolado", "C_INTEGRADO": null, "EMPRESA": "AREA INFINITAS - DESIGN DE INTERIORES, SA", "GlobalID": "450e35e4-617f-421c-be56-04fe5a98dc09"}}, {"type": "Feature", "geometry": {"type": "Point", "coordinates": [-1016943.9679000005, 4683670.913699999]}, "properties": {"OBJECTID": 175245, "COD_SIG": null, "IDTIPO": null, "NOME": "MATOSOS", "REGEND": "019851", "MORADA": "QUIRINO DA FONSECA (R)", "NUM_POLICIA": "5 A", "FREGUESIA": "105", "LOCALIDADE": null, "COD_POST_4": null, "COD_POST_3": null, "COM_INT_ID": null, "COD_ACT_ECON": "21205", "DESC_ACT_ECON": "Roupa/Lar", "ANO": 1996, "TIPO": "Retalho", "LOCALIZACAO": "Isolado", "C_INTEGRADO": null, "EMPRESA": "MARIA ISABEL SILVEIRA MENDES RODRIGUES MOURA", "GlobalID": "dfb7c148-6490-405c-833b-dc157352ad57"}}, {"type": "Feature", "geometry": {"type": "Point", "coordinates": [-1023661.2369000018, 4678443.321900003]}, "properties": {"OBJECTID": 175305, "COD_SIG": null, "IDTIPO": null, "NOME": "PREFICO", "REGEND": "019576", "MORADA": "Rua da Junqueira", "NUM_POLICIA": "316", "FREGUESIA": "108", "LOCALIDADE": null, "COD_POST_4": "1300", "COD_POST_3": "340", "COM_INT_ID": null, "COD_ACT_ECON": "21526", "DESC_ACT_ECON": "Outros N.E.(C.N.Alim. Diversos)", "ANO": 1996, "TIPO": "Retalho", "LOCALIZACAO": "Isolado", "C_INTEGRADO": null, "EMPRESA": "MARIA ISABEL SILVEIRA MENDES RODRIGUES MOURA", "GlobalID": "fa38aade-828a-47d3-be5f-058fbc73b725"}}, {"type": "Feature", "geometry": {"type": "Point", "coordinates": [-1026230.1506000012, 4678211.899099998]}, "properties": {"OBJECTID": 175308, "COD_SIG": null, "IDTIPO": null, "NOME": "COISAS GIRAS", "REGEND": "019550", "MORADA": "PEDROU\u00c7OS (R DE)", "NUM_POLICIA": "28 A", "FREGUESIA": "108", "LOCALIDADE": null, "COD_POST_4": null, "COD_POST_3": null, "COM_INT_ID": null, "COD_ACT_ECON": "21202", "DESC_ACT_ECON": "Artigos Diversos Lar/Decora\u00e7\u00e3o", "ANO": 1996, "TIPO": "Retalho", "LOCALIZACAO": "Isolado", "C_INTEGRADO": null, "EMPRESA": "MARIA ISABEL SILVEIRA MENDES RODRIGUES MOURA", "GlobalID": "3776c8ee-9a14-4f16-afde-44249d01b02f"}}, {"type": "Feature", "geometry": {"type": "Point", "coordinates": [-1019053.0271999985, 4682337.663099997]}, "properties": {"OBJECTID": 175321, "COD_SIG": null, "IDTIPO": null, "NOME": "DEVERNOIS", "REGEND": "019615", "MORADA": "JOAQUIM ANT\u00d3NIO DE AGUIAR (R)", "NUM_POLICIA": "45 LJ", "FREGUESIA": "122", "LOCALIDADE": null, "COD_POST_4": null, "COD_POST_3": null, "COM_INT_ID": null, "COD_ACT_ECON": "21103", "DESC_ACT_ECON": "Artigos Vestu\u00e1rio Senhora (Boutique)", "ANO": 1996, "TIPO": "Retalho", "LOCALIZACAO": "Isolado", "C_INTEGRADO": null, "EMPRESA": "MARIA ISABEL SILVEIRA MENDES RODRIGUES MOURA", "GlobalID": "53d11023-25a4-4056-8320-593d0dad8fc9"}}, {"type": "Feature", "geometry": {"type": "Point", "coordinates": [-1018716.4371000007, 4681535.575599998]}, "properties": {"OBJECTID": 175328, "COD_SIG": null, "IDTIPO": null, "NOME": "BOUTIQUE EST\u00c9TICA", "REGEND": "019617", "MORADA": "NOVA DE S MAMEDE (R)", "NUM_POLICIA": "64 A", "FREGUESIA": "122", "LOCALIDADE": null, "COD_POST_4": null, "COD_POST_3": null, "COM_INT_ID": null, "COD_ACT_ECON": "21302", "DESC_ACT_ECON": "Perfumarias", "ANO": 1996, "TIPO": "Retalho", "LOCALIZACAO": "Isolado", "C_INTEGRADO": null, "EMPRESA": "MARIA ISABEL SILVEIRA MENDES RODRIGUES MOURA", "GlobalID": "a4215c73-59ab-4735-8e1e-2f9baf2a95d9"}}, {"type": "Feature", "geometry": {"type": "Point", "coordinates": [-1019734.1442999989, 4689096.786799997]}, "properties": {"OBJECTID": 175348, "COD_SIG": null, "IDTIPO": null, "NOME": "PEDRA TOQUE", "REGEND": "019855", "MORADA": "Alameda das Linhas de Torres", "NUM_POLICIA": "236A", "FREGUESIA": "114", "LOCALIDADE": "LISBOA", "COD_POST_4": "1750", "COD_POST_3": "151", "COM_INT_ID": 86, "COD_ACT_ECON": "21202", "DESC_ACT_ECON": "Artigos Diversos Lar/Decora\u00e7\u00e3o", "ANO": 1996, "TIPO": "Retalho", "LOCALIZACAO": "Integrado - outro", "C_INTEGRADO": "CENTRO COMERCIAL LUMIAR", "EMPRESA": "MARIA ISABEL SILVEIRA MENDES RODRIGUES MOURA", "GlobalID": "af8b7cbd-44f7-4e88-a07b-98c400a1d300"}}, {"type": "Feature", "geometry": {"type": "Point", "coordinates": [-1016490.9664999992, 4680275.081]}, "properties": {"OBJECTID": 175415, "COD_SIG": null, "IDTIPO": null, "NOME": "NARTICE", "REGEND": "019633", "MORADA": "Rua de Augusto Rosa", "NUM_POLICIA": "18", "FREGUESIA": "121", "LOCALIDADE": "LISBOA", "COD_POST_4": "1100", "COD_POST_3": "059", "COM_INT_ID": null, "COD_ACT_ECON": "21207", "DESC_ACT_ECON": "M\u00f3veis Antigos/Antiguidades", "ANO": 1996, "TIPO": "Retalho", "LOCALIZACAO": "Isolado", "C_INTEGRADO": null, "EMPRESA": "MARIA ISABEL SILVEIRA MENDES RODRIGUES MOURA", "GlobalID": "97be9195-b5eb-4608-9f65-6fc74708cdbf"}}, {"type": "Feature", "geometry": {"type": "Point", "coordinates": [-1018540.3491000012, 4681238.093599997]}, "properties": {"OBJECTID": 175436, "COD_SIG": null, "IDTIPO": null, "NOME": "REAL FOTO", "REGEND": "019619", "MORADA": "ESCOLA POLIT\u00c9CNICA (R DA)", "NUM_POLICIA": "21/23", "FREGUESIA": "122", "LOCALIDADE": null, "COD_POST_4": null, "COD_POST_3": null, "COM_INT_ID": null, "COD_ACT_ECON": "21412", "DESC_ACT_ECON": "Material Fotogr\u00e1fico,Cinema", "ANO": 1996, "TIPO": "Retalho", "LOCALIZACAO": "Isolado", "C_INTEGRADO": null, "EMPRESA": "JO\u00c3O ANT\u00d3NIO FERREIRA VELEZ", "GlobalID": "0f63b294-a61d-41f3-87bc-22111fd41c9d"}}, {"type": "Feature", "geometry": {"type": "Point", "coordinates": [-1019267.311999999, 4688125.906099997]}, "properties": {"OBJECTID": 175439, "COD_SIG": null, "IDTIPO": null, "NOME": "O BODO", "REGEND": "019690", "MORADA": "Rua Ra\u00fal Mesnier Du Ponsard (antiga Rua A do loteamento da Quinta das Pedreiras)", "NUM_POLICIA": "2G", "FREGUESIA": "114", "LOCALIDADE": null, "COD_POST_4": "1750", "COD_POST_3": "000", "COM_INT_ID": null, "COD_ACT_ECON": "51403", "DESC_ACT_ECON": "OUTROS EST. COMIDAS REFEI\u00c7\u00d5ES - 3\u00aa CAT.", "ANO": 1996, "TIPO": "Restaura\u00e7\u00e3o e Bebidas", "LOCALIZACAO": "Isolado", "C_INTEGRADO": null, "EMPRESA": "MARIA ISABEL SILVEIRA MENDES RODRIGUES MOURA", "GlobalID": "efc307c5-360b-423e-b267-a2a80e946b49"}}, {"type": "Feature", "geometry": {"type": "Point", "coordinates": [-1019097.0656999983, 4682269.048100002]}, "properties": {"OBJECTID": 175631, "COD_SIG": null, "IDTIPO": null, "NOME": "BEM FEITORIAS", "REGEND": "019621", "MORADA": "Rua Rodrigo da Fonseca", "NUM_POLICIA": "93C", "FREGUESIA": "122", "LOCALIDADE": "LISBOA", "COD_POST_4": "1250", "COD_POST_3": "190", "COM_INT_ID": null, "COD_ACT_ECON": "22002", "DESC_ACT_ECON": "Bazares", "ANO": 1996, "TIPO": "Retalho", "LOCALIZACAO": "Isolado", "C_INTEGRADO": null, "EMPRESA": "MARIA ISABEL SILVEIRA MENDES RODRIGUES MOURA", "GlobalID": "3cf6a40c-d5df-4224-94fb-c78da0bbc050"}}, {"type": "Feature", "geometry": {"type": "Point", "coordinates": [-1017394.5672000013, 4680507.358499996]}, "properties": {"OBJECTID": 175693, "COD_SIG": null, "IDTIPO": null, "NOME": "AFRO HAIR E BEAUTY SHOP", "REGEND": "019767", "MORADA": "ST JUSTA (R DE)", "NUM_POLICIA": "107 LJ B", "FREGUESIA": "121", "LOCALIDADE": null, "COD_POST_4": null, "COD_POST_3": null, "COM_INT_ID": null, "COD_ACT_ECON": "21302", "DESC_ACT_ECON": "Perfumarias", "ANO": 1996, "TIPO": "Retalho", "LOCALIZACAO": "Isolado", "C_INTEGRADO": null, "EMPRESA": "DIAMANTINO VIEGAS, LDA", "GlobalID": "f50e1ed5-2765-4ac5-b4ae-d05396b53f7f"}}, {"type": "Feature", "geometry": {"type": "Point", "coordinates": [-1017289.9030000009, 4680540.013300002]}, "properties": {"OBJECTID": 175696, "COD_SIG": null, "IDTIPO": null, "NOME": "M\u00c1RIO ALBERTO COSTA MARTINS DA SILVA", "REGEND": "019770", "MORADA": "ST JUSTA (R DE)", "NUM_POLICIA": "FRT N\u00ba 73", "FREGUESIA": "121", "LOCALIDADE": "LISBOA                         ", "COD_POST_4": "1100", "COD_POST_3": "484", "COM_INT_ID": null, "COD_ACT_ECON": "21403", "DESC_ACT_ECON": "Tabacaria", "ANO": 1996, "TIPO": "Retalho", "LOCALIZACAO": "Isolado", "C_INTEGRADO": null, "EMPRESA": "M\u00c1RIO ALBERTO COSTA MARTINS DA SILVA", "GlobalID": "92492c7c-8327-48c7-882a-28ed3241c9b7"}}, {"type": "Feature", "geometry": {"type": "Point", "coordinates": [-1017191.8616000004, 4680235.249300003]}, "properties": {"OBJECTID": 175699, "COD_SIG": null, "IDTIPO": null, "NOME": "O PALHA\u00c7O", "REGEND": "019772", "MORADA": "AUGUSTA (R)", "NUM_POLICIA": "97/107", "FREGUESIA": "121", "LOCALIDADE": "LISBOA", "COD_POST_4": "1100", "COD_POST_3": "048", "COM_INT_ID": null, "COD_ACT_ECON": "21104", "DESC_ACT_ECON": "Artigos Vestu\u00e1rio Crian\u00e7a", "ANO": 1996, "TIPO": "Retalho", "LOCALIZACAO": "Isolado", "C_INTEGRADO": null, "EMPRESA": "MARIA ISABEL SILVEIRA MENDES RODRIGUES MOURA", "GlobalID": "8520a49c-658b-42fb-b45d-a84cb0f0e1f2"}}, {"type": "Feature", "geometry": {"type": "Point", "coordinates": [-1026225.0331999995, 4678211.960100003]}, "properties": {"OBJECTID": 175791, "COD_SIG": null, "IDTIPO": null, "NOME": "VIA ANTIGA", "REGEND": "019548", "MORADA": "PEDROU\u00c7OS (R DE)", "NUM_POLICIA": "28 B", "FREGUESIA": "108", "LOCALIDADE": null, "COD_POST_4": null, "COD_POST_3": null, "COM_INT_ID": null, "COD_ACT_ECON": "21206", "DESC_ACT_ECON": "M\u00f3veis E Colchoaria (Interior)", "ANO": 1996, "TIPO": "Retalho", "LOCALIZACAO": "Isolado", "C_INTEGRADO": null, "EMPRESA": "MARIA ISABEL SILVEIRA MENDES RODRIGUES MOURA", "GlobalID": "144c867d-f546-42a1-9bdf-c3296af4ea17"}}, {"type": "Feature", "geometry": {"type": "Point", "coordinates": [-1019015.2104999982, 4687753.787799999]}, "properties": {"OBJECTID": 175850, "COD_SIG": null, "IDTIPO": null, "NOME": "POTE DE MEL", "REGEND": "019695", "MORADA": "IMPASSE \u00c0 R AGOSTINHO NETO", "NUM_POLICIA": "4 B", "FREGUESIA": "114", "LOCALIDADE": null, "COD_POST_4": null, "COD_POST_3": null, "COM_INT_ID": null, "COD_ACT_ECON": "51403", "DESC_ACT_ECON": "OUTROS EST. COMIDAS REFEI\u00c7\u00d5ES - 3\u00aa CAT.", "ANO": 1996, "TIPO": "Restaura\u00e7\u00e3o e Bebidas", "LOCALIZACAO": "Isolado", "C_INTEGRADO": null, "EMPRESA": "MARIA ISABEL SILVEIRA MENDES RODRIGUES MOURA", "GlobalID": "5624a30c-3fc0-4bb6-9903-3d0c76c12e57"}}, {"type": "Feature", "geometry": {"type": "Point", "coordinates": [-1017160.8511999995, 4680676.3719]}, "properties": {"OBJECTID": 175871, "COD_SIG": null, "IDTIPO": null, "NOME": "ARMAZENS DA BETESGA", "REGEND": "019765", "MORADA": "DOURADORES (R DOS)", "NUM_POLICIA": "218/220", "FREGUESIA": "121", "LOCALIDADE": null, "COD_POST_4": null, "COD_POST_3": null, "COM_INT_ID": null, "COD_ACT_ECON": "21111", "DESC_ACT_ECON": "Tecidos Para Confec\u00e7\u00e3o Vestu\u00e1rio", "ANO": 1996, "TIPO": "Retalho", "LOCALIZACAO": "Isolado", "C_INTEGRADO": null, "EMPRESA": "ARMAZENS BETESGA, SA", "GlobalID": "908de7c3-0922-4554-9f61-70bd4e6f54fa"}}, {"type": "Feature", "geometry": {"type": "Point", "coordinates": [-1018731.375599999, 4681266.803599998]}, "properties": {"OBJECTID": 175907, "COD_SIG": null, "IDTIPO": null, "NOME": "FLORISTA PRINCIPE REAL", "REGEND": "019622", "MORADA": "Cal\u00e7ada Engenheiro Miguel Pais", "NUM_POLICIA": "47A", "FREGUESIA": "122", "LOCALIDADE": "LISBOA", "COD_POST_4": "1200", "COD_POST_3": "172", "COM_INT_ID": null, "COD_ACT_ECON": "21409", "DESC_ACT_ECON": "Artigos Jardinagem/Flores/Plantas", "ANO": 1996, "TIPO": "Retalho", "LOCALIZACAO": "Isolado", "C_INTEGRADO": null, "EMPRESA": "MARIA ISABEL SILVEIRA MENDES RODRIGUES MOURA", "GlobalID": "494b2d17-bfe4-4a51-a72a-02ede26b8819"}}, {"type": "Feature", "geometry": {"type": "Point", "coordinates": [-1019152.2105999999, 4682159.5176]}, "properties": {"OBJECTID": 175919, "COD_SIG": null, "IDTIPO": null, "NOME": "SOPAREL", "REGEND": "019616", "MORADA": "Travessa da L\u00e9gua da P\u00f3voa", "NUM_POLICIA": "26A", "FREGUESIA": "122", "LOCALIDADE": null, "COD_POST_4": "1250", "COD_POST_3": "138", "COM_INT_ID": null, "COD_ACT_ECON": "11007", "DESC_ACT_ECON": "Padarias", "ANO": 1996, "TIPO": "Retalho", "LOCALIZACAO": "Isolado", "C_INTEGRADO": null, "EMPRESA": "SOPAREL SOCIEDADE PANIFICADORA REUNIDA, SA", "GlobalID": "68bd0213-3dfc-4863-8adc-446cc65c266c"}}, {"type": "Feature", "geometry": {"type": "Point", "coordinates": [-1017109.9723000005, 4680705.204999998]}, "properties": {"OBJECTID": 175967, "COD_SIG": null, "IDTIPO": null, "NOME": "BRUXELAS", "REGEND": "019774", "MORADA": "Rua dos Condes de Monsanto", "NUM_POLICIA": "3A", "FREGUESIA": "121", "LOCALIDADE": "LISBOA", "COD_POST_4": "1100", "COD_POST_3": "159", "COM_INT_ID": null, "COD_ACT_ECON": "21101", "DESC_ACT_ECON": "Artigos Vestu\u00e1rio Diverso (Misto)", "ANO": 1996, "TIPO": "Retalho", "LOCALIZACAO": "Isolado", "C_INTEGRADO": null, "EMPRESA": "MOREIRA DA SILVA & MELO, LDA", "GlobalID": "2f28d11f-f29e-4e40-b64f-36c36535bdac"}}, {"type": "Feature", "geometry": {"type": "Point", "coordinates": [-1025684.5901000015, 4677627.398500003]}, "properties": {"OBJECTID": 175982, "COD_SIG": null, "IDTIPO": null, "NOME": "AMERICO COSTA SANTOS VELOSA", "REGEND": "019563", "MORADA": "BRAS\u00cdLIA (AV DE)", "NUM_POLICIA": "PADRAO DESCO", "FREGUESIA": "108", "LOCALIDADE": null, "COD_POST_4": null, "COD_POST_3": null, "COM_INT_ID": null, "COD_ACT_ECON": "21518", "DESC_ACT_ECON": "Artesanato", "ANO": 1996, "TIPO": "Retalho", "LOCALIZACAO": "Isolado", "C_INTEGRADO": null, "EMPRESA": "MARIA ISABEL SILVEIRA MENDES RODRIGUES MOURA", "GlobalID": "beb59894-1ee7-4f3e-8bff-6e537bc101b2"}}, {"type": "Feature", "geometry": {"type": "Point", "coordinates": [-1025798.382100001, 4678056.292800002]}, "properties": {"OBJECTID": 175986, "COD_SIG": null, "IDTIPO": null, "NOME": "PRINCESACAR", "REGEND": "019556", "MORADA": "PRINCESA (L DA)", "NUM_POLICIA": "3 A", "FREGUESIA": "108", "LOCALIDADE": null, "COD_POST_4": null, "COD_POST_3": null, "COM_INT_ID": null, "COD_ACT_ECON": "21505", "DESC_ACT_ECON": "Ve\u00edculos Pesados (Novos)", "ANO": 1996, "TIPO": "Retalho", "LOCALIZACAO": "Isolado", "C_INTEGRADO": null, "EMPRESA": "MARIA ISABEL SILVEIRA MENDES RODRIGUES MOURA", "GlobalID": "b5241cf9-509e-457f-aec1-53a614460331"}}, {"type": "Feature", "geometry": {"type": "Point", "coordinates": [-1017749.3619000018, 4681091.369199999]}, "properties": {"OBJECTID": 176040, "COD_SIG": null, "IDTIPO": null, "NOME": "FILOMENA FERNANDA RODRIGUES PEIXOTO", "REGEND": "019699", "MORADA": "RESTAURADORES (PR DOS)", "NUM_POLICIA": "FRT N\u00ba 1", "FREGUESIA": "121", "LOCALIDADE": null, "COD_POST_4": null, "COD_POST_3": null, "COM_INT_ID": null, "COD_ACT_ECON": "21403", "DESC_ACT_ECON": "Tabacaria", "ANO": 1996, "TIPO": "Retalho", "LOCALIZACAO": "Isolado", "C_INTEGRADO": null, "EMPRESA": "MARIA ISABEL SILVEIRA MENDES RODRIGUES MOURA", "GlobalID": "06ae8443-c221-4704-bce6-d4394606c422"}}, {"type": "Feature", "geometry": {"type": "Point", "coordinates": [-1018831.2281000018, 4680922.550700001]}, "properties": {"OBJECTID": 176042, "COD_SIG": null, "IDTIPO": null, "NOME": "SIESTA BRAVA", "REGEND": "019702", "MORADA": "Rua de Manuel Bernardes", "NUM_POLICIA": "5A", "FREGUESIA": "116", "LOCALIDADE": "LISBOA", "COD_POST_4": "1200", "COD_POST_3": "250", "COM_INT_ID": null, "COD_ACT_ECON": "51107", "DESC_ACT_ECON": "RESTAURANTE - 3\u00aa CATEGORIA", "ANO": 1996, "TIPO": "Restaura\u00e7\u00e3o e Bebidas", "LOCALIZACAO": "Isolado", "C_INTEGRADO": null, "EMPRESA": "PEN\u00cdNSULA - HOTELARIA E RESTAURA\u00c7\u00c3O, LDA", "GlobalID": "1a0856c7-2b3b-4ac0-a1de-da00d6c327f9"}}, {"type": "Feature", "geometry": {"type": "Point", "coordinates": [-1025497.3007999994, 4677903.423299998]}, "properties": {"OBJECTID": 176082, "COD_SIG": null, "IDTIPO": null, "NOME": "MOBIL", "REGEND": "019561", "MORADA": "BRAS\u00cdLIA (AV DE)", "NUM_POLICIA": "DOCA B SUCES", "FREGUESIA": "108", "LOCALIDADE": "LISBOA                         ", "COD_POST_4": "1400", "COD_POST_3": "038", "COM_INT_ID": null, "COD_ACT_ECON": "21509", "DESC_ACT_ECON": "Combust\u00edveis Ve\u00edculos Autom\u00f3veis", "ANO": 1996, "TIPO": "Retalho", "LOCALIZACAO": "Isolado", "C_INTEGRADO": null, "EMPRESA": "PEREIRA E PINTO-IMP. E COM. DE ACESSORIOS DE AUTOMOVEIS, LDA", "GlobalID": "f25f88c1-8fe8-4227-8861-72f2a742aad4"}}, {"type": "Feature", "geometry": {"type": "Point", "coordinates": [-1024610.1609999985, 4678062.875799999]}, "properties": {"OBJECTID": 176097, "COD_SIG": null, "IDTIPO": null, "NOME": "GALP", "REGEND": "019565", "MORADA": "BRAS\u00cdLIA (AV DE)", "NUM_POLICIA": "DOCA BELEM", "FREGUESIA": "108", "LOCALIDADE": "LISBOA                         ", "COD_POST_4": "1400", "COD_POST_3": "038", "COM_INT_ID": null, "COD_ACT_ECON": "21509", "DESC_ACT_ECON": "Combust\u00edveis Ve\u00edculos Autom\u00f3veis", "ANO": 1996, "TIPO": "Retalho", "LOCALIZACAO": "Isolado", "C_INTEGRADO": null, "EMPRESA": "JOSE D. GRA\u00c7A, HERDEIROS, LDA", "GlobalID": "56973d57-4a29-45ac-8085-5754bb4a2c81"}}, {"type": "Feature", "geometry": {"type": "Point", "coordinates": [-1018232.9067000002, 4683184.883500002]}, "properties": {"OBJECTID": 176209, "COD_SIG": null, "IDTIPO": null, "NOME": "BOROS", "REGEND": "019629", "MORADA": "TOM\u00c1S RIBEIRO (R)", "NUM_POLICIA": "METRO", "FREGUESIA": "106", "LOCALIDADE": null, "COD_POST_4": null, "COD_POST_3": null, "COM_INT_ID": 202, "COD_ACT_ECON": "21103", "DESC_ACT_ECON": "Artigos Vestu\u00e1rio Senhora (Boutique)", "ANO": 1996, "TIPO": "Retalho", "LOCALIZACAO": "Integrado - outro", "C_INTEGRADO": "ESTA\u00c7\u00c3O METROPOLITANO PICOAS", "EMPRESA": "MARIA ISABEL SILVEIRA MENDES RODRIGUES MOURA", "GlobalID": "94aa08c9-1b01-441e-897c-efc790da95a2"}}, {"type": "Feature", "geometry": {"type": "Point", "coordinates": [-1019875.1055000015, 4682134.330799997]}, "properties": {"OBJECTID": 176215, "COD_SIG": null, "IDTIPO": null, "NOME": "LOJA DAS VIAGENS", "REGEND": "019623", "MORADA": "Avenida Engenheiro Duarte Pacheco", "NUM_POLICIA": "Lote 7", "FREGUESIA": "110", "LOCALIDADE": "LISBOA                         ", "COD_POST_4": "1070", "COD_POST_3": "100", "COM_INT_ID": 48, "COD_ACT_ECON": "21518", "DESC_ACT_ECON": "Artesanato", "ANO": 1996, "TIPO": "Retalho", "LOCALIZACAO": "Integrado - outro", "C_INTEGRADO": "SHOPPING CENTER AMOREIRAS", "EMPRESA": "MERCADO DOS SONHOS - IMPORTA\u00c7\u00c3O E EXPORTA\u00c7\u00c3O, LDA", "GlobalID": "1dc8bb61-9723-43ac-a6b0-ff402df8ef0a"}}, {"type": "Feature", "geometry": {"type": "Point", "coordinates": [-1018232.9067000002, 4683184.883500002]}, "properties": {"OBJECTID": 176220, "COD_SIG": null, "IDTIPO": null, "NOME": "METROFLOR", "REGEND": "019627", "MORADA": "TOM\u00c1S RIBEIRO (R)", "NUM_POLICIA": "METRO", "FREGUESIA": "106", "LOCALIDADE": "LISBOA                         ", "COD_POST_4": "1050", "COD_POST_3": "123", "COM_INT_ID": 202, "COD_ACT_ECON": "21409", "DESC_ACT_ECON": "Artigos Jardinagem/Flores/Plantas", "ANO": 1996, "TIPO": "Retalho", "LOCALIZACAO": "Integrado - outro", "C_INTEGRADO": "ESTA\u00c7\u00c3O METROPOLITANO PICOAS", "EMPRESA": "METROFLOR - COM\u00c9RCIO DE FLORES E PLANTAS, LDA", "GlobalID": "4a305b7a-f619-4851-be90-4f86003257fc"}}, {"type": "Feature", "geometry": {"type": "Point", "coordinates": [-1017387.8222000003, 4680274.339299999]}, "properties": {"OBJECTID": 176267, "COD_SIG": null, "IDTIPO": null, "NOME": "GARD\u00c9NIA", "REGEND": "019759", "MORADA": "NOVA DO ALMADA (R)", "NUM_POLICIA": "96", "FREGUESIA": "121", "LOCALIDADE": "LISBOA                         ", "COD_POST_4": "1200", "COD_POST_3": "290", "COM_INT_ID": null, "COD_ACT_ECON": "21101", "DESC_ACT_ECON": "Artigos Vestu\u00e1rio Diverso (Misto)", "ANO": 1996, "TIPO": "Retalho", "LOCALIZACAO": "Isolado", "C_INTEGRADO": null, "EMPRESA": "FUNGUI MALAS E ACESS\u00d3RIOS, LDA", "GlobalID": "21d6c0d7-1240-4122-af22-81ed4281dd22"}}, {"type": "Feature", "geometry": {"type": "Point", "coordinates": [-1017576.5905999988, 4680890.248999998]}, "properties": {"OBJECTID": 176319, "COD_SIG": null, "IDTIPO": null, "NOME": "EDUARDO JORGE PATROCINIO CARRILHO", "REGEND": "019700", "MORADA": "PRIMEIRO DE DEZEMBRO (R)", "NUM_POLICIA": "FRT N\u00ba 127", "FREGUESIA": "121", "LOCALIDADE": null, "COD_POST_4": null, "COD_POST_3": null, "COM_INT_ID": null, "COD_ACT_ECON": "21403", "DESC_ACT_ECON": "Tabacaria", "ANO": 1996, "TIPO": "Retalho", "LOCALIZACAO": "Isolado", "C_INTEGRADO": null, "EMPRESA": "MARIA ISABEL SILVEIRA MENDES RODRIGUES MOURA", "GlobalID": "89c501bf-829e-40d5-a636-ba388ce41074"}}, {"type": "Feature", "geometry": {"type": "Point", "coordinates": [-1018781.0256999992, 4682050.234399997]}, "properties": {"OBJECTID": 176336, "COD_SIG": null, "IDTIPO": null, "NOME": "100% ALGODAO", "REGEND": "019698", "MORADA": "CASTILHO (R)", "NUM_POLICIA": "39", "FREGUESIA": "122", "LOCALIDADE": null, "COD_POST_4": null, "COD_POST_3": null, "COM_INT_ID": 58, "COD_ACT_ECON": "21103", "DESC_ACT_ECON": "Artigos Vestu\u00e1rio Senhora (Boutique)", "ANO": 1996, "TIPO": "Retalho", "LOCALIZACAO": "Integrado - outro", "C_INTEGRADO": "CENTRO COMERCIAL CASTIL", "EMPRESA": "MARIA ISABEL SILVEIRA MENDES RODRIGUES MOURA", "GlobalID": "9a7e9e2a-387d-4ba5-baeb-9d48bc4e7368"}}, {"type": "Feature", "geometry": {"type": "Point", "coordinates": [-1025804.7303000018, 4677684.7839]}, "properties": {"OBJECTID": 176425, "COD_SIG": null, "IDTIPO": null, "NOME": "BAR EXPRESSO", "REGEND": "019807", "MORADA": "BRAS\u00cdLIA (AV DE)", "NUM_POLICIA": "TORRE BEL\u00c9M", "FREGUESIA": "108", "LOCALIDADE": null, "COD_POST_4": null, "COD_POST_3": null, "COM_INT_ID": null, "COD_ACT_ECON": "51203", "DESC_ACT_ECON": "\"SNACK-BAR\" - 3\u00aa CATEGORIA", "ANO": 1996, "TIPO": "Restaura\u00e7\u00e3o e Bebidas", "LOCALIZACAO": "Isolado", "C_INTEGRADO": null, "EMPRESA": "MARIA ISABEL SILVEIRA MENDES RODRIGUES MOURA", "GlobalID": "cac9f53e-57f7-4867-9cca-dd0259170e76"}}, {"type": "Feature", "geometry": {"type": "Point", "coordinates": [-1018232.9067000002, 4683184.883500002]}, "properties": {"OBJECTID": 176988, "COD_SIG": null, "IDTIPO": null, "NOME": "IOGURTE GELADO", "REGEND": "019830", "MORADA": "TOM\u00c1S RIBEIRO (R)", "NUM_POLICIA": "METRO", "FREGUESIA": "106", "LOCALIDADE": "LISBOA                         ", "COD_POST_4": "1050", "COD_POST_3": "123", "COM_INT_ID": 202, "COD_ACT_ECON": "52504", "DESC_ACT_ECON": "GELATARIA - 3\u00aa CATEGORIA", "ANO": 1996, "TIPO": "Restaura\u00e7\u00e3o e Bebidas", "LOCALIZACAO": "Integrado - outro", "C_INTEGRADO": "ESTA\u00c7\u00c3O METROPOLITANO PICOAS", "EMPRESA": "MARIA ISABEL SILVEIRA MENDES RODRIGUES MOURA", "GlobalID": "fdc392ce-956f-48d3-9efb-a5a5e4e190c1"}}, {"type": "Feature", "geometry": {"type": "Point", "coordinates": [-1019448.8834000006, 4682022.176299997]}, "properties": {"OBJECTID": 177445, "COD_SIG": null, "IDTIPO": null, "NOME": "RESTAURANTE O NAMORAS", "REGEND": "019826", "MORADA": "AMOREIRAS (R DAS) AO RATO", "NUM_POLICIA": "40", "FREGUESIA": "122", "LOCALIDADE": null, "COD_POST_4": null, "COD_POST_3": null, "COM_INT_ID": null, "COD_ACT_ECON": "51107", "DESC_ACT_ECON": "RESTAURANTE - 3\u00aa CATEGORIA", "ANO": 1996, "TIPO": "Restaura\u00e7\u00e3o e Bebidas", "LOCALIZACAO": "Isolado", "C_INTEGRADO": null, "EMPRESA": "MARIA ISABEL SILVEIRA MENDES RODRIGUES MOURA", "GlobalID": "5d010aec-1a49-40cf-b4aa-fbadf9528f76"}}, {"type": "Feature", "geometry": {"type": "Point", "coordinates": [-1017292.5921999998, 4680250.000200003]}, "properties": {"OBJECTID": 177454, "COD_SIG": null, "IDTIPO": null, "NOME": "ABRACADABRA", "REGEND": "019833", "MORADA": "AUREA (R) OU DO OURO", "NUM_POLICIA": "117/119", "FREGUESIA": "121", "LOCALIDADE": "LISBOA", "COD_POST_4": "1100", "COD_POST_3": "060", "COM_INT_ID": null, "COD_ACT_ECON": "51403", "DESC_ACT_ECON": "OUTROS EST. COMIDAS REFEI\u00c7\u00d5ES - 3\u00aa CAT.", "ANO": 1996, "TIPO": "Restaura\u00e7\u00e3o e Bebidas", "LOCALIZACAO": "Isolado", "C_INTEGRADO": null, "EMPRESA": "AVENGAR, LDA", "GlobalID": "e5d2333e-a130-4ea1-87d3-09862f6f42bd"}}, {"type": "Feature", "geometry": {"type": "Point", "coordinates": [-1017184.0537, 4680681.8543]}, "properties": {"OBJECTID": 177542, "COD_SIG": null, "IDTIPO": null, "NOME": "SUBWAY", "REGEND": "019838", "MORADA": "FIGUEIRA (PR DA)", "NUM_POLICIA": "16 A", "FREGUESIA": "121", "LOCALIDADE": null, "COD_POST_4": null, "COD_POST_3": null, "COM_INT_ID": null, "COD_ACT_ECON": "51403", "DESC_ACT_ECON": "OUTROS EST. COMIDAS REFEI\u00c7\u00d5ES - 3\u00aa CAT.", "ANO": 1996, "TIPO": "Restaura\u00e7\u00e3o e Bebidas", "LOCALIZACAO": "Isolado", "C_INTEGRADO": null, "EMPRESA": "NASON - GESTAO IMOBILIARIA, LDA", "GlobalID": "dfa2280b-39b4-4b7a-b54a-e8d3418910b1"}}, {"type": "Feature", "geometry": {"type": "Point", "coordinates": [-1026317.0251999982, 4678200.5854]}, "properties": {"OBJECTID": 177624, "COD_SIG": null, "IDTIPO": null, "NOME": "SNACK-BAR ROSITA", "REGEND": "019812", "MORADA": "PRAIA DE PEDROU\u00c7OS (R DA)", "NUM_POLICIA": "93", "FREGUESIA": "108", "LOCALIDADE": null, "COD_POST_4": null, "COD_POST_3": null, "COM_INT_ID": null, "COD_ACT_ECON": "51203", "DESC_ACT_ECON": "\"SNACK-BAR\" - 3\u00aa CATEGORIA", "ANO": 1996, "TIPO": "Restaura\u00e7\u00e3o e Bebidas", "LOCALIZACAO": "Isolado", "C_INTEGRADO": null, "EMPRESA": "MARIA ISABEL SILVEIRA MENDES RODRIGUES MOURA", "GlobalID": "1ea4239e-51a3-402f-90b1-fa9fd5f3a9c6"}}, {"type": "Feature", "geometry": {"type": "Point", "coordinates": [-1019288.556499999, 4681959.0352]}, "properties": {"OBJECTID": 177635, "COD_SIG": null, "IDTIPO": null, "NOME": "HUMBERTO DOMINGUES", "REGEND": "019821", "MORADA": "AMOREIRAS (PR DAS)", "NUM_POLICIA": "JARDIM", "FREGUESIA": "122", "LOCALIDADE": null, "COD_POST_4": null, "COD_POST_3": null, "COM_INT_ID": null, "COD_ACT_ECON": "52104", "DESC_ACT_ECON": "CAFE/PASTELARIA - 3\u00aa CATEGORIA", "ANO": 1996, "TIPO": "Restaura\u00e7\u00e3o e Bebidas", "LOCALIZACAO": "Isolado", "C_INTEGRADO": null, "EMPRESA": "MARIA ISABEL SILVEIRA MENDES RODRIGUES MOURA", "GlobalID": "15370c5f-729d-41f6-8533-c7018f61753c"}}]}