{"type":"FeatureCollection","properties":{"exceededTransferLimit":true},"features":[{"type":"Feature","id":4994,"geometry":{"type":"Point","coordinates":[-9.18059089758027,38.7025217217865]},"properties":{"OBJECTID":4994,"COD_SIG":null,"IDTIPO":null,"NOME":"PASTELARIA ESTRELA DA MANHA","REGEND":"000202","MORADA":"Rua Primeiro de Maio (Alcântara)","NUM_POLICIA":"132","FREGUESIA":"102","LOCALIDADE":"LISBOA","COD_POST_4":"1300","COD_POST_3":"474","COM_INT_ID":null,"COD_ACT_ECON":"52104","DESC_ACT_ECON":"CAFE/PASTELARIA - 3ª CATEGORIA","ANO":1991,"TIPO":"Restauração e Bebidas","LOCALIZACAO":"Isolado","C_INTEGRADO":null,"EMPRESA":"J LOPES & SANTOS, LDA","GlobalID":"1dcd2bfc-b41e-46e1-82c6-88fa53d819cc"}},{"type":"Feature","id":5059,"geometry":{"type":"Point","coordinates":[-9.16163604982663,38.7017894812779]},"properties":{"OBJECTID":5059,"COD_SIG":null,"IDTIPO":null,"NOME":"MARIO GONÇALVES BARATA","REGEND":"000106","MORADA":"GARE MARÍTIMA DA ROCHA","NUM_POLICIA":"R/C","FREGUESIA":"113","LOCALIDADE":null,"COD_POST_4":null,"COD_POST_3":null,"COM_INT_ID":null,"COD_ACT_ECON":"51202","DESC_ACT_ECON":"\"SNACK-BAR\" - 2ª CATEGORIA","ANO":1991,"TIPO":"Restauração e Bebidas","LOCALIZACAO":"Isolado","C_INTEGRADO":null,"EMPRESA":"MARIA ISABEL SILVEIRA MENDES RODRIGUES MOURA","GlobalID":"75ad93f2-054e-4fa2-b148-174d65f105ad"}},{"type":"Feature","id":5075,"geometry":{"type":"Point","coordinates":[-9.17729908679864,38.7045778361033]},"properties":{"OBJECTID":5075,"COD_SIG":null,"IDTIPO":null,"NOME":"MARIO RUI VIEIRA FRANCISCO","REGEND":"000109","MORADA":"Largo do Calvário","NUM_POLICIA":"3","FREGUESIA":"102","LOCALIDADE":"LISBOA","COD_POST_4":"1300","COD_POST_3":"225","COM_INT_ID":null,"COD_ACT_ECON":"51107","DESC_ACT_ECON":"RESTAURANTE - 3ª CATEGORIA","ANO":1991,"TIPO":"Restauração e Bebidas","LOCALIZACAO":"Isolado","C_INTEGRADO":null,"EMPRESA":"MARIA ISABEL SILVEIRA MENDES RODRIGUES MOURA","GlobalID":"a9c2ff39-2aaf-4480-8ce1-b3cf80543dd5"}},{"type":"Feature","id":5121,"geometry":{"type":"Point","coordinates":[-9.19183676917993,38.6988621850573]},"properties":{"OBJECTID":5121,"COD_SIG":null,"IDTIPO":null,"NOME":"PASTELARIA BRAGANÇA","REGEND":"000198","MORADA":"Rua Pinto Ferreira","NUM_POLICIA":"16E","FREGUESIA":"102","LOCALIDADE":"LISBOA","COD_POST_4":"1300","COD_POST_3":"031","COM_INT_ID":null,"COD_ACT_ECON":"52104","DESC_ACT_ECON":"CAFE/PASTELARIA - 3ª CATEGORIA","ANO":1991,"TIPO":"Restauração e Bebidas","LOCALIZACAO":"Isolado","C_INTEGRADO":null,"EMPRESA":"MARIA ISABEL SILVEIRA MENDES RODRIGUES MOURA","GlobalID":"911b2525-5f44-42cb-a0f9-e9d27b88abcf"}},{"type":"Feature","id":5133,"geometry":{"type":"Point","coordinates":[-9.18234808761598,38.7039832240519]},"properties":{"OBJECTID":5133,"COD_SIG":null,"IDTIPO":null,"NOME":"AURELIO DOMINGUEZ TAMANHO & CA","REGEND":"000184","MORADA":"LUÍS DE CAMÕES (R) A ST AMARO","NUM_POLICIA":"104","FREGUESIA":"102","LOCALIDADE":null,"COD_POST_4":null,"COD_POST_3":null,"COM_INT_ID":null,"COD_ACT_ECON":"52705","DESC_ACT_ECON":"Outros Estab. De Bebidas - Taberna","ANO":1991,"TIPO":"Restauração e Bebidas","LOCALIZACAO":"Isolado","C_INTEGRADO":null,"EMPRESA":"MARIA ISABEL SILVEIRA MENDES RODRIGUES MOURA","GlobalID":"fa32de64-1ecd-40aa-94bb-1b1c0c890318"}},{"type":"Feature","id":5155,"geometry":{"type":"Point","coordinates":[-9.19278320990878,38.7037898808504]},"properties":{"OBJECTID":5155,"COD_SIG":null,"IDTIPO":null,"NOME":"JOAO BARATA BATISTA","REGEND":"000057","MORADA":"MIRADOURO (R DO)","NUM_POLICIA":"42","FREGUESIA":"101","LOCALIDADE":null,"COD_POST_4":null,"COD_POST_3":null,"COM_INT_ID":null,"COD_ACT_ECON":"52104","DESC_ACT_ECON":"CAFE/PASTELARIA - 3ª CATEGORIA","ANO":1991,"TIPO":"Restauração e Bebidas","LOCALIZACAO":"Isolado","C_INTEGRADO":null,"EMPRESA":"MARIA ISABEL SILVEIRA MENDES RODRIGUES MOURA","GlobalID":"fbf2a348-57a1-47e8-b5a7-1cc49d941a5e"}},{"type":"Feature","id":5162,"geometry":{"type":"Point","coordinates":[-9.19024801236169,38.704929835258]},"properties":{"OBJECTID":5162,"COD_SIG":null,"IDTIPO":null,"NOME":"PINTAINHO ACTIVIDADES HOTELEIRAS LDA","REGEND":"000049","MORADA":"D JOAO DE CASTRO (R DE) æ AJUDA","NUM_POLICIA":"19 A","FREGUESIA":"101","LOCALIDADE":null,"COD_POST_4":null,"COD_POST_3":null,"COM_INT_ID":null,"COD_ACT_ECON":"52104","DESC_ACT_ECON":"CAFE/PASTELARIA - 3ª CATEGORIA","ANO":1991,"TIPO":"Restauração e Bebidas","LOCALIZACAO":"Isolado","C_INTEGRADO":null,"EMPRESA":"MARIA ISABEL SILVEIRA MENDES RODRIGUES MOURA","GlobalID":"3ecab624-9db2-4e54-9018-d3c54a36133c"}},{"type":"Feature","id":5213,"geometry":{"type":"Point","coordinates":[-9.17558328933463,38.704402545318]},"properties":{"OBJECTID":5213,"COD_SIG":null,"IDTIPO":null,"NOME":"RESTAURANTE ADIVINHA QUEM VEM JANTAR","REGEND":"000163","MORADA":"Rua Fradesso da Silveira","NUM_POLICIA":"33","FREGUESIA":"102","LOCALIDADE":"LISBOA","COD_POST_4":"1300","COD_POST_3":"260","COM_INT_ID":null,"COD_ACT_ECON":"51105","DESC_ACT_ECON":"RESTAURANTE - 2ª CATEGORIA","ANO":1991,"TIPO":"Restauração e Bebidas","LOCALIZACAO":"Isolado","C_INTEGRADO":null,"EMPRESA":"MARIA ISABEL SILVEIRA MENDES RODRIGUES MOURA","GlobalID":"988a179c-03ac-4dcb-ac60-780c0e3b9234"}},{"type":"Feature","id":5220,"geometry":{"type":"Point","coordinates":[-9.18300430333778,38.7058929961099]},"properties":{"OBJECTID":5220,"COD_SIG":null,"IDTIPO":null,"NOME":"OS RIBEIRINHOS","REGEND":"000170","MORADA":"JAU (R)","NUM_POLICIA":"2 A","FREGUESIA":"102","LOCALIDADE":null,"COD_POST_4":null,"COD_POST_3":null,"COM_INT_ID":null,"COD_ACT_ECON":"51203","DESC_ACT_ECON":"\"SNACK-BAR\" - 3ª CATEGORIA","ANO":1991,"TIPO":"Restauração e Bebidas","LOCALIZACAO":"Isolado","C_INTEGRADO":null,"EMPRESA":"MARIA ISABEL SILVEIRA MENDES RODRIGUES MOURA","GlobalID":"0467d0be-2e14-4bf0-b390-e9acb39081c7"}},{"type":"Feature","id":5261,"geometry":{"type":"Point","coordinates":[-9.19964910369389,38.7032229183183]},"properties":{"OBJECTID":5261,"COD_SIG":null,"IDTIPO":null,"NOME":"ESPELHO DOURADO","REGEND":"000015","MORADA":"Calçada da Ajuda","NUM_POLICIA":"89","FREGUESIA":"101","LOCALIDADE":"LISBOA","COD_POST_4":"1300","COD_POST_3":"007","COM_INT_ID":null,"COD_ACT_ECON":"51107","DESC_ACT_ECON":"RESTAURANTE - 3ª CATEGORIA","ANO":1991,"TIPO":"Restauração e Bebidas","LOCALIZACAO":"Isolado","C_INTEGRADO":null,"EMPRESA":"MARIA ISABEL SILVEIRA MENDES RODRIGUES MOURA","GlobalID":"c3c414d3-047f-4a0b-b863-4f827c2f1fc1"}},{"type":"Feature","id":5419,"geometry":{"type":"Point","coordinates":[-9.19110495304047,38.703796094828]},"properties":{"OBJECTID":5419,"COD_SIG":null,"IDTIPO":null,"NOME":"MARTINS E CRUZ","REGEND":"000035","MORADA":"RIO SECO (L DO)","NUM_POLICIA":"17","FREGUESIA":"102","LOCALIDADE":null,"COD_POST_4":null,"COD_POST_3":null,"COM_INT_ID":null,"COD_ACT_ECON":"52705","DESC_ACT_ECON":"Outros Estab. De Bebidas - Taberna","ANO":1991,"TIPO":"Restauração e Bebidas","LOCALIZACAO":"Isolado","C_INTEGRADO":null,"EMPRESA":"MARIA ISABEL SILVEIRA MENDES RODRIGUES MOURA","GlobalID":"6a03ae5a-e6d3-418d-9829-c4f34604af50"}},{"type":"Feature","id":5474,"geometry":{"type":"Point","coordinates":[-9.18254071695561,38.703792328165]},"properties":{"OBJECTID":5474,"COD_SIG":null,"IDTIPO":null,"NOME":"RESTAURANTE A PONTE","REGEND":"000185","MORADA":"Rua Luís de Camões","NUM_POLICIA":"123","FREGUESIA":"102","LOCALIDADE":"LISBOA","COD_POST_4":"1300","COD_POST_3":"367","COM_INT_ID":null,"COD_ACT_ECON":"51105","DESC_ACT_ECON":"RESTAURANTE - 2ª CATEGORIA","ANO":1991,"TIPO":"Restauração e Bebidas","LOCALIZACAO":"Isolado","C_INTEGRADO":null,"EMPRESA":"F JORGE, LDA","GlobalID":"ff813504-1a60-43e6-a714-e8f957507e9d"}},{"type":"Feature","id":5487,"geometry":{"type":"Point","coordinates":[-9.17815343673612,38.7056421382279]},"properties":{"OBJECTID":5487,"COD_SIG":null,"IDTIPO":null,"NOME":"A VERDINHA","REGEND":"000193","MORADA":"LUSIADAS (R DOS)","NUM_POLICIA":"5 A","FREGUESIA":"102","LOCALIDADE":null,"COD_POST_4":null,"COD_POST_3":null,"COM_INT_ID":null,"COD_ACT_ECON":"52104","DESC_ACT_ECON":"CAFE/PASTELARIA - 3ª CATEGORIA","ANO":1991,"TIPO":"Restauração e Bebidas","LOCALIZACAO":"Isolado","C_INTEGRADO":null,"EMPRESA":"MARIA ISABEL SILVEIRA MENDES RODRIGUES MOURA","GlobalID":"1dc608d4-a111-460d-903d-ce458add9752"}},{"type":"Feature","id":5541,"geometry":{"type":"Point","coordinates":[-9.20329712074021,38.7126871988496]},"properties":{"OBJECTID":5541,"COD_SIG":null,"IDTIPO":null,"NOME":"RESTAURANTE MATA VERDE","REGEND":"000028","MORADA":"PEDRO TEIXEIRA (CS) EST PEDRO TEIXEIRA","NUM_POLICIA":"LETRAS V","FREGUESIA":"101","LOCALIDADE":"LISBOA","COD_POST_4":"1400","COD_POST_3":"047","COM_INT_ID":null,"COD_ACT_ECON":"51107","DESC_ACT_ECON":"RESTAURANTE - 3ª CATEGORIA","ANO":1991,"TIPO":"Restauração e Bebidas","LOCALIZACAO":"Isolado","C_INTEGRADO":null,"EMPRESA":"FELGUEIRAS, NAVE & FONTOURA, LDA","GlobalID":"06e49ee6-e26e-4873-a8b6-71e26b9ee7a6"}},{"type":"Feature","id":5582,"geometry":{"type":"Point","coordinates":[-9.17486643194126,38.7064913496881]},"properties":{"OBJECTID":5582,"COD_SIG":null,"IDTIPO":null,"NOME":"CANAS","REGEND":"000118","MORADA":"ALCÂNTARA (R DE)","NUM_POLICIA":"14 A/B","FREGUESIA":"102","LOCALIDADE":null,"COD_POST_4":null,"COD_POST_3":null,"COM_INT_ID":null,"COD_ACT_ECON":"51107","DESC_ACT_ECON":"RESTAURANTE - 3ª CATEGORIA","ANO":1991,"TIPO":"Restauração e Bebidas","LOCALIZACAO":"Isolado","C_INTEGRADO":null,"EMPRESA":"MARIA ISABEL SILVEIRA MENDES RODRIGUES MOURA","GlobalID":"4b06862b-3369-4dda-9123-8637746c7001"}},{"type":"Feature","id":5619,"geometry":{"type":"Point","coordinates":[-9.18127074618058,38.7026327214094]},"properties":{"OBJECTID":5619,"COD_SIG":null,"IDTIPO":null,"NOME":"PASTELARIA JAU","REGEND":"000181","MORADA":"Rua Luís de Camões","NUM_POLICIA":"33A","FREGUESIA":"102","LOCALIDADE":"LISBOA","COD_POST_4":"1300","COD_POST_3":"355","COM_INT_ID":null,"COD_ACT_ECON":"52103","DESC_ACT_ECON":"CAFÉ/PASTELARIA - 2ª CATEGORIA","ANO":1991,"TIPO":"Restauração e Bebidas","LOCALIZACAO":"Isolado","C_INTEGRADO":null,"EMPRESA":"NUNES ROSA E NUNES, LDA","GlobalID":"31ecef9b-04cf-413d-ac22-fcb80ea5fdd7"}},{"type":"Feature","id":5706,"geometry":{"type":"Point","coordinates":[-9.20010564099601,38.7030025590702]},"properties":{"OBJECTID":5706,"COD_SIG":null,"IDTIPO":null,"NOME":"MARIA ALMEIDA","REGEND":"000083","MORADA":"Rua das Mercês","NUM_POLICIA":"15","FREGUESIA":"101","LOCALIDADE":"LISBOA","COD_POST_4":"1300","COD_POST_3":"404","COM_INT_ID":null,"COD_ACT_ECON":"51203","DESC_ACT_ECON":"\"SNACK-BAR\" - 3ª CATEGORIA","ANO":1991,"TIPO":"Restauração e Bebidas","LOCALIZACAO":"Isolado","C_INTEGRADO":null,"EMPRESA":"MARIA ISABEL SILVEIRA MENDES RODRIGUES MOURA","GlobalID":"00519a81-e31b-42f2-a304-02c6f46f5b11"}},{"type":"Feature","id":5727,"geometry":{"type":"Point","coordinates":[-9.20021773098053,38.7030989363114]},"properties":{"OBJECTID":5727,"COD_SIG":null,"IDTIPO":null,"NOME":"CANTINHO DA MEMORIA","REGEND":"000084","MORADA":"MEMORIA (T DA)","NUM_POLICIA":"26","FREGUESIA":"101","LOCALIDADE":"LISBOA","COD_POST_4":"1300","COD_POST_3":"403","COM_INT_ID":null,"COD_ACT_ECON":"52104","DESC_ACT_ECON":"CAFE/PASTELARIA - 3ª CATEGORIA","ANO":1991,"TIPO":"Restauração e Bebidas","LOCALIZACAO":"Isolado","C_INTEGRADO":null,"EMPRESA":"MARIA ISABEL SILVEIRA MENDES RODRIGUES MOURA","GlobalID":"c93b9a49-0109-4b0e-84ff-e2ff0f9a0377"}},{"type":"Feature","id":5732,"geometry":{"type":"Point","coordinates":[-9.18070627360211,38.7024650203135]},"properties":{"OBJECTID":5732,"COD_SIG":null,"IDTIPO":null,"NOME":"PASTELARIA BOTIQUE","REGEND":"000179","MORADA":"Rua Luís de Camões","NUM_POLICIA":"2","FREGUESIA":"102","LOCALIDADE":"LISBOA","COD_POST_4":"1300","COD_POST_3":"474","COM_INT_ID":null,"COD_ACT_ECON":"52104","DESC_ACT_ECON":"CAFE/PASTELARIA - 3ª CATEGORIA","ANO":1991,"TIPO":"Restauração e Bebidas","LOCALIZACAO":"Isolado","C_INTEGRADO":null,"EMPRESA":"LUIS & SARAIVA, LDA","GlobalID":"5ecab85a-4169-4e44-8a62-1db382ab5406"}},{"type":"Feature","id":5737,"geometry":{"type":"Point","coordinates":[-9.18167856425158,38.7030073871541]},"properties":{"OBJECTID":5737,"COD_SIG":null,"IDTIPO":null,"NOME":"PASTELARIA CAFE RESTAURANTE REGIONAL","REGEND":"000182","MORADA":"Rua Luís de Camões","NUM_POLICIA":"83","FREGUESIA":"102","LOCALIDADE":"LISBOA","COD_POST_4":"1300","COD_POST_3":"355","COM_INT_ID":null,"COD_ACT_ECON":"52104","DESC_ACT_ECON":"CAFE/PASTELARIA - 3ª CATEGORIA","ANO":1991,"TIPO":"Restauração e Bebidas","LOCALIZACAO":"Isolado","C_INTEGRADO":null,"EMPRESA":"MANUEL AFONSO CALDAS & CARLOS MANUEL MENDES CALDAS","GlobalID":"7b8266b1-3cbe-4ef6-8abb-978925766858"}},{"type":"Feature","id":5750,"geometry":{"type":"Point","coordinates":[-9.17903603779098,38.7062558923199]},"properties":{"OBJECTID":5750,"COD_SIG":null,"IDTIPO":null,"NOME":"JOAQUIM COSTA PEREIRA","REGEND":"000177","MORADA":"LEÃO DE OLIVEIRA (R)","NUM_POLICIA":"36","FREGUESIA":"102","LOCALIDADE":null,"COD_POST_4":null,"COD_POST_3":null,"COM_INT_ID":null,"COD_ACT_ECON":"52704","DESC_ACT_ECON":"OUTROS EST. DE BEBIDAS - 3ª CATEGORIA","ANO":1991,"TIPO":"Restauração e Bebidas","LOCALIZACAO":"Isolado","C_INTEGRADO":null,"EMPRESA":"MARIA ISABEL SILVEIRA MENDES RODRIGUES MOURA","GlobalID":"24984b72-164f-4627-97cf-3a5fc36e4651"}},{"type":"Feature","id":5760,"geometry":{"type":"Point","coordinates":[-9.18229137607379,38.7008940510437]},"properties":{"OBJECTID":5760,"COD_SIG":null,"IDTIPO":null,"NOME":"FLOR DE TONDELA","REGEND":"000174","MORADA":"JUNQUEIRA (R DA)","NUM_POLICIA":"22","FREGUESIA":"102","LOCALIDADE":"LISBOA","COD_POST_4":"1300","COD_POST_3":"343","COM_INT_ID":null,"COD_ACT_ECON":"51109","DESC_ACT_ECON":"RESTAURANTE - CASA DE PASTO","ANO":1991,"TIPO":"Restauração e Bebidas","LOCALIZACAO":"Isolado","C_INTEGRADO":null,"EMPRESA":"MARIA ISABEL SILVEIRA MENDES RODRIGUES MOURA","GlobalID":"7c444e3f-3522-47a1-901f-7a1e41867aaf"}},{"type":"Feature","id":5765,"geometry":{"type":"Point","coordinates":[-9.19902563875073,38.7037740030976]},"properties":{"OBJECTID":5765,"COD_SIG":null,"IDTIPO":null,"NOME":"LEITARIA AJUDENSE","REGEND":"000041","MORADA":"COR PEREIRA DA SILVA (R)","NUM_POLICIA":"19 A/B","FREGUESIA":"101","LOCALIDADE":"LISBOA                         ","COD_POST_4":"1300","COD_POST_3":"146","COM_INT_ID":null,"COD_ACT_ECON":"52104","DESC_ACT_ECON":"CAFE/PASTELARIA - 3ª CATEGORIA","ANO":1991,"TIPO":"Restauração e Bebidas","LOCALIZACAO":"Isolado","C_INTEGRADO":null,"EMPRESA":"LEITARIA AJUDENSE, LDA","GlobalID":"c746d0c5-b3fb-4dbf-8ea5-2644273f780e"}},{"type":"Feature","id":5772,"geometry":{"type":"Point","coordinates":[-9.192067268797,38.7074625559064]},"properties":{"OBJECTID":5772,"COD_SIG":null,"IDTIPO":null,"NOME":"DIOPOLDINO GONÇALVES FERNANDES","REGEND":"000046","MORADA":"CRUZEIRO (R DO)","NUM_POLICIA":"123","FREGUESIA":"101","LOCALIDADE":"LISBOA","COD_POST_4":"1300","COD_POST_3":"168","COM_INT_ID":null,"COD_ACT_ECON":"51109","DESC_ACT_ECON":"RESTAURANTE - CASA DE PASTO","ANO":1991,"TIPO":"Restauração e Bebidas","LOCALIZACAO":"Isolado","C_INTEGRADO":null,"EMPRESA":"MARIA ISABEL SILVEIRA MENDES RODRIGUES MOURA","GlobalID":"8709d669-f2a4-40df-86eb-ddc38425b087"}},{"type":"Feature","id":5777,"geometry":{"type":"Point","coordinates":[-9.19566907740342,38.7077000611195]},"properties":{"OBJECTID":5777,"COD_SIG":null,"IDTIPO":null,"NOME":"CAFÉ VIEIRA","REGEND":"000029","MORADA":"Largo da Ajuda","NUM_POLICIA":"6","FREGUESIA":"101","LOCALIDADE":"LISBOA                         ","COD_POST_4":"1300","COD_POST_3":"018","COM_INT_ID":null,"COD_ACT_ECON":"52104","DESC_ACT_ECON":"CAFE/PASTELARIA - 3ª CATEGORIA","ANO":1991,"TIPO":"Restauração e Bebidas","LOCALIZACAO":"Isolado","C_INTEGRADO":null,"EMPRESA":"MARIA ISABEL SILVEIRA MENDES RODRIGUES MOURA","GlobalID":"e5ec279d-13f2-4234-9e60-fa9d00fcc462"}},{"type":"Feature","id":5802,"geometry":{"type":"Point","coordinates":[-9.19744567104923,38.7035455317367]},"properties":{"OBJECTID":5802,"COD_SIG":null,"IDTIPO":null,"NOME":"O TRINTA","REGEND":"000073","MORADA":"BOA HORA (T DA) À AJUDA","NUM_POLICIA":"30 F/G","FREGUESIA":"101","LOCALIDADE":null,"COD_POST_4":null,"COD_POST_3":null,"COM_INT_ID":null,"COD_ACT_ECON":"51203","DESC_ACT_ECON":"\"SNACK-BAR\" - 3ª CATEGORIA","ANO":1991,"TIPO":"Restauração e Bebidas","LOCALIZACAO":"Isolado","C_INTEGRADO":null,"EMPRESA":"MARIA ISABEL SILVEIRA MENDES RODRIGUES MOURA","GlobalID":"8fb5c250-f212-4f1c-afc5-890f77bc38fd"}},{"type":"Feature","id":5811,"geometry":{"type":"Point","coordinates":[-9.19986358724777,38.7037898121489]},"properties":{"OBJECTID":5811,"COD_SIG":null,"IDTIPO":null,"NOME":"ANTONIO MATEUS ALMEIDA","REGEND":"000085","MORADA":"PAULO MARTINS (T DE)","NUM_POLICIA":"12","FREGUESIA":"101","LOCALIDADE":null,"COD_POST_4":null,"COD_POST_3":null,"COM_INT_ID":null,"COD_ACT_ECON":"52104","DESC_ACT_ECON":"CAFE/PASTELARIA - 3ª CATEGORIA","ANO":1991,"TIPO":"Restauração e Bebidas","LOCALIZACAO":"Isolado","C_INTEGRADO":null,"EMPRESA":"MARIA ISABEL SILVEIRA MENDES RODRIGUES MOURA","GlobalID":"cce46fb4-6da8-48d0-936b-4de4c4885584"}},{"type":"Feature","id":5855,"geometry":{"type":"Point","coordinates":[-9.18176749566807,38.7059431368763]},"properties":{"OBJECTID":5855,"COD_SIG":null,"IDTIPO":null,"NOME":"KUXIXO","REGEND":"000098","MORADA":"Calçada da Tapada","NUM_POLICIA":"87A","FREGUESIA":"102","LOCALIDADE":null,"COD_POST_4":"1300","COD_POST_3":"547","COM_INT_ID":null,"COD_ACT_ECON":"52104","DESC_ACT_ECON":"CAFE/PASTELARIA - 3ª CATEGORIA","ANO":1991,"TIPO":"Restauração e Bebidas","LOCALIZACAO":"Isolado","C_INTEGRADO":null,"EMPRESA":"MARIA ISABEL SILVEIRA MENDES RODRIGUES MOURA","GlobalID":"de9de121-b5c6-4b0f-aee9-6447a8b9890c"}},{"type":"Feature","id":5906,"geometry":{"type":"Point","coordinates":[-9.19622979682061,38.7044251226674]},"properties":{"OBJECTID":5906,"COD_SIG":null,"IDTIPO":null,"NOME":"ADEL ESTRELA AJUDA","REGEND":"000039","MORADA":"Rua Coronel Pereira da Silva","NUM_POLICIA":"4B","FREGUESIA":"101","LOCALIDADE":"LISBOA","COD_POST_4":"1300","COD_POST_3":"147","COM_INT_ID":null,"COD_ACT_ECON":"52104","DESC_ACT_ECON":"CAFE/PASTELARIA - 3ª CATEGORIA","ANO":1991,"TIPO":"Restauração e Bebidas","LOCALIZACAO":"Isolado","C_INTEGRADO":null,"EMPRESA":"MARIA ISABEL SILVEIRA MENDES RODRIGUES MOURA","GlobalID":"acf7cd02-1713-4f79-a6b2-4141052ef74d"}},{"type":"Feature","id":5944,"geometry":{"type":"Point","coordinates":[-9.19125868892156,38.7033082798197]},"properties":{"OBJECTID":5944,"COD_SIG":null,"IDTIPO":null,"NOME":"O PAINEL","REGEND":"000080","MORADA":"Travessa do Giestal","NUM_POLICIA":"59A","FREGUESIA":"102","LOCALIDADE":"LISBOA","COD_POST_4":"1300","COD_POST_3":"277","COM_INT_ID":null,"COD_ACT_ECON":"52104","DESC_ACT_ECON":"CAFE/PASTELARIA - 3ª CATEGORIA","ANO":1991,"TIPO":"Restauração e Bebidas","LOCALIZACAO":"Isolado","C_INTEGRADO":null,"EMPRESA":"MARIA ISABEL SILVEIRA MENDES RODRIGUES MOURA","GlobalID":"f583a283-7d3f-43b9-8580-a85b6d913302"}},{"type":"Feature","id":5969,"geometry":{"type":"Point","coordinates":[-9.20187668754497,38.7038240843599]},"properties":{"OBJECTID":5969,"COD_SIG":null,"IDTIPO":null,"NOME":"MARIA ROSINDA LUZ FERREIRA SANTOS","REGEND":"000087","MORADA":"Travessa de Paulo Martins","NUM_POLICIA":"47A","FREGUESIA":"101","LOCALIDADE":"LISBOA","COD_POST_4":"1300","COD_POST_3":"447","COM_INT_ID":null,"COD_ACT_ECON":"51203","DESC_ACT_ECON":"\"SNACK-BAR\" - 3ª CATEGORIA","ANO":1991,"TIPO":"Restauração e Bebidas","LOCALIZACAO":"Isolado","C_INTEGRADO":null,"EMPRESA":"MARIA ISABEL SILVEIRA MENDES RODRIGUES MOURA","GlobalID":"729af1d1-e21a-4c65-9fea-cc084bc6c67b"}},{"type":"Feature","id":5979,"geometry":{"type":"Point","coordinates":[-9.1838394607692,38.6990695548039]},"properties":{"OBJECTID":5979,"COD_SIG":null,"IDTIPO":null,"NOME":"RESTAURANTE FIL","REGEND":"000116","MORADA":"Praça das Indústrias","NUM_POLICIA":"Centro de Congressos (antiga FIL)","FREGUESIA":"102","LOCALIDADE":"LISBOA","COD_POST_4":"1300","COD_POST_3":"307","COM_INT_ID":null,"COD_ACT_ECON":"51105","DESC_ACT_ECON":"RESTAURANTE - 2ª CATEGORIA","ANO":1991,"TIPO":"Restauração e Bebidas","LOCALIZACAO":"Isolado","C_INTEGRADO":null,"EMPRESA":"ALFREDO, FREITAS & PACHECO, LDA","GlobalID":"dc9a03f6-4d34-4c97-aba4-5929d804a68e"}},{"type":"Feature","id":6086,"geometry":{"type":"Point","coordinates":[-9.18412213902954,38.7034538198091]},"properties":{"OBJECTID":6086,"COD_SIG":null,"IDTIPO":null,"NOME":"FERROLHO & CUNHA","REGEND":"000129","MORADA":"AMADEU DE SOUSA CARDOSO (R)","NUM_POLICIA":"15","FREGUESIA":"102","LOCALIDADE":null,"COD_POST_4":null,"COD_POST_3":null,"COM_INT_ID":null,"COD_ACT_ECON":"52705","DESC_ACT_ECON":"Outros Estab. De Bebidas - Taberna","ANO":1991,"TIPO":"Restauração e Bebidas","LOCALIZACAO":"Isolado","C_INTEGRADO":null,"EMPRESA":"MARIA ISABEL SILVEIRA MENDES RODRIGUES MOURA","GlobalID":"ee603ed7-aabb-4341-8268-ef0cfdc18758"}},{"type":"Feature","id":6211,"geometry":{"type":"Point","coordinates":[-9.17441437274084,38.7070268441943]},"properties":{"OBJECTID":6211,"COD_SIG":null,"IDTIPO":null,"NOME":"NORTE PONTE","REGEND":"000125","MORADA":"ALVITO (R DO)","NUM_POLICIA":"10 A","FREGUESIA":"102","LOCALIDADE":null,"COD_POST_4":null,"COD_POST_3":null,"COM_INT_ID":null,"COD_ACT_ECON":"51109","DESC_ACT_ECON":"RESTAURANTE - CASA DE PASTO","ANO":1991,"TIPO":"Restauração e Bebidas","LOCALIZACAO":"Isolado","C_INTEGRADO":null,"EMPRESA":"MARIA ISABEL SILVEIRA MENDES RODRIGUES MOURA","GlobalID":"25a348cf-8596-44dd-8705-6994d88c6405"}},{"type":"Feature","id":6214,"geometry":{"type":"Point","coordinates":[-9.19163798997387,38.69994358239]},"properties":{"OBJECTID":6214,"COD_SIG":null,"IDTIPO":null,"NOME":"HAMBURGARIA ROSA","REGEND":"000130","MORADA":"Rua Artur Lamas","NUM_POLICIA":"22B","FREGUESIA":"102","LOCALIDADE":null,"COD_POST_4":"1300","COD_POST_3":"075","COM_INT_ID":null,"COD_ACT_ECON":"51299","DESC_ACT_ECON":"\"SNACK-BAR\" - (SEM CATEGORIA)","ANO":1991,"TIPO":"Restauração e Bebidas","LOCALIZACAO":"Isolado","C_INTEGRADO":null,"EMPRESA":"MARIA ISABEL SILVEIRA MENDES RODRIGUES MOURA","GlobalID":"5a2cb896-7e1d-4ef3-a856-5141e13a7937"}},{"type":"Feature","id":6233,"geometry":{"type":"Point","coordinates":[-9.1840164486431,38.7033016381652]},"properties":{"OBJECTID":6233,"COD_SIG":null,"IDTIPO":null,"NOME":"JOSE DUARTE & COSTA LDA","REGEND":"000131","MORADA":"Rua Amadeu de Sousa Cardoso","NUM_POLICIA":"7","FREGUESIA":"102","LOCALIDADE":"LISBOA","COD_POST_4":"1300","COD_POST_3":"063","COM_INT_ID":null,"COD_ACT_ECON":"51107","DESC_ACT_ECON":"RESTAURANTE - 3ª CATEGORIA","ANO":1991,"TIPO":"Restauração e Bebidas","LOCALIZACAO":"Isolado","C_INTEGRADO":null,"EMPRESA":"JOSE DUARTE & COSTA, LDA","GlobalID":"e48c036b-eb9d-4f3c-ac17-bd453b1dc792"}},{"type":"Feature","id":6238,"geometry":{"type":"Point","coordinates":[-9.17501342147456,38.7039498317148]},"properties":{"OBJECTID":6238,"COD_SIG":null,"IDTIPO":null,"NOME":"GELATARIA FREDO","REGEND":"000137","MORADA":"CASCAIS (R)","NUM_POLICIA":"45/47","FREGUESIA":"102","LOCALIDADE":null,"COD_POST_4":null,"COD_POST_3":null,"COM_INT_ID":97,"COD_ACT_ECON":"52504","DESC_ACT_ECON":"GELATARIA - 3ª CATEGORIA","ANO":1991,"TIPO":"Restauração e Bebidas","LOCALIZACAO":"Integrado - outro","C_INTEGRADO":"CENTRO COMERCIAL PINGO DOCE","EMPRESA":"MARIA ISABEL SILVEIRA MENDES RODRIGUES MOURA","GlobalID":"078b1e25-2b7f-4c2f-8017-aaa50a022c20"}},{"type":"Feature","id":6268,"geometry":{"type":"Point","coordinates":[-9.18073767511119,38.7050690031545]},"properties":{"OBJECTID":6268,"COD_SIG":null,"IDTIPO":null,"NOME":"MARIA RAQUEL BRAGA NEVES SANTOS","REGEND":"000189","MORADA":"Rua dos Lusíadas","NUM_POLICIA":"51A","FREGUESIA":"102","LOCALIDADE":"LISBOA","COD_POST_4":"1300","COD_POST_3":"366","COM_INT_ID":null,"COD_ACT_ECON":"52104","DESC_ACT_ECON":"CAFE/PASTELARIA - 3ª CATEGORIA","ANO":1991,"TIPO":"Restauração e Bebidas","LOCALIZACAO":"Isolado","C_INTEGRADO":null,"EMPRESA":"MARIA ISABEL SILVEIRA MENDES RODRIGUES MOURA","GlobalID":"e2e77086-6607-4281-b43e-013030b6d193"}},{"type":"Feature","id":6272,"geometry":{"type":"Point","coordinates":[-9.19964251814453,38.7032403027301]},"properties":{"OBJECTID":6272,"COD_SIG":null,"IDTIPO":null,"NOME":"ESPELHO DOURADO","REGEND":"000016","MORADA":"AJUDA (C DA)","NUM_POLICIA":"91/93","FREGUESIA":"101","LOCALIDADE":null,"COD_POST_4":null,"COD_POST_3":null,"COM_INT_ID":null,"COD_ACT_ECON":"51203","DESC_ACT_ECON":"\"SNACK-BAR\" - 3ª CATEGORIA","ANO":1991,"TIPO":"Restauração e Bebidas","LOCALIZACAO":"Isolado","C_INTEGRADO":null,"EMPRESA":"MARIA ISABEL SILVEIRA MENDES RODRIGUES MOURA","GlobalID":"f3318c73-c09b-4295-9eca-5c12dddcf1d1"}},{"type":"Feature","id":6292,"geometry":{"type":"Point","coordinates":[-9.19966620671859,38.7034974461354]},"properties":{"OBJECTID":6292,"COD_SIG":null,"IDTIPO":null,"NOME":"RESTAURANTE VILA VERDE","REGEND":"000004","MORADA":"Calçada da Ajuda","NUM_POLICIA":"113","FREGUESIA":"101","LOCALIDADE":"LISBOA","COD_POST_4":"1300","COD_POST_3":"007","COM_INT_ID":null,"COD_ACT_ECON":"51107","DESC_ACT_ECON":"RESTAURANTE - 3ª CATEGORIA","ANO":1991,"TIPO":"Restauração e Bebidas","LOCALIZACAO":"Isolado","C_INTEGRADO":null,"EMPRESA":"MARIA ISABEL SILVEIRA MENDES RODRIGUES MOURA","GlobalID":"aa699dcd-1e0f-49c7-944b-c3aaace0e736"}},{"type":"Feature","id":6319,"geometry":{"type":"Point","coordinates":[-9.19635476684969,38.7035502265867]},"properties":{"OBJECTID":6319,"COD_SIG":null,"IDTIPO":null,"NOME":"PASTELARIA ORMAFER LDA","REGEND":"000072","MORADA":"Travessa da Boa-Hora à Ajuda","NUM_POLICIA":"26","FREGUESIA":"101","LOCALIDADE":"LISBOA","COD_POST_4":"1300","COD_POST_3":"521","COM_INT_ID":null,"COD_ACT_ECON":"51107","DESC_ACT_ECON":"RESTAURANTE - 3ª CATEGORIA","ANO":1991,"TIPO":"Restauração e Bebidas","LOCALIZACAO":"Isolado","C_INTEGRADO":null,"EMPRESA":"PASTELARIA ORMAFER, LDA","GlobalID":"6ade350d-3780-4aad-957b-d0226426ca6b"}},{"type":"Feature","id":6343,"geometry":{"type":"Point","coordinates":[-9.17517320481415,38.7086144561842]},"properties":{"OBJECTID":6343,"COD_SIG":null,"IDTIPO":null,"NOME":"DAVID LUIS ALMEIDA","REGEND":"000154","MORADA":"Rua Feliciano de Sousa","NUM_POLICIA":"49","FREGUESIA":"102","LOCALIDADE":"LISBOA","COD_POST_4":"1300","COD_POST_3":"228","COM_INT_ID":null,"COD_ACT_ECON":"52705","DESC_ACT_ECON":"Outros Estab. De Bebidas - Taberna","ANO":1991,"TIPO":"Restauração e Bebidas","LOCALIZACAO":"Isolado","C_INTEGRADO":null,"EMPRESA":"MARIA ISABEL SILVEIRA MENDES RODRIGUES MOURA","GlobalID":"f7211737-e291-454f-a247-7231877cafbc"}},{"type":"Feature","id":6359,"geometry":{"type":"Point","coordinates":[-9.17530213641362,38.7087844540102]},"properties":{"OBJECTID":6359,"COD_SIG":null,"IDTIPO":null,"NOME":"RODRIGUES RODRIGUES & ARAUJO LDA","REGEND":"000155","MORADA":"FELICIANO DE SOUSA (R)","NUM_POLICIA":"63","FREGUESIA":"102","LOCALIDADE":null,"COD_POST_4":null,"COD_POST_3":null,"COM_INT_ID":null,"COD_ACT_ECON":"52704","DESC_ACT_ECON":"OUTROS EST. DE BEBIDAS - 3ª CATEGORIA","ANO":1991,"TIPO":"Restauração e Bebidas","LOCALIZACAO":"Isolado","C_INTEGRADO":null,"EMPRESA":"MARIA ISABEL SILVEIRA MENDES RODRIGUES MOURA","GlobalID":"7b497ac3-85bf-4f0d-b608-ea499baf7df4"}},{"type":"Feature","id":6392,"geometry":{"type":"Point","coordinates":[-9.18289558113724,38.7036900512352]},"properties":{"OBJECTID":6392,"COD_SIG":null,"IDTIPO":null,"NOME":"RESTAURANTE O FOLE","REGEND":"000191","MORADA":"LUSÍADAS (R DOS)","NUM_POLICIA":"113 C","FREGUESIA":"102","LOCALIDADE":null,"COD_POST_4":null,"COD_POST_3":null,"COM_INT_ID":null,"COD_ACT_ECON":"51107","DESC_ACT_ECON":"RESTAURANTE - 3ª CATEGORIA","ANO":1991,"TIPO":"Restauração e Bebidas","LOCALIZACAO":"Isolado","C_INTEGRADO":null,"EMPRESA":"MARIA ISABEL SILVEIRA MENDES RODRIGUES MOURA","GlobalID":"2d124e2d-204e-4220-88e7-064aa92b4cbc"}},{"type":"Feature","id":6422,"geometry":{"type":"Point","coordinates":[-9.19420574067021,38.7090285111362]},"properties":{"OBJECTID":6422,"COD_SIG":null,"IDTIPO":null,"NOME":"MANUEL E ARMANDO RODRIGUES IRMÃOS","REGEND":"000048","MORADA":"CRUZEIRO (R DO)","NUM_POLICIA":"162 A","FREGUESIA":"101","LOCALIDADE":"LISBOA","COD_POST_4":"1300","COD_POST_3":"171","COM_INT_ID":null,"COD_ACT_ECON":"52104","DESC_ACT_ECON":"CAFE/PASTELARIA - 3ª CATEGORIA","ANO":1991,"TIPO":"Restauração e Bebidas","LOCALIZACAO":"Isolado","C_INTEGRADO":null,"EMPRESA":"MARIA ISABEL SILVEIRA MENDES RODRIGUES MOURA","GlobalID":"c75bb13f-bc23-4e1b-9b2e-f62e29e32d40"}},{"type":"Feature","id":6432,"geometry":{"type":"Point","coordinates":[-9.19548095940315,38.7035401659932]},"properties":{"OBJECTID":6432,"COD_SIG":null,"IDTIPO":null,"NOME":"A TOCA DOS CARACÓIS","REGEND":"000069","MORADA":"Travessa da Boa-Hora à Ajuda","NUM_POLICIA":"11C","FREGUESIA":"101","LOCALIDADE":"LISBOA","COD_POST_4":"1300","COD_POST_3":"199","COM_INT_ID":null,"COD_ACT_ECON":"52304","DESC_ACT_ECON":"CERVEJARIA - 3ª CATEGORIA","ANO":1991,"TIPO":"Restauração e Bebidas","LOCALIZACAO":"Isolado","C_INTEGRADO":null,"EMPRESA":"A TOCA DOS CARACÓIS - VINHOS E PETISCOS, LDA","GlobalID":"277f3ab0-1592-462d-b8a2-f74e8bcc9e46"}},{"type":"Feature","id":6480,"geometry":{"type":"Point","coordinates":[-9.17496543706537,38.7101386313278]},"properties":{"OBJECTID":6480,"COD_SIG":null,"IDTIPO":null,"NOME":"ANICETO BAPTISTA CAETANO ALVES","REGEND":"000150","MORADA":"FÁBRICA DA PÓLVORA (R DA)","NUM_POLICIA":"27","FREGUESIA":"102","LOCALIDADE":"LISBOA","COD_POST_4":"1300","COD_POST_3":"226","COM_INT_ID":null,"COD_ACT_ECON":"51109","DESC_ACT_ECON":"RESTAURANTE - CASA DE PASTO","ANO":1991,"TIPO":"Restauração e Bebidas","LOCALIZACAO":"Isolado","C_INTEGRADO":null,"EMPRESA":"MARIA ISABEL SILVEIRA MENDES RODRIGUES MOURA","GlobalID":"2a6a327b-b95e-4202-9c7e-508043bc3e82"}},{"type":"Feature","id":6500,"geometry":{"type":"Point","coordinates":[-9.17977375586187,38.7032166110524]},"properties":{"OBJECTID":6500,"COD_SIG":null,"IDTIPO":null,"NOME":"CHISQUETE","REGEND":"000201","MORADA":"PRIMEIRO DE MAIO (R) AO CALVÁRIO","NUM_POLICIA":"96","FREGUESIA":"102","LOCALIDADE":"LISBOA","COD_POST_4":"1300","COD_POST_3":"474","COM_INT_ID":null,"COD_ACT_ECON":"51107","DESC_ACT_ECON":"RESTAURANTE - 3ª CATEGORIA","ANO":1991,"TIPO":"Restauração e Bebidas","LOCALIZACAO":"Isolado","C_INTEGRADO":null,"EMPRESA":"MARIA ISABEL SILVEIRA MENDES RODRIGUES MOURA","GlobalID":"d38b3571-5aae-49db-b6dd-1b5da6fc39f9"}},{"type":"Feature","id":6596,"geometry":{"type":"Point","coordinates":[-9.17501342147456,38.7039498317148]},"properties":{"OBJECTID":6596,"COD_SIG":null,"IDTIPO":null,"NOME":"FRITZ 2 ALCANTARA","REGEND":"000136","MORADA":"CASCAIS (R)","NUM_POLICIA":"45/47","FREGUESIA":"102","LOCALIDADE":null,"COD_POST_4":null,"COD_POST_3":null,"COM_INT_ID":97,"COD_ACT_ECON":"51302","DESC_ACT_ECON":"\"SELF-SERVICE\" - 2ª CATEGORIA","ANO":1991,"TIPO":"Restauração e Bebidas","LOCALIZACAO":"Integrado - outro","C_INTEGRADO":"CENTRO COMERCIAL PINGO DOCE","EMPRESA":"MARIA ISABEL SILVEIRA MENDES RODRIGUES MOURA","GlobalID":"5427c70d-3336-449d-bba0-d4eb204c1590"}},{"type":"Feature","id":6606,"geometry":{"type":"Point","coordinates":[-9.17458757691077,38.7070793458451]},"properties":{"OBJECTID":6606,"COD_SIG":null,"IDTIPO":null,"NOME":"RETIRO DO CHEFE COSTA","REGEND":"000126","MORADA":"Rua do Alvito","NUM_POLICIA":"12","FREGUESIA":"102","LOCALIDADE":"LISBOA","COD_POST_4":"1300","COD_POST_3":"059","COM_INT_ID":null,"COD_ACT_ECON":"51107","DESC_ACT_ECON":"RESTAURANTE - 3ª CATEGORIA","ANO":1991,"TIPO":"Restauração e Bebidas","LOCALIZACAO":"Isolado","C_INTEGRADO":null,"EMPRESA":"SOCIEDADE DE RESTAURANTES COSTA, LDA","GlobalID":"eb455241-46d6-4d2f-b286-940120522e97"}},{"type":"Feature","id":6625,"geometry":{"type":"Point","coordinates":[-9.19269356612826,38.7008361312324]},"properties":{"OBJECTID":6625,"COD_SIG":null,"IDTIPO":null,"NOME":"GASTAO APOLINARIO PIMENTEL FERREIRA","REGEND":"000205","MORADA":"Rua da Quinta do Almargem","NUM_POLICIA":"15","FREGUESIA":"102","LOCALIDADE":"LISBOA","COD_POST_4":"1300","COD_POST_3":"489","COM_INT_ID":null,"COD_ACT_ECON":"52104","DESC_ACT_ECON":"CAFE/PASTELARIA - 3ª CATEGORIA","ANO":1991,"TIPO":"Restauração e Bebidas","LOCALIZACAO":"Isolado","C_INTEGRADO":null,"EMPRESA":"MARIA ISABEL SILVEIRA MENDES RODRIGUES MOURA","GlobalID":"beed0c79-c3cd-4ecf-b260-0719c26d6c10"}},{"type":"Feature","id":6637,"geometry":{"type":"Point","coordinates":[-9.17551480806556,38.7091788986939]},"properties":{"OBJECTID":6637,"COD_SIG":null,"IDTIPO":null,"NOME":"CANTINHO FELICIDADE","REGEND":"000213","MORADA":"SEBEIRO (T DO)","NUM_POLICIA":"22","FREGUESIA":"102","LOCALIDADE":null,"COD_POST_4":null,"COD_POST_3":null,"COM_INT_ID":null,"COD_ACT_ECON":"52104","DESC_ACT_ECON":"CAFE/PASTELARIA - 3ª CATEGORIA","ANO":1991,"TIPO":"Restauração e Bebidas","LOCALIZACAO":"Isolado","C_INTEGRADO":null,"EMPRESA":"MARIA ISABEL SILVEIRA MENDES RODRIGUES MOURA","GlobalID":"579b27f0-7be7-4d04-a057-e94622a530f4"}},{"type":"Feature","id":6657,"geometry":{"type":"Point","coordinates":[-9.19996678031771,38.7040925368253]},"properties":{"OBJECTID":6657,"COD_SIG":null,"IDTIPO":null,"NOME":"RESTAURANTE O NOBRE","REGEND":"000056","MORADA":"Rua das Mercês","NUM_POLICIA":"71A","FREGUESIA":"101","LOCALIDADE":null,"COD_POST_4":"1300","COD_POST_3":"405","COM_INT_ID":null,"COD_ACT_ECON":"51105","DESC_ACT_ECON":"RESTAURANTE - 2ª CATEGORIA","ANO":1991,"TIPO":"Restauração e Bebidas","LOCALIZACAO":"Isolado","C_INTEGRADO":null,"EMPRESA":"MARIA ISABEL SILVEIRA MENDES RODRIGUES MOURA","GlobalID":"3061a91b-9ac8-4577-88bb-003dd6303583"}},{"type":"Feature","id":6686,"geometry":{"type":"Point","coordinates":[-9.19390241283643,38.7030064666845]},"properties":{"OBJECTID":6686,"COD_SIG":null,"IDTIPO":null,"NOME":"CASA DE PASTO HUMBERTO DE ALMEIDA","REGEND":"000060","MORADA":"Rua dos Quartéis","NUM_POLICIA":"9","FREGUESIA":"101","LOCALIDADE":"LISBOA","COD_POST_4":"1300","COD_POST_3":"480","COM_INT_ID":null,"COD_ACT_ECON":"51109","DESC_ACT_ECON":"RESTAURANTE - CASA DE PASTO","ANO":1991,"TIPO":"Restauração e Bebidas","LOCALIZACAO":"Isolado","C_INTEGRADO":null,"EMPRESA":"MARIA ISABEL SILVEIRA MENDES RODRIGUES MOURA","GlobalID":"748076da-785f-4b0b-823c-337632305abc"}},{"type":"Feature","id":6690,"geometry":{"type":"Point","coordinates":[-9.19301592117807,38.7108948848434]},"properties":{"OBJECTID":6690,"COD_SIG":null,"IDTIPO":null,"NOME":"PASTELARIA O CORVO","REGEND":"000064","MORADA":"Rua do Sítio ao Casalinho da Ajuda","NUM_POLICIA":"29A","FREGUESIA":"101","LOCALIDADE":null,"COD_POST_4":"1300","COD_POST_3":"534","COM_INT_ID":null,"COD_ACT_ECON":"52104","DESC_ACT_ECON":"CAFE/PASTELARIA - 3ª CATEGORIA","ANO":1991,"TIPO":"Restauração e Bebidas","LOCALIZACAO":"Isolado","C_INTEGRADO":null,"EMPRESA":"MARIA ISABEL SILVEIRA MENDES RODRIGUES MOURA","GlobalID":"238fa7a7-a2bc-421b-96f3-cbcc080ea8c6"}},{"type":"Feature","id":6718,"geometry":{"type":"Point","coordinates":[-9.19140518438146,38.703108779644]},"properties":{"OBJECTID":6718,"COD_SIG":null,"IDTIPO":null,"NOME":"ANIBAL ANTONIO RODRIGUES","REGEND":"000149","MORADA":"DIOGO CAO (R) æ AJUDA","NUM_POLICIA":"38 A","FREGUESIA":"102","LOCALIDADE":null,"COD_POST_4":null,"COD_POST_3":null,"COM_INT_ID":null,"COD_ACT_ECON":"52104","DESC_ACT_ECON":"CAFE/PASTELARIA - 3ª CATEGORIA","ANO":1991,"TIPO":"Restauração e Bebidas","LOCALIZACAO":"Isolado","C_INTEGRADO":null,"EMPRESA":"MARIA ISABEL SILVEIRA MENDES RODRIGUES MOURA","GlobalID":"8091defd-6a05-4411-b2de-ce64a9e13080"}},{"type":"Feature","id":6743,"geometry":{"type":"Point","coordinates":[-9.17426662952099,38.7071486133358]},"properties":{"OBJECTID":6743,"COD_SIG":null,"IDTIPO":null,"NOME":"ADEGA DO CARTAXEIRO","REGEND":"000141","MORADA":"CRUZ (R DA) A ALCÂNTARA","NUM_POLICIA":"7","FREGUESIA":"102","LOCALIDADE":null,"COD_POST_4":null,"COD_POST_3":null,"COM_INT_ID":null,"COD_ACT_ECON":"52704","DESC_ACT_ECON":"OUTROS EST. DE BEBIDAS - 3ª CATEGORIA","ANO":1991,"TIPO":"Restauração e Bebidas","LOCALIZACAO":"Isolado","C_INTEGRADO":null,"EMPRESA":"MARIA ISABEL SILVEIRA MENDES RODRIGUES MOURA","GlobalID":"f7071db9-9f1d-4558-af8c-69840b4911aa"}},{"type":"Feature","id":6750,"geometry":{"type":"Point","coordinates":[-9.18098567750326,38.7020945419153]},"properties":{"OBJECTID":6750,"COD_SIG":null,"IDTIPO":null,"NOME":"ESPORA DOURADA","REGEND":"000204","MORADA":"Rua Primeiro de Maio (Alcântara)","NUM_POLICIA":"144B","FREGUESIA":"102","LOCALIDADE":"LISBOA","COD_POST_4":"1300","COD_POST_3":"475","COM_INT_ID":null,"COD_ACT_ECON":"51105","DESC_ACT_ECON":"RESTAURANTE - 2ª CATEGORIA","ANO":1991,"TIPO":"Restauração e Bebidas","LOCALIZACAO":"Isolado","C_INTEGRADO":null,"EMPRESA":"PARRO & MOURA, LDA","GlobalID":"28bb3d1d-9622-4659-b1a0-e8d68dbe0d88"}},{"type":"Feature","id":6786,"geometry":{"type":"Point","coordinates":[-9.19119732949609,38.7069389838448]},"properties":{"OBJECTID":6786,"COD_SIG":null,"IDTIPO":null,"NOME":"ANTÓNIO AUGUSTO SANTOS","REGEND":"000045","MORADA":"Rua do Cruzeiro","NUM_POLICIA":"76","FREGUESIA":"101","LOCALIDADE":"LISBOA","COD_POST_4":"1300","COD_POST_3":"167","COM_INT_ID":null,"COD_ACT_ECON":"52104","DESC_ACT_ECON":"CAFE/PASTELARIA - 3ª CATEGORIA","ANO":1991,"TIPO":"Restauração e Bebidas","LOCALIZACAO":"Isolado","C_INTEGRADO":null,"EMPRESA":"MARIA ISABEL SILVEIRA MENDES RODRIGUES MOURA","GlobalID":"5ae4c343-75ff-483d-88d7-85cc563fec77"}},{"type":"Feature","id":6796,"geometry":{"type":"Point","coordinates":[-9.1930635004471,38.7033099223568]},"properties":{"OBJECTID":6796,"COD_SIG":null,"IDTIPO":null,"NOME":"O TREVO","REGEND":"000036","MORADA":"ALIANÇA OPERÁRIA (R)","NUM_POLICIA":"110 A","FREGUESIA":"101","LOCALIDADE":null,"COD_POST_4":null,"COD_POST_3":null,"COM_INT_ID":null,"COD_ACT_ECON":"51203","DESC_ACT_ECON":"\"SNACK-BAR\" - 3ª CATEGORIA","ANO":1991,"TIPO":"Restauração e Bebidas","LOCALIZACAO":"Isolado","C_INTEGRADO":null,"EMPRESA":"MARIA ISABEL SILVEIRA MENDES RODRIGUES MOURA","GlobalID":"6621ae0f-0992-44e9-9092-eb072fd20a57"}},{"type":"Feature","id":6835,"geometry":{"type":"Point","coordinates":[-9.18840727181808,38.7059247051049]},"properties":{"OBJECTID":6835,"COD_SIG":null,"IDTIPO":null,"NOME":"O BILAS","REGEND":"000096","MORADA":"TAPADA (C DA)","NUM_POLICIA":"11","FREGUESIA":"102","LOCALIDADE":"LISBOA","COD_POST_4":"1300","COD_POST_3":"543","COM_INT_ID":null,"COD_ACT_ECON":"51203","DESC_ACT_ECON":"\"SNACK-BAR\" - 3ª CATEGORIA","ANO":1991,"TIPO":"Restauração e Bebidas","LOCALIZACAO":"Isolado","C_INTEGRADO":null,"EMPRESA":"O BILAS ACTIVIDADES HOTELEIRAS, LDA","GlobalID":"345f2c24-f7f7-467e-b9ed-7f412fe23f7c"}},{"type":"Feature","id":6839,"geometry":{"type":"Point","coordinates":[-9.18475563635782,38.7058892323614]},"properties":{"OBJECTID":6839,"COD_SIG":null,"IDTIPO":null,"NOME":"AGIL CAETANO PERUCHE LDA","REGEND":"000099","MORADA":"Calçada da Tapada","NUM_POLICIA":"106","FREGUESIA":"102","LOCALIDADE":"LISBOA","COD_POST_4":"1300","COD_POST_3":"551","COM_INT_ID":null,"COD_ACT_ECON":"51109","DESC_ACT_ECON":"RESTAURANTE - CASA DE PASTO","ANO":1991,"TIPO":"Restauração e Bebidas","LOCALIZACAO":"Isolado","C_INTEGRADO":null,"EMPRESA":"AGIL CAETANO PERUCHE, LDA","GlobalID":"324120fb-de5f-411f-982c-075a8088be7d"}},{"type":"Feature","id":6902,"geometry":{"type":"Point","coordinates":[-9.17845665407713,38.7035767524485]},"properties":{"OBJECTID":6902,"COD_SIG":null,"IDTIPO":null,"NOME":"ANTONIA QUELHA COSTEIRA VIUVA DE EDUARDO QUELHA COSTEIRA","REGEND":"000206","MORADA":"Rua Rodrigues Faria","NUM_POLICIA":"75","FREGUESIA":"102","LOCALIDADE":"LISBOA","COD_POST_4":"1300","COD_POST_3":"501","COM_INT_ID":null,"COD_ACT_ECON":"51109","DESC_ACT_ECON":"RESTAURANTE - CASA DE PASTO","ANO":1991,"TIPO":"Restauração e Bebidas","LOCALIZACAO":"Isolado","C_INTEGRADO":null,"EMPRESA":"MARIA ISABEL SILVEIRA MENDES RODRIGUES MOURA","GlobalID":"5908b0c5-97f7-4afd-a27f-b40405aeaaec"}},{"type":"Feature","id":6919,"geometry":{"type":"Point","coordinates":[-9.19396055808982,38.7103278629888]},"properties":{"OBJECTID":6919,"COD_SIG":null,"IDTIPO":null,"NOME":"MANUEL SARAIVA COSTA","REGEND":"000066","MORADA":"SÍTIO (R DO) AO CASALINHO DA AJUDA","NUM_POLICIA":"51 A","FREGUESIA":"101","LOCALIDADE":null,"COD_POST_4":null,"COD_POST_3":null,"COM_INT_ID":null,"COD_ACT_ECON":"52104","DESC_ACT_ECON":"CAFE/PASTELARIA - 3ª CATEGORIA","ANO":1991,"TIPO":"Restauração e Bebidas","LOCALIZACAO":"Isolado","C_INTEGRADO":null,"EMPRESA":"MARIA ISABEL SILVEIRA MENDES RODRIGUES MOURA","GlobalID":"22359b8d-c8a3-4b77-abd3-08b84a8a1075"}},{"type":"Feature","id":6920,"geometry":{"type":"Point","coordinates":[-9.19488474215919,38.7036446766406]},"properties":{"OBJECTID":6920,"COD_SIG":null,"IDTIPO":null,"NOME":"NAVEGANTE","REGEND":"000067","MORADA":"Travessa da Boa-Hora à Ajuda","NUM_POLICIA":"1","FREGUESIA":"101","LOCALIDADE":"LISBOA","COD_POST_4":"1300","COD_POST_3":"101","COM_INT_ID":null,"COD_ACT_ECON":"52304","DESC_ACT_ECON":"CERVEJARIA - 3ª CATEGORIA","ANO":1991,"TIPO":"Restauração e Bebidas","LOCALIZACAO":"Isolado","C_INTEGRADO":null,"EMPRESA":"MARIA ISABEL SILVEIRA MENDES RODRIGUES MOURA","GlobalID":"81b443b9-de04-49cf-adf2-a510d61fde1a"}},{"type":"Feature","id":6934,"geometry":{"type":"Point","coordinates":[-9.1920581877278,38.7115161501901]},"properties":{"OBJECTID":6934,"COD_SIG":null,"IDTIPO":null,"NOME":"JOAO PEREIRA SANTOS","REGEND":"000063","MORADA":"Rua do Sítio ao Casalinho da Ajuda","NUM_POLICIA":"1","FREGUESIA":"101","LOCALIDADE":"LISBOA","COD_POST_4":"1300","COD_POST_3":"534","COM_INT_ID":null,"COD_ACT_ECON":"52103","DESC_ACT_ECON":"CAFÉ/PASTELARIA - 2ª CATEGORIA","ANO":1991,"TIPO":"Restauração e Bebidas","LOCALIZACAO":"Isolado","C_INTEGRADO":null,"EMPRESA":"MARIA ISABEL SILVEIRA MENDES RODRIGUES MOURA","GlobalID":"4f19427d-6e63-49bf-9ce1-78e1f505aedb"}},{"type":"Feature","id":6978,"geometry":{"type":"Point","coordinates":[-9.16186185484803,38.7017136796636]},"properties":{"OBJECTID":6978,"COD_SIG":null,"IDTIPO":null,"NOME":"MARIO GONÇALVES BARATA","REGEND":"000105","MORADA":"GARE MARÍTIMA DA ROCHA","NUM_POLICIA":"1º","FREGUESIA":"113","LOCALIDADE":null,"COD_POST_4":null,"COD_POST_3":null,"COM_INT_ID":null,"COD_ACT_ECON":"51202","DESC_ACT_ECON":"\"SNACK-BAR\" - 2ª CATEGORIA","ANO":1991,"TIPO":"Restauração e Bebidas","LOCALIZACAO":"Isolado","C_INTEGRADO":null,"EMPRESA":"MARIA ISABEL SILVEIRA MENDES RODRIGUES MOURA","GlobalID":"9d461a03-7504-47b2-a265-6f4621d6a7c6"}},{"type":"Feature","id":6989,"geometry":{"type":"Point","coordinates":[-9.17695675681018,38.7047792060223]},"properties":{"OBJECTID":6989,"COD_SIG":null,"IDTIPO":null,"NOME":"PASTELARIA THAITI","REGEND":"000114","MORADA":"FONTAÍNHAS (L DAS)","NUM_POLICIA":"20/22","FREGUESIA":"102","LOCALIDADE":null,"COD_POST_4":null,"COD_POST_3":null,"COM_INT_ID":null,"COD_ACT_ECON":"52103","DESC_ACT_ECON":"CAFÉ/PASTELARIA - 2ª CATEGORIA","ANO":1991,"TIPO":"Restauração e Bebidas","LOCALIZACAO":"Isolado","C_INTEGRADO":null,"EMPRESA":"MARIA ISABEL SILVEIRA MENDES RODRIGUES MOURA","GlobalID":"08cb2cf1-5f60-4ab4-b37d-2a04066d1632"}},{"type":"Feature","id":7012,"geometry":{"type":"Point","coordinates":[-9.1587325268434,38.7197946429108]},"properties":{"OBJECTID":7012,"COD_SIG":null,"IDTIPO":null,"NOME":"O CANTINHO MIRANDA","REGEND":"000232","MORADA":"FONTE DO LOURO (AZ DA)","NUM_POLICIA":"2","FREGUESIA":null,"LOCALIDADE":null,"COD_POST_4":null,"COD_POST_3":null,"COM_INT_ID":null,"COD_ACT_ECON":"52704","DESC_ACT_ECON":"OUTROS EST. DE BEBIDAS - 3ª CATEGORIA","ANO":1991,"TIPO":"Restauração e Bebidas","LOCALIZACAO":"Isolado","C_INTEGRADO":null,"EMPRESA":"MARIA ISABEL SILVEIRA MENDES RODRIGUES MOURA","GlobalID":"9dd6f224-a6c1-4ebb-8f65-155034f094c4"}},{"type":"Feature","id":7027,"geometry":{"type":"Point","coordinates":[-9.1299354871053,38.7466441910984]},"properties":{"OBJECTID":7027,"COD_SIG":null,"IDTIPO":null,"NOME":"ANTONIO ESCALEIRA","REGEND":"000231","MORADA":"FONTE DO LOURO (AZ DA)","NUM_POLICIA":"290","FREGUESIA":"104","LOCALIDADE":null,"COD_POST_4":null,"COD_POST_3":null,"COM_INT_ID":null,"COD_ACT_ECON":"52704","DESC_ACT_ECON":"OUTROS EST. DE BEBIDAS - 3ª CATEGORIA","ANO":1991,"TIPO":"Restauração e Bebidas","LOCALIZACAO":"Isolado","C_INTEGRADO":null,"EMPRESA":"MARIA ISABEL SILVEIRA MENDES RODRIGUES MOURA","GlobalID":"49e75681-6fbd-4768-8a83-69586d365260"}},{"type":"Feature","id":7089,"geometry":{"type":"Point","coordinates":[-9.13274027356072,38.7382789826837]},"properties":{"OBJECTID":7089,"COD_SIG":null,"IDTIPO":null,"NOME":"CAFETARIA CARLETI","REGEND":"000257","MORADA":"Rua Carlos Mardel","NUM_POLICIA":"98D","FREGUESIA":"104","LOCALIDADE":"LISBOA","COD_POST_4":"1900","COD_POST_3":"125","COM_INT_ID":null,"COD_ACT_ECON":"52104","DESC_ACT_ECON":"CAFE/PASTELARIA - 3ª CATEGORIA","ANO":1991,"TIPO":"Restauração e Bebidas","LOCALIZACAO":"Isolado","C_INTEGRADO":null,"EMPRESA":"MARIA ISABEL SILVEIRA MENDES RODRIGUES MOURA","GlobalID":"c6d837b0-a303-4875-af7e-e68415ec0463"}},{"type":"Feature","id":7101,"geometry":{"type":"Point","coordinates":[-9.14715268407901,38.7465048533354]},"properties":{"OBJECTID":7101,"COD_SIG":null,"IDTIPO":null,"NOME":"RESTAURANTE EL SOMBRERO","REGEND":"000334","MORADA":"JOSÉ CARLOS DOS SANTOS (R)","NUM_POLICIA":"20","FREGUESIA":"103","LOCALIDADE":null,"COD_POST_4":null,"COD_POST_3":null,"COM_INT_ID":null,"COD_ACT_ECON":"51109","DESC_ACT_ECON":"RESTAURANTE - CASA DE PASTO","ANO":1991,"TIPO":"Restauração e Bebidas","LOCALIZACAO":"Isolado","C_INTEGRADO":null,"EMPRESA":"MARIA ISABEL SILVEIRA MENDES RODRIGUES MOURA","GlobalID":"c05724b2-872a-4b0e-a576-10a16fbfd9db"}},{"type":"Feature","id":7140,"geometry":{"type":"Point","coordinates":[-9.15063131928692,38.7929022892837]},"properties":{"OBJECTID":7140,"COD_SIG":null,"IDTIPO":null,"NOME":"CARREIRA & VIEIRA LDA","REGEND":"000346","MORADA":"Azinhaga das Galinheiras","NUM_POLICIA":"Letras CH","FREGUESIA":"120","LOCALIDADE":"LISBOA","COD_POST_4":"1750","COD_POST_3":"118","COM_INT_ID":null,"COD_ACT_ECON":"52705","DESC_ACT_ECON":"Outros Estab. De Bebidas - Taberna","ANO":1991,"TIPO":"Restauração e Bebidas","LOCALIZACAO":"Isolado","C_INTEGRADO":null,"EMPRESA":"CARREIRA & VIEIRA, LDA","GlobalID":"ea0fc274-5a48-4605-84cc-8a51c1586055"}},{"type":"Feature","id":7151,"geometry":{"type":"Point","coordinates":[-9.15797112828333,38.7839630571051]},"properties":{"OBJECTID":7151,"COD_SIG":null,"IDTIPO":null,"NOME":"NELSON GONÇALVES TEIXEIRA","REGEND":"000355","MORADA":"DIREITA DA AMEIXOEIRA (R)","NUM_POLICIA":"35 A","FREGUESIA":"120","LOCALIDADE":null,"COD_POST_4":null,"COD_POST_3":null,"COM_INT_ID":null,"COD_ACT_ECON":"51109","DESC_ACT_ECON":"RESTAURANTE - CASA DE PASTO","ANO":1991,"TIPO":"Restauração e Bebidas","LOCALIZACAO":"Isolado","C_INTEGRADO":null,"EMPRESA":"MARIA ISABEL SILVEIRA MENDES RODRIGUES MOURA","GlobalID":"2fd4857a-273c-4464-ac0c-598a00fd3045"}},{"type":"Feature","id":7224,"geometry":{"type":"Point","coordinates":[-9.14686936891313,38.7468045722198]},"properties":{"OBJECTID":7224,"COD_SIG":null,"IDTIPO":null,"NOME":"CANTO & NUNES LDA","REGEND":"000321","MORADA":"ENTRECAMPOS (R DE)","NUM_POLICIA":"31 A","FREGUESIA":"103","LOCALIDADE":null,"COD_POST_4":null,"COD_POST_3":null,"COM_INT_ID":null,"COD_ACT_ECON":"52705","DESC_ACT_ECON":"Outros Estab. De Bebidas - Taberna","ANO":1991,"TIPO":"Restauração e Bebidas","LOCALIZACAO":"Isolado","C_INTEGRADO":null,"EMPRESA":"CANTO & NUNES LDA","GlobalID":"8901fbb1-d850-4a1f-b000-6c6cc29597a5"}},{"type":"Feature","id":7287,"geometry":{"type":"Point","coordinates":[-9.20232304154503,38.7506784226391]},"properties":{"OBJECTID":7287,"COD_SIG":null,"IDTIPO":null,"NOME":"TROPICAL","REGEND":"000599","MORADA":"Estrada de Benfica","NUM_POLICIA":"723A","FREGUESIA":"109","LOCALIDADE":"LISBOA","COD_POST_4":"1500","COD_POST_3":"088","COM_INT_ID":114,"COD_ACT_ECON":"51299","DESC_ACT_ECON":"\"SNACK-BAR\" - (SEM CATEGORIA)","ANO":1991,"TIPO":"Restauração e Bebidas","LOCALIZACAO":"Integrado - outro","C_INTEGRADO":"CENTRO COMERCIAL TURIM","EMPRESA":"MARIA ISABEL SILVEIRA MENDES RODRIGUES MOURA","GlobalID":"63ab57ae-177d-4676-b98b-d8c43b5be9d4"}},{"type":"Feature","id":7297,"geometry":{"type":"Point","coordinates":[-9.13476094845239,38.7216743139888]},"properties":{"OBJECTID":7297,"COD_SIG":null,"IDTIPO":null,"NOME":"CARLOS DIMAS RODRIGUES ROCHA","REGEND":"000393","MORADA":"Rua dos Anjos","NUM_POLICIA":"8A","FREGUESIA":"105","LOCALIDADE":null,"COD_POST_4":"1150","COD_POST_3":"036","COM_INT_ID":null,"COD_ACT_ECON":"52404","DESC_ACT_ECON":"BAR/\"PUB\" - 3ª CATEGORIA","ANO":1991,"TIPO":"Restauração e Bebidas","LOCALIZACAO":"Isolado","C_INTEGRADO":null,"EMPRESA":"MARIA ISABEL SILVEIRA MENDES RODRIGUES MOURA","GlobalID":"1b19860b-afef-4648-b715-21e257a89785"}},{"type":"Feature","id":7334,"geometry":{"type":"Point","coordinates":[-9.14050002159623,38.7462021632673]},"properties":{"OBJECTID":7334,"COD_SIG":null,"IDTIPO":null,"NOME":"CAFE TREVI","REGEND":"000287","MORADA":"ROMA (AV)","NUM_POLICIA":"39 A","FREGUESIA":"103","LOCALIDADE":null,"COD_POST_4":null,"COD_POST_3":null,"COM_INT_ID":null,"COD_ACT_ECON":"52103","DESC_ACT_ECON":"CAFÉ/PASTELARIA - 2ª CATEGORIA","ANO":1991,"TIPO":"Restauração e Bebidas","LOCALIZACAO":"Isolado","C_INTEGRADO":null,"EMPRESA":"TAVARES & EDUARDO, LDA","GlobalID":"6aa40857-8fa3-4d78-b34f-f4cccdb111e9"}},{"type":"Feature","id":7382,"geometry":{"type":"Point","coordinates":[-9.15228859959501,38.7930950874371]},"properties":{"OBJECTID":7382,"COD_SIG":null,"IDTIPO":null,"NOME":"PASTELARIA ALVIRA","REGEND":"000353","MORADA":"BALSARES DE BAIXO (R DOS)","NUM_POLICIA":"10","FREGUESIA":"120","LOCALIDADE":"LISBOA","COD_POST_4":"1750","COD_POST_3":"037","COM_INT_ID":null,"COD_ACT_ECON":"52104","DESC_ACT_ECON":"CAFE/PASTELARIA - 3ª CATEGORIA","ANO":1991,"TIPO":"Restauração e Bebidas","LOCALIZACAO":"Isolado","C_INTEGRADO":null,"EMPRESA":"ELVIRA CONCEIÇAO SANTOS GUICHO VIEIRA","GlobalID":"557b7760-37bb-484f-ad3d-68e58705fc31"}},{"type":"Feature","id":7401,"geometry":{"type":"Point","coordinates":[-9.13502699979515,38.7200545884526]},"properties":{"OBJECTID":7401,"COD_SIG":null,"IDTIPO":null,"NOME":"BAR SARRIA","REGEND":"000406","MORADA":"BENFORMOSO (R DO)","NUM_POLICIA":"205","FREGUESIA":"105","LOCALIDADE":null,"COD_POST_4":null,"COD_POST_3":null,"COM_INT_ID":null,"COD_ACT_ECON":"52304","DESC_ACT_ECON":"CERVEJARIA - 3ª CATEGORIA","ANO":1991,"TIPO":"Restauração e Bebidas","LOCALIZACAO":"Isolado","C_INTEGRADO":null,"EMPRESA":"MARIA ISABEL SILVEIRA MENDES RODRIGUES MOURA","GlobalID":"6841a2be-b7ba-4320-8f3a-f1605031524d"}},{"type":"Feature","id":7417,"geometry":{"type":"Point","coordinates":[-9.13416176137809,38.7190261129136]},"properties":{"OBJECTID":7417,"COD_SIG":null,"IDTIPO":null,"NOME":"PASTELARIA CHARCUTARIA BOMBARDA","REGEND":"000410","MORADA":"BOMBARDA (R DA)","NUM_POLICIA":"2 A","FREGUESIA":"105","LOCALIDADE":null,"COD_POST_4":null,"COD_POST_3":null,"COM_INT_ID":null,"COD_ACT_ECON":"52104","DESC_ACT_ECON":"CAFE/PASTELARIA - 3ª CATEGORIA","ANO":1991,"TIPO":"Restauração e Bebidas","LOCALIZACAO":"Isolado","C_INTEGRADO":null,"EMPRESA":"MARIA ISABEL SILVEIRA MENDES RODRIGUES MOURA","GlobalID":"7e5052de-fcbb-425f-bbd7-ebe32674cdb7"}},{"type":"Feature","id":7426,"geometry":{"type":"Point","coordinates":[-9.13518292487057,38.7262686444818]},"properties":{"OBJECTID":7426,"COD_SIG":null,"IDTIPO":null,"NOME":"FLAVIENSE","REGEND":"000421","MORADA":"FEBO MONIZ (R) À AV ALM REIS","NUM_POLICIA":"5/7/9","FREGUESIA":"105","LOCALIDADE":null,"COD_POST_4":null,"COD_POST_3":null,"COM_INT_ID":null,"COD_ACT_ECON":"52104","DESC_ACT_ECON":"CAFE/PASTELARIA - 3ª CATEGORIA","ANO":1991,"TIPO":"Restauração e Bebidas","LOCALIZACAO":"Isolado","C_INTEGRADO":null,"EMPRESA":"MARIA ISABEL SILVEIRA MENDES RODRIGUES MOURA","GlobalID":"161b7e4f-1942-44f4-96ca-ed93e2800826"}},{"type":"Feature","id":7439,"geometry":{"type":"Point","coordinates":[-9.13256185107729,38.7464272978548]},"properties":{"OBJECTID":7439,"COD_SIG":null,"IDTIPO":null,"NOME":"A POPULAR DO AREEIRO","REGEND":"000282","MORADA":"FR MIGUEL CONTREIRAS (AV)","NUM_POLICIA":"8","FREGUESIA":"103","LOCALIDADE":"LISBOA","COD_POST_4":"1700","COD_POST_3":"211","COM_INT_ID":null,"COD_ACT_ECON":"51109","DESC_ACT_ECON":"RESTAURANTE - CASA DE PASTO","ANO":1991,"TIPO":"Restauração e Bebidas","LOCALIZACAO":"Isolado","C_INTEGRADO":null,"EMPRESA":"DUARTE & NEVES, LDA","GlobalID":"40e8b78c-c90c-4c46-9560-c79b646433ce"}},{"type":"Feature","id":7613,"geometry":{"type":"Point","coordinates":[-9.1453360902502,38.7481870640574]},"properties":{"OBJECTID":7613,"COD_SIG":null,"IDTIPO":null,"NOME":"CASA CONCELHO TOMAR","REGEND":"000326","MORADA":"FLORES DE LIMA (R)","NUM_POLICIA":"8","FREGUESIA":"103","LOCALIDADE":"LISBOA","COD_POST_4":"1700","COD_POST_3":"196","COM_INT_ID":null,"COD_ACT_ECON":"53303","DESC_ACT_ECON":"OUTRAS SALAS DE DANÇA - 2ª CATEGORIA","ANO":1991,"TIPO":"Restauração e Bebidas","LOCALIZACAO":"Isolado","C_INTEGRADO":null,"EMPRESA":"CASA CONCELHO TOMAR","GlobalID":"f0de650f-1244-478b-9dc7-5f44982e8c83"}},{"type":"Feature","id":7633,"geometry":{"type":"Point","coordinates":[-9.15787071999075,38.7840383001918]},"properties":{"OBJECTID":7633,"COD_SIG":null,"IDTIPO":null,"NOME":"GAMEIRO & SARAIVA","REGEND":"000356","MORADA":"Beco dos Ferreiros","NUM_POLICIA":"1","FREGUESIA":"120","LOCALIDADE":null,"COD_POST_4":"1750","COD_POST_3":"109","COM_INT_ID":null,"COD_ACT_ECON":"52104","DESC_ACT_ECON":"CAFE/PASTELARIA - 3ª CATEGORIA","ANO":1991,"TIPO":"Restauração e Bebidas","LOCALIZACAO":"Isolado","C_INTEGRADO":null,"EMPRESA":"MARIA ISABEL SILVEIRA MENDES RODRIGUES MOURA","GlobalID":"5ebadbb6-f482-4246-bffe-b3c79b4f550c"}},{"type":"Feature","id":7702,"geometry":{"type":"Point","coordinates":[-9.14343982034728,38.7458614750516]},"properties":{"OBJECTID":7702,"COD_SIG":null,"IDTIPO":null,"NOME":"PASTELARIA FLOR S MIGUEL","REGEND":"000298","MORADA":"Rua António Ferreira","NUM_POLICIA":"4A","FREGUESIA":"103","LOCALIDADE":"LISBOA","COD_POST_4":"1700","COD_POST_3":"046","COM_INT_ID":null,"COD_ACT_ECON":"52104","DESC_ACT_ECON":"CAFE/PASTELARIA - 3ª CATEGORIA","ANO":1991,"TIPO":"Restauração e Bebidas","LOCALIZACAO":"Isolado","C_INTEGRADO":null,"EMPRESA":"MARIA ISABEL SILVEIRA MENDES RODRIGUES MOURA","GlobalID":"ec8929a0-713d-4718-b2c3-08a12658c1a3"}},{"type":"Feature","id":7731,"geometry":{"type":"Point","coordinates":[-9.16021028333356,38.7801862264863]},"properties":{"OBJECTID":7731,"COD_SIG":null,"IDTIPO":null,"NOME":"JOSE MANUEL PONTAO CATELA & MARIA BALBINA FONSECA","REGEND":"000345","MORADA":"ANTONIO SERGIO (AL)","NUM_POLICIA":"6 B/C","FREGUESIA":"120","LOCALIDADE":"LISBOA","COD_POST_4":"1750","COD_POST_3":"033","COM_INT_ID":106,"COD_ACT_ECON":"52104","DESC_ACT_ECON":"CAFE/PASTELARIA - 3ª CATEGORIA","ANO":1991,"TIPO":"Restauração e Bebidas","LOCALIZACAO":"Integrado - outro","C_INTEGRADO":"GALERIA SANTA CLARA","EMPRESA":"MARIA ISABEL SILVEIRA MENDES RODRIGUES MOURA","GlobalID":"798d31d6-96d4-4970-b1d5-010b6b66f6d6"}},{"type":"Feature","id":7740,"geometry":{"type":"Point","coordinates":[-9.14618343782004,38.7454773779068]},"properties":{"OBJECTID":7740,"COD_SIG":null,"IDTIPO":null,"NOME":"SEABRA II","REGEND":"000339","MORADA":"Rua Visconde de Seabra","NUM_POLICIA":"2B","FREGUESIA":"103","LOCALIDADE":"LISBOA","COD_POST_4":"1700","COD_POST_3":"370","COM_INT_ID":null,"COD_ACT_ECON":"51203","DESC_ACT_ECON":"\"SNACK-BAR\" - 3ª CATEGORIA","ANO":1991,"TIPO":"Restauração e Bebidas","LOCALIZACAO":"Isolado","C_INTEGRADO":null,"EMPRESA":"MARIA ISABEL SILVEIRA MENDES RODRIGUES MOURA","GlobalID":"15bc26bc-6a9b-4762-a7bc-09c9c9917b93"}},{"type":"Feature","id":7763,"geometry":{"type":"Point","coordinates":[-9.15844237549821,38.7834979874959]},"properties":{"OBJECTID":7763,"COD_SIG":null,"IDTIPO":null,"NOME":"ADEGA TEIA DE ARANHA","REGEND":"000354","MORADA":"DIREITA DA AMEIXOEIRA (R)","NUM_POLICIA":"11","FREGUESIA":"120","LOCALIDADE":null,"COD_POST_4":null,"COD_POST_3":null,"COM_INT_ID":null,"COD_ACT_ECON":"51109","DESC_ACT_ECON":"RESTAURANTE - CASA DE PASTO","ANO":1991,"TIPO":"Restauração e Bebidas","LOCALIZACAO":"Isolado","C_INTEGRADO":null,"EMPRESA":"MARIA ISABEL SILVEIRA MENDES RODRIGUES MOURA","GlobalID":"11c5082b-7f6c-4d8b-bb77-685c8f42b7de"}},{"type":"Feature","id":7789,"geometry":{"type":"Point","coordinates":[-9.13490103892431,38.7200917005242]},"properties":{"OBJECTID":7789,"COD_SIG":null,"IDTIPO":null,"NOME":"CERVEJARIA BEIRAS","REGEND":"000409","MORADA":"BENFORMOSO (R DO)","NUM_POLICIA":"280","FREGUESIA":"105","LOCALIDADE":null,"COD_POST_4":null,"COD_POST_3":null,"COM_INT_ID":null,"COD_ACT_ECON":"52404","DESC_ACT_ECON":"BAR/\"PUB\" - 3ª CATEGORIA","ANO":1991,"TIPO":"Restauração e Bebidas","LOCALIZACAO":"Isolado","C_INTEGRADO":null,"EMPRESA":"MARIA ISABEL SILVEIRA MENDES RODRIGUES MOURA","GlobalID":"991c2172-b654-429a-b9f3-e2fa45cebf22"}},{"type":"Feature","id":7885,"geometry":{"type":"Point","coordinates":[-9.15988589449795,38.7812895371665]},"properties":{"OBJECTID":7885,"COD_SIG":null,"IDTIPO":null,"NOME":"ADELINA GRANCHO MATOS ALMEIDA BICHO","REGEND":"000360","MORADA":"VITORINO NEMESIO (R)","NUM_POLICIA":"6 C","FREGUESIA":"120","LOCALIDADE":null,"COD_POST_4":null,"COD_POST_3":null,"COM_INT_ID":null,"COD_ACT_ECON":"51203","DESC_ACT_ECON":"\"SNACK-BAR\" - 3ª CATEGORIA","ANO":1991,"TIPO":"Restauração e Bebidas","LOCALIZACAO":"Isolado","C_INTEGRADO":null,"EMPRESA":"MARIA ISABEL SILVEIRA MENDES RODRIGUES MOURA","GlobalID":"453c15c1-b09c-4334-ac1a-8912ad8e3306"}},{"type":"Feature","id":7918,"geometry":{"type":"Point","coordinates":[-9.19786716417381,38.7481637726086]},"properties":{"OBJECTID":7918,"COD_SIG":null,"IDTIPO":null,"NOME":"MARIA FERREIRA SIMOES SILVA","REGEND":"000537","MORADA":"Avenida Gomes Pereira","NUM_POLICIA":"42A","FREGUESIA":"109","LOCALIDADE":"LISBOA","COD_POST_4":"1500","COD_POST_3":"331","COM_INT_ID":null,"COD_ACT_ECON":"51203","DESC_ACT_ECON":"\"SNACK-BAR\" - 3ª CATEGORIA","ANO":1991,"TIPO":"Restauração e Bebidas","LOCALIZACAO":"Isolado","C_INTEGRADO":null,"EMPRESA":"MARIA ISABEL SILVEIRA MENDES RODRIGUES MOURA","GlobalID":"cd497127-f6bf-4558-a039-ac362778ac4d"}},{"type":"Feature","id":7940,"geometry":{"type":"Point","coordinates":[-9.19067657343094,38.7487578062195]},"properties":{"OBJECTID":7940,"COD_SIG":null,"IDTIPO":null,"NOME":"PIZZA PAZZO","REGEND":"000592","MORADA":"Estrada de Benfica","NUM_POLICIA":"503","FREGUESIA":"109","LOCALIDADE":"LISBOA","COD_POST_4":"1500","COD_POST_3":"083","COM_INT_ID":71,"COD_ACT_ECON":"51104","DESC_ACT_ECON":"Restaurante (Típico)","ANO":1991,"TIPO":"Restauração e Bebidas","LOCALIZACAO":"Integrado - outro","C_INTEGRADO":"CENTRO COMERCIAL FONTE NOVA","EMPRESA":"CEIA COMÉRCIO INDÚSTRIA DE ALIMENTOS, LDA","GlobalID":"c194202a-7132-4453-8e93-d5dbdbc8b458"}},{"type":"Feature","id":7944,"geometry":{"type":"Point","coordinates":[-9.19067657343094,38.7487578062195]},"properties":{"OBJECTID":7944,"COD_SIG":null,"IDTIPO":null,"NOME":"PIZZA PAZZA","REGEND":"000594","MORADA":"Estrada de Benfica","NUM_POLICIA":"503","FREGUESIA":"109","LOCALIDADE":"LISBOA","COD_POST_4":"1500","COD_POST_3":"083","COM_INT_ID":71,"COD_ACT_ECON":"51402","DESC_ACT_ECON":"OUTROS EST. COMIDAS REFEIÇÕES - 2ª CAT.","ANO":1991,"TIPO":"Restauração e Bebidas","LOCALIZACAO":"Integrado - outro","C_INTEGRADO":"CENTRO COMERCIAL FONTE NOVA","EMPRESA":"CEIA COMÉRCIO INDÚSTRIA DE ALIMENTOS, LDA","GlobalID":"2df07bbd-5be9-4630-b779-b7cdae775d47"}},{"type":"Feature","id":7964,"geometry":{"type":"Point","coordinates":[-9.1386602853691,38.7459458124669]},"properties":{"OBJECTID":7964,"COD_SIG":null,"IDTIPO":null,"NOME":"MARIA HELENA JESUS GOMES PEREIRA","REGEND":"000285","MORADA":"Avenida Frei Miguel Contreiras","NUM_POLICIA":"52","FREGUESIA":"103","LOCALIDADE":"LISBOA","COD_POST_4":"1749","COD_POST_3":"086","COM_INT_ID":null,"COD_ACT_ECON":"52404","DESC_ACT_ECON":"BAR/\"PUB\" - 3ª CATEGORIA","ANO":1991,"TIPO":"Restauração e Bebidas","LOCALIZACAO":"Isolado","C_INTEGRADO":null,"EMPRESA":"MARIA ISABEL SILVEIRA MENDES RODRIGUES MOURA","GlobalID":"9aecc9e7-94e6-4de7-b646-9b007ec6ce00"}},{"type":"Feature","id":8040,"geometry":{"type":"Point","coordinates":[-9.19067657343094,38.7487578062195]},"properties":{"OBJECTID":8040,"COD_SIG":null,"IDTIPO":null,"NOME":"CAIANO","REGEND":"000596","MORADA":"Estrada de Benfica","NUM_POLICIA":"503","FREGUESIA":"109","LOCALIDADE":"LISBOA","COD_POST_4":"1500","COD_POST_3":"083","COM_INT_ID":71,"COD_ACT_ECON":"51107","DESC_ACT_ECON":"RESTAURANTE - 3ª CATEGORIA","ANO":1991,"TIPO":"Restauração e Bebidas","LOCALIZACAO":"Integrado - outro","C_INTEGRADO":"CENTRO COMERCIAL FONTE NOVA","EMPRESA":"MARIA ISABEL SILVEIRA MENDES RODRIGUES MOURA","GlobalID":"ad389706-06a3-4c85-b417-a55b6c9452f1"}},{"type":"Feature","id":8063,"geometry":{"type":"Point","coordinates":[-9.1349727909593,38.720289256747]},"properties":{"OBJECTID":8063,"COD_SIG":null,"IDTIPO":null,"NOME":"BAR PRIMAVERA","REGEND":"000408","MORADA":"BENFORMOSO (R DO)","NUM_POLICIA":"225","FREGUESIA":"105","LOCALIDADE":null,"COD_POST_4":null,"COD_POST_3":null,"COM_INT_ID":null,"COD_ACT_ECON":"52304","DESC_ACT_ECON":"CERVEJARIA - 3ª CATEGORIA","ANO":1991,"TIPO":"Restauração e Bebidas","LOCALIZACAO":"Isolado","C_INTEGRADO":null,"EMPRESA":"GRILO TEIXEIRO & FERNANDES LDA","GlobalID":"08493a4c-b8a2-4dea-ae95-57d1e8f93b35"}},{"type":"Feature","id":8112,"geometry":{"type":"Point","coordinates":[-9.12898312288549,38.7459857465048]},"properties":{"OBJECTID":8112,"COD_SIG":null,"IDTIPO":null,"NOME":"ILIDIO DIAS ALVES","REGEND":"000234","MORADA":"FONTE DO LOURO (AZ DA)","NUM_POLICIA":"6723","FREGUESIA":"104","LOCALIDADE":null,"COD_POST_4":null,"COD_POST_3":null,"COM_INT_ID":null,"COD_ACT_ECON":"52104","DESC_ACT_ECON":"CAFE/PASTELARIA - 3ª CATEGORIA","ANO":1991,"TIPO":"Restauração e Bebidas","LOCALIZACAO":"Isolado","C_INTEGRADO":null,"EMPRESA":"MARIA ISABEL SILVEIRA MENDES RODRIGUES MOURA","GlobalID":"da78b6c8-6f19-4bf9-b57a-9eced9f1bc1c"}},{"type":"Feature","id":8125,"geometry":{"type":"Point","coordinates":[-9.13356529440246,38.7383047970631]},"properties":{"OBJECTID":8125,"COD_SIG":null,"IDTIPO":null,"NOME":"MIRA VOUGA","REGEND":"000223","MORADA":"ALM REIS (AV)","NUM_POLICIA":"198 B","FREGUESIA":"104","LOCALIDADE":null,"COD_POST_4":null,"COD_POST_3":null,"COM_INT_ID":null,"COD_ACT_ECON":"52104","DESC_ACT_ECON":"CAFE/PASTELARIA - 3ª CATEGORIA","ANO":1991,"TIPO":"Restauração e Bebidas","LOCALIZACAO":"Isolado","C_INTEGRADO":null,"EMPRESA":"MARIA ISABEL SILVEIRA MENDES RODRIGUES MOURA","GlobalID":"c76e68e0-5bcf-4b2f-8e5c-4f845d2a1498"}},{"type":"Feature","id":8128,"geometry":{"type":"Point","coordinates":[-9.12563357558391,38.738905774565]},"properties":{"OBJECTID":8128,"COD_SIG":null,"IDTIPO":null,"NOME":"PASTELARIA CAFETARIA SNACK BAR OLAIAS","REGEND":"000228","MORADA":"ENG ARANTES DE OLIVEIRA (AV)","NUM_POLICIA":"LT 13 A/D","FREGUESIA":"104","LOCALIDADE":"LISBOA                         ","COD_POST_4":"1900","COD_POST_3":"221","COM_INT_ID":93,"COD_ACT_ECON":"52104","DESC_ACT_ECON":"CAFE/PASTELARIA - 3ª CATEGORIA","ANO":1991,"TIPO":"Restauração e Bebidas","LOCALIZACAO":"Integrado - outro","C_INTEGRADO":"OLAIAS PLAZA","EMPRESA":"MARIA ISABEL SILVEIRA MENDES RODRIGUES MOURA","GlobalID":"dedf3b56-6650-475a-9aa2-73579f0839de"}},{"type":"Feature","id":8130,"geometry":{"type":"Point","coordinates":[-9.14135802677863,38.7458704731492]},"properties":{"OBJECTID":8130,"COD_SIG":null,"IDTIPO":null,"NOME":"PASTELARIA COLAÇO","REGEND":"000341","MORADA":"Travessa Henrique Cardoso","NUM_POLICIA":"19B","FREGUESIA":"103","LOCALIDADE":"LISBOA","COD_POST_4":"1700","COD_POST_3":"227","COM_INT_ID":null,"COD_ACT_ECON":"52104","DESC_ACT_ECON":"CAFE/PASTELARIA - 3ª CATEGORIA","ANO":1991,"TIPO":"Restauração e Bebidas","LOCALIZACAO":"Isolado","C_INTEGRADO":null,"EMPRESA":"MARIA ISABEL SILVEIRA MENDES RODRIGUES MOURA","GlobalID":"9aee05d2-beab-4943-b53d-67fa1a4908f5"}},{"type":"Feature","id":8135,"geometry":{"type":"Point","coordinates":[-9.1469116732748,38.7465429787706]},"properties":{"OBJECTID":8135,"COD_SIG":null,"IDTIPO":null,"NOME":"PEROLA ENTRECAMPOS","REGEND":"000333","MORADA":"JOSE CARLOS DOS SANTOS (R)","NUM_POLICIA":"8","FREGUESIA":"103","LOCALIDADE":"LISBOA","COD_POST_4":"1700","COD_POST_3":"257","COM_INT_ID":null,"COD_ACT_ECON":"52104","DESC_ACT_ECON":"CAFE/PASTELARIA - 3ª CATEGORIA","ANO":1991,"TIPO":"Restauração e Bebidas","LOCALIZACAO":"Isolado","C_INTEGRADO":null,"EMPRESA":"Biri-Biré - Actividades Hoteleiras, Lda","GlobalID":"00a3b4e8-7fd3-4e39-b514-7c84c725379c"}},{"type":"Feature","id":8183,"geometry":{"type":"Point","coordinates":[-9.13073251105294,38.7394581698955]},"properties":{"OBJECTID":8183,"COD_SIG":null,"IDTIPO":null,"NOME":"RESTAURANTE PEDROGUENSE","REGEND":"000261","MORADA":"Rua Egas Moniz (antiga Rua 2 do Bairro dos Aliados ao Areeiro)","NUM_POLICIA":"45A","FREGUESIA":"104","LOCALIDADE":"LISBOA                         ","COD_POST_4":"1900","COD_POST_3":"217","COM_INT_ID":null,"COD_ACT_ECON":"51107","DESC_ACT_ECON":"RESTAURANTE - 3ª CATEGORIA","ANO":1991,"TIPO":"Restauração e Bebidas","LOCALIZACAO":"Isolado","C_INTEGRADO":null,"EMPRESA":"ADELINO & NEVES, LDA","GlobalID":"12781681-34de-46f8-955d-f310f3025e7b"}},{"type":"Feature","id":8186,"geometry":{"type":"Point","coordinates":[-9.12563357558391,38.7389057738644]},"properties":{"OBJECTID":8186,"COD_SIG":null,"IDTIPO":null,"NOME":"CHEFE LANÇA","REGEND":"000263","MORADA":"ENG ARANTES DE OLIVEIRA (AV)","NUM_POLICIA":"LT 13 A/D","FREGUESIA":"104","LOCALIDADE":null,"COD_POST_4":null,"COD_POST_3":null,"COM_INT_ID":93,"COD_ACT_ECON":"52199","DESC_ACT_ECON":"CAFÉ/PASTELARIA - (SEM CATEGORIA)","ANO":1991,"TIPO":"Restauração e Bebidas","LOCALIZACAO":"Integrado - outro","C_INTEGRADO":"OLAIAS PLAZA","EMPRESA":"MARIA ISABEL SILVEIRA MENDES RODRIGUES MOURA","GlobalID":"b0130e22-1e8f-451b-8cb8-d1c496726b07"}},{"type":"Feature","id":8195,"geometry":{"type":"Point","coordinates":[-9.13811882942487,38.7478260804259]},"properties":{"OBJECTID":8195,"COD_SIG":null,"IDTIPO":null,"NOME":"O CANTINHO DA GAMA BARROS","REGEND":"000317","MORADA":"Rua Doutor Gama Barros","NUM_POLICIA":"40A","FREGUESIA":"103","LOCALIDADE":"LISBOA","COD_POST_4":"1700","COD_POST_3":"146","COM_INT_ID":null,"COD_ACT_ECON":"51203","DESC_ACT_ECON":"\"SNACK-BAR\" - 3ª CATEGORIA","ANO":1991,"TIPO":"Restauração e Bebidas","LOCALIZACAO":"Isolado","C_INTEGRADO":null,"EMPRESA":"O CANTINHO DA GAMA BARROS - ACTIVIDADES HOTELEIRAS, LDA","GlobalID":"af9e23a0-0a66-40ba-9255-03a51b9a6f02"}},{"type":"Feature","id":8203,"geometry":{"type":"Point","coordinates":[-9.13294288767472,38.7396104013857]},"properties":{"OBJECTID":8203,"COD_SIG":null,"IDTIPO":null,"NOME":"RESTAURANTE ROSIBEL","REGEND":"000270","MORADA":"Rua Lucinda do Carmo (antiga Rua 10 do Bairro dos Actores)","NUM_POLICIA":"12A","FREGUESIA":"104","LOCALIDADE":"LISBOA","COD_POST_4":"1900","COD_POST_3":"303","COM_INT_ID":null,"COD_ACT_ECON":"51109","DESC_ACT_ECON":"RESTAURANTE - CASA DE PASTO","ANO":1991,"TIPO":"Restauração e Bebidas","LOCALIZACAO":"Isolado","C_INTEGRADO":null,"EMPRESA":"MERCEARIA CASIMIRO, LDA","GlobalID":"e94e13b7-e3bf-4914-9148-786d84aada22"}},{"type":"Feature","id":8255,"geometry":{"type":"Point","coordinates":[-9.12541480437119,38.7383324949058]},"properties":{"OBJECTID":8255,"COD_SIG":null,"IDTIPO":null,"NOME":"AMERICO LOPES","REGEND":"000246","MORADA":"AQUILES MACHADO (R)","NUM_POLICIA":"1","FREGUESIA":"104","LOCALIDADE":null,"COD_POST_4":null,"COD_POST_3":null,"COM_INT_ID":null,"COD_ACT_ECON":"52104","DESC_ACT_ECON":"CAFE/PASTELARIA - 3ª CATEGORIA","ANO":1991,"TIPO":"Restauração e Bebidas","LOCALIZACAO":"Isolado","C_INTEGRADO":null,"EMPRESA":"MARIA ISABEL SILVEIRA MENDES RODRIGUES MOURA","GlobalID":"4a3db482-5da0-46c5-9c03-2b53e88928f0"}},{"type":"Feature","id":8311,"geometry":{"type":"Point","coordinates":[-9.12563357558391,38.7389057738644]},"properties":{"OBJECTID":8311,"COD_SIG":null,"IDTIPO":null,"NOME":"PAPAROCA","REGEND":"000264","MORADA":"ENG ARANTES DE OLIVEIRA (AV)","NUM_POLICIA":"LT 13 A/D","FREGUESIA":"104","LOCALIDADE":null,"COD_POST_4":null,"COD_POST_3":null,"COM_INT_ID":93,"COD_ACT_ECON":"51203","DESC_ACT_ECON":"\"SNACK-BAR\" - 3ª CATEGORIA","ANO":1991,"TIPO":"Restauração e Bebidas","LOCALIZACAO":"Integrado - outro","C_INTEGRADO":"OLAIAS PLAZA","EMPRESA":"MARIA ISABEL SILVEIRA MENDES RODRIGUES MOURA","GlobalID":"11822c81-d476-4b3e-9400-3b3c8a4f8a95"}},{"type":"Feature","id":8315,"geometry":{"type":"Point","coordinates":[-9.12847877365069,38.7394954309443]},"properties":{"OBJECTID":8315,"COD_SIG":null,"IDTIPO":null,"NOME":"OLINDA JESUS AMARAL ANTUNES","REGEND":"000253","MORADA":"Rua Barão de Sabrosa","NUM_POLICIA":"268A","FREGUESIA":"104","LOCALIDADE":"LISBOA","COD_POST_4":"1900","COD_POST_3":"095","COM_INT_ID":null,"COD_ACT_ECON":"52104","DESC_ACT_ECON":"CAFE/PASTELARIA - 3ª CATEGORIA","ANO":1991,"TIPO":"Restauração e Bebidas","LOCALIZACAO":"Isolado","C_INTEGRADO":null,"EMPRESA":"MARIA ISABEL SILVEIRA MENDES RODRIGUES MOURA","GlobalID":"7f5dbb70-01dd-41b2-a250-17280e0f2b20"}},{"type":"Feature","id":8319,"geometry":{"type":"Point","coordinates":[-9.14073832308155,38.7476053192261]},"properties":{"OBJECTID":8319,"COD_SIG":null,"IDTIPO":null,"NOME":"DOM CAFE","REGEND":"000290","MORADA":"ROMA (AV)","NUM_POLICIA":"48 B","FREGUESIA":"103","LOCALIDADE":"LISBOA","COD_POST_4":"1700","COD_POST_3":"348","COM_INT_ID":104,"COD_ACT_ECON":"51203","DESC_ACT_ECON":"\"SNACK-BAR\" - 3ª CATEGORIA","ANO":1991,"TIPO":"Restauração e Bebidas","LOCALIZACAO":"Integrado - outro","C_INTEGRADO":"CENTRO COMERCIAL ROMA","EMPRESA":"MARIA ISABEL SILVEIRA MENDES RODRIGUES MOURA","GlobalID":"fc6e31a8-e0bc-48ad-8375-1f3d88eaefb9"}},{"type":"Feature","id":8333,"geometry":{"type":"Point","coordinates":[-9.1406636596067,38.7455702059575]},"properties":{"OBJECTID":8333,"COD_SIG":null,"IDTIPO":null,"NOME":"CILINIA LURDES JESUS FERREIRA MENDES","REGEND":"000286","MORADA":"INFANTE D PEDRO (R)","NUM_POLICIA":"4","FREGUESIA":"103","LOCALIDADE":null,"COD_POST_4":null,"COD_POST_3":null,"COM_INT_ID":null,"COD_ACT_ECON":"51109","DESC_ACT_ECON":"RESTAURANTE - CASA DE PASTO","ANO":1991,"TIPO":"Restauração e Bebidas","LOCALIZACAO":"Isolado","C_INTEGRADO":null,"EMPRESA":"MARIA ISABEL SILVEIRA MENDES RODRIGUES MOURA","GlobalID":"4f401d93-5e66-476a-ab47-9783b2cd3e8b"}},{"type":"Feature","id":8354,"geometry":{"type":"Point","coordinates":[-9.13296128517175,38.7384572454246]},"properties":{"OBJECTID":8354,"COD_SIG":null,"IDTIPO":null,"NOME":"O GAVETO","REGEND":"000251","MORADA":"Rua Augusto Machado","NUM_POLICIA":"17A","FREGUESIA":"104","LOCALIDADE":"LISBOA","COD_POST_4":"1900","COD_POST_3":"119","COM_INT_ID":null,"COD_ACT_ECON":"51203","DESC_ACT_ECON":"\"SNACK-BAR\" - 3ª CATEGORIA","ANO":1991,"TIPO":"Restauração e Bebidas","LOCALIZACAO":"Isolado","C_INTEGRADO":null,"EMPRESA":"SOUSA & AMARAL, LDA","GlobalID":"440745bb-fec2-4c73-bd66-f64e4f71fbad"}},{"type":"Feature","id":8383,"geometry":{"type":"Point","coordinates":[-9.12638995974806,38.7412942144109]},"properties":{"OBJECTID":8383,"COD_SIG":null,"IDTIPO":null,"NOME":"CAFE CENTRAL FONTE LOURO","REGEND":"000230","MORADA":"FONTE DO LOURO (AZ DA)","NUM_POLICIA":"115","FREGUESIA":"104","LOCALIDADE":null,"COD_POST_4":null,"COD_POST_3":null,"COM_INT_ID":null,"COD_ACT_ECON":"52104","DESC_ACT_ECON":"CAFE/PASTELARIA - 3ª CATEGORIA","ANO":1991,"TIPO":"Restauração e Bebidas","LOCALIZACAO":"Isolado","C_INTEGRADO":null,"EMPRESA":"MARIA ISABEL SILVEIRA MENDES RODRIGUES MOURA","GlobalID":"a485b90e-1518-4525-b3b1-944da653c31d"}},{"type":"Feature","id":8391,"geometry":{"type":"Point","coordinates":[-9.13583655613929,38.7253172103281]},"properties":{"OBJECTID":8391,"COD_SIG":null,"IDTIPO":null,"NOME":"JOAQUIM COUTINHO ANTUNES","REGEND":"000461","MORADA":"ANJOS (REGUEIRAO DOS)","NUM_POLICIA":"62","FREGUESIA":"105","LOCALIDADE":null,"COD_POST_4":null,"COD_POST_3":null,"COM_INT_ID":null,"COD_ACT_ECON":"52704","DESC_ACT_ECON":"OUTROS EST. DE BEBIDAS - 3ª CATEGORIA","ANO":1991,"TIPO":"Restauração e Bebidas","LOCALIZACAO":"Isolado","C_INTEGRADO":null,"EMPRESA":"MARIA ISABEL SILVEIRA MENDES RODRIGUES MOURA","GlobalID":"f9b63a61-1237-4466-b01b-77f76c01987e"}},{"type":"Feature","id":8422,"geometry":{"type":"Point","coordinates":[-9.12562342192625,38.7391129763043]},"properties":{"OBJECTID":8422,"COD_SIG":null,"IDTIPO":null,"NOME":"CASA CAFES OLAIAS","REGEND":"000262","MORADA":"Avenida Engenheiro Arantes e Oliveira (antiga Rua B do Plano Urb. da Encosta das Olaias)","NUM_POLICIA":"1A","FREGUESIA":"104","LOCALIDADE":"LISBOA                         ","COD_POST_4":"1900","COD_POST_3":"221","COM_INT_ID":93,"COD_ACT_ECON":"52104","DESC_ACT_ECON":"CAFE/PASTELARIA - 3ª CATEGORIA","ANO":1991,"TIPO":"Restauração e Bebidas","LOCALIZACAO":"Integrado - outro","C_INTEGRADO":"OLAIAS PLAZA","EMPRESA":"MARIA ISABEL SILVEIRA MENDES RODRIGUES MOURA","GlobalID":"9ed6386f-c0c2-4d2c-bff6-e708b5f55beb"}},{"type":"Feature","id":8445,"geometry":{"type":"Point","coordinates":[-9.14073832308155,38.7476053192261]},"properties":{"OBJECTID":8445,"COD_SIG":null,"IDTIPO":null,"NOME":"A CROISSANTERIA","REGEND":"000291","MORADA":"Avenida de Roma","NUM_POLICIA":"48B","FREGUESIA":"103","LOCALIDADE":"LISBOA","COD_POST_4":"1700","COD_POST_3":"348","COM_INT_ID":null,"COD_ACT_ECON":"52104","DESC_ACT_ECON":"CAFE/PASTELARIA - 3ª CATEGORIA","ANO":1991,"TIPO":"Restauração e Bebidas","LOCALIZACAO":"Isolado","C_INTEGRADO":null,"EMPRESA":"LUZ & VALE FROES, LDA","GlobalID":"82116058-1f79-480e-b692-03b99cd9f532"}},{"type":"Feature","id":8476,"geometry":{"type":"Point","coordinates":[-9.14100865130336,38.7545479787207]},"properties":{"OBJECTID":8476,"COD_SIG":null,"IDTIPO":null,"NOME":"ABILIO RODRIGUES","REGEND":"000235","MORADA":"FONTE DO LOURO (AZ DA)","NUM_POLICIA":"6703 A","FREGUESIA":null,"LOCALIDADE":null,"COD_POST_4":null,"COD_POST_3":null,"COM_INT_ID":null,"COD_ACT_ECON":"52104","DESC_ACT_ECON":"CAFE/PASTELARIA - 3ª CATEGORIA","ANO":1991,"TIPO":"Restauração e Bebidas","LOCALIZACAO":"Isolado","C_INTEGRADO":null,"EMPRESA":"MARIA ISABEL SILVEIRA MENDES RODRIGUES MOURA","GlobalID":"2c2d762c-2c7f-4b55-88a3-d2f5c3bdf1d2"}},{"type":"Feature","id":8490,"geometry":{"type":"Point","coordinates":[-9.13251266831547,38.7384520805986]},"properties":{"OBJECTID":8490,"COD_SIG":null,"IDTIPO":null,"NOME":"O TREZE","REGEND":"000250","MORADA":"AUGUSTO MACHADO (R)","NUM_POLICIA":"13 B","FREGUESIA":"104","LOCALIDADE":null,"COD_POST_4":null,"COD_POST_3":null,"COM_INT_ID":null,"COD_ACT_ECON":"52104","DESC_ACT_ECON":"CAFE/PASTELARIA - 3ª CATEGORIA","ANO":1991,"TIPO":"Restauração e Bebidas","LOCALIZACAO":"Isolado","C_INTEGRADO":null,"EMPRESA":"MARIA ISABEL SILVEIRA MENDES RODRIGUES MOURA","GlobalID":"508ea398-675e-498f-aa81-d26cb589b0d8"}},{"type":"Feature","id":8572,"geometry":{"type":"Point","coordinates":[-9.13963864054504,38.747930082135]},"properties":{"OBJECTID":8572,"COD_SIG":null,"IDTIPO":null,"NOME":"A MOURAMA","REGEND":"000310","MORADA":"Rua Doutor Gama Barros","NUM_POLICIA":"15A","FREGUESIA":"103","LOCALIDADE":"LISBOA","COD_POST_4":"1700","COD_POST_3":"143","COM_INT_ID":null,"COD_ACT_ECON":"51109","DESC_ACT_ECON":"RESTAURANTE - CASA DE PASTO","ANO":1991,"TIPO":"Restauração e Bebidas","LOCALIZACAO":"Isolado","C_INTEGRADO":null,"EMPRESA":"MARIA ISABEL SILVEIRA MENDES RODRIGUES MOURA","GlobalID":"20a462f1-56ed-4dee-bdb1-9b3ec2b0808f"}},{"type":"Feature","id":8606,"geometry":{"type":"Point","coordinates":[-9.1309142573029,38.7452912933593]},"properties":{"OBJECTID":8606,"COD_SIG":null,"IDTIPO":null,"NOME":"ARMINDO LOURENÇO SANTOS","REGEND":"000220","MORADA":"ALM GAGO COUTINHO (AV)","NUM_POLICIA":"28","FREGUESIA":"104","LOCALIDADE":null,"COD_POST_4":null,"COD_POST_3":null,"COM_INT_ID":null,"COD_ACT_ECON":"52701","DESC_ACT_ECON":"Outros Estab. De Bebidas","ANO":1991,"TIPO":"Restauração e Bebidas","LOCALIZACAO":"Isolado","C_INTEGRADO":null,"EMPRESA":"MARIA ISABEL SILVEIRA MENDES RODRIGUES MOURA","GlobalID":"c3d3fbb3-4965-4995-9d20-61648cfe31fe"}},{"type":"Feature","id":8650,"geometry":{"type":"Point","coordinates":[-9.20567180371904,38.7523051151795]},"properties":{"OBJECTID":8650,"COD_SIG":null,"IDTIPO":null,"NOME":"BAR 688","REGEND":"000590","MORADA":"BENFICA (EST DE)","NUM_POLICIA":"688 A","FREGUESIA":"109","LOCALIDADE":null,"COD_POST_4":null,"COD_POST_3":null,"COM_INT_ID":51,"COD_ACT_ECON":"51203","DESC_ACT_ECON":"\"SNACK-BAR\" - 3ª CATEGORIA","ANO":1991,"TIPO":"Restauração e Bebidas","LOCALIZACAO":"Integrado - outro","C_INTEGRADO":"CENTRO COMERCIAL BENFICA","EMPRESA":"MARIA ISABEL SILVEIRA MENDES RODRIGUES MOURA","GlobalID":"c44b7b51-26d1-455d-bc94-3e9a262bbee6"}},{"type":"Feature","id":8653,"geometry":{"type":"Point","coordinates":[-9.13635824016414,38.7256189930497]},"properties":{"OBJECTID":8653,"COD_SIG":null,"IDTIPO":null,"NOME":"HELENA PRATA HERDEIROS","REGEND":"000400","MORADA":"ANJOS (R DOS)","NUM_POLICIA":"75 A","FREGUESIA":"105","LOCALIDADE":null,"COD_POST_4":null,"COD_POST_3":null,"COM_INT_ID":null,"COD_ACT_ECON":"52705","DESC_ACT_ECON":"Outros Estab. De Bebidas - Taberna","ANO":1991,"TIPO":"Restauração e Bebidas","LOCALIZACAO":"Isolado","C_INTEGRADO":null,"EMPRESA":"MARIA ISABEL SILVEIRA MENDES RODRIGUES MOURA","GlobalID":"ca1e2157-a214-4f87-bcaa-3f1510c40104"}},{"type":"Feature","id":8730,"geometry":{"type":"Point","coordinates":[-9.13397082446446,38.7341608786582]},"properties":{"OBJECTID":8730,"COD_SIG":null,"IDTIPO":null,"NOME":"SOAREZ & MARTINEZ LDA","REGEND":"000245","MORADA":"ACT VIRGÍNIA (R)","NUM_POLICIA":"54 A/B","FREGUESIA":null,"LOCALIDADE":null,"COD_POST_4":null,"COD_POST_3":null,"COM_INT_ID":null,"COD_ACT_ECON":"52304","DESC_ACT_ECON":"CERVEJARIA - 3ª CATEGORIA","ANO":1991,"TIPO":"Restauração e Bebidas","LOCALIZACAO":"Isolado","C_INTEGRADO":null,"EMPRESA":"SUAREZ & MARTINEZ, LDA","GlobalID":"2ba6381a-a500-4ed7-9fed-21e52b7ec15e"}},{"type":"Feature","id":8731,"geometry":{"type":"Point","coordinates":[-9.12449005795647,38.7388267758139]},"properties":{"OBJECTID":8731,"COD_SIG":null,"IDTIPO":null,"NOME":"RESTAURANTE SOLAR DAS OLAIAS","REGEND":"000248","MORADA":"Rua Aquiles Machado","NUM_POLICIA":"3I","FREGUESIA":"104","LOCALIDADE":"LISBOA","COD_POST_4":"1900","COD_POST_3":"222","COM_INT_ID":null,"COD_ACT_ECON":"51107","DESC_ACT_ECON":"RESTAURANTE - 3ª CATEGORIA","ANO":1991,"TIPO":"Restauração e Bebidas","LOCALIZACAO":"Isolado","C_INTEGRADO":null,"EMPRESA":"MARIA ISABEL SILVEIRA MENDES RODRIGUES MOURA","GlobalID":"ca692558-b291-4ca3-9a91-48694e3351c7"}},{"type":"Feature","id":8757,"geometry":{"type":"Point","coordinates":[-9.10169780224347,38.742645649247]},"properties":{"OBJECTID":8757,"COD_SIG":null,"IDTIPO":null,"NOME":"VAL DO RIO","REGEND":"000390","MORADA":"AMORIM (R)","NUM_POLICIA":"67","FREGUESIA":"115","LOCALIDADE":null,"COD_POST_4":null,"COD_POST_3":null,"COM_INT_ID":null,"COD_ACT_ECON":"51203","DESC_ACT_ECON":"\"SNACK-BAR\" - 3ª CATEGORIA","ANO":1991,"TIPO":"Restauração e Bebidas","LOCALIZACAO":"Isolado","C_INTEGRADO":null,"EMPRESA":"SOCIEDADE COMERCIAL ABEL PEREIRA FONSECA SA","GlobalID":"1586f9c3-48ce-4c08-beb5-35066bb5d080"}},{"type":"Feature","id":8771,"geometry":{"type":"Point","coordinates":[-9.13257169751111,38.7476215060171]},"properties":{"OBJECTID":8771,"COD_SIG":null,"IDTIPO":null,"NOME":"EUGENIO PEREIRA","REGEND":"000403","MORADA":"ANTONIO ANDRADE (R)","NUM_POLICIA":"2","FREGUESIA":"103","LOCALIDADE":null,"COD_POST_4":null,"COD_POST_3":null,"COM_INT_ID":null,"COD_ACT_ECON":"52705","DESC_ACT_ECON":"Outros Estab. De Bebidas - Taberna","ANO":1991,"TIPO":"Restauração e Bebidas","LOCALIZACAO":"Isolado","C_INTEGRADO":null,"EMPRESA":"MARIA ISABEL SILVEIRA MENDES RODRIGUES MOURA","GlobalID":"cbce1d1e-38d5-4398-8691-5d4c271e64fc"}},{"type":"Feature","id":8772,"geometry":{"type":"Point","coordinates":[-9.13470161652449,38.7214535938975]},"properties":{"OBJECTID":8772,"COD_SIG":null,"IDTIPO":null,"NOME":"CASTANHEIRA & SILVA","REGEND":"000391","MORADA":"ANJOS (R DOS)","NUM_POLICIA":"2 B","FREGUESIA":"105","LOCALIDADE":null,"COD_POST_4":null,"COD_POST_3":null,"COM_INT_ID":null,"COD_ACT_ECON":"51107","DESC_ACT_ECON":"RESTAURANTE - 3ª CATEGORIA","ANO":1991,"TIPO":"Restauração e Bebidas","LOCALIZACAO":"Isolado","C_INTEGRADO":null,"EMPRESA":"CASTANHEIRA & SILVA, LDA","GlobalID":"b6af6187-0933-48c2-aaff-62d0fbebb99e"}},{"type":"Feature","id":8887,"geometry":{"type":"Point","coordinates":[-9.10593799142,38.7337043291587]},"properties":{"OBJECTID":8887,"COD_SIG":null,"IDTIPO":null,"NOME":"SNACK ALAMEDA","REGEND":"000468","MORADA":"Alameda do Beato","NUM_POLICIA":"16","FREGUESIA":"107","LOCALIDADE":"LISBOA                         ","COD_POST_4":"1950","COD_POST_3":"041","COM_INT_ID":null,"COD_ACT_ECON":"51299","DESC_ACT_ECON":"\"SNACK-BAR\" - (SEM CATEGORIA)","ANO":1991,"TIPO":"Restauração e Bebidas","LOCALIZACAO":"Isolado","C_INTEGRADO":null,"EMPRESA":"MARIA ISABEL SILVEIRA MENDES RODRIGUES MOURA","GlobalID":"0339fa45-03c6-4e0f-875f-747b5ca19804"}},{"type":"Feature","id":8935,"geometry":{"type":"Point","coordinates":[-9.1293257259618,38.7383712364124]},"properties":{"OBJECTID":8935,"COD_SIG":null,"IDTIPO":null,"NOME":"MAIA & RODRIGUES LDA","REGEND":"000266","MORADA":"JOSE ACURSIO DAS NEVES (R)","NUM_POLICIA":"7","FREGUESIA":"104","LOCALIDADE":null,"COD_POST_4":null,"COD_POST_3":null,"COM_INT_ID":null,"COD_ACT_ECON":"51109","DESC_ACT_ECON":"RESTAURANTE - CASA DE PASTO","ANO":1991,"TIPO":"Restauração e Bebidas","LOCALIZACAO":"Isolado","C_INTEGRADO":null,"EMPRESA":"MARIA ISABEL SILVEIRA MENDES RODRIGUES MOURA","GlobalID":"5e7a3b93-bc94-48a9-9dcc-64bcc4ab2ccf"}},{"type":"Feature","id":8951,"geometry":{"type":"Point","coordinates":[-9.20973336649459,38.7508354858872]},"properties":{"OBJECTID":8951,"COD_SIG":null,"IDTIPO":null,"NOME":"CASA PASTO ALENTEJANA","REGEND":"000564","MORADA":"A-DA-MAIA (EST) OU DA DAMAIA","NUM_POLICIA":"66 C/D","FREGUESIA":"109","LOCALIDADE":null,"COD_POST_4":null,"COD_POST_3":null,"COM_INT_ID":null,"COD_ACT_ECON":"51109","DESC_ACT_ECON":"RESTAURANTE - CASA DE PASTO","ANO":1991,"TIPO":"Restauração e Bebidas","LOCALIZACAO":"Isolado","C_INTEGRADO":null,"EMPRESA":"MARIA ISABEL SILVEIRA MENDES RODRIGUES MOURA","GlobalID":"a2251021-9a9d-4646-a74d-712eeb43f4d5"}},{"type":"Feature","id":8974,"geometry":{"type":"Point","coordinates":[-9.14412633534528,38.7431622026724]},"properties":{"OBJECTID":8974,"COD_SIG":null,"IDTIPO":null,"NOME":"JOSE JESUS PEREIRA RAIMUNDO","REGEND":"000361","MORADA":"ST ANTONIO (T DE) æ AMEIXOEIRA","NUM_POLICIA":"2 A","FREGUESIA":null,"LOCALIDADE":null,"COD_POST_4":null,"COD_POST_3":null,"COM_INT_ID":null,"COD_ACT_ECON":"51109","DESC_ACT_ECON":"RESTAURANTE - CASA DE PASTO","ANO":1991,"TIPO":"Restauração e Bebidas","LOCALIZACAO":"Isolado","C_INTEGRADO":null,"EMPRESA":"MARIA ISABEL SILVEIRA MENDES RODRIGUES MOURA","GlobalID":"3136e564-9b58-49d8-95f0-149d7a024512"}},{"type":"Feature","id":9064,"geometry":{"type":"Point","coordinates":[-9.19756691935807,38.7510912194417]},"properties":{"OBJECTID":9064,"COD_SIG":null,"IDTIPO":null,"NOME":"PASTELARIA A CARRIPANA","REGEND":"000547","MORADA":"Avenida do Uruguai","NUM_POLICIA":"7B","FREGUESIA":"109","LOCALIDADE":"LISBOA","COD_POST_4":"1500","COD_POST_3":"610","COM_INT_ID":null,"COD_ACT_ECON":"52104","DESC_ACT_ECON":"CAFE/PASTELARIA - 3ª CATEGORIA","ANO":1991,"TIPO":"Restauração e Bebidas","LOCALIZACAO":"Isolado","C_INTEGRADO":null,"EMPRESA":"SANCHES NETO & SANCHES, LDA","GlobalID":"58869a04-5da2-4194-a9ba-d0f9ea16c8ff"}},{"type":"Feature","id":9082,"geometry":{"type":"Point","coordinates":[-9.13489034717579,38.7250821247332]},"properties":{"OBJECTID":9082,"COD_SIG":null,"IDTIPO":null,"NOME":"PASTELARIA LISBOA","REGEND":"000372","MORADA":"ALM REIS (AV)","NUM_POLICIA":"42 A","FREGUESIA":"105","LOCALIDADE":"LISBOA","COD_POST_4":"1150","COD_POST_3":"019","COM_INT_ID":null,"COD_ACT_ECON":"51104","DESC_ACT_ECON":"Restaurante (Típico)","ANO":1991,"TIPO":"Restauração e Bebidas","LOCALIZACAO":"Isolado","C_INTEGRADO":null,"EMPRESA":"LEITARIA LISBOA, LDA","GlobalID":"bdcf85b3-b9d8-4353-a418-38887f909e0b"}},{"type":"Feature","id":9103,"geometry":{"type":"Point","coordinates":[-9.13512367109613,38.7261430443106]},"properties":{"OBJECTID":9103,"COD_SIG":null,"IDTIPO":null,"NOME":"CAFE BAR COLONIAL","REGEND":"000374","MORADA":"ALM REIS (AV)","NUM_POLICIA":"67 C/D/F","FREGUESIA":"105","LOCALIDADE":null,"COD_POST_4":null,"COD_POST_3":null,"COM_INT_ID":null,"COD_ACT_ECON":"52104","DESC_ACT_ECON":"CAFE/PASTELARIA - 3ª CATEGORIA","ANO":1991,"TIPO":"Restauração e Bebidas","LOCALIZACAO":"Isolado","C_INTEGRADO":null,"EMPRESA":"MARIA ISABEL SILVEIRA MENDES RODRIGUES MOURA","GlobalID":"8910e83b-98b1-4741-af02-05003c4fcaab"}},{"type":"Feature","id":9135,"geometry":{"type":"Point","coordinates":[-9.16581039159454,38.7290192749134]},"properties":{"OBJECTID":9135,"COD_SIG":null,"IDTIPO":null,"NOME":"O TENOR","REGEND":"000777","MORADA":"FERREIRA CHAVES (R)","NUM_POLICIA":"11 A","FREGUESIA":"111","LOCALIDADE":null,"COD_POST_4":null,"COD_POST_3":null,"COM_INT_ID":null,"COD_ACT_ECON":"52304","DESC_ACT_ECON":"CERVEJARIA - 3ª CATEGORIA","ANO":1991,"TIPO":"Restauração e Bebidas","LOCALIZACAO":"Isolado","C_INTEGRADO":null,"EMPRESA":"MARIA ISABEL SILVEIRA MENDES RODRIGUES MOURA","GlobalID":"348fc7b4-dddc-4fc7-8630-400ec9679423"}},{"type":"Feature","id":9231,"geometry":{"type":"Point","coordinates":[-9.13546326481623,38.7232936579981]},"properties":{"OBJECTID":9231,"COD_SIG":null,"IDTIPO":null,"NOME":"SNACK BAR HIMALAIA","REGEND":"000459","MORADA":"ANJOS (REGUEIRAO DOS)","NUM_POLICIA":null,"FREGUESIA":"105","LOCALIDADE":"LISBOA","COD_POST_4":"1150","COD_POST_3":"028","COM_INT_ID":null,"COD_ACT_ECON":"51203","DESC_ACT_ECON":"\"SNACK-BAR\" - 3ª CATEGORIA","ANO":1991,"TIPO":"Restauração e Bebidas","LOCALIZACAO":"Isolado","C_INTEGRADO":null,"EMPRESA":"FRANCISCO PEREIRA & MARIA JOSÉ, LDA","GlobalID":"a7e4a618-626b-4446-95e0-4d51dc4a957c"}},{"type":"Feature","id":9289,"geometry":{"type":"Point","coordinates":[-9.20663610385406,38.7513143945326]},"properties":{"OBJECTID":9289,"COD_SIG":null,"IDTIPO":null,"NOME":"RESTAURANTE BELA PAPA","REGEND":"000558","MORADA":"Estrada de A-da-Maia","NUM_POLICIA":"23A","FREGUESIA":"109","LOCALIDADE":null,"COD_POST_4":"1500","COD_POST_3":"002","COM_INT_ID":null,"COD_ACT_ECON":"51107","DESC_ACT_ECON":"RESTAURANTE - 3ª CATEGORIA","ANO":1991,"TIPO":"Restauração e Bebidas","LOCALIZACAO":"Isolado","C_INTEGRADO":null,"EMPRESA":"MARIA ISABEL SILVEIRA MENDES RODRIGUES MOURA","GlobalID":"2d20a7d1-0d18-4f46-90f8-772139f0b820"}},{"type":"Feature","id":9347,"geometry":{"type":"Point","coordinates":[-9.11401653178695,38.7290517248944]},"properties":{"OBJECTID":9347,"COD_SIG":null,"IDTIPO":null,"NOME":"A LOPES & IRMAO LDA","REGEND":"000511","MORADA":"Rua José Relvas","NUM_POLICIA":"3","FREGUESIA":"107","LOCALIDADE":"LISBOA","COD_POST_4":"1900","COD_POST_3":"281","COM_INT_ID":null,"COD_ACT_ECON":"52705","DESC_ACT_ECON":"Outros Estab. De Bebidas - Taberna","ANO":1991,"TIPO":"Restauração e Bebidas","LOCALIZACAO":"Isolado","C_INTEGRADO":null,"EMPRESA":"A. LOPES & IRMÃO, LDA","GlobalID":"ce0a44e6-d689-4985-b964-4a14d7874b71"}},{"type":"Feature","id":9357,"geometry":{"type":"Point","coordinates":[-9.10562653562954,38.7327881275897]},"properties":{"OBJECTID":9357,"COD_SIG":null,"IDTIPO":null,"NOME":"ARMANDO ROMERO JORGE","REGEND":"000502","MORADA":"GRILO (R DO)","NUM_POLICIA":"49","FREGUESIA":"107","LOCALIDADE":"LISBOA","COD_POST_4":"1900","COD_POST_3":"704","COM_INT_ID":null,"COD_ACT_ECON":"52705","DESC_ACT_ECON":"Outros Estab. De Bebidas - Taberna","ANO":1991,"TIPO":"Restauração e Bebidas","LOCALIZACAO":"Isolado","C_INTEGRADO":null,"EMPRESA":"ARMANDO ROMENO JORGE","GlobalID":"88894869-4026-4188-be58-1b27621262d4"}},{"type":"Feature","id":9383,"geometry":{"type":"Point","coordinates":[-9.19778049291856,38.746116997321]},"properties":{"OBJECTID":9383,"COD_SIG":null,"IDTIPO":null,"NOME":"CAFE SNACK BAR O ACADEMICO","REGEND":"000539","MORADA":"Avenida Gomes Pereira","NUM_POLICIA":"59A","FREGUESIA":"109","LOCALIDADE":"LISBOA","COD_POST_4":"1500","COD_POST_3":"328","COM_INT_ID":null,"COD_ACT_ECON":"51203","DESC_ACT_ECON":"\"SNACK-BAR\" - 3ª CATEGORIA","ANO":1991,"TIPO":"Restauração e Bebidas","LOCALIZACAO":"Isolado","C_INTEGRADO":null,"EMPRESA":"LEITÃO & LOPO, LDA","GlobalID":"1d5a8e62-daaa-457a-a310-94f6006878e8"}},{"type":"Feature","id":9385,"geometry":{"type":"Point","coordinates":[-9.19785871731521,38.7453268649528]},"properties":{"OBJECTID":9385,"COD_SIG":null,"IDTIPO":null,"NOME":"CHAPLIN","REGEND":"000540","MORADA":"GOMES PEREIRA (AV)","NUM_POLICIA":"73 B","FREGUESIA":"109","LOCALIDADE":null,"COD_POST_4":null,"COD_POST_3":null,"COM_INT_ID":null,"COD_ACT_ECON":"52104","DESC_ACT_ECON":"CAFE/PASTELARIA - 3ª CATEGORIA","ANO":1991,"TIPO":"Restauração e Bebidas","LOCALIZACAO":"Isolado","C_INTEGRADO":null,"EMPRESA":"MARIA ISABEL SILVEIRA MENDES RODRIGUES MOURA","GlobalID":"cb72362c-02c3-46db-b4f0-f9887a774e4b"}},{"type":"Feature","id":9432,"geometry":{"type":"Point","coordinates":[-9.13527272855121,38.7212022271225]},"properties":{"OBJECTID":9432,"COD_SIG":null,"IDTIPO":null,"NOME":"ESTEVES & MARQUES","REGEND":"000364","MORADA":"ALM REIS (AV)","NUM_POLICIA":"6 D","FREGUESIA":"105","LOCALIDADE":"LISBOA","COD_POST_4":"1150","COD_POST_3":"017","COM_INT_ID":null,"COD_ACT_ECON":"51203","DESC_ACT_ECON":"\"SNACK-BAR\" - 3ª CATEGORIA","ANO":1991,"TIPO":"Restauração e Bebidas","LOCALIZACAO":"Isolado","C_INTEGRADO":null,"EMPRESA":"ESTEVES & MARQUES, LDA","GlobalID":"1f052550-3ad8-4901-85b6-e1a5f27a0636"}},{"type":"Feature","id":9438,"geometry":{"type":"Point","coordinates":[-9.13459349799184,38.7235893750752]},"properties":{"OBJECTID":9438,"COD_SIG":null,"IDTIPO":null,"NOME":"IMPERIO DOS ANJOS","REGEND":"000441","MORADA":"MARIA ANDRADE (R)","NUM_POLICIA":"64 A","FREGUESIA":"105","LOCALIDADE":"LISBOA","COD_POST_4":"1170","COD_POST_3":"218","COM_INT_ID":null,"COD_ACT_ECON":"51107","DESC_ACT_ECON":"RESTAURANTE - 3ª CATEGORIA","ANO":1991,"TIPO":"Restauração e Bebidas","LOCALIZACAO":"Isolado","C_INTEGRADO":null,"EMPRESA":"MARIA ISABEL SILVEIRA MENDES RODRIGUES MOURA","GlobalID":"b9aaca6b-5c1a-46bf-b4df-14a414a8bbf5"}},{"type":"Feature","id":9555,"geometry":{"type":"Point","coordinates":[-9.13376179907424,38.7281398078911]},"properties":{"OBJECTID":9555,"COD_SIG":null,"IDTIPO":null,"NOME":"MARQUÊS E FERREIRA","REGEND":"000414","MORADA":"CID DE LIVERPUL (R)","NUM_POLICIA":"11","FREGUESIA":"105","LOCALIDADE":null,"COD_POST_4":null,"COD_POST_3":null,"COM_INT_ID":null,"COD_ACT_ECON":"51109","DESC_ACT_ECON":"RESTAURANTE - CASA DE PASTO","ANO":1991,"TIPO":"Restauração e Bebidas","LOCALIZACAO":"Isolado","C_INTEGRADO":null,"EMPRESA":"MARIA ISABEL SILVEIRA MENDES RODRIGUES MOURA","GlobalID":"ddf5c6df-2d93-4096-a07a-06d1a9dec99d"}},{"type":"Feature","id":9586,"geometry":{"type":"Point","coordinates":[-9.11523743478453,38.7308700446623]},"properties":{"OBJECTID":9586,"COD_SIG":null,"IDTIPO":null,"NOME":"JUVENALIA ANDRADE","REGEND":"000512","MORADA":"JOSE RELVAS (R)","NUM_POLICIA":"32 B","FREGUESIA":"107","LOCALIDADE":"LISBOA","COD_POST_4":"1900","COD_POST_3":"284","COM_INT_ID":null,"COD_ACT_ECON":"52104","DESC_ACT_ECON":"CAFE/PASTELARIA - 3ª CATEGORIA","ANO":1991,"TIPO":"Restauração e Bebidas","LOCALIZACAO":"Isolado","C_INTEGRADO":null,"EMPRESA":"MARIA ISABEL SILVEIRA MENDES RODRIGUES MOURA","GlobalID":"4c4609dd-405f-4aec-b8eb-562436993bc4"}},{"type":"Feature","id":9592,"geometry":{"type":"Point","coordinates":[-9.20498902032271,38.7520321486427]},"properties":{"OBJECTID":9592,"COD_SIG":null,"IDTIPO":null,"NOME":"CAFETARIA FRAZAO","REGEND":"000580","MORADA":"Estrada de Benfica","NUM_POLICIA":"680B","FREGUESIA":"109","LOCALIDADE":"LISBOA","COD_POST_4":"1500","COD_POST_3":"110","COM_INT_ID":null,"COD_ACT_ECON":"52199","DESC_ACT_ECON":"CAFÉ/PASTELARIA - (SEM CATEGORIA)","ANO":1991,"TIPO":"Restauração e Bebidas","LOCALIZACAO":"Isolado","C_INTEGRADO":null,"EMPRESA":"CASTELÃO & GARCIA, LDA","GlobalID":"29900347-a159-4ee9-a078-ab986a686690"}},{"type":"Feature","id":9609,"geometry":{"type":"Point","coordinates":[-9.19958421299102,38.7506043983929]},"properties":{"OBJECTID":9609,"COD_SIG":null,"IDTIPO":null,"NOME":"OS INSEPARAVEIS","REGEND":"000577","MORADA":"BENFICA (EST DE)","NUM_POLICIA":"653 A","FREGUESIA":"109","LOCALIDADE":null,"COD_POST_4":null,"COD_POST_3":null,"COM_INT_ID":null,"COD_ACT_ECON":"51107","DESC_ACT_ECON":"RESTAURANTE - 3ª CATEGORIA","ANO":1991,"TIPO":"Restauração e Bebidas","LOCALIZACAO":"Isolado","C_INTEGRADO":null,"EMPRESA":"MARIA ISABEL SILVEIRA MENDES RODRIGUES MOURA","GlobalID":"9b639e5f-baaf-4d1b-8253-fe83d9cd0e74"}},{"type":"Feature","id":9623,"geometry":{"type":"Point","coordinates":[-9.20044981163249,38.7430840276897]},"properties":{"OBJECTID":9623,"COD_SIG":null,"IDTIPO":null,"NOME":"SOLAR DOS LEITÕES","REGEND":"000607","MORADA":"CURVO SEMEDO (L DE)","NUM_POLICIA":"3","FREGUESIA":"109","LOCALIDADE":null,"COD_POST_4":null,"COD_POST_3":null,"COM_INT_ID":null,"COD_ACT_ECON":"51109","DESC_ACT_ECON":"RESTAURANTE - CASA DE PASTO","ANO":1991,"TIPO":"Restauração e Bebidas","LOCALIZACAO":"Isolado","C_INTEGRADO":null,"EMPRESA":"MARIA ISABEL SILVEIRA MENDES RODRIGUES MOURA","GlobalID":"3e789ea7-82a0-4ddd-91aa-cb956a54c8f2"}},{"type":"Feature","id":9628,"geometry":{"type":"Point","coordinates":[-9.18902194584787,38.7465388675554]},"properties":{"OBJECTID":9628,"COD_SIG":null,"IDTIPO":null,"NOME":"BAIR JAIR","REGEND":"000611","MORADA":"Rua António Saúde","NUM_POLICIA":"16F","FREGUESIA":"123","LOCALIDADE":"LISBOA","COD_POST_4":"1500","COD_POST_3":"049","COM_INT_ID":null,"COD_ACT_ECON":"52404","DESC_ACT_ECON":"BAR/\"PUB\" - 3ª CATEGORIA","ANO":1991,"TIPO":"Restauração e Bebidas","LOCALIZACAO":"Isolado","C_INTEGRADO":null,"EMPRESA":"BAR JAIR, LDA","GlobalID":"5941b948-9645-4ca7-b4bc-cd3e7ddb1343"}},{"type":"Feature","id":9676,"geometry":{"type":"Point","coordinates":[-9.10582972286872,38.732507191745]},"properties":{"OBJECTID":9676,"COD_SIG":null,"IDTIPO":null,"NOME":"SNACK BAR CAFE POLO NORTE","REGEND":"000503","MORADA":"GRILO (R DO)","NUM_POLICIA":"71","FREGUESIA":"107","LOCALIDADE":null,"COD_POST_4":null,"COD_POST_3":null,"COM_INT_ID":null,"COD_ACT_ECON":"51203","DESC_ACT_ECON":"\"SNACK-BAR\" - 3ª CATEGORIA","ANO":1991,"TIPO":"Restauração e Bebidas","LOCALIZACAO":"Isolado","C_INTEGRADO":null,"EMPRESA":"LEITARIA FLOR BEATO, LDA","GlobalID":"78429e3c-4010-46c3-b5e3-d1aebdcf0565"}},{"type":"Feature","id":9679,"geometry":{"type":"Point","coordinates":[-9.10885799040389,38.7302479706645]},"properties":{"OBJECTID":9679,"COD_SIG":null,"IDTIPO":null,"NOME":"O RESTAURANTE O BARROTE","REGEND":"000473","MORADA":"GRILO (C DO)","NUM_POLICIA":"10 A","FREGUESIA":"107","LOCALIDADE":"LISBOA","COD_POST_4":"1900","COD_POST_3":"426","COM_INT_ID":null,"COD_ACT_ECON":"51107","DESC_ACT_ECON":"RESTAURANTE - 3ª CATEGORIA","ANO":1991,"TIPO":"Restauração e Bebidas","LOCALIZACAO":"Isolado","C_INTEGRADO":null,"EMPRESA":"MARIA JOSE RESENDE","GlobalID":"bb448553-8872-4c40-8b0b-571d17bbe229"}},{"type":"Feature","id":9687,"geometry":{"type":"Point","coordinates":[-9.11161083087965,38.7263605647171]},"properties":{"OBJECTID":9687,"COD_SIG":null,"IDTIPO":null,"NOME":"COSTA & SERTORIO LDA","REGEND":"000514","MORADA":"MANUTENÇAO (R DA)","NUM_POLICIA":"6","FREGUESIA":"107","LOCALIDADE":null,"COD_POST_4":null,"COD_POST_3":null,"COM_INT_ID":null,"COD_ACT_ECON":"52704","DESC_ACT_ECON":"OUTROS EST. DE BEBIDAS - 3ª CATEGORIA","ANO":1991,"TIPO":"Restauração e Bebidas","LOCALIZACAO":"Isolado","C_INTEGRADO":null,"EMPRESA":"MARIA ISABEL SILVEIRA MENDES RODRIGUES MOURA","GlobalID":"4f26a447-f76a-4b9d-955b-6b656fd80751"}},{"type":"Feature","id":9691,"geometry":{"type":"Point","coordinates":[-9.12371984961839,38.7380226139489]},"properties":{"OBJECTID":9691,"COD_SIG":null,"IDTIPO":null,"NOME":"CERVEJARIA LARGO MINHO","REGEND":"000519","MORADA":"PROF MIRA FERNANDES (R)","NUM_POLICIA":"4 LJ","FREGUESIA":"107","LOCALIDADE":null,"COD_POST_4":null,"COD_POST_3":null,"COM_INT_ID":null,"COD_ACT_ECON":"51105","DESC_ACT_ECON":"RESTAURANTE - 2ª CATEGORIA","ANO":1991,"TIPO":"Restauração e Bebidas","LOCALIZACAO":"Isolado","C_INTEGRADO":null,"EMPRESA":"MARIA ISABEL SILVEIRA MENDES RODRIGUES MOURA","GlobalID":"4b0b8a35-dd06-4c9a-a236-49f65b347a54"}},{"type":"Feature","id":9693,"geometry":{"type":"Point","coordinates":[-9.1149937784418,38.7281967714214]},"properties":{"OBJECTID":9693,"COD_SIG":null,"IDTIPO":null,"NOME":"DEOLINDA RODRIGUES ALMEIDA","REGEND":"000505","MORADA":"GUALDIM PAIS (R)","NUM_POLICIA":"LETRAS M V","FREGUESIA":"119","LOCALIDADE":null,"COD_POST_4":null,"COD_POST_3":null,"COM_INT_ID":null,"COD_ACT_ECON":"52705","DESC_ACT_ECON":"Outros Estab. De Bebidas - Taberna","ANO":1991,"TIPO":"Restauração e Bebidas","LOCALIZACAO":"Isolado","C_INTEGRADO":null,"EMPRESA":"MARIA ISABEL SILVEIRA MENDES RODRIGUES MOURA","GlobalID":"7f8be507-bd1e-4b01-9b59-ba12440b6404"}},{"type":"Feature","id":9746,"geometry":{"type":"Point","coordinates":[-9.13641115542593,38.7269336790616]},"properties":{"OBJECTID":9746,"COD_SIG":null,"IDTIPO":null,"NOME":"IDEAL DE SANTA BÁRBARA","REGEND":"000381","MORADA":"Largo de Santa Bárbara","NUM_POLICIA":"8N","FREGUESIA":"105","LOCALIDADE":"LISBOA","COD_POST_4":"1150","COD_POST_3":"287","COM_INT_ID":null,"COD_ACT_ECON":"52104","DESC_ACT_ECON":"CAFE/PASTELARIA - 3ª CATEGORIA","ANO":1991,"TIPO":"Restauração e Bebidas","LOCALIZACAO":"Isolado","C_INTEGRADO":null,"EMPRESA":"IDEAL LEITARIA DE SANTA BÁRBARA, LDA","GlobalID":"f382d888-edba-4a79-9351-ad8e507f0e99"}},{"type":"Feature","id":9781,"geometry":{"type":"Point","coordinates":[-9.13494683952909,38.716755081391]},"properties":{"OBJECTID":9781,"COD_SIG":null,"IDTIPO":null,"NOME":"SNACK BAR O BARBEIRO","REGEND":"000462","MORADA":"BENFORMOSO (R DO)","NUM_POLICIA":"2","FREGUESIA":"121","LOCALIDADE":"LISBOA","COD_POST_4":"1100","COD_POST_3":"086","COM_INT_ID":null,"COD_ACT_ECON":"51203","DESC_ACT_ECON":"\"SNACK-BAR\" - 3ª CATEGORIA","ANO":1991,"TIPO":"Restauração e Bebidas","LOCALIZACAO":"Isolado","C_INTEGRADO":null,"EMPRESA":"MARIA ISABEL SILVEIRA MENDES RODRIGUES MOURA","GlobalID":"b2b284e0-f57b-463d-83b9-b1f300414560"}},{"type":"Feature","id":9834,"geometry":{"type":"Point","coordinates":[-9.20414117418789,38.7514904613798]},"properties":{"OBJECTID":9834,"COD_SIG":null,"IDTIPO":null,"NOME":"LINCE VERMELHO","REGEND":"000587","MORADA":"Estrada de Benfica","NUM_POLICIA":"743C","FREGUESIA":"109","LOCALIDADE":"LISBOA","COD_POST_4":"1500","COD_POST_3":"089","COM_INT_ID":null,"COD_ACT_ECON":"52104","DESC_ACT_ECON":"CAFE/PASTELARIA - 3ª CATEGORIA","ANO":1991,"TIPO":"Restauração e Bebidas","LOCALIZACAO":"Isolado","C_INTEGRADO":null,"EMPRESA":"VEIGA & ABREU, LDA","GlobalID":"9d0b5b99-5db6-4e81-aac7-6d1760890c61"}},{"type":"Feature","id":9853,"geometry":{"type":"Point","coordinates":[-9.13419667619824,38.7281056945047]},"properties":{"OBJECTID":9853,"COD_SIG":null,"IDTIPO":null,"NOME":"ROSA BAR","REGEND":"000456","MORADA":"ZAIRE (R DO)","NUM_POLICIA":"29 C","FREGUESIA":"105","LOCALIDADE":"LISBOA","COD_POST_4":"1170","COD_POST_3":"397","COM_INT_ID":null,"COD_ACT_ECON":"52104","DESC_ACT_ECON":"CAFE/PASTELARIA - 3ª CATEGORIA","ANO":1991,"TIPO":"Restauração e Bebidas","LOCALIZACAO":"Isolado","C_INTEGRADO":null,"EMPRESA":"MARIA ISABEL SILVEIRA MENDES RODRIGUES MOURA","GlobalID":"1b8fab86-e375-4466-b6ec-7efb89fefdd6"}},{"type":"Feature","id":9855,"geometry":{"type":"Point","coordinates":[-9.13418729509172,38.7281393194358]},"properties":{"OBJECTID":9855,"COD_SIG":null,"IDTIPO":null,"NOME":"MAGIA DA MESA","REGEND":"000457","MORADA":"ZAIRE (R DO)","NUM_POLICIA":"29 D","FREGUESIA":"105","LOCALIDADE":null,"COD_POST_4":null,"COD_POST_3":null,"COM_INT_ID":null,"COD_ACT_ECON":"51107","DESC_ACT_ECON":"RESTAURANTE - 3ª CATEGORIA","ANO":1991,"TIPO":"Restauração e Bebidas","LOCALIZACAO":"Isolado","C_INTEGRADO":null,"EMPRESA":"MARIA ISABEL SILVEIRA MENDES RODRIGUES MOURA","GlobalID":"631412d5-26df-4a70-9b48-a064167f8708"}},{"type":"Feature","id":9959,"geometry":{"type":"Point","coordinates":[-9.13570858933043,38.7202829383709]},"properties":{"OBJECTID":9959,"COD_SIG":null,"IDTIPO":null,"NOME":"CERVEJARIA RAMIRO","REGEND":"000363","MORADA":"ALM REIS (AV)","NUM_POLICIA":"1 G/H","FREGUESIA":"105","LOCALIDADE":"LISBOA","COD_POST_4":"1150","COD_POST_3":"007","COM_INT_ID":null,"COD_ACT_ECON":"52304","DESC_ACT_ECON":"CERVEJARIA - 3ª CATEGORIA","ANO":1991,"TIPO":"Restauração e Bebidas","LOCALIZACAO":"Isolado","C_INTEGRADO":null,"EMPRESA":"MARIA ISABEL SILVEIRA MENDES RODRIGUES MOURA","GlobalID":"f06a4c8e-4472-4364-a905-aea1d70857bd"}},{"type":"Feature","id":9962,"geometry":{"type":"Point","coordinates":[-9.13527243570042,38.7211604436612]},"properties":{"OBJECTID":9962,"COD_SIG":null,"IDTIPO":null,"NOME":"O VELEIRO","REGEND":"000365","MORADA":"ALM REIS (AV)","NUM_POLICIA":"6 G","FREGUESIA":"105","LOCALIDADE":"LISBOA","COD_POST_4":"1150","COD_POST_3":"017","COM_INT_ID":null,"COD_ACT_ECON":"51203","DESC_ACT_ECON":"\"SNACK-BAR\" - 3ª CATEGORIA","ANO":1991,"TIPO":"Restauração e Bebidas","LOCALIZACAO":"Isolado","C_INTEGRADO":null,"EMPRESA":"ESTEVES & BARREIRO, LDA","GlobalID":"e373c8d2-14cb-4653-80ef-7f9286ce6bfe"}},{"type":"Feature","id":9996,"geometry":{"type":"Point","coordinates":[-9.10973067495629,38.7284661295911]},"properties":{"OBJECTID":9996,"COD_SIG":null,"IDTIPO":null,"NOME":"PALACIO SONHOS BAR PUB LDA","REGEND":"000528","MORADA":"XABREGAS (R DE)","NUM_POLICIA":"2/4","FREGUESIA":"107","LOCALIDADE":"LISBOA","COD_POST_4":"1900","COD_POST_3":"440","COM_INT_ID":null,"COD_ACT_ECON":"52404","DESC_ACT_ECON":"BAR/\"PUB\" - 3ª CATEGORIA","ANO":1991,"TIPO":"Restauração e Bebidas","LOCALIZACAO":"Isolado","C_INTEGRADO":null,"EMPRESA":"O ADUANEIRO - RESTAURANTE SNACK-BAR E PUB , LDA","GlobalID":"a61a9267-38dd-42f4-b54e-f57f31de63fa"}},{"type":"Feature","id":9998,"geometry":{"type":"Point","coordinates":[-9.10973067495629,38.7284661295911]},"properties":{"OBJECTID":9998,"COD_SIG":null,"IDTIPO":null,"NOME":"BAR A BICA","REGEND":"000529","MORADA":"Rua de Xabregas","NUM_POLICIA":"2","FREGUESIA":"107","LOCALIDADE":"LISBOA","COD_POST_4":"1900","COD_POST_3":"440","COM_INT_ID":137,"COD_ACT_ECON":"52104","DESC_ACT_ECON":"CAFE/PASTELARIA - 3ª CATEGORIA","ANO":1991,"TIPO":"Restauração e Bebidas","LOCALIZACAO":"Integrado - outro","C_INTEGRADO":"GALERIA XABREGAS C.COM.EMPRESARIAL TEJO","EMPRESA":"MARIA ISABEL SILVEIRA MENDES RODRIGUES MOURA","GlobalID":"900ea1ad-1bed-42b3-9f16-24a5f61c8a6c"}},{"type":"Feature","id":10008,"geometry":{"type":"Point","coordinates":[-9.11085547798143,38.7265581701864]},"properties":{"OBJECTID":10008,"COD_SIG":null,"IDTIPO":null,"NOME":"M CONCEIÇAO & TAVARES LDA","REGEND":"000513","MORADA":"MANUTENÇAO (R DA)","NUM_POLICIA":"2","FREGUESIA":"107","LOCALIDADE":"LISBOA","COD_POST_4":"1900","COD_POST_3":"320","COM_INT_ID":null,"COD_ACT_ECON":"51107","DESC_ACT_ECON":"RESTAURANTE - 3ª CATEGORIA","ANO":1991,"TIPO":"Restauração e Bebidas","LOCALIZACAO":"Isolado","C_INTEGRADO":null,"EMPRESA":"M. CONCEIÇÃO & TAVARES, LDA","GlobalID":"614b1655-de2a-4533-8a5b-0b96e989c033"}},{"type":"Feature","id":10010,"geometry":{"type":"Point","coordinates":[-9.10871944323761,38.7285196267396]},"properties":{"OBJECTID":10010,"COD_SIG":null,"IDTIPO":null,"NOME":"JOAQUIM LUIS RIBEIRO","REGEND":"000515","MORADA":"MANUTENÇÃO (R DA)","NUM_POLICIA":"31/33","FREGUESIA":"107","LOCALIDADE":null,"COD_POST_4":null,"COD_POST_3":null,"COM_INT_ID":null,"COD_ACT_ECON":"52704","DESC_ACT_ECON":"OUTROS EST. DE BEBIDAS - 3ª CATEGORIA","ANO":1991,"TIPO":"Restauração e Bebidas","LOCALIZACAO":"Isolado","C_INTEGRADO":null,"EMPRESA":"MARIA ISABEL SILVEIRA MENDES RODRIGUES MOURA","GlobalID":"c146a0cf-4c9e-4672-b099-c0590ef65c45"}},{"type":"Feature","id":10057,"geometry":{"type":"Point","coordinates":[-9.200401475982,38.7544972758989]},"properties":{"OBJECTID":10057,"COD_SIG":null,"IDTIPO":null,"NOME":"CERVEJARIA BELITA","REGEND":"000614","MORADA":"Rua dos Arneiros","NUM_POLICIA":"70A","FREGUESIA":"109","LOCALIDADE":"LISBOA","COD_POST_4":"1500","COD_POST_3":"060","COM_INT_ID":null,"COD_ACT_ECON":"52104","DESC_ACT_ECON":"CAFE/PASTELARIA - 3ª CATEGORIA","ANO":1991,"TIPO":"Restauração e Bebidas","LOCALIZACAO":"Isolado","C_INTEGRADO":null,"EMPRESA":"MARIA ISABEL SILVEIRA MENDES RODRIGUES MOURA","GlobalID":"2778934e-49dc-4a09-9fab-e10beb4e219b"}},{"type":"Feature","id":10125,"geometry":{"type":"Point","coordinates":[-9.20648629361074,38.7524540988157]},"properties":{"OBJECTID":10125,"COD_SIG":null,"IDTIPO":null,"NOME":"CERVEJARIA PEDRALVAS","REGEND":"000582","MORADA":"Estrada de Benfica","NUM_POLICIA":"702A","FREGUESIA":"109","LOCALIDADE":"LISBOA","COD_POST_4":"1500","COD_POST_3":"112","COM_INT_ID":null,"COD_ACT_ECON":"51109","DESC_ACT_ECON":"RESTAURANTE - CASA DE PASTO","ANO":1991,"TIPO":"Restauração e Bebidas","LOCALIZACAO":"Isolado","C_INTEGRADO":null,"EMPRESA":"MARIA ISABEL SILVEIRA MENDES RODRIGUES MOURA","GlobalID":"aaacb0b0-871d-48ec-9589-73b59f7cd752"}},{"type":"Feature","id":10141,"geometry":{"type":"Point","coordinates":[-9.20668719823076,38.752511964188]},"properties":{"OBJECTID":10141,"COD_SIG":null,"IDTIPO":null,"NOME":"CHEQUE MATE","REGEND":"000583","MORADA":"BENFICA (EST DE)","NUM_POLICIA":"702 F","FREGUESIA":"109","LOCALIDADE":null,"COD_POST_4":null,"COD_POST_3":null,"COM_INT_ID":null,"COD_ACT_ECON":"51203","DESC_ACT_ECON":"\"SNACK-BAR\" - 3ª CATEGORIA","ANO":1991,"TIPO":"Restauração e Bebidas","LOCALIZACAO":"Isolado","C_INTEGRADO":null,"EMPRESA":"MARIA ISABEL SILVEIRA MENDES RODRIGUES MOURA","GlobalID":"c230550a-2bb5-46fc-a599-c63da42b9066"}},{"type":"Feature","id":10150,"geometry":{"type":"Point","coordinates":[-9.19769974066274,38.7468743848187]},"properties":{"OBJECTID":10150,"COD_SIG":null,"IDTIPO":null,"NOME":"JOAO ANTONIO CORREIA SILVA","REGEND":"000543","MORADA":"GOMES PEREIRA (AV)","NUM_POLICIA":"45 A 47 A","FREGUESIA":"109","LOCALIDADE":null,"COD_POST_4":null,"COD_POST_3":null,"COM_INT_ID":null,"COD_ACT_ECON":"51107","DESC_ACT_ECON":"RESTAURANTE - 3ª CATEGORIA","ANO":1991,"TIPO":"Restauração e Bebidas","LOCALIZACAO":"Isolado","C_INTEGRADO":null,"EMPRESA":"MARIA ISABEL SILVEIRA MENDES RODRIGUES MOURA","GlobalID":"48dca3ec-16b9-4154-b465-1c94d060e334"}},{"type":"Feature","id":10208,"geometry":{"type":"Point","coordinates":[-9.13266727556242,38.7231645042171]},"properties":{"OBJECTID":10208,"COD_SIG":null,"IDTIPO":null,"NOME":"ADEGA SANTA CRUZ","REGEND":"000436","MORADA":"MARIA ANDRADE (R)","NUM_POLICIA":"6 B","FREGUESIA":"105","LOCALIDADE":"LISBOA","COD_POST_4":"1170","COD_POST_3":"216","COM_INT_ID":null,"COD_ACT_ECON":"51107","DESC_ACT_ECON":"RESTAURANTE - 3ª CATEGORIA","ANO":1991,"TIPO":"Restauração e Bebidas","LOCALIZACAO":"Isolado","C_INTEGRADO":null,"EMPRESA":"CARVOARIA JACTO, LDA","GlobalID":"d4f08dfb-e0be-4717-a2b9-7ac7acafaa7d"}},{"type":"Feature","id":10221,"geometry":{"type":"Point","coordinates":[-9.1114509424372,38.7306496297813]},"properties":{"OBJECTID":10221,"COD_SIG":null,"IDTIPO":null,"NOME":"INACIA BRITES PEREIRA SOUSA","REGEND":"000518","MORADA":"NOVA DO GRILO (R)","NUM_POLICIA":"13","FREGUESIA":"107","LOCALIDADE":null,"COD_POST_4":null,"COD_POST_3":null,"COM_INT_ID":null,"COD_ACT_ECON":"52705","DESC_ACT_ECON":"Outros Estab. De Bebidas - Taberna","ANO":1991,"TIPO":"Restauração e Bebidas","LOCALIZACAO":"Isolado","C_INTEGRADO":null,"EMPRESA":"MARIA ISABEL SILVEIRA MENDES RODRIGUES MOURA","GlobalID":"0505e73b-6685-4843-a365-c1ff1bfdcaac"}},{"type":"Feature","id":10234,"geometry":{"type":"Point","coordinates":[-9.12382936233634,38.7376253413524]},"properties":{"OBJECTID":10234,"COD_SIG":null,"IDTIPO":null,"NOME":"A BOLARIA","REGEND":"000520","MORADA":"PROF MIRA FERNANDES (R)","NUM_POLICIA":"69 C","FREGUESIA":"107","LOCALIDADE":null,"COD_POST_4":null,"COD_POST_3":null,"COM_INT_ID":null,"COD_ACT_ECON":"52104","DESC_ACT_ECON":"CAFE/PASTELARIA - 3ª CATEGORIA","ANO":1991,"TIPO":"Restauração e Bebidas","LOCALIZACAO":"Isolado","C_INTEGRADO":null,"EMPRESA":"LUIS & SARAIVA, LDA","GlobalID":"98e9f10e-0ad9-4b0b-8940-984da6a89650"}},{"type":"Feature","id":10294,"geometry":{"type":"Point","coordinates":[-9.13494299114639,38.7218545532375]},"properties":{"OBJECTID":10294,"COD_SIG":null,"IDTIPO":null,"NOME":"JOAQUIM BARROS TOJAL","REGEND":"000392","MORADA":"ANJOS (R DOS)","NUM_POLICIA":"7 E/F","FREGUESIA":"105","LOCALIDADE":null,"COD_POST_4":null,"COD_POST_3":null,"COM_INT_ID":null,"COD_ACT_ECON":"51109","DESC_ACT_ECON":"RESTAURANTE - CASA DE PASTO","ANO":1991,"TIPO":"Restauração e Bebidas","LOCALIZACAO":"Isolado","C_INTEGRADO":null,"EMPRESA":"MARIA ISABEL SILVEIRA MENDES RODRIGUES MOURA","GlobalID":"4248d227-584d-4e08-9b8c-a1f4c28d07fc"}},{"type":"Feature","id":10311,"geometry":{"type":"Point","coordinates":[-9.13336229580951,38.7251763010512]},"properties":{"OBJECTID":10311,"COD_SIG":null,"IDTIPO":null,"NOME":"SNACK BAR O BIRA","REGEND":"000425","MORADA":"FORNO DO TIJOLO (R DO)","NUM_POLICIA":"34","FREGUESIA":"105","LOCALIDADE":null,"COD_POST_4":null,"COD_POST_3":null,"COM_INT_ID":null,"COD_ACT_ECON":"51203","DESC_ACT_ECON":"\"SNACK-BAR\" - 3ª CATEGORIA","ANO":1991,"TIPO":"Restauração e Bebidas","LOCALIZACAO":"Isolado","C_INTEGRADO":null,"EMPRESA":"CORCAMP - SOCIEDADE DE COMÉRCIO DE ALIMENTOS, LDA","GlobalID":"eeb58060-f2f8-4632-8a4b-fa64ac469d12"}},{"type":"Feature","id":10313,"geometry":{"type":"Point","coordinates":[-9.13422458415917,38.7261285058768]},"properties":{"OBJECTID":10313,"COD_SIG":null,"IDTIPO":null,"NOME":"O COPO DOURADO","REGEND":"000427","MORADA":"FORNO DO TIJOLO (R DO)","NUM_POLICIA":"60","FREGUESIA":"105","LOCALIDADE":"LISBOA","COD_POST_4":"1170","COD_POST_3":"138","COM_INT_ID":null,"COD_ACT_ECON":"52704","DESC_ACT_ECON":"OUTROS EST. DE BEBIDAS - 3ª CATEGORIA","ANO":1991,"TIPO":"Restauração e Bebidas","LOCALIZACAO":"Isolado","C_INTEGRADO":null,"EMPRESA":"LOURDES & TEIXEIRA, LDA","GlobalID":"24955d0d-475d-49dc-9042-676df439dfcc"}},{"type":"Feature","id":10338,"geometry":{"type":"Point","coordinates":[-9.12367986650338,38.7376266103266]},"properties":{"OBJECTID":10338,"COD_SIG":null,"IDTIPO":null,"NOME":"JACINTO & JACINTO LDA","REGEND":"000486","MORADA":"PICHELEIRA (C DA)","NUM_POLICIA":"144 A","FREGUESIA":"107","LOCALIDADE":null,"COD_POST_4":null,"COD_POST_3":null,"COM_INT_ID":null,"COD_ACT_ECON":"51109","DESC_ACT_ECON":"RESTAURANTE - CASA DE PASTO","ANO":1991,"TIPO":"Restauração e Bebidas","LOCALIZACAO":"Isolado","C_INTEGRADO":null,"EMPRESA":"MARIA ISABEL SILVEIRA MENDES RODRIGUES MOURA","GlobalID":"0e273400-b070-45c3-9325-da3c38c86255"}},{"type":"Feature","id":10385,"geometry":{"type":"Point","coordinates":[-9.1348731561162,38.7222087780459]},"properties":{"OBJECTID":10385,"COD_SIG":null,"IDTIPO":null,"NOME":"NOVA ADEGA PORTUGAL","REGEND":"000394","MORADA":"ANJOS (R DOS)","NUM_POLICIA":"14 D","FREGUESIA":"105","LOCALIDADE":null,"COD_POST_4":null,"COD_POST_3":null,"COM_INT_ID":null,"COD_ACT_ECON":"51107","DESC_ACT_ECON":"RESTAURANTE - 3ª CATEGORIA","ANO":1991,"TIPO":"Restauração e Bebidas","LOCALIZACAO":"Isolado","C_INTEGRADO":null,"EMPRESA":"MARIA ISABEL SILVEIRA MENDES RODRIGUES MOURA","GlobalID":"3a1dea3b-f03d-49d2-beda-139a352e0e81"}},{"type":"Feature","id":10396,"geometry":{"type":"Point","coordinates":[-9.1358688236243,38.7235153697041]},"properties":{"OBJECTID":10396,"COD_SIG":null,"IDTIPO":null,"NOME":"LOURENO AMOEDO LOURENÇO HERDEIROS","REGEND":"000397","MORADA":"ANJOS (R DOS)","NUM_POLICIA":"27","FREGUESIA":"105","LOCALIDADE":null,"COD_POST_4":null,"COD_POST_3":null,"COM_INT_ID":null,"COD_ACT_ECON":"52704","DESC_ACT_ECON":"OUTROS EST. DE BEBIDAS - 3ª CATEGORIA","ANO":1991,"TIPO":"Restauração e Bebidas","LOCALIZACAO":"Isolado","C_INTEGRADO":null,"EMPRESA":"MARIA ISABEL SILVEIRA MENDES RODRIGUES MOURA","GlobalID":"edcfe38f-dd1e-4ecf-941d-a713a0305f4c"}},{"type":"Feature","id":10409,"geometry":{"type":"Point","coordinates":[-9.13498827791483,38.7201880442159]},"properties":{"OBJECTID":10409,"COD_SIG":null,"IDTIPO":null,"NOME":"LEITARIA PALMA","REGEND":"000407","MORADA":"Rua do Benformoso","NUM_POLICIA":"215","FREGUESIA":"105","LOCALIDADE":null,"COD_POST_4":"1100","COD_POST_3":"085","COM_INT_ID":null,"COD_ACT_ECON":"52404","DESC_ACT_ECON":"BAR/\"PUB\" - 3ª CATEGORIA","ANO":1991,"TIPO":"Restauração e Bebidas","LOCALIZACAO":"Isolado","C_INTEGRADO":null,"EMPRESA":"MARIA ISABEL SILVEIRA MENDES RODRIGUES MOURA","GlobalID":"989a2bf8-a860-4888-a711-a63d6445ebfd"}},{"type":"Feature","id":10413,"geometry":{"type":"Point","coordinates":[-9.13282947447181,38.7199563297853]},"properties":{"OBJECTID":10413,"COD_SIG":null,"IDTIPO":null,"NOME":"M GONÇALVES & FONSECA LDA","REGEND":"000418","MORADA":"DAMASCENO MONTEIRO (R)","NUM_POLICIA":"78 B","FREGUESIA":"124","LOCALIDADE":null,"COD_POST_4":null,"COD_POST_3":null,"COM_INT_ID":null,"COD_ACT_ECON":"51109","DESC_ACT_ECON":"RESTAURANTE - CASA DE PASTO","ANO":1991,"TIPO":"Restauração e Bebidas","LOCALIZACAO":"Isolado","C_INTEGRADO":null,"EMPRESA":"M. GONÇALVES & FONSECA, LDA","GlobalID":"1c496478-daca-4eb5-b9af-338cb0fa97ad"}},{"type":"Feature","id":10485,"geometry":{"type":"Point","coordinates":[-9.20997096639568,38.7505720695954]},"properties":{"OBJECTID":10485,"COD_SIG":null,"IDTIPO":null,"NOME":"CAFÉ HIGITÂNIA","REGEND":"000563","MORADA":"A-DA-MAIA (EST) OU DA DAMAIA","NUM_POLICIA":"65 B","FREGUESIA":"109","LOCALIDADE":null,"COD_POST_4":null,"COD_POST_3":null,"COM_INT_ID":null,"COD_ACT_ECON":"52104","DESC_ACT_ECON":"CAFE/PASTELARIA - 3ª CATEGORIA","ANO":1991,"TIPO":"Restauração e Bebidas","LOCALIZACAO":"Isolado","C_INTEGRADO":null,"EMPRESA":"MARIA ISABEL SILVEIRA MENDES RODRIGUES MOURA","GlobalID":"3d65707d-d663-413b-b435-b93150e77bdd"}},{"type":"Feature","id":10509,"geometry":{"type":"Point","coordinates":[-9.13662268711579,38.7256167195852]},"properties":{"OBJECTID":10509,"COD_SIG":null,"IDTIPO":null,"NOME":"MANUEL MARIA LOURENÇO DA CAL","REGEND":"000453","MORADA":"ST BÁRBARA (R DE)","NUM_POLICIA":"40/40 A","FREGUESIA":"105","LOCALIDADE":null,"COD_POST_4":null,"COD_POST_3":null,"COM_INT_ID":null,"COD_ACT_ECON":"52104","DESC_ACT_ECON":"CAFE/PASTELARIA - 3ª CATEGORIA","ANO":1991,"TIPO":"Restauração e Bebidas","LOCALIZACAO":"Isolado","C_INTEGRADO":null,"EMPRESA":"MARIA ISABEL SILVEIRA MENDES RODRIGUES MOURA","GlobalID":"e4095d9a-beaf-4329-8e99-5b538c408f6c"}},{"type":"Feature","id":10511,"geometry":{"type":"Point","coordinates":[-9.1339891231468,38.7272427251116]},"properties":{"OBJECTID":10511,"COD_SIG":null,"IDTIPO":null,"NOME":"RESTAURANTE ZAIRE","REGEND":"000455","MORADA":"ZAIRE (R DO)","NUM_POLICIA":"17 B","FREGUESIA":"105","LOCALIDADE":"LISBOA","COD_POST_4":"1170","COD_POST_3":"397","COM_INT_ID":null,"COD_ACT_ECON":"51107","DESC_ACT_ECON":"RESTAURANTE - 3ª CATEGORIA","ANO":1991,"TIPO":"Restauração e Bebidas","LOCALIZACAO":"Isolado","C_INTEGRADO":null,"EMPRESA":"GARRUCHO & FREITAS, LDA","GlobalID":"c7932ea1-2cdc-41d0-916c-a9fde2759edb"}},{"type":"Feature","id":10534,"geometry":{"type":"Point","coordinates":[-9.13385895905874,38.725334184291]},"properties":{"OBJECTID":10534,"COD_SIG":null,"IDTIPO":null,"NOME":"TOMAS OLIVEIRA ROBERTO GALIPATO LDA","REGEND":"000450","MORADA":"PALMIRA (R)","NUM_POLICIA":"66 D","FREGUESIA":"105","LOCALIDADE":"LISBOA","COD_POST_4":"1170","COD_POST_3":"289","COM_INT_ID":null,"COD_ACT_ECON":"51403","DESC_ACT_ECON":"OUTROS EST. COMIDAS REFEIÇÕES - 3ª CAT.","ANO":1991,"TIPO":"Restauração e Bebidas","LOCALIZACAO":"Isolado","C_INTEGRADO":null,"EMPRESA":"MARIA ISABEL SILVEIRA MENDES RODRIGUES MOURA","GlobalID":"831d43b3-91cf-46d7-a581-9780e33cdc5d"}},{"type":"Feature","id":10558,"geometry":{"type":"Point","coordinates":[-9.11717827909186,38.734024446326]},"properties":{"OBJECTID":10558,"COD_SIG":null,"IDTIPO":null,"NOME":"RESTAURANTE TRANSMONTANA","REGEND":"000489","MORADA":"CHELAS (EST DE)","NUM_POLICIA":"142","FREGUESIA":"107","LOCALIDADE":null,"COD_POST_4":null,"COD_POST_3":null,"COM_INT_ID":null,"COD_ACT_ECON":"51107","DESC_ACT_ECON":"RESTAURANTE - 3ª CATEGORIA","ANO":1991,"TIPO":"Restauração e Bebidas","LOCALIZACAO":"Isolado","C_INTEGRADO":null,"EMPRESA":"MARIA ISABEL SILVEIRA MENDES RODRIGUES MOURA","GlobalID":"dd1eb515-f8b5-4353-b14c-5fc590b55744"}},{"type":"Feature","id":10562,"geometry":{"type":"Point","coordinates":[-9.12175289757394,38.738003263424]},"properties":{"OBJECTID":10562,"COD_SIG":null,"IDTIPO":null,"NOME":"M F RODRIGUES & IRMAO LDA","REGEND":"000480","MORADA":"PICHELEIRA (C DA)","NUM_POLICIA":"87 A","FREGUESIA":"107","LOCALIDADE":null,"COD_POST_4":null,"COD_POST_3":null,"COM_INT_ID":null,"COD_ACT_ECON":"52705","DESC_ACT_ECON":"Outros Estab. De Bebidas - Taberna","ANO":1991,"TIPO":"Restauração e Bebidas","LOCALIZACAO":"Isolado","C_INTEGRADO":null,"EMPRESA":"MARIA ISABEL SILVEIRA MENDES RODRIGUES MOURA","GlobalID":"589e31d7-a0dd-4afc-8eed-07e30097936b"}},{"type":"Feature","id":10572,"geometry":{"type":"Point","coordinates":[-9.20932039658543,38.7509113566048]},"properties":{"OBJECTID":10572,"COD_SIG":null,"IDTIPO":null,"NOME":"MARIA PIEDADE GUERREIRO LOPES","REGEND":"000562","MORADA":"A-DA-MAIA (EST) OU DA DAMAIA","NUM_POLICIA":"62 A","FREGUESIA":"109","LOCALIDADE":null,"COD_POST_4":null,"COD_POST_3":null,"COM_INT_ID":null,"COD_ACT_ECON":"52104","DESC_ACT_ECON":"CAFE/PASTELARIA - 3ª CATEGORIA","ANO":1991,"TIPO":"Restauração e Bebidas","LOCALIZACAO":"Isolado","C_INTEGRADO":null,"EMPRESA":"MARIA ISABEL SILVEIRA MENDES RODRIGUES MOURA","GlobalID":"188cabf4-c7f5-4fa5-b8db-f061d4888ca7"}},{"type":"Feature","id":10606,"geometry":{"type":"Point","coordinates":[-9.13479161244461,38.7204889844249]},"properties":{"OBJECTID":10606,"COD_SIG":null,"IDTIPO":null,"NOME":"O CHAFARIZ","REGEND":"000379","MORADA":"INTENDENTE PINA MANIQUE (L DO)","NUM_POLICIA":"55","FREGUESIA":"105","LOCALIDADE":null,"COD_POST_4":null,"COD_POST_3":null,"COM_INT_ID":null,"COD_ACT_ECON":"52304","DESC_ACT_ECON":"CERVEJARIA - 3ª CATEGORIA","ANO":1991,"TIPO":"Restauração e Bebidas","LOCALIZACAO":"Isolado","C_INTEGRADO":null,"EMPRESA":"MARIA ISABEL SILVEIRA MENDES RODRIGUES MOURA","GlobalID":"8f1d5ba7-04ed-40c1-87fe-a5845bb64105"}},{"type":"Feature","id":10618,"geometry":{"type":"Point","coordinates":[-9.13492594741052,38.72269474771]},"properties":{"OBJECTID":10618,"COD_SIG":null,"IDTIPO":null,"NOME":"PEROLA ANJOS","REGEND":"000387","MORADA":"ANDRADE (R)","NUM_POLICIA":"50 A","FREGUESIA":"105","LOCALIDADE":null,"COD_POST_4":null,"COD_POST_3":null,"COM_INT_ID":null,"COD_ACT_ECON":"51107","DESC_ACT_ECON":"RESTAURANTE - 3ª CATEGORIA","ANO":1991,"TIPO":"Restauração e Bebidas","LOCALIZACAO":"Isolado","C_INTEGRADO":null,"EMPRESA":"MARIA ISABEL SILVEIRA MENDES RODRIGUES MOURA","GlobalID":"8d033251-6081-44a4-8785-a3a54d8bd26d"}},{"type":"Feature","id":10626,"geometry":{"type":"Point","coordinates":[-9.13498542217052,38.7203702188188]},"properties":{"OBJECTID":10626,"COD_SIG":null,"IDTIPO":null,"NOME":"MENDES & FONTEDA LDA","REGEND":"000380","MORADA":"INTENDENTE PINA MANIQUE (L DO)","NUM_POLICIA":"59","FREGUESIA":"105","LOCALIDADE":null,"COD_POST_4":null,"COD_POST_3":null,"COM_INT_ID":null,"COD_ACT_ECON":"52404","DESC_ACT_ECON":"BAR/\"PUB\" - 3ª CATEGORIA","ANO":1991,"TIPO":"Restauração e Bebidas","LOCALIZACAO":"Isolado","C_INTEGRADO":null,"EMPRESA":"MARIA ISABEL SILVEIRA MENDES RODRIGUES MOURA","GlobalID":"4ca26365-bb6d-4f0d-aed0-448b72ba3767"}},{"type":"Feature","id":10666,"geometry":{"type":"Point","coordinates":[-9.19774105508095,38.746558736325]},"properties":{"OBJECTID":10666,"COD_SIG":null,"IDTIPO":null,"NOME":"EL PRINCIPE","REGEND":"000538","MORADA":"GOMES PEREIRA (AV)","NUM_POLICIA":"49 A","FREGUESIA":"109","LOCALIDADE":null,"COD_POST_4":null,"COD_POST_3":null,"COM_INT_ID":null,"COD_ACT_ECON":"51203","DESC_ACT_ECON":"\"SNACK-BAR\" - 3ª CATEGORIA","ANO":1991,"TIPO":"Restauração e Bebidas","LOCALIZACAO":"Isolado","C_INTEGRADO":null,"EMPRESA":"MARIA ISABEL SILVEIRA MENDES RODRIGUES MOURA","GlobalID":"e7e43407-4211-4fbd-87e8-3077d56dea62"}},{"type":"Feature","id":10712,"geometry":{"type":"Point","coordinates":[-9.1906970011205,38.7484615501799]},"properties":{"OBJECTID":10712,"COD_SIG":null,"IDTIPO":null,"NOME":"PALACE","REGEND":"000597","MORADA":"Estrada de Benfica","NUM_POLICIA":"503","FREGUESIA":"109","LOCALIDADE":"LISBOA","COD_POST_4":"1500","COD_POST_3":"083","COM_INT_ID":71,"COD_ACT_ECON":"52103","DESC_ACT_ECON":"CAFÉ/PASTELARIA - 2ª CATEGORIA","ANO":1991,"TIPO":"Restauração e Bebidas","LOCALIZACAO":"Integrado - outro","C_INTEGRADO":"CENTRO COMERCIAL FONTE NOVA","EMPRESA":"MARIA ISABEL SILVEIRA MENDES RODRIGUES MOURA","GlobalID":"e55cd153-97ef-4a00-9381-fe8ee4633c86"}},{"type":"Feature","id":10716,"geometry":{"type":"Point","coordinates":[-9.20232304154503,38.7506784226391]},"properties":{"OBJECTID":10716,"COD_SIG":null,"IDTIPO":null,"NOME":"LUIS MARIANO SANTOS LINA","REGEND":"000600","MORADA":"Estrada de Benfica","NUM_POLICIA":"723A","FREGUESIA":"109","LOCALIDADE":"LISBOA","COD_POST_4":"1500","COD_POST_3":"088","COM_INT_ID":114,"COD_ACT_ECON":"51107","DESC_ACT_ECON":"RESTAURANTE - 3ª CATEGORIA","ANO":1991,"TIPO":"Restauração e Bebidas","LOCALIZACAO":"Integrado - outro","C_INTEGRADO":"CENTRO COMERCIAL TURIM","EMPRESA":"MARIA ISABEL SILVEIRA MENDES RODRIGUES MOURA","GlobalID":"0c391cbd-57eb-4e80-a46b-84234496f478"}},{"type":"Feature","id":10746,"geometry":{"type":"Point","coordinates":[-9.13341542576867,38.7213567585043]},"properties":{"OBJECTID":10746,"COD_SIG":null,"IDTIPO":null,"NOME":"JOSÉ TAVARES FERREIRA LAJAS","REGEND":"000442","MORADA":"Rua Maria da Fonte","NUM_POLICIA":"5","FREGUESIA":"105","LOCALIDADE":"LISBOA","COD_POST_4":"1170","COD_POST_3":"219","COM_INT_ID":null,"COD_ACT_ECON":"52704","DESC_ACT_ECON":"OUTROS EST. DE BEBIDAS - 3ª CATEGORIA","ANO":1991,"TIPO":"Restauração e Bebidas","LOCALIZACAO":"Isolado","C_INTEGRADO":null,"EMPRESA":"JOSÉ TAVARES FERREIRA LAJAS","GlobalID":"c1e3afaa-c812-4672-bda5-63eddb7789c1"}},{"type":"Feature","id":10771,"geometry":{"type":"Point","coordinates":[-9.19143414157466,38.7494265196857]},"properties":{"OBJECTID":10771,"COD_SIG":null,"IDTIPO":null,"NOME":"SILVA & ESTEVES LDA","REGEND":"000568","MORADA":"Estrada de Benfica","NUM_POLICIA":"456B","FREGUESIA":"109","LOCALIDADE":"LISBOA","COD_POST_4":"1500","COD_POST_3":"104","COM_INT_ID":null,"COD_ACT_ECON":"52104","DESC_ACT_ECON":"CAFE/PASTELARIA - 3ª CATEGORIA","ANO":1991,"TIPO":"Restauração e Bebidas","LOCALIZACAO":"Isolado","C_INTEGRADO":null,"EMPRESA":"SILVA & ESTEVES, LDA","GlobalID":"c7ba29a4-b373-4f5c-9af2-279f8052006b"}},{"type":"Feature","id":10858,"geometry":{"type":"Point","coordinates":[-9.13395424695419,38.7238687452735]},"properties":{"OBJECTID":10858,"COD_SIG":null,"IDTIPO":null,"NOME":"GINO CACHINHO","REGEND":"000448","MORADA":"PALMIRA (R)","NUM_POLICIA":"32 A","FREGUESIA":"105","LOCALIDADE":null,"COD_POST_4":null,"COD_POST_3":null,"COM_INT_ID":null,"COD_ACT_ECON":"52104","DESC_ACT_ECON":"CAFE/PASTELARIA - 3ª CATEGORIA","ANO":1991,"TIPO":"Restauração e Bebidas","LOCALIZACAO":"Isolado","C_INTEGRADO":null,"EMPRESA":"MARIA ISABEL SILVEIRA MENDES RODRIGUES MOURA","GlobalID":"abb4316b-4af8-47ad-b1c0-ed2ce21ce879"}},{"type":"Feature","id":10889,"geometry":{"type":"Point","coordinates":[-9.20165931860241,38.7509096948451]},"properties":{"OBJECTID":10889,"COD_SIG":null,"IDTIPO":null,"NOME":"GELADOS COPA RIO","REGEND":"000579","MORADA":"BENFICA (EST DE)","NUM_POLICIA":"654 B","FREGUESIA":"109","LOCALIDADE":null,"COD_POST_4":null,"COD_POST_3":null,"COM_INT_ID":null,"COD_ACT_ECON":"52504","DESC_ACT_ECON":"GELATARIA - 3ª CATEGORIA","ANO":1991,"TIPO":"Restauração e Bebidas","LOCALIZACAO":"Isolado","C_INTEGRADO":null,"EMPRESA":"MARIA ISABEL SILVEIRA MENDES RODRIGUES MOURA","GlobalID":"216efceb-d716-492c-997f-207c720f137b"}},{"type":"Feature","id":10939,"geometry":{"type":"Point","coordinates":[-9.13454093666627,38.7264092726806]},"properties":{"OBJECTID":10939,"COD_SIG":null,"IDTIPO":null,"NOME":"CRUZ LOPES & FERNANDES, LDA","REGEND":"000431","MORADA":"GUINÉ (R DA)","NUM_POLICIA":"1","FREGUESIA":"105","LOCALIDADE":"LISBOA","COD_POST_4":"1170","COD_POST_3":"172","COM_INT_ID":null,"COD_ACT_ECON":"51107","DESC_ACT_ECON":"RESTAURANTE - 3ª CATEGORIA","ANO":1991,"TIPO":"Restauração e Bebidas","LOCALIZACAO":"Isolado","C_INTEGRADO":null,"EMPRESA":"CRUZ LOPES & FERNANDES, LDA","GlobalID":"8bf43d2b-8bea-45ed-bce8-22c149f2aeba"}},{"type":"Feature","id":10942,"geometry":{"type":"Point","coordinates":[-9.13220341968565,38.7270058062317]},"properties":{"OBJECTID":10942,"COD_SIG":null,"IDTIPO":null,"NOME":"MASCOTE BOM TOM","REGEND":"000433","MORADA":"ILHA DE S TOMÉ (R DA)","NUM_POLICIA":"10 A","FREGUESIA":"105","LOCALIDADE":"LISBOA","COD_POST_4":"1170","COD_POST_3":"185","COM_INT_ID":null,"COD_ACT_ECON":"52104","DESC_ACT_ECON":"CAFE/PASTELARIA - 3ª CATEGORIA","ANO":1991,"TIPO":"Restauração e Bebidas","LOCALIZACAO":"Isolado","C_INTEGRADO":null,"EMPRESA":"J.P. SNACK-BAR, LDA","GlobalID":"b2ca74f1-9962-4735-9f03-05bbfd3edb1a"}},{"type":"Feature","id":11028,"geometry":{"type":"Point","coordinates":[-9.16175969484065,38.7250220042964]},"properties":{"OBJECTID":11028,"COD_SIG":null,"IDTIPO":null,"NOME":"O CANTINHO","REGEND":"000794","MORADA":"PROF SOUSA DA CÂMARA (R)","NUM_POLICIA":"136 A","FREGUESIA":"111","LOCALIDADE":null,"COD_POST_4":null,"COD_POST_3":null,"COM_INT_ID":null,"COD_ACT_ECON":"51203","DESC_ACT_ECON":"\"SNACK-BAR\" - 3ª CATEGORIA","ANO":1991,"TIPO":"Restauração e Bebidas","LOCALIZACAO":"Isolado","C_INTEGRADO":null,"EMPRESA":"MARIA ISABEL SILVEIRA MENDES RODRIGUES MOURA","GlobalID":"13282542-9f0c-4791-aa53-ce25d35ba92a"}},{"type":"Feature","id":11051,"geometry":{"type":"Point","coordinates":[-9.19189087201455,38.7593038640403]},"properties":{"OBJECTID":11051,"COD_SIG":null,"IDTIPO":null,"NOME":"CERVEJARIA CARAVELA","REGEND":"000823","MORADA":"MANUELA PORTO (R)","NUM_POLICIA":"10 D","FREGUESIA":"112","LOCALIDADE":"LISBOA","COD_POST_4":"1500","COD_POST_3":"422","COM_INT_ID":null,"COD_ACT_ECON":"52303","DESC_ACT_ECON":"CERVEJARIA - 2ª CATEGORIA","ANO":1991,"TIPO":"Restauração e Bebidas","LOCALIZACAO":"Isolado","C_INTEGRADO":null,"EMPRESA":"MARIA ISABEL SILVEIRA MENDES RODRIGUES MOURA","GlobalID":"51172509-3280-483c-a248-ab226d19a430"}},{"type":"Feature","id":11111,"geometry":{"type":"Point","coordinates":[-9.17020145461967,38.7257998685044]},"properties":{"OBJECTID":11111,"COD_SIG":null,"IDTIPO":null,"NOME":"JOAO PODEROSO","REGEND":"000734","MORADA":"SETE MOINHOS (C DOS)","NUM_POLICIA":"LT A","FREGUESIA":"111","LOCALIDADE":"LISBOA                         ","COD_POST_4":"1070","COD_POST_3":"266","COM_INT_ID":null,"COD_ACT_ECON":"52104","DESC_ACT_ECON":"CAFE/PASTELARIA - 3ª CATEGORIA","ANO":1991,"TIPO":"Restauração e Bebidas","LOCALIZACAO":"Isolado","C_INTEGRADO":null,"EMPRESA":"MARIA ISABEL SILVEIRA MENDES RODRIGUES MOURA","GlobalID":"5fd1703b-ef73-47f2-9291-3681b378754d"}},{"type":"Feature","id":11151,"geometry":{"type":"Point","coordinates":[-9.18050854183167,38.7660723089465]},"properties":{"OBJECTID":11151,"COD_SIG":null,"IDTIPO":null,"NOME":"MANUEL JESUS MEDEIROS","REGEND":"000812","MORADA":"VITOR SANTOS (R)","NUM_POLICIA":"17 LJ A","FREGUESIA":"112","LOCALIDADE":"LISBOA","COD_POST_4":"1600","COD_POST_3":"785","COM_INT_ID":null,"COD_ACT_ECON":"52705","DESC_ACT_ECON":"Outros Estab. De Bebidas - Taberna","ANO":1991,"TIPO":"Restauração e Bebidas","LOCALIZACAO":"Isolado","C_INTEGRADO":null,"EMPRESA":"MARIA ISABEL SILVEIRA MENDES RODRIGUES MOURA","GlobalID":"b817390c-9c18-4437-a934-f236d9456384"}},{"type":"Feature","id":11185,"geometry":{"type":"Point","coordinates":[-9.19710733766546,38.7549957601964]},"properties":{"OBJECTID":11185,"COD_SIG":null,"IDTIPO":null,"NOME":"JOAQUIM COSTA MARTINS","REGEND":"000633","MORADA":"DR JOAQUIM MANSO (R)","NUM_POLICIA":"7 A","FREGUESIA":"109","LOCALIDADE":null,"COD_POST_4":null,"COD_POST_3":null,"COM_INT_ID":null,"COD_ACT_ECON":"52705","DESC_ACT_ECON":"Outros Estab. De Bebidas - Taberna","ANO":1991,"TIPO":"Restauração e Bebidas","LOCALIZACAO":"Isolado","C_INTEGRADO":null,"EMPRESA":"MARIA ISABEL SILVEIRA MENDES RODRIGUES MOURA","GlobalID":"af8fc64a-fb0c-420f-8748-6ff19bcd4d2f"}},{"type":"Feature","id":11186,"geometry":{"type":"Point","coordinates":[-9.193528824171,38.7502812554791]},"properties":{"OBJECTID":11186,"COD_SIG":null,"IDTIPO":null,"NOME":"FLOR GRANJA","REGEND":"000634","MORADA":"DR JOSÉ BAPTISTA DE SOUSA (R)","NUM_POLICIA":"3 C","FREGUESIA":"109","LOCALIDADE":null,"COD_POST_4":null,"COD_POST_3":null,"COM_INT_ID":null,"COD_ACT_ECON":"52104","DESC_ACT_ECON":"CAFE/PASTELARIA - 3ª CATEGORIA","ANO":1991,"TIPO":"Restauração e Bebidas","LOCALIZACAO":"Isolado","C_INTEGRADO":null,"EMPRESA":"MARIA ISABEL SILVEIRA MENDES RODRIGUES MOURA","GlobalID":"be07bdfc-7d7e-444c-817c-7a9bf5fe9955"}},{"type":"Feature","id":11191,"geometry":{"type":"Point","coordinates":[-9.20519513786636,38.751201543946]},"properties":{"OBJECTID":11191,"COD_SIG":null,"IDTIPO":null,"NOME":"ACTIVIDADES HOTELARIAS CENTRAL BENFICA LDA","REGEND":"000639","MORADA":"Rua de Emília das Neves","NUM_POLICIA":"31B","FREGUESIA":"109","LOCALIDADE":"LISBOA","COD_POST_4":"1500","COD_POST_3":"259","COM_INT_ID":null,"COD_ACT_ECON":"51105","DESC_ACT_ECON":"RESTAURANTE - 2ª CATEGORIA","ANO":1991,"TIPO":"Restauração e Bebidas","LOCALIZACAO":"Isolado","C_INTEGRADO":null,"EMPRESA":"MARIA ISABEL SILVEIRA MENDES RODRIGUES MOURA","GlobalID":"ee54f021-b89b-4e26-833a-82d6c19d5fef"}},{"type":"Feature","id":11194,"geometry":{"type":"Point","coordinates":[-9.20116675346751,38.7525896426618]},"properties":{"OBJECTID":11194,"COD_SIG":null,"IDTIPO":null,"NOME":"ADEGA PITOCERO","REGEND":"000622","MORADA":"Rua Cláudio Nunes","NUM_POLICIA":"34B","FREGUESIA":"109","LOCALIDADE":"LISBOA","COD_POST_4":"1500","COD_POST_3":"177","COM_INT_ID":null,"COD_ACT_ECON":"52704","DESC_ACT_ECON":"OUTROS EST. DE BEBIDAS - 3ª CATEGORIA","ANO":1991,"TIPO":"Restauração e Bebidas","LOCALIZACAO":"Isolado","C_INTEGRADO":null,"EMPRESA":"MARIA ISABEL SILVEIRA MENDES RODRIGUES MOURA","GlobalID":"124683e5-35fd-45cc-99af-3b552c594847"}},{"type":"Feature","id":11198,"geometry":{"type":"Point","coordinates":[-9.20114877997528,38.7545656490769]},"properties":{"OBJECTID":11198,"COD_SIG":null,"IDTIPO":null,"NOME":"GONÇALVES & BARREIRA LDA","REGEND":"000625","MORADA":"Rua Cláudio Nunes","NUM_POLICIA":"74A","FREGUESIA":"109","LOCALIDADE":null,"COD_POST_4":"1500","COD_POST_3":"178","COM_INT_ID":null,"COD_ACT_ECON":"52104","DESC_ACT_ECON":"CAFE/PASTELARIA - 3ª CATEGORIA","ANO":1991,"TIPO":"Restauração e Bebidas","LOCALIZACAO":"Isolado","C_INTEGRADO":null,"EMPRESA":"MARIA ISABEL SILVEIRA MENDES RODRIGUES MOURA","GlobalID":"a802eeb9-1f0e-4fac-a573-2f68cedb2325"}},{"type":"Feature","id":11252,"geometry":{"type":"Point","coordinates":[-9.137936331285,38.7110577799853]},"properties":{"OBJECTID":11252,"COD_SIG":null,"IDTIPO":null,"NOME":"ANTONIO SILVA RUA","REGEND":"000805","MORADA":"RABICHA (T DA)","NUM_POLICIA":"20 A","FREGUESIA":null,"LOCALIDADE":null,"COD_POST_4":null,"COD_POST_3":null,"COM_INT_ID":null,"COD_ACT_ECON":"52104","DESC_ACT_ECON":"CAFE/PASTELARIA - 3ª CATEGORIA","ANO":1991,"TIPO":"Restauração e Bebidas","LOCALIZACAO":"Isolado","C_INTEGRADO":null,"EMPRESA":"MARIA ISABEL SILVEIRA MENDES RODRIGUES MOURA","GlobalID":"18cd7b65-96ec-4541-b125-5083d02b305c"}},{"type":"Feature","id":11261,"geometry":{"type":"Point","coordinates":[-9.18788455652729,38.7599020050558]},"properties":{"OBJECTID":11261,"COD_SIG":null,"IDTIPO":null,"NOME":"ARMINDO JOSE GOMES MACIEL","REGEND":"000815","MORADA":"Largo da Praça","NUM_POLICIA":"9","FREGUESIA":"112","LOCALIDADE":"LISBOA","COD_POST_4":"1600","COD_POST_3":"586","COM_INT_ID":null,"COD_ACT_ECON":"52705","DESC_ACT_ECON":"Outros Estab. De Bebidas - Taberna","ANO":1991,"TIPO":"Restauração e Bebidas","LOCALIZACAO":"Isolado","C_INTEGRADO":null,"EMPRESA":"MARIA ISABEL SILVEIRA MENDES RODRIGUES MOURA","GlobalID":"35bd57d9-c07a-41ee-86d6-2dc49a5cb2fa"}},{"type":"Feature","id":11266,"geometry":{"type":"Point","coordinates":[-9.17190851686588,38.7306636199922]},"properties":{"OBJECTID":11266,"COD_SIG":null,"IDTIPO":null,"NOME":"AMADOR PEREIRA","REGEND":"000804","MORADA":"CAPELA (R DA)","NUM_POLICIA":"90","FREGUESIA":"111","LOCALIDADE":"LISBOA","COD_POST_4":"1070","COD_POST_3":"042","COM_INT_ID":null,"COD_ACT_ECON":"52104","DESC_ACT_ECON":"CAFE/PASTELARIA - 3ª CATEGORIA","ANO":1991,"TIPO":"Restauração e Bebidas","LOCALIZACAO":"Isolado","C_INTEGRADO":null,"EMPRESA":"MARIA ISABEL SILVEIRA MENDES RODRIGUES MOURA","GlobalID":"f3c53b51-4e72-4b86-9799-c61ea0622afb"}},{"type":"Feature","id":11311,"geometry":{"type":"Point","coordinates":[-9.19952673788083,38.753694577415]},"properties":{"OBJECTID":11311,"COD_SIG":null,"IDTIPO":null,"NOME":"CHURRASQUEIRA PALMEIRAS","REGEND":"000630","MORADA":"DR JOÃO DE BARROS (R)","NUM_POLICIA":"15 I","FREGUESIA":"109","LOCALIDADE":null,"COD_POST_4":null,"COD_POST_3":null,"COM_INT_ID":null,"COD_ACT_ECON":"51403","DESC_ACT_ECON":"OUTROS EST. COMIDAS REFEIÇÕES - 3ª CAT.","ANO":1991,"TIPO":"Restauração e Bebidas","LOCALIZACAO":"Isolado","C_INTEGRADO":null,"EMPRESA":"MARIA ISABEL SILVEIRA MENDES RODRIGUES MOURA","GlobalID":"0c7bc199-b377-4c4d-9482-0ad4022dcdc3"}},{"type":"Feature","id":11332,"geometry":{"type":"Point","coordinates":[-9.14915812713672,38.7516488630241]},"properties":{"OBJECTID":11332,"COD_SIG":null,"IDTIPO":null,"NOME":"CALDEIRA SOUSA & Cª LDA","REGEND":"000685","MORADA":"---- Campo Grande","NUM_POLICIA":"80","FREGUESIA":"103","LOCALIDADE":"LISBOA","COD_POST_4":"1700","COD_POST_3":"094","COM_INT_ID":null,"COD_ACT_ECON":"51105","DESC_ACT_ECON":"RESTAURANTE - 2ª CATEGORIA","ANO":1991,"TIPO":"Restauração e Bebidas","LOCALIZACAO":"Isolado","C_INTEGRADO":null,"EMPRESA":"MARIA ISABEL SILVEIRA MENDES RODRIGUES MOURA","GlobalID":"873347bb-db4b-44f2-b1d9-f93122a9797d"}},{"type":"Feature","id":11368,"geometry":{"type":"Point","coordinates":[-9.18103416856229,38.7671632270133]},"properties":{"OBJECTID":11368,"COD_SIG":null,"IDTIPO":null,"NOME":"O PETROLEIRO","REGEND":"000811","MORADA":"HORTA NOVA (BAIR DA) A CARNIDE","NUM_POLICIA":"1","FREGUESIA":"112","LOCALIDADE":"LISBOA                         ","COD_POST_4":"1600","COD_POST_3":"003","COM_INT_ID":null,"COD_ACT_ECON":"52104","DESC_ACT_ECON":"CAFE/PASTELARIA - 3ª CATEGORIA","ANO":1991,"TIPO":"Restauração e Bebidas","LOCALIZACAO":"Isolado","C_INTEGRADO":null,"EMPRESA":"MARIA ISABEL SILVEIRA MENDES RODRIGUES MOURA","GlobalID":"4e23584b-74bf-4fbe-8991-ded698e85987"}},{"type":"Feature","id":11405,"geometry":{"type":"Point","coordinates":[-9.20116729155834,38.7526256687829]},"properties":{"OBJECTID":11405,"COD_SIG":null,"IDTIPO":null,"NOME":"CASCATA","REGEND":"000623","MORADA":"CLÁUDIO NUNES (R)","NUM_POLICIA":"36 A","FREGUESIA":"109","LOCALIDADE":null,"COD_POST_4":null,"COD_POST_3":null,"COM_INT_ID":null,"COD_ACT_ECON":"52304","DESC_ACT_ECON":"CERVEJARIA - 3ª CATEGORIA","ANO":1991,"TIPO":"Restauração e Bebidas","LOCALIZACAO":"Isolado","C_INTEGRADO":null,"EMPRESA":"MERCEARIA CENTRAL AVOENSE, LDA","GlobalID":"b704f4d6-4115-4e12-9a52-2fa46ff2a149"}},{"type":"Feature","id":11412,"geometry":{"type":"Point","coordinates":[-9.14888808637578,38.7512638799688]},"properties":{"OBJECTID":11412,"COD_SIG":null,"IDTIPO":null,"NOME":"GRÃ VIA","REGEND":"000677","MORADA":"IGREJA (AV DA)","NUM_POLICIA":"65 A","FREGUESIA":"103","LOCALIDADE":"LISBOA","COD_POST_4":"1700","COD_POST_3":"235","COM_INT_ID":null,"COD_ACT_ECON":"52104","DESC_ACT_ECON":"CAFE/PASTELARIA - 3ª CATEGORIA","ANO":1991,"TIPO":"Restauração e Bebidas","LOCALIZACAO":"Isolado","C_INTEGRADO":null,"EMPRESA":"MELO, SIMÕES & MELO, LDA","GlobalID":"b7784357-c8a8-4f4c-b5c8-0e4271706032"}},{"type":"Feature","id":11455,"geometry":{"type":"Point","coordinates":[-9.16258984955427,38.7281739703169]},"properties":{"OBJECTID":11455,"COD_SIG":null,"IDTIPO":null,"NOME":"CANTINO","REGEND":"000773","MORADA":"D CARLOS DE MASCARENHAS (R)","NUM_POLICIA":"9","FREGUESIA":"111","LOCALIDADE":null,"COD_POST_4":null,"COD_POST_3":null,"COM_INT_ID":null,"COD_ACT_ECON":"51203","DESC_ACT_ECON":"\"SNACK-BAR\" - 3ª CATEGORIA","ANO":1991,"TIPO":"Restauração e Bebidas","LOCALIZACAO":"Isolado","C_INTEGRADO":null,"EMPRESA":"MARIA ISABEL SILVEIRA MENDES RODRIGUES MOURA","GlobalID":"7416e7e2-8101-4df0-954d-c4902d8d20e8"}},{"type":"Feature","id":11465,"geometry":{"type":"Point","coordinates":[-9.15002408959587,38.7243477226433]},"properties":{"OBJECTID":11465,"COD_SIG":null,"IDTIPO":null,"NOME":"ARCO MARQUES","REGEND":"000861","MORADA":"MARQ DE POMBAL (PR)","NUM_POLICIA":"1","FREGUESIA":"122","LOCALIDADE":null,"COD_POST_4":null,"COD_POST_3":null,"COM_INT_ID":141,"COD_ACT_ECON":"52704","DESC_ACT_ECON":"OUTROS EST. DE BEBIDAS - 3ª CATEGORIA","ANO":1991,"TIPO":"Restauração e Bebidas","LOCALIZACAO":"Integrado - outro","C_INTEGRADO":"GALERIA DUQUE PALMELA","EMPRESA":"MARIA ISABEL SILVEIRA MENDES RODRIGUES MOURA","GlobalID":"d18e144d-8e4c-4960-a7d7-b5b92c08f2e9"}},{"type":"Feature","id":11525,"geometry":{"type":"Point","coordinates":[-9.16085571657699,38.7483134514745]},"properties":{"OBJECTID":11525,"COD_SIG":null,"IDTIPO":null,"NOME":"BAR DOS ALUNOS","REGEND":"000678","MORADA":"PROF EGAS MONIZ (AV)","NUM_POLICIA":"HOSPITAL","FREGUESIA":"103","LOCALIDADE":null,"COD_POST_4":null,"COD_POST_3":null,"COM_INT_ID":null,"COD_ACT_ECON":"52104","DESC_ACT_ECON":"CAFE/PASTELARIA - 3ª CATEGORIA","ANO":1991,"TIPO":"Restauração e Bebidas","LOCALIZACAO":"Isolado","C_INTEGRADO":null,"EMPRESA":"MARIA ISABEL SILVEIRA MENDES RODRIGUES MOURA","GlobalID":"493c25dd-bbf7-47ac-9b39-f44089ed361c"}},{"type":"Feature","id":11537,"geometry":{"type":"Point","coordinates":[-9.15090664753161,38.7548854275455]},"properties":{"OBJECTID":11537,"COD_SIG":null,"IDTIPO":null,"NOME":"PASTELARIA TRICANA","REGEND":"000690","MORADA":"---- Campo Grande","NUM_POLICIA":"256C","FREGUESIA":"103","LOCALIDADE":"LISBOA","COD_POST_4":"1700","COD_POST_3":"094","COM_INT_ID":null,"COD_ACT_ECON":"52104","DESC_ACT_ECON":"CAFE/PASTELARIA - 3ª CATEGORIA","ANO":1991,"TIPO":"Restauração e Bebidas","LOCALIZACAO":"Isolado","C_INTEGRADO":null,"EMPRESA":"ALFREDO RODRIGUES DE OLIVEIRA, LDA","GlobalID":"5f5c38fa-0214-4167-86b1-654747fc94be"}},{"type":"Feature","id":11565,"geometry":{"type":"Point","coordinates":[-9.16338865486112,38.7285452491251]},"properties":{"OBJECTID":11565,"COD_SIG":null,"IDTIPO":null,"NOME":"FERREIRA & OLIVEIRA LDA","REGEND":"000770","MORADA":"CD DAS ANTAS (R)","NUM_POLICIA":"83","FREGUESIA":"111","LOCALIDADE":"LISBOA","COD_POST_4":"1070","COD_POST_3":"069","COM_INT_ID":null,"COD_ACT_ECON":"52705","DESC_ACT_ECON":"Outros Estab. De Bebidas - Taberna","ANO":1991,"TIPO":"Restauração e Bebidas","LOCALIZACAO":"Isolado","C_INTEGRADO":null,"EMPRESA":"FERREIRA & OLIVEIRA, LDA","GlobalID":"cd04af00-9d2d-4921-a370-20632559cadb"}},{"type":"Feature","id":11606,"geometry":{"type":"Point","coordinates":[-9.19817293991676,38.7562561293471]},"properties":{"OBJECTID":11606,"COD_SIG":null,"IDTIPO":null,"NOME":"HORACIO ROCHA DIAS","REGEND":"000657","MORADA":"Rua da Quinta do Charquinho (antiga Rua A à Quinta do Charquinho)","NUM_POLICIA":"17B","FREGUESIA":"109","LOCALIDADE":"LISBOA","COD_POST_4":"1500","COD_POST_3":"530","COM_INT_ID":null,"COD_ACT_ECON":"51107","DESC_ACT_ECON":"RESTAURANTE - 3ª CATEGORIA","ANO":1991,"TIPO":"Restauração e Bebidas","LOCALIZACAO":"Isolado","C_INTEGRADO":null,"EMPRESA":"MARIA ISABEL SILVEIRA MENDES RODRIGUES MOURA","GlobalID":"7be3db2d-78a8-4eff-a890-407734399057"}},{"type":"Feature","id":11618,"geometry":{"type":"Point","coordinates":[-9.19835538415769,38.7530567191233]},"properties":{"OBJECTID":11618,"COD_SIG":null,"IDTIPO":null,"NOME":"FUN YENG","REGEND":"000662","MORADA":"REPUBLICA DA BOLIVIA (R DA)","NUM_POLICIA":"53 B","FREGUESIA":"109","LOCALIDADE":null,"COD_POST_4":null,"COD_POST_3":null,"COM_INT_ID":null,"COD_ACT_ECON":"51107","DESC_ACT_ECON":"RESTAURANTE - 3ª CATEGORIA","ANO":1991,"TIPO":"Restauração e Bebidas","LOCALIZACAO":"Isolado","C_INTEGRADO":null,"EMPRESA":"MARIA ISABEL SILVEIRA MENDES RODRIGUES MOURA","GlobalID":"161247f7-d77e-4e64-97da-702fadeb015a"}},{"type":"Feature","id":11698,"geometry":{"type":"Point","coordinates":[-9.18673934916881,38.7579092558143]},"properties":{"OBJECTID":11698,"COD_SIG":null,"IDTIPO":null,"NOME":"GRAO & GRAO","REGEND":"000816","MORADA":"ADELAIDE CABETE (R)","NUM_POLICIA":"10 D","FREGUESIA":"112","LOCALIDADE":"LISBOA","COD_POST_4":"1500","COD_POST_3":"024","COM_INT_ID":null,"COD_ACT_ECON":"51403","DESC_ACT_ECON":"OUTROS EST. COMIDAS REFEIÇÕES - 3ª CAT.","ANO":1991,"TIPO":"Restauração e Bebidas","LOCALIZACAO":"Isolado","C_INTEGRADO":null,"EMPRESA":"GRAO & GRAO ACTIVIDADES HOTELEIRAS LDA","GlobalID":"6a39e4f8-4008-4512-94c1-c1d95c83f94b"}},{"type":"Feature","id":11783,"geometry":{"type":"Point","coordinates":[-9.18048629774861,38.7598391582175]},"properties":{"OBJECTID":11783,"COD_SIG":null,"IDTIPO":null,"NOME":"MERCEARIA SUPER DA LUZ","REGEND":"000820","MORADA":"Rua Conselheiro José Silvestre Ribeiro","NUM_POLICIA":"8A","FREGUESIA":"112","LOCALIDADE":"LISBOA","COD_POST_4":"1600","COD_POST_3":"431","COM_INT_ID":null,"COD_ACT_ECON":"52104","DESC_ACT_ECON":"CAFE/PASTELARIA - 3ª CATEGORIA","ANO":1991,"TIPO":"Restauração e Bebidas","LOCALIZACAO":"Isolado","C_INTEGRADO":null,"EMPRESA":"MARIA ISABEL SILVEIRA MENDES RODRIGUES MOURA","GlobalID":"5c32aa9e-b92e-4f04-85e7-6357392602df"}},{"type":"Feature","id":11879,"geometry":{"type":"Point","coordinates":[-9.13300341885351,38.7127296188186]},"properties":{"OBJECTID":11879,"COD_SIG":null,"IDTIPO":null,"NOME":"BARATA & CRUZ LDA","REGEND":"000833","MORADA":"Rua de Santa Cruz do Castelo","NUM_POLICIA":"11","FREGUESIA":"121","LOCALIDADE":"LISBOA","COD_POST_4":"1100","COD_POST_3":"478","COM_INT_ID":null,"COD_ACT_ECON":"51202","DESC_ACT_ECON":"\"SNACK-BAR\" - 2ª CATEGORIA","ANO":1991,"TIPO":"Restauração e Bebidas","LOCALIZACAO":"Isolado","C_INTEGRADO":null,"EMPRESA":"KASTELLO XXI - RESTAURAÇÃO, LDA","GlobalID":"a573e760-c224-4f2c-a30d-f62961973263"}},{"type":"Feature","id":11899,"geometry":{"type":"Point","coordinates":[-9.14204511939336,38.7872461368962]},"properties":{"OBJECTID":11899,"COD_SIG":null,"IDTIPO":null,"NOME":"RESTAURANTE TIA RITA","REGEND":"000841","MORADA":"AMOREIRAS (CP DAS)","NUM_POLICIA":"92 D","FREGUESIA":"120","LOCALIDADE":null,"COD_POST_4":null,"COD_POST_3":null,"COM_INT_ID":null,"COD_ACT_ECON":"51107","DESC_ACT_ECON":"RESTAURANTE - 3ª CATEGORIA","ANO":1991,"TIPO":"Restauração e Bebidas","LOCALIZACAO":"Isolado","C_INTEGRADO":null,"EMPRESA":"MARIA ISABEL SILVEIRA MENDES RODRIGUES MOURA","GlobalID":"fec81a4f-76a9-466e-8dec-b2fd65390147"}},{"type":"Feature","id":11947,"geometry":{"type":"Point","coordinates":[-9.20435067119362,38.7508850206519]},"properties":{"OBJECTID":11947,"COD_SIG":null,"IDTIPO":null,"NOME":"TORRE DOCE","REGEND":"000638","MORADA":"EMILIA DAS NEVES (R)","NUM_POLICIA":"21 A","FREGUESIA":"109","LOCALIDADE":null,"COD_POST_4":null,"COD_POST_3":null,"COM_INT_ID":null,"COD_ACT_ECON":"52104","DESC_ACT_ECON":"CAFE/PASTELARIA - 3ª CATEGORIA","ANO":1991,"TIPO":"Restauração e Bebidas","LOCALIZACAO":"Isolado","C_INTEGRADO":null,"EMPRESA":"MARIA ISABEL SILVEIRA MENDES RODRIGUES MOURA","GlobalID":"a622ac26-9060-4d45-adf5-2d710aacd7c7"}},{"type":"Feature","id":11949,"geometry":{"type":"Point","coordinates":[-9.20539214828963,38.7512988187747]},"properties":{"OBJECTID":11949,"COD_SIG":null,"IDTIPO":null,"NOME":"MERNEVE","REGEND":"000640","MORADA":"EMÍLIA DAS NEVES (R)","NUM_POLICIA":"35 A","FREGUESIA":"109","LOCALIDADE":null,"COD_POST_4":null,"COD_POST_3":null,"COM_INT_ID":null,"COD_ACT_ECON":"51107","DESC_ACT_ECON":"RESTAURANTE - 3ª CATEGORIA","ANO":1991,"TIPO":"Restauração e Bebidas","LOCALIZACAO":"Isolado","C_INTEGRADO":null,"EMPRESA":"GONÇALMARCO INDÚSTRIAS HOTELEIRAS, LDA","GlobalID":"a3459970-1451-43cd-81d4-cdfb200913f8"}},{"type":"Feature","id":12087,"geometry":{"type":"Point","coordinates":[-9.1648216509956,38.7386123021441]},"properties":{"OBJECTID":12087,"COD_SIG":null,"IDTIPO":null,"NOME":"PASTELARIA BALOIÇO LDA","REGEND":"000705","MORADA":"COLUMBANO BORDALO PINHEIRO (AV)","NUM_POLICIA":"93 E","FREGUESIA":"111","LOCALIDADE":"LISBOA","COD_POST_4":"1070","COD_POST_3":"062","COM_INT_ID":null,"COD_ACT_ECON":"52103","DESC_ACT_ECON":"CAFÉ/PASTELARIA - 2ª CATEGORIA","ANO":1991,"TIPO":"Restauração e Bebidas","LOCALIZACAO":"Isolado","C_INTEGRADO":null,"EMPRESA":"PASTELARIA BALOIÇO, LDA","GlobalID":"e662e74d-82ae-450d-a1e9-4e9dd5912572"}},{"type":"Feature","id":12153,"geometry":{"type":"Point","coordinates":[-9.16727203590175,38.7259166599917]},"properties":{"OBJECTID":12153,"COD_SIG":null,"IDTIPO":null,"NOME":"ALVES & VAZ LDA","REGEND":"000733","MORADA":"QUINTINHA (C DA)","NUM_POLICIA":"37","FREGUESIA":"111","LOCALIDADE":"LISBOA","COD_POST_4":"1070","COD_POST_3":"222","COM_INT_ID":null,"COD_ACT_ECON":"52104","DESC_ACT_ECON":"CAFE/PASTELARIA - 3ª CATEGORIA","ANO":1991,"TIPO":"Restauração e Bebidas","LOCALIZACAO":"Isolado","C_INTEGRADO":null,"EMPRESA":"ALVEZ & VAZ, LDA","GlobalID":"8011e3b2-ee94-40d2-8a9f-8f2df7ca9081"}},{"type":"Feature","id":12196,"geometry":{"type":"Point","coordinates":[-9.14654712345777,38.7205352384356]},"properties":{"OBJECTID":12196,"COD_SIG":null,"IDTIPO":null,"NOME":"BAR FOYER CINEMA S JORGE","REGEND":"000857","MORADA":"LIBERDADE (AV)","NUM_POLICIA":"175 B","FREGUESIA":"122","LOCALIDADE":null,"COD_POST_4":null,"COD_POST_3":null,"COM_INT_ID":206,"COD_ACT_ECON":"52103","DESC_ACT_ECON":"CAFÉ/PASTELARIA - 2ª CATEGORIA","ANO":1991,"TIPO":"Restauração e Bebidas","LOCALIZACAO":"Integrado - outro","C_INTEGRADO":"CINEMA S. JORGE","EMPRESA":"MARIA ISABEL SILVEIRA MENDES RODRIGUES MOURA","GlobalID":"0c6bf05c-8172-40a4-be22-abca5312fe97"}},{"type":"Feature","id":12215,"geometry":{"type":"Point","coordinates":[-9.14284766618335,38.7166028201186]},"properties":{"OBJECTID":12215,"COD_SIG":null,"IDTIPO":null,"NOME":"TRIMAR","REGEND":"000859","MORADA":"LIBERDADE (AV)","NUM_POLICIA":"FRT Nº 12","FREGUESIA":"122","LOCALIDADE":null,"COD_POST_4":null,"COD_POST_3":null,"COM_INT_ID":null,"COD_ACT_ECON":"51105","DESC_ACT_ECON":"RESTAURANTE - 2ª CATEGORIA","ANO":1991,"TIPO":"Restauração e Bebidas","LOCALIZACAO":"Isolado","C_INTEGRADO":null,"EMPRESA":"MARIA ISABEL SILVEIRA MENDES RODRIGUES MOURA","GlobalID":"81bf9a16-5ab8-4960-9017-9bc74d1d6248"}},{"type":"Feature","id":12244,"geometry":{"type":"Point","coordinates":[-9.14655463696679,38.7562564557898]},"properties":{"OBJECTID":12244,"COD_SIG":null,"IDTIPO":null,"NOME":"RESTAURANTE O GANSO","REGEND":"000668","MORADA":"BRASIL (AV DO)","NUM_POLICIA":"100 A/B","FREGUESIA":"103","LOCALIDADE":null,"COD_POST_4":null,"COD_POST_3":null,"COM_INT_ID":null,"COD_ACT_ECON":"52704","DESC_ACT_ECON":"OUTROS EST. DE BEBIDAS - 3ª CATEGORIA","ANO":1991,"TIPO":"Restauração e Bebidas","LOCALIZACAO":"Isolado","C_INTEGRADO":null,"EMPRESA":"MARIA ISABEL SILVEIRA MENDES RODRIGUES MOURA","GlobalID":"790ef4ef-5d95-464f-ab39-8771043db6ca"}},{"type":"Feature","id":12275,"geometry":{"type":"Point","coordinates":[-9.17058138359439,38.7328953494242]},"properties":{"OBJECTID":12275,"COD_SIG":null,"IDTIPO":null,"NOME":"CERVEJARIA GATAFUNHO","REGEND":"000714","MORADA":"Rua Inácio Pardelhas Sanchez (antiga Rua A do Bairro da Liberdade)","NUM_POLICIA":"137","FREGUESIA":"111","LOCALIDADE":"LISBOA","COD_POST_4":"1070","COD_POST_3":"146","COM_INT_ID":null,"COD_ACT_ECON":"52704","DESC_ACT_ECON":"OUTROS EST. DE BEBIDAS - 3ª CATEGORIA","ANO":1991,"TIPO":"Restauração e Bebidas","LOCALIZACAO":"Isolado","C_INTEGRADO":null,"EMPRESA":"MARIA ISABEL SILVEIRA MENDES RODRIGUES MOURA","GlobalID":"4e0b88b0-fc84-4843-abac-a9121b4cbbe4"}},{"type":"Feature","id":12292,"geometry":{"type":"Point","coordinates":[-9.16243822201916,38.729625562583]},"properties":{"OBJECTID":12292,"COD_SIG":null,"IDTIPO":null,"NOME":"PASTELARIA SNACK BAR ZONA VERDE","REGEND":"000757","MORADA":"CAMPOLIDE (R DE)","NUM_POLICIA":"115 B","FREGUESIA":"111","LOCALIDADE":null,"COD_POST_4":null,"COD_POST_3":null,"COM_INT_ID":null,"COD_ACT_ECON":"52104","DESC_ACT_ECON":"CAFE/PASTELARIA - 3ª CATEGORIA","ANO":1991,"TIPO":"Restauração e Bebidas","LOCALIZACAO":"Isolado","C_INTEGRADO":null,"EMPRESA":"MARIA ISABEL SILVEIRA MENDES RODRIGUES MOURA","GlobalID":"5372af05-4376-474f-8ed5-dd3efb0e33ec"}},{"type":"Feature","id":12341,"geometry":{"type":"Point","coordinates":[-9.19793139012336,38.7562583338859]},"properties":{"OBJECTID":12341,"COD_SIG":null,"IDTIPO":null,"NOME":"CASA NINA","REGEND":"000656","MORADA":"Rua da Quinta do Charquinho (antiga Rua A à Quinta do Charquinho)","NUM_POLICIA":"13C","FREGUESIA":"109","LOCALIDADE":"LISBOA","COD_POST_4":"1500","COD_POST_3":"530","COM_INT_ID":null,"COD_ACT_ECON":"52404","DESC_ACT_ECON":"BAR/\"PUB\" - 3ª CATEGORIA","ANO":1991,"TIPO":"Restauração e Bebidas","LOCALIZACAO":"Isolado","C_INTEGRADO":null,"EMPRESA":"MARIA ISABEL SILVEIRA MENDES RODRIGUES MOURA","GlobalID":"b81ecbe8-41ea-442f-845d-0d03f495e517"}},{"type":"Feature","id":12364,"geometry":{"type":"Point","coordinates":[-9.16241849860879,38.7266531645081]},"properties":{"OBJECTID":12364,"COD_SIG":null,"IDTIPO":null,"NOME":"PASTELARIA CODEBEL","REGEND":"000749","MORADA":"Rua de Campolide","NUM_POLICIA":"39C","FREGUESIA":"111","LOCALIDADE":"LISBOA","COD_POST_4":"1070","COD_POST_3":"026","COM_INT_ID":null,"COD_ACT_ECON":"52103","DESC_ACT_ECON":"CAFÉ/PASTELARIA - 2ª CATEGORIA","ANO":1991,"TIPO":"Restauração e Bebidas","LOCALIZACAO":"Isolado","C_INTEGRADO":null,"EMPRESA":"BAPTISTA & QUINTAS, LDA","GlobalID":"3d50cc23-ec50-40ae-8fd4-2a60afc09feb"}},{"type":"Feature","id":12438,"geometry":{"type":"Point","coordinates":[-9.18651903914198,38.7570104713251]},"properties":{"OBJECTID":12438,"COD_SIG":null,"IDTIPO":null,"NOME":"CÁ DE CASA","REGEND":"000818","MORADA":"ANA DE CASTRO OSÓRIO (R)","NUM_POLICIA":"4 C","FREGUESIA":"112","LOCALIDADE":"LISBOA","COD_POST_4":"1500","COD_POST_3":"039","COM_INT_ID":null,"COD_ACT_ECON":"52103","DESC_ACT_ECON":"CAFÉ/PASTELARIA - 2ª CATEGORIA","ANO":1991,"TIPO":"Restauração e Bebidas","LOCALIZACAO":"Isolado","C_INTEGRADO":null,"EMPRESA":"MARIA ISABEL SILVEIRA MENDES RODRIGUES MOURA","GlobalID":"3e2db583-a16d-4213-aaf6-11bdc603628d"}},{"type":"Feature","id":12458,"geometry":{"type":"Point","coordinates":[-9.16856682802642,38.7232118491134]},"properties":{"OBJECTID":12458,"COD_SIG":null,"IDTIPO":null,"NOME":"VALENTIM MATOS BARRETO","REGEND":"000735","MORADA":"SETE MOINHOS (C DOS)","NUM_POLICIA":"32","FREGUESIA":"111","LOCALIDADE":null,"COD_POST_4":null,"COD_POST_3":null,"COM_INT_ID":null,"COD_ACT_ECON":"52704","DESC_ACT_ECON":"OUTROS EST. DE BEBIDAS - 3ª CATEGORIA","ANO":1991,"TIPO":"Restauração e Bebidas","LOCALIZACAO":"Isolado","C_INTEGRADO":null,"EMPRESA":"MARIA ISABEL SILVEIRA MENDES RODRIGUES MOURA","GlobalID":"ac8a7e7d-4cb6-4adf-9756-aa5ec7370edc"}},{"type":"Feature","id":12480,"geometry":{"type":"Point","coordinates":[-9.16329164848852,38.7257987275701]},"properties":{"OBJECTID":12480,"COD_SIG":null,"IDTIPO":null,"NOME":"RESTAURANTE SENADO","REGEND":"000800","MORADA":"PROF SOUSA DA CAMARA (R)","NUM_POLICIA":"172","FREGUESIA":"111","LOCALIDADE":"LISBOA","COD_POST_4":"1070","COD_POST_3":"219","COM_INT_ID":null,"COD_ACT_ECON":"51107","DESC_ACT_ECON":"RESTAURANTE - 3ª CATEGORIA","ANO":1991,"TIPO":"Restauração e Bebidas","LOCALIZACAO":"Isolado","C_INTEGRADO":null,"EMPRESA":"VIRAVOLTA ACTIVIDADES HOTELEIRAS, LDA","GlobalID":"70d627c0-cb5e-470f-9b7f-3b63e3368e60"}},{"type":"Feature","id":12587,"geometry":{"type":"Point","coordinates":[-9.17096390241203,38.7331564322715]},"properties":{"OBJECTID":12587,"COD_SIG":null,"IDTIPO":null,"NOME":"PASTELARIA 1010","REGEND":"000788","MORADA":"JOSE ANASTACIO DA CUNHA (R)","NUM_POLICIA":"LETRA A","FREGUESIA":"111","LOCALIDADE":"LISBOA                         ","COD_POST_4":"1070","COD_POST_3":"155","COM_INT_ID":null,"COD_ACT_ECON":"52103","DESC_ACT_ECON":"CAFÉ/PASTELARIA - 2ª CATEGORIA","ANO":1991,"TIPO":"Restauração e Bebidas","LOCALIZACAO":"Isolado","C_INTEGRADO":null,"EMPRESA":"MARIA ISABEL SILVEIRA MENDES RODRIGUES MOURA","GlobalID":"634c8119-0a53-4893-a2c7-eada5f6c7395"}},{"type":"Feature","id":12626,"geometry":{"type":"Point","coordinates":[-9.14525346860026,38.7821830292278]},"properties":{"OBJECTID":12626,"COD_SIG":null,"IDTIPO":null,"NOME":"DOMINGOS VELOSO CAMPOS","REGEND":"000844","MORADA":"SÃO BARTOLOMEU (EST DE)","NUM_POLICIA":"7","FREGUESIA":"120","LOCALIDADE":null,"COD_POST_4":null,"COD_POST_3":null,"COM_INT_ID":null,"COD_ACT_ECON":"52705","DESC_ACT_ECON":"Outros Estab. De Bebidas - Taberna","ANO":1991,"TIPO":"Restauração e Bebidas","LOCALIZACAO":"Isolado","C_INTEGRADO":null,"EMPRESA":"MARIA ISABEL SILVEIRA MENDES RODRIGUES MOURA","GlobalID":"54e568f9-c9a2-4035-bcd9-8ddd585e3212"}},{"type":"Feature","id":12661,"geometry":{"type":"Point","coordinates":[-9.11087002979072,38.7679891080279]},"properties":{"OBJECTID":12661,"COD_SIG":null,"IDTIPO":null,"NOME":"MARIA ROSA SILVA CARVALHO","REGEND":"000618","MORADA":"Rua Cidade de Cabinda","NUM_POLICIA":"8A","FREGUESIA":"117","LOCALIDADE":"LISBOA","COD_POST_4":"1800","COD_POST_3":"080","COM_INT_ID":null,"COD_ACT_ECON":"51107","DESC_ACT_ECON":"RESTAURANTE - 3ª CATEGORIA","ANO":1991,"TIPO":"Restauração e Bebidas","LOCALIZACAO":"Isolado","C_INTEGRADO":null,"EMPRESA":"MARIA ISABEL SILVEIRA MENDES RODRIGUES MOURA","GlobalID":"4db52351-4e6e-4549-ac0d-d9f5df30bce7"}},{"type":"Feature","id":12722,"geometry":{"type":"Point","coordinates":[-9.14301018309635,38.7838688987978]},"properties":{"OBJECTID":12722,"COD_SIG":null,"IDTIPO":null,"NOME":"FERNANDO TEIXEIRA","REGEND":"000848","MORADA":"LOURO (Q DO) CP DAS AMOREIRAS 48","NUM_POLICIA":"2","FREGUESIA":"120","LOCALIDADE":null,"COD_POST_4":null,"COD_POST_3":null,"COM_INT_ID":null,"COD_ACT_ECON":"52104","DESC_ACT_ECON":"CAFE/PASTELARIA - 3ª CATEGORIA","ANO":1991,"TIPO":"Restauração e Bebidas","LOCALIZACAO":"Isolado","C_INTEGRADO":null,"EMPRESA":"MARIA ISABEL SILVEIRA MENDES RODRIGUES MOURA","GlobalID":"8fd6fcb6-31c4-43e9-8e30-7a163a276486"}},{"type":"Feature","id":12730,"geometry":{"type":"Point","coordinates":[-9.14886246103398,38.7267629219713]},"properties":{"OBJECTID":12730,"COD_SIG":null,"IDTIPO":null,"NOME":"RESTAURANTE TUN FON","REGEND":"000854","MORADA":"FONTES PEREIRA DE MELO (AV)","NUM_POLICIA":"6 C","FREGUESIA":"122","LOCALIDADE":null,"COD_POST_4":null,"COD_POST_3":null,"COM_INT_ID":null,"COD_ACT_ECON":"51105","DESC_ACT_ECON":"RESTAURANTE - 2ª CATEGORIA","ANO":1991,"TIPO":"Restauração e Bebidas","LOCALIZACAO":"Isolado","C_INTEGRADO":null,"EMPRESA":"MARIA ISABEL SILVEIRA MENDES RODRIGUES MOURA","GlobalID":"fa3ae7c8-082d-4720-907e-a1863533018a"}},{"type":"Feature","id":12791,"geometry":{"type":"Point","coordinates":[-9.15409806529205,38.7568392544492]},"properties":{"OBJECTID":12791,"COD_SIG":null,"IDTIPO":null,"NOME":"BAR CINEMA","REGEND":"000696","MORADA":"GRANDE (CP)","NUM_POLICIA":null,"FREGUESIA":"103","LOCALIDADE":null,"COD_POST_4":null,"COD_POST_3":null,"COM_INT_ID":null,"COD_ACT_ECON":"52404","DESC_ACT_ECON":"BAR/\"PUB\" - 3ª CATEGORIA","ANO":1991,"TIPO":"Restauração e Bebidas","LOCALIZACAO":"Isolado","C_INTEGRADO":null,"EMPRESA":"ANTONIO CAMBA","GlobalID":"5bfac5c7-3499-4222-a2b5-42fa755ede37"}},{"type":"Feature","id":12794,"geometry":{"type":"Point","coordinates":[-9.15111733121183,38.7531044925608]},"properties":{"OBJECTID":12794,"COD_SIG":null,"IDTIPO":null,"NOME":"ESPLANADA PISCINA INFANTIL JARDIM CAMPO GRANDE","REGEND":"000699","MORADA":"GRANDE (CP)","NUM_POLICIA":null,"FREGUESIA":"103","LOCALIDADE":null,"COD_POST_4":null,"COD_POST_3":null,"COM_INT_ID":null,"COD_ACT_ECON":"51203","DESC_ACT_ECON":"\"SNACK-BAR\" - 3ª CATEGORIA","ANO":1991,"TIPO":"Restauração e Bebidas","LOCALIZACAO":"Isolado","C_INTEGRADO":null,"EMPRESA":"MARIA ISABEL SILVEIRA MENDES RODRIGUES MOURA","GlobalID":"f40b31f6-66a1-4cd1-9769-f163904d1071"}},{"type":"Feature","id":12823,"geometry":{"type":"Point","coordinates":[-9.14656655491568,38.7205404676355]},"properties":{"OBJECTID":12823,"COD_SIG":null,"IDTIPO":null,"NOME":"BAR PLATEIA CINEMA S JORGE","REGEND":"000858","MORADA":"LIBERDADE (AV)","NUM_POLICIA":"175 B","FREGUESIA":"122","LOCALIDADE":null,"COD_POST_4":null,"COD_POST_3":null,"COM_INT_ID":206,"COD_ACT_ECON":"52103","DESC_ACT_ECON":"CAFÉ/PASTELARIA - 2ª CATEGORIA","ANO":1991,"TIPO":"Restauração e Bebidas","LOCALIZACAO":"Integrado - outro","C_INTEGRADO":"CINEMA S. JORGE","EMPRESA":"MARIA ISABEL SILVEIRA MENDES RODRIGUES MOURA","GlobalID":"06fbeaa7-e17a-410c-82b2-ef66d4feedef"}},{"type":"Feature","id":12849,"geometry":{"type":"Point","coordinates":[-9.14481268505328,38.7526594580104]},"properties":{"OBJECTID":12849,"COD_SIG":null,"IDTIPO":null,"NOME":"POMODORO","REGEND":"000675","MORADA":"IGREJA (AV DA)","NUM_POLICIA":"39 B","FREGUESIA":"103","LOCALIDADE":"LISBOA","COD_POST_4":"1700","COD_POST_3":"233","COM_INT_ID":null,"COD_ACT_ECON":"51403","DESC_ACT_ECON":"OUTROS EST. COMIDAS REFEIÇÕES - 3ª CAT.","ANO":1991,"TIPO":"Restauração e Bebidas","LOCALIZACAO":"Isolado","C_INTEGRADO":null,"EMPRESA":"POMODORO COMERCIALIZAÇAO PROD ALIMENTARES LDA","GlobalID":"566a286e-b428-4924-a040-ed69dc69f879"}},{"type":"Feature","id":12853,"geometry":{"type":"Point","coordinates":[-9.16041821277912,38.7483086867026]},"properties":{"OBJECTID":12853,"COD_SIG":null,"IDTIPO":null,"NOME":"BAR DOS ESTUDANTES","REGEND":"000679","MORADA":"PROF EGAS MONIZ (AV)","NUM_POLICIA":"HOSPITAL","FREGUESIA":"103","LOCALIDADE":null,"COD_POST_4":null,"COD_POST_3":null,"COM_INT_ID":null,"COD_ACT_ECON":"52104","DESC_ACT_ECON":"CAFE/PASTELARIA - 3ª CATEGORIA","ANO":1991,"TIPO":"Restauração e Bebidas","LOCALIZACAO":"Isolado","C_INTEGRADO":null,"EMPRESA":"MARIA ISABEL SILVEIRA MENDES RODRIGUES MOURA","GlobalID":"6567af5d-38ba-4932-a45d-d26c2c38967f"}},{"type":"Feature","id":12903,"geometry":{"type":"Point","coordinates":[-9.16424508799176,38.7289250209677]},"properties":{"OBJECTID":12903,"COD_SIG":null,"IDTIPO":null,"NOME":"O CANTINHO RITA","REGEND":"000787","MORADA":"Rua General Taborda","NUM_POLICIA":"67","FREGUESIA":"111","LOCALIDADE":"LISBOA","COD_POST_4":"1070","COD_POST_3":"138","COM_INT_ID":null,"COD_ACT_ECON":"51107","DESC_ACT_ECON":"RESTAURANTE - 3ª CATEGORIA","ANO":1991,"TIPO":"Restauração e Bebidas","LOCALIZACAO":"Isolado","C_INTEGRADO":null,"EMPRESA":"ACTIVIDADES HOTELEIRAS O CANTINHO DA RITA, DE AMORIM & LOURENÇO, LDA","GlobalID":"87573617-5eb0-4339-8738-0957896e0975"}},{"type":"Feature","id":12924,"geometry":{"type":"Point","coordinates":[-9.16484282967673,38.7344955592437]},"properties":{"OBJECTID":12924,"COD_SIG":null,"IDTIPO":null,"NOME":"DIONISIO GONÇALVES & MEDEIROS","REGEND":"000766","MORADA":"CAMPOLIDE (R DE)","NUM_POLICIA":"269","FREGUESIA":"111","LOCALIDADE":null,"COD_POST_4":null,"COD_POST_3":null,"COM_INT_ID":null,"COD_ACT_ECON":"52704","DESC_ACT_ECON":"OUTROS EST. DE BEBIDAS - 3ª CATEGORIA","ANO":1991,"TIPO":"Restauração e Bebidas","LOCALIZACAO":"Isolado","C_INTEGRADO":null,"EMPRESA":"MARIA ISABEL SILVEIRA MENDES RODRIGUES MOURA","GlobalID":"636c8ef5-ac71-4956-912c-baeb4a7a5bb3"}},{"type":"Feature","id":12928,"geometry":{"type":"Point","coordinates":[-9.16370710134112,38.7282992270322]},"properties":{"OBJECTID":12928,"COD_SIG":null,"IDTIPO":null,"NOME":"AURORA GOMES MARTINS VILAÇA","REGEND":"000769","MORADA":"Rua Conde das Antas","NUM_POLICIA":"63","FREGUESIA":"111","LOCALIDADE":"LISBOA","COD_POST_4":"1070","COD_POST_3":"069","COM_INT_ID":null,"COD_ACT_ECON":"51109","DESC_ACT_ECON":"RESTAURANTE - CASA DE PASTO","ANO":1991,"TIPO":"Restauração e Bebidas","LOCALIZACAO":"Isolado","C_INTEGRADO":null,"EMPRESA":"MARIA ISABEL SILVEIRA MENDES RODRIGUES MOURA","GlobalID":"25fd3fe7-c6cc-4b03-a181-52e33ffedf59"}},{"type":"Feature","id":12944,"geometry":{"type":"Point","coordinates":[-9.20356199349331,38.7354947390744]},"properties":{"OBJECTID":12944,"COD_SIG":null,"IDTIPO":null,"NOME":"MARIA CONSTANCIA RODRIGUES OLIVEIRA","REGEND":"000663","MORADA":"SETE (R) BAIR NOVO BOAVISTA","NUM_POLICIA":"42","FREGUESIA":"109","LOCALIDADE":null,"COD_POST_4":null,"COD_POST_3":null,"COM_INT_ID":null,"COD_ACT_ECON":"52704","DESC_ACT_ECON":"OUTROS EST. DE BEBIDAS - 3ª CATEGORIA","ANO":1991,"TIPO":"Restauração e Bebidas","LOCALIZACAO":"Isolado","C_INTEGRADO":null,"EMPRESA":"MARIA ISABEL SILVEIRA MENDES RODRIGUES MOURA","GlobalID":"f7533cf2-3906-4f2e-b1a9-dd2ebe81cd2a"}},{"type":"Feature","id":12983,"geometry":{"type":"Point","coordinates":[-9.1302819969548,38.7186719879762]},"properties":{"OBJECTID":12983,"COD_SIG":null,"IDTIPO":null,"NOME":"BONJARDIM GRAÇA","REGEND":"001095","MORADA":"Travessa do Monte","NUM_POLICIA":"14","FREGUESIA":"124","LOCALIDADE":"LISBOA","COD_POST_4":"1170","COD_POST_3":"255","COM_INT_ID":null,"COD_ACT_ECON":"52705","DESC_ACT_ECON":"Outros Estab. De Bebidas - Taberna","ANO":1991,"TIPO":"Restauração e Bebidas","LOCALIZACAO":"Isolado","C_INTEGRADO":null,"EMPRESA":"MARIA ISABEL SILVEIRA MENDES RODRIGUES MOURA","GlobalID":"2f8f6b54-e13b-4ea9-9811-fba1c0e19740"}},{"type":"Feature","id":13030,"geometry":{"type":"Point","coordinates":[-9.14484546367967,38.7102144163003]},"properties":{"OBJECTID":13030,"COD_SIG":null,"IDTIPO":null,"NOME":"SENHOR MARQUES","REGEND":"000980","MORADA":"HORTA SECA (R DA)","NUM_POLICIA":"42","FREGUESIA":"116","LOCALIDADE":null,"COD_POST_4":null,"COD_POST_3":null,"COM_INT_ID":null,"COD_ACT_ECON":"51107","DESC_ACT_ECON":"RESTAURANTE - 3ª CATEGORIA","ANO":1991,"TIPO":"Restauração e Bebidas","LOCALIZACAO":"Isolado","C_INTEGRADO":null,"EMPRESA":"MARIA ISABEL SILVEIRA MENDES RODRIGUES MOURA","GlobalID":"35a2dfe6-34af-446a-b0c6-c3eaa4348981"}},{"type":"Feature","id":13066,"geometry":{"type":"Point","coordinates":[-9.14445109069353,38.7111261954557]},"properties":{"OBJECTID":13066,"COD_SIG":null,"IDTIPO":null,"NOME":"GUERRA & BATISTA LDA","REGEND":"000944","MORADA":"Rua da Barroca","NUM_POLICIA":"12","FREGUESIA":"116","LOCALIDADE":null,"COD_POST_4":"1200","COD_POST_3":"050","COM_INT_ID":null,"COD_ACT_ECON":"52104","DESC_ACT_ECON":"CAFE/PASTELARIA - 3ª CATEGORIA","ANO":1991,"TIPO":"Restauração e Bebidas","LOCALIZACAO":"Isolado","C_INTEGRADO":null,"EMPRESA":"MARIA ISABEL SILVEIRA MENDES RODRIGUES MOURA","GlobalID":"2b17916d-d322-4b24-91b0-0b356f5d792d"}},{"type":"Feature","id":13082,"geometry":{"type":"Point","coordinates":[-9.14489666675256,38.7146548328293]},"properties":{"OBJECTID":13082,"COD_SIG":null,"IDTIPO":null,"NOME":"PORTA BRANCA","REGEND":"001011","MORADA":"Rua do Teixeira","NUM_POLICIA":"35","FREGUESIA":"116","LOCALIDADE":"LISBOA","COD_POST_4":"1200","COD_POST_3":"459","COM_INT_ID":null,"COD_ACT_ECON":"51107","DESC_ACT_ECON":"RESTAURANTE - 3ª CATEGORIA","ANO":1991,"TIPO":"Restauração e Bebidas","LOCALIZACAO":"Isolado","C_INTEGRADO":null,"EMPRESA":"MARIA ISABEL SILVEIRA MENDES RODRIGUES MOURA","GlobalID":"f4ece233-7b87-49ba-b10e-e69880fc16f3"}},{"type":"Feature","id":13084,"geometry":{"type":"Point","coordinates":[-9.14386173837498,38.7136981958884]},"properties":{"OBJECTID":13084,"COD_SIG":null,"IDTIPO":null,"NOME":"JARDIM S PEDRO","REGEND":"001012","MORADA":"ÁGUA DE FLOR (T DA)","NUM_POLICIA":"3","FREGUESIA":"116","LOCALIDADE":"LISBOA","COD_POST_4":"1200","COD_POST_3":"010","COM_INT_ID":null,"COD_ACT_ECON":"51107","DESC_ACT_ECON":"RESTAURANTE - 3ª CATEGORIA","ANO":1991,"TIPO":"Restauração e Bebidas","LOCALIZACAO":"Isolado","C_INTEGRADO":null,"EMPRESA":"J. M. LEAL, LDA","GlobalID":"7ad8610c-ee84-49f3-b46f-a706962a4461"}},{"type":"Feature","id":13098,"geometry":{"type":"Point","coordinates":[-9.14485828533374,38.7135652179635]},"properties":{"OBJECTID":13098,"COD_SIG":null,"IDTIPO":null,"NOME":"PASTELARIA BOTEQUIM BOLIVAR","REGEND":"001014","MORADA":"Travessa da Água-da-Flor","NUM_POLICIA":"40","FREGUESIA":"116","LOCALIDADE":"LISBOA","COD_POST_4":"1200","COD_POST_3":"011","COM_INT_ID":null,"COD_ACT_ECON":"52499","DESC_ACT_ECON":"BAR/\"PUB\" - (SEM CATEGORIA)","ANO":1991,"TIPO":"Restauração e Bebidas","LOCALIZACAO":"Isolado","C_INTEGRADO":null,"EMPRESA":"PASTELARIA BOTEQUIM BOLIVAR, LDA","GlobalID":"e59305f5-27b5-4230-a5a1-c683fb733398"}},{"type":"Feature","id":13100,"geometry":{"type":"Point","coordinates":[-9.14470103254831,38.7138278083676]},"properties":{"OBJECTID":13100,"COD_SIG":null,"IDTIPO":null,"NOME":"BRANCO & VIAES","REGEND":"001018","MORADA":"Travessa da Boa-Hora ao Bairro Alto","NUM_POLICIA":"23","FREGUESIA":"116","LOCALIDADE":"LISBOA","COD_POST_4":"1200","COD_POST_3":"063","COM_INT_ID":null,"COD_ACT_ECON":"51109","DESC_ACT_ECON":"RESTAURANTE - CASA DE PASTO","ANO":1991,"TIPO":"Restauração e Bebidas","LOCALIZACAO":"Isolado","C_INTEGRADO":null,"EMPRESA":"BRANCO & VIAES, LDA","GlobalID":"4de02251-269c-453e-b0a4-51178544e24b"}},{"type":"Feature","id":13164,"geometry":{"type":"Point","coordinates":[-9.14343012752536,38.7111169700747]},"properties":{"OBJECTID":13164,"COD_SIG":null,"IDTIPO":null,"NOME":"SANTOS NUNES & MARQUES","REGEND":"000970","MORADA":"Rua das Gáveas","NUM_POLICIA":"15","FREGUESIA":"116","LOCALIDADE":null,"COD_POST_4":"1200","COD_POST_3":"206","COM_INT_ID":null,"COD_ACT_ECON":"51107","DESC_ACT_ECON":"RESTAURANTE - 3ª CATEGORIA","ANO":1991,"TIPO":"Restauração e Bebidas","LOCALIZACAO":"Isolado","C_INTEGRADO":null,"EMPRESA":"MARIA ISABEL SILVEIRA MENDES RODRIGUES MOURA","GlobalID":"fccf8a7c-10eb-44be-946b-79ec8a316a91"}},{"type":"Feature","id":13215,"geometry":{"type":"Point","coordinates":[-9.12839015484789,38.7174000157349]},"properties":{"OBJECTID":13215,"COD_SIG":null,"IDTIPO":null,"NOME":"MANUEL MATOS SOUSA","REGEND":"001098","MORADA":"Travessa da Pereira","NUM_POLICIA":"21B","FREGUESIA":"124","LOCALIDADE":"LISBOA","COD_POST_4":"1170","COD_POST_3":"312","COM_INT_ID":null,"COD_ACT_ECON":"52704","DESC_ACT_ECON":"OUTROS EST. DE BEBIDAS - 3ª CATEGORIA","ANO":1991,"TIPO":"Restauração e Bebidas","LOCALIZACAO":"Isolado","C_INTEGRADO":null,"EMPRESA":"MARIA ISABEL SILVEIRA MENDES RODRIGUES MOURA","GlobalID":"53553be9-9e79-4419-a3a1-947b81af976d"}},{"type":"Feature","id":13268,"geometry":{"type":"Point","coordinates":[-9.16241927475318,38.7273602704082]},"properties":{"OBJECTID":13268,"COD_SIG":null,"IDTIPO":null,"NOME":"CAFE PASTELARIA RESTAURANTE TROPICANA","REGEND":"000751","MORADA":"CAMPOLIDE (R DE)","NUM_POLICIA":"55","FREGUESIA":"111","LOCALIDADE":null,"COD_POST_4":null,"COD_POST_3":null,"COM_INT_ID":null,"COD_ACT_ECON":"52103","DESC_ACT_ECON":"CAFÉ/PASTELARIA - 2ª CATEGORIA","ANO":1991,"TIPO":"Restauração e Bebidas","LOCALIZACAO":"Isolado","C_INTEGRADO":null,"EMPRESA":"MARIA ISABEL SILVEIRA MENDES RODRIGUES MOURA","GlobalID":"84f3b51c-3da5-4a60-b547-7d9bdae48061"}},{"type":"Feature","id":13294,"geometry":{"type":"Point","coordinates":[-9.18847390076103,38.7600734520479]},"properties":{"OBJECTID":13294,"COD_SIG":null,"IDTIPO":null,"NOME":"PORTAS VERDES","REGEND":"000826","MORADA":"Rua Neves Costa","NUM_POLICIA":"22","FREGUESIA":"112","LOCALIDADE":"LISBOA","COD_POST_4":"1600","COD_POST_3":"534","COM_INT_ID":null,"COD_ACT_ECON":"51107","DESC_ACT_ECON":"RESTAURANTE - 3ª CATEGORIA","ANO":1991,"TIPO":"Restauração e Bebidas","LOCALIZACAO":"Isolado","C_INTEGRADO":null,"EMPRESA":"RIBEIRO & CANELAS, LDA","GlobalID":"f5d30a7f-90a3-4b95-a8e2-772fec717d8b"}},{"type":"Feature","id":13296,"geometry":{"type":"Point","coordinates":[-9.18900769317756,38.7603838936557]},"properties":{"OBJECTID":13296,"COD_SIG":null,"IDTIPO":null,"NOME":"HERCULANO JOSE FERREIRA PEDROSO","REGEND":"000824","MORADA":"MESTRA (R DA)","NUM_POLICIA":"20","FREGUESIA":"112","LOCALIDADE":null,"COD_POST_4":null,"COD_POST_3":null,"COM_INT_ID":null,"COD_ACT_ECON":"51107","DESC_ACT_ECON":"RESTAURANTE - 3ª CATEGORIA","ANO":1991,"TIPO":"Restauração e Bebidas","LOCALIZACAO":"Isolado","C_INTEGRADO":null,"EMPRESA":"MARIA ISABEL SILVEIRA MENDES RODRIGUES MOURA","GlobalID":"6206ebab-8eaa-4b84-9e70-c41818640d2b"}},{"type":"Feature","id":13390,"geometry":{"type":"Point","coordinates":[-9.14467931308135,38.7139180749761]},"properties":{"OBJECTID":13390,"COD_SIG":null,"IDTIPO":null,"NOME":"BAR BOA-HORA","REGEND":"001017","MORADA":"BOA HORA (T DA) AO BAIR ALTO","NUM_POLICIA":"18","FREGUESIA":"116","LOCALIDADE":null,"COD_POST_4":null,"COD_POST_3":null,"COM_INT_ID":null,"COD_ACT_ECON":"52403","DESC_ACT_ECON":"BAR/\"PUB\" - 2ª CATEGORIA","ANO":1991,"TIPO":"Restauração e Bebidas","LOCALIZACAO":"Isolado","C_INTEGRADO":null,"EMPRESA":"MARIA ISABEL SILVEIRA MENDES RODRIGUES MOURA","GlobalID":"aee39d6d-94b8-4e86-929b-1f7e4d688d3c"}},{"type":"Feature","id":13436,"geometry":{"type":"Point","coordinates":[-9.12982291742043,38.7195586763629]},"properties":{"OBJECTID":13436,"COD_SIG":null,"IDTIPO":null,"NOME":"PASTELARIA SUPERMERCADO INO","REGEND":"001073","MORADA":"GRAÇA (R DA)","NUM_POLICIA":"100","FREGUESIA":"124","LOCALIDADE":null,"COD_POST_4":null,"COD_POST_3":null,"COM_INT_ID":132,"COD_ACT_ECON":"52104","DESC_ACT_ECON":"CAFE/PASTELARIA - 3ª CATEGORIA","ANO":1991,"TIPO":"Restauração e Bebidas","LOCALIZACAO":"Integrado - outro","C_INTEGRADO":"GALERIA SUPERMERCADO PINGO DOCE","EMPRESA":"MARIA ISABEL SILVEIRA MENDES RODRIGUES MOURA","GlobalID":"07a72d8f-e6c6-4e11-bb71-63df63e7ffab"}},{"type":"Feature","id":13451,"geometry":{"type":"Point","coordinates":[-9.1440098454125,38.7251386092338]},"properties":{"OBJECTID":13451,"COD_SIG":null,"IDTIPO":null,"NOME":"A CORDEIRENSE","REGEND":"000893","MORADA":"LUCIANO CORDEIRO (R)","NUM_POLICIA":"42","FREGUESIA":"122","LOCALIDADE":null,"COD_POST_4":null,"COD_POST_3":null,"COM_INT_ID":null,"COD_ACT_ECON":"52104","DESC_ACT_ECON":"CAFE/PASTELARIA - 3ª CATEGORIA","ANO":1991,"TIPO":"Restauração e Bebidas","LOCALIZACAO":"Isolado","C_INTEGRADO":null,"EMPRESA":"MARIA ISABEL SILVEIRA MENDES RODRIGUES MOURA","GlobalID":"79c8bfd9-0528-4763-8642-cbc01f535f0d"}},{"type":"Feature","id":13512,"geometry":{"type":"Point","coordinates":[-9.12770822305449,38.7187872912125]},"properties":{"OBJECTID":13512,"COD_SIG":null,"IDTIPO":null,"NOME":"FRANCISCO DOMINGOS DOS SANTOS","REGEND":"001100","MORADA":"Travessa de Santo António à Graça","NUM_POLICIA":"33B","FREGUESIA":"124","LOCALIDADE":"LISBOA","COD_POST_4":"1170","COD_POST_3":"335","COM_INT_ID":null,"COD_ACT_ECON":"52705","DESC_ACT_ECON":"Outros Estab. De Bebidas - Taberna","ANO":1991,"TIPO":"Restauração e Bebidas","LOCALIZACAO":"Isolado","C_INTEGRADO":null,"EMPRESA":"MARIA ISABEL SILVEIRA MENDES RODRIGUES MOURA","GlobalID":"ab5cd7a5-e41a-443d-8b5d-7a6072680d38"}},{"type":"Feature","id":13550,"geometry":{"type":"Point","coordinates":[-9.2057395735224,38.7529890800804]},"properties":{"OBJECTID":13550,"COD_SIG":null,"IDTIPO":null,"NOME":"RESTAURANTE SOLAR PEDRALVAS","REGEND":"000649","MORADA":"LUCÍLIA SIMÕES (R)","NUM_POLICIA":"14","FREGUESIA":"109","LOCALIDADE":"LISBOA","COD_POST_4":"1500","COD_POST_3":"387","COM_INT_ID":null,"COD_ACT_ECON":"51107","DESC_ACT_ECON":"RESTAURANTE - 3ª CATEGORIA","ANO":1991,"TIPO":"Restauração e Bebidas","LOCALIZACAO":"Isolado","C_INTEGRADO":null,"EMPRESA":"MARIA ISABEL SILVEIRA MENDES RODRIGUES MOURA","GlobalID":"322f81c1-501d-4bf0-843d-733e375e8534"}},{"type":"Feature","id":13615,"geometry":{"type":"Point","coordinates":[-9.14428858276371,38.7139304682264]},"properties":{"OBJECTID":13615,"COD_SIG":null,"IDTIPO":null,"NOME":"SOLAR DO MARÃO","REGEND":"001015","MORADA":"BOA HORA (T DA) AO BAIR ALTO","NUM_POLICIA":"7","FREGUESIA":"116","LOCALIDADE":null,"COD_POST_4":null,"COD_POST_3":null,"COM_INT_ID":null,"COD_ACT_ECON":"51107","DESC_ACT_ECON":"RESTAURANTE - 3ª CATEGORIA","ANO":1991,"TIPO":"Restauração e Bebidas","LOCALIZACAO":"Isolado","C_INTEGRADO":null,"EMPRESA":"MARIA ISABEL SILVEIRA MENDES RODRIGUES MOURA","GlobalID":"356a9b0d-2b1d-4127-b78d-0517001c84ee"}},{"type":"Feature","id":13673,"geometry":{"type":"Point","coordinates":[-9.15409806529205,38.7568392544492]},"properties":{"OBJECTID":13673,"COD_SIG":null,"IDTIPO":null,"NOME":"RESTAURANTE CALEIDOSCOPIO","REGEND":"000698","MORADA":"GRANDE (CP)","NUM_POLICIA":null,"FREGUESIA":"103","LOCALIDADE":null,"COD_POST_4":null,"COD_POST_3":null,"COM_INT_ID":null,"COD_ACT_ECON":"51105","DESC_ACT_ECON":"RESTAURANTE - 2ª CATEGORIA","ANO":1991,"TIPO":"Restauração e Bebidas","LOCALIZACAO":"Isolado","C_INTEGRADO":null,"EMPRESA":"SOCIEDADE HOTELEIRA CAMAROGRA LDA","GlobalID":"760b3c0b-fa9a-4c3a-8fdc-34995dd17c01"}},{"type":"Feature","id":13680,"geometry":{"type":"Point","coordinates":[-9.16538669310595,38.7387153993661]},"properties":{"OBJECTID":13680,"COD_SIG":null,"IDTIPO":null,"NOME":"CAPPUCCINO","REGEND":"000706","MORADA":"COLUMBANO BORDALO PINHEIRO (AV)","NUM_POLICIA":"99 A/B","FREGUESIA":"111","LOCALIDADE":"LISBOA","COD_POST_4":"1070","COD_POST_3":"063","COM_INT_ID":null,"COD_ACT_ECON":"52103","DESC_ACT_ECON":"CAFÉ/PASTELARIA - 2ª CATEGORIA","ANO":1991,"TIPO":"Restauração e Bebidas","LOCALIZACAO":"Isolado","C_INTEGRADO":null,"EMPRESA":"ROCRI ACTIVIDADES HOTELEIRAS, LDA","GlobalID":"f70b93e5-5cd7-45c0-b503-430cf28eb598"}},{"type":"Feature","id":13682,"geometry":{"type":"Point","coordinates":[-9.1644324118813,38.7371124076773]},"properties":{"OBJECTID":13682,"COD_SIG":null,"IDTIPO":null,"NOME":"INTER REST","REGEND":"000707","MORADA":"JOSÉ MALHOA (AV)","NUM_POLICIA":"LT 1674","FREGUESIA":"111","LOCALIDADE":null,"COD_POST_4":null,"COD_POST_3":null,"COM_INT_ID":124,"COD_ACT_ECON":"51203","DESC_ACT_ECON":"\"SNACK-BAR\" - 3ª CATEGORIA","ANO":1991,"TIPO":"Restauração e Bebidas","LOCALIZACAO":"Integrado - outro","C_INTEGRADO":"GALERIA EDIFÍCIO FIDELIDADE","EMPRESA":"MARIA ISABEL SILVEIRA MENDES RODRIGUES MOURA","GlobalID":"40980c8b-8785-4dc6-be18-652683b48fef"}},{"type":"Feature","id":13713,"geometry":{"type":"Point","coordinates":[-9.14398892993775,38.7138790167029]},"properties":{"OBJECTID":13713,"COD_SIG":null,"IDTIPO":null,"NOME":"DURAN & RODRIGUES","REGEND":"001006","MORADA":"S PEDRO DE ALCÂNTARA (R DE)","NUM_POLICIA":"33","FREGUESIA":"116","LOCALIDADE":null,"COD_POST_4":null,"COD_POST_3":null,"COM_INT_ID":null,"COD_ACT_ECON":"51299","DESC_ACT_ECON":"\"SNACK-BAR\" - (SEM CATEGORIA)","ANO":1991,"TIPO":"Restauração e Bebidas","LOCALIZACAO":"Isolado","C_INTEGRADO":null,"EMPRESA":"MARIA ISABEL SILVEIRA MENDES RODRIGUES MOURA","GlobalID":"6865b2b0-9bff-4c05-8eb2-a30b22cc63ab"}},{"type":"Feature","id":13722,"geometry":{"type":"Point","coordinates":[-9.14394973374696,38.7119156491141]},"properties":{"OBJECTID":13722,"COD_SIG":null,"IDTIPO":null,"NOME":"PATO BATON","REGEND":"001024","MORADA":"Travessa dos Fiéis de Deus","NUM_POLICIA":"28","FREGUESIA":"116","LOCALIDADE":"LISBOA","COD_POST_4":"1200","COD_POST_3":"189","COM_INT_ID":null,"COD_ACT_ECON":"51107","DESC_ACT_ECON":"RESTAURANTE - 3ª CATEGORIA","ANO":1991,"TIPO":"Restauração e Bebidas","LOCALIZACAO":"Isolado","C_INTEGRADO":null,"EMPRESA":"MARIA ISABEL SILVEIRA MENDES RODRIGUES MOURA","GlobalID":"bced7b76-4f1a-4959-8db1-eb7800289d9f"}},{"type":"Feature","id":13740,"geometry":{"type":"Point","coordinates":[-9.14404481502988,38.7129507261386]},"properties":{"OBJECTID":13740,"COD_SIG":null,"IDTIPO":null,"NOME":"O COMILÃO","REGEND":"001032","MORADA":"Travessa da Queimada","NUM_POLICIA":"17","FREGUESIA":"116","LOCALIDADE":"LISBOA","COD_POST_4":"1200","COD_POST_3":"364","COM_INT_ID":null,"COD_ACT_ECON":"52104","DESC_ACT_ECON":"CAFE/PASTELARIA - 3ª CATEGORIA","ANO":1991,"TIPO":"Restauração e Bebidas","LOCALIZACAO":"Isolado","C_INTEGRADO":null,"EMPRESA":"JOSÉ & FERNANDO CABRAL, LDA","GlobalID":"65fd6c02-41b7-4a2a-9244-a3fb70e65605"}},{"type":"Feature","id":13759,"geometry":{"type":"Point","coordinates":[-9.14522566304727,38.7224797756558]},"properties":{"OBJECTID":13759,"COD_SIG":null,"IDTIPO":null,"NOME":"DOM PARREIRAS","REGEND":"000923","MORADA":"Travessa das Parreiras","NUM_POLICIA":"76","FREGUESIA":"122","LOCALIDADE":"LISBOA","COD_POST_4":"1150","COD_POST_3":"252","COM_INT_ID":null,"COD_ACT_ECON":"51107","DESC_ACT_ECON":"RESTAURANTE - 3ª CATEGORIA","ANO":1991,"TIPO":"Restauração e Bebidas","LOCALIZACAO":"Isolado","C_INTEGRADO":null,"EMPRESA":"MARIA ISABEL SILVEIRA MENDES RODRIGUES MOURA","GlobalID":"c58b2648-05a2-4f7f-8cc2-26d8106c4626"}},{"type":"Feature","id":13770,"geometry":{"type":"Point","coordinates":[-9.14493427472194,38.7116188687444]},"properties":{"OBJECTID":13770,"COD_SIG":null,"IDTIPO":null,"NOME":"ESTRELA ATALAIA VINHOS PETISCOS & REFEIÇÕES LDA","REGEND":"000931","MORADA":"Rua da Atalaia","NUM_POLICIA":"21","FREGUESIA":"116","LOCALIDADE":"LISBOA","COD_POST_4":"1200","COD_POST_3":"036","COM_INT_ID":null,"COD_ACT_ECON":"52704","DESC_ACT_ECON":"OUTROS EST. DE BEBIDAS - 3ª CATEGORIA","ANO":1991,"TIPO":"Restauração e Bebidas","LOCALIZACAO":"Isolado","C_INTEGRADO":null,"EMPRESA":"ESTRELA D'ATALAIA - VINHOS PETISCOS E REFEIÇÕES, LDA","GlobalID":"da038e31-0347-4555-b7d2-d69b96fb9178"}},{"type":"Feature","id":13782,"geometry":{"type":"Point","coordinates":[-9.16231018783665,38.7295185986343]},"properties":{"OBJECTID":13782,"COD_SIG":null,"IDTIPO":null,"NOME":"LEITARIA MIMOSA","REGEND":"000762","MORADA":"CAMPOLIDE (R DE)","NUM_POLICIA":"148","FREGUESIA":"111","LOCALIDADE":"LISBOA","COD_POST_4":"1070","COD_POST_3":"037","COM_INT_ID":null,"COD_ACT_ECON":"51107","DESC_ACT_ECON":"RESTAURANTE - 3ª CATEGORIA","ANO":1991,"TIPO":"Restauração e Bebidas","LOCALIZACAO":"Isolado","C_INTEGRADO":null,"EMPRESA":"GAMEIRO & IRMAO, LDA","GlobalID":"721df368-50b0-42a4-988f-37c61f28df48"}},{"type":"Feature","id":13815,"geometry":{"type":"Point","coordinates":[-9.14372357299271,38.7129985474346]},"properties":{"OBJECTID":13815,"COD_SIG":null,"IDTIPO":null,"NOME":"TIPOIA","REGEND":"000999","MORADA":"Rua do Norte (Bairro Alto)","NUM_POLICIA":"100","FREGUESIA":"116","LOCALIDADE":"LISBOA                         ","COD_POST_4":"1200","COD_POST_3":"287","COM_INT_ID":null,"COD_ACT_ECON":"51105","DESC_ACT_ECON":"RESTAURANTE - 2ª CATEGORIA","ANO":1991,"TIPO":"Restauração e Bebidas","LOCALIZACAO":"Isolado","C_INTEGRADO":null,"EMPRESA":"CANTINHO CANTINO LDA","GlobalID":"0c7ef092-9c54-44e9-8402-2c9facf872c5"}},{"type":"Feature","id":13821,"geometry":{"type":"Point","coordinates":[-9.1437659366432,38.7135566657994]},"properties":{"OBJECTID":13821,"COD_SIG":null,"IDTIPO":null,"NOME":"CAFÉ ESTÁDIO","REGEND":"001004","MORADA":"Rua de São Pedro de Alcântara","NUM_POLICIA":"11","FREGUESIA":"116","LOCALIDADE":"LISBOA","COD_POST_4":"1250","COD_POST_3":"237","COM_INT_ID":null,"COD_ACT_ECON":"52104","DESC_ACT_ECON":"CAFE/PASTELARIA - 3ª CATEGORIA","ANO":1991,"TIPO":"Restauração e Bebidas","LOCALIZACAO":"Isolado","C_INTEGRADO":null,"EMPRESA":"SILVA & SEIXAS, LDA","GlobalID":"32750224-59c9-4e94-b30e-941d460187e7"}},{"type":"Feature","id":13836,"geometry":{"type":"Point","coordinates":[-9.14401242986558,38.7139148443616]},"properties":{"OBJECTID":13836,"COD_SIG":null,"IDTIPO":null,"NOME":"PASTELARIA COURENSE","REGEND":"001007","MORADA":"S PEDRO DE ALCÂNTARA (R DE)","NUM_POLICIA":"35","FREGUESIA":"116","LOCALIDADE":null,"COD_POST_4":null,"COD_POST_3":null,"COM_INT_ID":null,"COD_ACT_ECON":"52104","DESC_ACT_ECON":"CAFE/PASTELARIA - 3ª CATEGORIA","ANO":1991,"TIPO":"Restauração e Bebidas","LOCALIZACAO":"Isolado","C_INTEGRADO":null,"EMPRESA":"MARIA ISABEL SILVEIRA MENDES RODRIGUES MOURA","GlobalID":"b17303c3-4425-467f-986a-f11eae955d6e"}},{"type":"Feature","id":13892,"geometry":{"type":"Point","coordinates":[-9.14339293188271,38.7123798695647]},"properties":{"OBJECTID":13892,"COD_SIG":null,"IDTIPO":null,"NOME":"CARQUEJA BAR","REGEND":"000973","MORADA":"Rua das Gáveas","NUM_POLICIA":"84","FREGUESIA":"116","LOCALIDADE":"LISBOA","COD_POST_4":"1200","COD_POST_3":"209","COM_INT_ID":null,"COD_ACT_ECON":"52704","DESC_ACT_ECON":"OUTROS EST. DE BEBIDAS - 3ª CATEGORIA","ANO":1991,"TIPO":"Restauração e Bebidas","LOCALIZACAO":"Isolado","C_INTEGRADO":null,"EMPRESA":"LUCIANO LOPEZ & CONCEIÇAO LDA","GlobalID":"c2763a46-4b7e-4de2-839b-78aa4a2004c3"}},{"type":"Feature","id":14092,"geometry":{"type":"Point","coordinates":[-9.14417250156438,38.7228131849599]},"properties":{"OBJECTID":14092,"COD_SIG":null,"IDTIPO":null,"NOME":"AMERICO ESTEVES","REGEND":"000904","MORADA":"PASSADIÇO (R DO)","NUM_POLICIA":"57","FREGUESIA":"122","LOCALIDADE":null,"COD_POST_4":null,"COD_POST_3":null,"COM_INT_ID":null,"COD_ACT_ECON":"51109","DESC_ACT_ECON":"RESTAURANTE - CASA DE PASTO","ANO":1991,"TIPO":"Restauração e Bebidas","LOCALIZACAO":"Isolado","C_INTEGRADO":null,"EMPRESA":"MARIA ISABEL SILVEIRA MENDES RODRIGUES MOURA","GlobalID":"494e8e3b-8428-4f6b-8ec0-f01973924684"}},{"type":"Feature","id":14127,"geometry":{"type":"Point","coordinates":[-9.14422620375036,38.7127689987538]},"properties":{"OBJECTID":14127,"COD_SIG":null,"IDTIPO":null,"NOME":"ADEGA MESQUITA","REGEND":"000962","MORADA":"Rua do Diário de Notícias","NUM_POLICIA":"107","FREGUESIA":"116","LOCALIDADE":"LISBOA","COD_POST_4":"1200","COD_POST_3":"142","COM_INT_ID":null,"COD_ACT_ECON":"51106","DESC_ACT_ECON":"RESTAURANTE - 2ª CATEGORIA (TÍPICO)","ANO":1991,"TIPO":"Restauração e Bebidas","LOCALIZACAO":"Isolado","C_INTEGRADO":null,"EMPRESA":"MARIA ISABEL SILVEIRA MENDES RODRIGUES MOURA","GlobalID":"a39119af-d897-4ae0-8343-213a20011da5"}},{"type":"Feature","id":14129,"geometry":{"type":"Point","coordinates":[-9.14423149213244,38.7132009674821]},"properties":{"OBJECTID":14129,"COD_SIG":null,"IDTIPO":null,"NOME":"LA FOLIE","REGEND":"000963","MORADA":"Rua do Diário de Notícias","NUM_POLICIA":"122","FREGUESIA":"116","LOCALIDADE":"LISBOA                         ","COD_POST_4":"1200","COD_POST_3":"145","COM_INT_ID":null,"COD_ACT_ECON":"53199","DESC_ACT_ECON":"SALA DE DANÇA/DISCOTECA-(SEM CATEGORIA)","ANO":1991,"TIPO":"Restauração e Bebidas","LOCALIZACAO":"Isolado","C_INTEGRADO":null,"EMPRESA":"SOUQUE - ACTIVIDADES HOTELEIRAS, LDA","GlobalID":"1f240a13-b8a6-4a72-b188-5c4f4f8ab79d"}},{"type":"Feature","id":14188,"geometry":{"type":"Point","coordinates":[-9.19778212695408,38.7562777109872]},"properties":{"OBJECTID":14188,"COD_SIG":null,"IDTIPO":null,"NOME":"PASTELARIA CHÁVENA D'OURO","REGEND":"000650","MORADA":"Rua Manuel Múrias (antiga Rua C da Quinta do Charquinho)","NUM_POLICIA":"4B","FREGUESIA":"109","LOCALIDADE":"LISBOA","COD_POST_4":"1500","COD_POST_3":"418","COM_INT_ID":null,"COD_ACT_ECON":"52104","DESC_ACT_ECON":"CAFE/PASTELARIA - 3ª CATEGORIA","ANO":1991,"TIPO":"Restauração e Bebidas","LOCALIZACAO":"Isolado","C_INTEGRADO":null,"EMPRESA":"PESTANA & LEITÃO, LDA","GlobalID":"ff0b75ec-f6ba-4a17-b9b9-fe332c360e8f"}},{"type":"Feature","id":14202,"geometry":{"type":"Point","coordinates":[-9.14985083242535,38.7218630763745]},"properties":{"OBJECTID":14202,"COD_SIG":null,"IDTIPO":null,"NOME":"RESTAURANTE BAR RELAMPAGO","REGEND":"000900","MORADA":"MOUZINHO DA SILVEIRA (R)","NUM_POLICIA":"17","FREGUESIA":"122","LOCALIDADE":null,"COD_POST_4":null,"COD_POST_3":null,"COM_INT_ID":null,"COD_ACT_ECON":"51105","DESC_ACT_ECON":"RESTAURANTE - 2ª CATEGORIA","ANO":1991,"TIPO":"Restauração e Bebidas","LOCALIZACAO":"Isolado","C_INTEGRADO":null,"EMPRESA":"MARIA ISABEL SILVEIRA MENDES RODRIGUES MOURA","GlobalID":"677c4de1-e5c2-4464-bdca-cc728e5cedf8"}},{"type":"Feature","id":14207,"geometry":{"type":"Point","coordinates":[-9.14348368687924,38.7245216266353]},"properties":{"OBJECTID":14207,"COD_SIG":null,"IDTIPO":null,"NOME":"RESTAURANTE TIA CELESTE","REGEND":"000889","MORADA":"LUCIANO CORDEIRO (R)","NUM_POLICIA":"26","FREGUESIA":"122","LOCALIDADE":"LISBOA","COD_POST_4":"1150","COD_POST_3":"216","COM_INT_ID":null,"COD_ACT_ECON":"51107","DESC_ACT_ECON":"RESTAURANTE - 3ª CATEGORIA","ANO":1991,"TIPO":"Restauração e Bebidas","LOCALIZACAO":"Isolado","C_INTEGRADO":null,"EMPRESA":"ETELVINO RODRIGUES & SILVA, LDA","GlobalID":"4abac980-75ff-4a50-9edb-6aee1778b0fe"}},{"type":"Feature","id":14284,"geometry":{"type":"Point","coordinates":[-9.12773973685296,38.7177568657598]},"properties":{"OBJECTID":14284,"COD_SIG":null,"IDTIPO":null,"NOME":"O CALEIRA TABERNA","REGEND":"001086","MORADA":"SENHORA DA GLORIA (R DA)","NUM_POLICIA":"19","FREGUESIA":"124","LOCALIDADE":null,"COD_POST_4":null,"COD_POST_3":null,"COM_INT_ID":null,"COD_ACT_ECON":"51109","DESC_ACT_ECON":"RESTAURANTE - CASA DE PASTO","ANO":1991,"TIPO":"Restauração e Bebidas","LOCALIZACAO":"Isolado","C_INTEGRADO":null,"EMPRESA":"MARIA ISABEL SILVEIRA MENDES RODRIGUES MOURA","GlobalID":"857783d4-998d-49d6-80da-a7634ed6cbd9"}},{"type":"Feature","id":14316,"geometry":{"type":"Point","coordinates":[-9.17056337506787,38.7316524351939]},"properties":{"OBJECTID":14316,"COD_SIG":null,"IDTIPO":null,"NOME":"VINHOS & PETISCOS SOLAR LDA","REGEND":"000715","MORADA":"INACIO PARDELHAS SANCHEZ (R)","NUM_POLICIA":"173 B","FREGUESIA":"111","LOCALIDADE":null,"COD_POST_4":null,"COD_POST_3":null,"COM_INT_ID":null,"COD_ACT_ECON":"51109","DESC_ACT_ECON":"RESTAURANTE - CASA DE PASTO","ANO":1991,"TIPO":"Restauração e Bebidas","LOCALIZACAO":"Isolado","C_INTEGRADO":null,"EMPRESA":"MARIA ISABEL SILVEIRA MENDES RODRIGUES MOURA","GlobalID":"85e5296e-6193-4a5a-99df-a8495b24a27c"}},{"type":"Feature","id":14362,"geometry":{"type":"Point","coordinates":[-9.14427033618363,38.7118227941479]},"properties":{"OBJECTID":14362,"COD_SIG":null,"IDTIPO":null,"NOME":"RESTAURANTE FIEIS AO TACHO","REGEND":"001025","MORADA":"Travessa dos Fiéis de Deus","NUM_POLICIA":"29","FREGUESIA":"116","LOCALIDADE":"LISBOA","COD_POST_4":"1200","COD_POST_3":"187","COM_INT_ID":null,"COD_ACT_ECON":"51107","DESC_ACT_ECON":"RESTAURANTE - 3ª CATEGORIA","ANO":1991,"TIPO":"Restauração e Bebidas","LOCALIZACAO":"Isolado","C_INTEGRADO":null,"EMPRESA":"MARIA ISABEL SILVEIRA MENDES RODRIGUES MOURA","GlobalID":"25e7c245-b86f-4e0e-85c5-35721f2631a0"}},{"type":"Feature","id":14399,"geometry":{"type":"Point","coordinates":[-9.14344869300734,38.7130729898705]},"properties":{"OBJECTID":14399,"COD_SIG":null,"IDTIPO":null,"NOME":"FERNANDO PEDROSA","REGEND":"000925","MORADA":"Largo Trindade Coelho","NUM_POLICIA":"17","FREGUESIA":"116","LOCALIDADE":"LISBOA","COD_POST_4":"1200","COD_POST_3":"470","COM_INT_ID":null,"COD_ACT_ECON":"51299","DESC_ACT_ECON":"\"SNACK-BAR\" - (SEM CATEGORIA)","ANO":1991,"TIPO":"Restauração e Bebidas","LOCALIZACAO":"Isolado","C_INTEGRADO":null,"EMPRESA":"PEDROSA - ACTIVIDADES HOTELEIRAS, LDA","GlobalID":"98f6d055-b5b0-4922-a0f0-bcedc6dc740d"}},{"type":"Feature","id":14412,"geometry":{"type":"Point","coordinates":[-9.14656850964973,38.7231166855177]},"properties":{"OBJECTID":14412,"COD_SIG":null,"IDTIPO":null,"NOME":"BAR RESTAURANTE SECULO PASSADO","REGEND":"000909","MORADA":"RODRIGUES SAMPAIO (R)","NUM_POLICIA":"96 A","FREGUESIA":"122","LOCALIDADE":null,"COD_POST_4":null,"COD_POST_3":null,"COM_INT_ID":null,"COD_ACT_ECON":"52403","DESC_ACT_ECON":"BAR/\"PUB\" - 2ª CATEGORIA","ANO":1991,"TIPO":"Restauração e Bebidas","LOCALIZACAO":"Isolado","C_INTEGRADO":null,"EMPRESA":"MARIA ISABEL SILVEIRA MENDES RODRIGUES MOURA","GlobalID":"6a4df695-dd96-4193-a6f2-14b1cb80cb71"}},{"type":"Feature","id":14418,"geometry":{"type":"Point","coordinates":[-9.14353037052793,38.712342648346]},"properties":{"OBJECTID":14418,"COD_SIG":null,"IDTIPO":null,"NOME":"RESTAURANTE SINAL VERMELHO","REGEND":"000974","MORADA":"GAVEAS (R DAS)","NUM_POLICIA":"89","FREGUESIA":"116","LOCALIDADE":"LISBOA","COD_POST_4":"1200","COD_POST_3":"206","COM_INT_ID":null,"COD_ACT_ECON":"51107","DESC_ACT_ECON":"RESTAURANTE - 3ª CATEGORIA","ANO":1991,"TIPO":"Restauração e Bebidas","LOCALIZACAO":"Isolado","C_INTEGRADO":null,"EMPRESA":"SINAL VERMELHO - ACTIVIDADES HOTELEIRAS MARQUES E ABREU, LDA","GlobalID":"37f94007-a3c1-4ad5-a4a7-9e4b98139983"}},{"type":"Feature","id":14420,"geometry":{"type":"Point","coordinates":[-9.14405193148355,38.7134551030768]},"properties":{"OBJECTID":14420,"COD_SIG":null,"IDTIPO":null,"NOME":"TASCA DA MAFALDA","REGEND":"000975","MORADA":"Rua do Grémio Lusitano","NUM_POLICIA":"14","FREGUESIA":"116","LOCALIDADE":"LISBOA","COD_POST_4":"1200","COD_POST_3":"212","COM_INT_ID":null,"COD_ACT_ECON":"51107","DESC_ACT_ECON":"RESTAURANTE - 3ª CATEGORIA","ANO":1991,"TIPO":"Restauração e Bebidas","LOCALIZACAO":"Isolado","C_INTEGRADO":null,"EMPRESA":"TASCA DA MAFALDA, LDA","GlobalID":"d587a55f-7cf9-4a2e-9e3f-08853ed921f9"}},{"type":"Feature","id":14426,"geometry":{"type":"Point","coordinates":[-9.16638989568264,38.7237535932071]},"properties":{"OBJECTID":14426,"COD_SIG":null,"IDTIPO":null,"NOME":"MOISES MANUEL ESTEVES","REGEND":"000779","MORADA":"GARCIA (R DO)","NUM_POLICIA":"9 B/C","FREGUESIA":"111","LOCALIDADE":"LISBOA","COD_POST_4":"1070","COD_POST_3":"301","COM_INT_ID":null,"COD_ACT_ECON":"52704","DESC_ACT_ECON":"OUTROS EST. DE BEBIDAS - 3ª CATEGORIA","ANO":1991,"TIPO":"Restauração e Bebidas","LOCALIZACAO":"Isolado","C_INTEGRADO":null,"EMPRESA":"MARIA ISABEL SILVEIRA MENDES RODRIGUES MOURA","GlobalID":"fc3b62ba-8a37-4551-9b30-f4969ff60585"}},{"type":"Feature","id":14454,"geometry":{"type":"Point","coordinates":[-9.14440315928493,38.7139024518096]},"properties":{"OBJECTID":14454,"COD_SIG":null,"IDTIPO":null,"NOME":"BAR GINGAO","REGEND":"001016","MORADA":"BOA HORA (T DA) AO BAIR ALTO","NUM_POLICIA":"11","FREGUESIA":"116","LOCALIDADE":null,"COD_POST_4":null,"COD_POST_3":null,"COM_INT_ID":null,"COD_ACT_ECON":"52404","DESC_ACT_ECON":"BAR/\"PUB\" - 3ª CATEGORIA","ANO":1991,"TIPO":"Restauração e Bebidas","LOCALIZACAO":"Isolado","C_INTEGRADO":null,"EMPRESA":"MARIA ISABEL SILVEIRA MENDES RODRIGUES MOURA","GlobalID":"55e14882-4a74-4dc6-94dd-5462d83e3c99"}},{"type":"Feature","id":14465,"geometry":{"type":"Point","coordinates":[-9.1446246613761,38.7142614872817]},"properties":{"OBJECTID":14465,"COD_SIG":null,"IDTIPO":null,"NOME":"BAR BALTICO","REGEND":"001010","MORADA":"Rua do Teixeira","NUM_POLICIA":"1","FREGUESIA":"116","LOCALIDADE":null,"COD_POST_4":"1200","COD_POST_3":"459","COM_INT_ID":null,"COD_ACT_ECON":"52404","DESC_ACT_ECON":"BAR/\"PUB\" - 3ª CATEGORIA","ANO":1991,"TIPO":"Restauração e Bebidas","LOCALIZACAO":"Isolado","C_INTEGRADO":null,"EMPRESA":"MARIA ISABEL SILVEIRA MENDES RODRIGUES MOURA","GlobalID":"39ba139f-c73e-460a-bb90-99957be07aad"}},{"type":"Feature","id":14569,"geometry":{"type":"Point","coordinates":[-9.14292308963292,38.784220954044]},"properties":{"OBJECTID":14569,"COD_SIG":null,"IDTIPO":null,"NOME":"CANTINHO DOS AMIGOS","REGEND":"000838","MORADA":"AMOREIRAS (CP DAS)","NUM_POLICIA":"13 A","FREGUESIA":"120","LOCALIDADE":"LISBOA","COD_POST_4":"1750","COD_POST_3":"021","COM_INT_ID":null,"COD_ACT_ECON":"52404","DESC_ACT_ECON":"BAR/\"PUB\" - 3ª CATEGORIA","ANO":1991,"TIPO":"Restauração e Bebidas","LOCALIZACAO":"Isolado","C_INTEGRADO":null,"EMPRESA":"MARIA ISABEL SILVEIRA MENDES RODRIGUES MOURA","GlobalID":"d6665c6f-35e3-4812-9736-eeb8866bf325"}},{"type":"Feature","id":14652,"geometry":{"type":"Point","coordinates":[-9.14484517801542,38.7107234010779]},"properties":{"OBJECTID":14652,"COD_SIG":null,"IDTIPO":null,"NOME":"SNACK BAR MILA","REGEND":"000985","MORADA":"LORETO (R DO)","NUM_POLICIA":"54","FREGUESIA":"116","LOCALIDADE":null,"COD_POST_4":null,"COD_POST_3":null,"COM_INT_ID":null,"COD_ACT_ECON":"52104","DESC_ACT_ECON":"CAFE/PASTELARIA - 3ª CATEGORIA","ANO":1991,"TIPO":"Restauração e Bebidas","LOCALIZACAO":"Isolado","C_INTEGRADO":null,"EMPRESA":"LOPES FERREIRA & GOMES, LDA","GlobalID":"ddf2f162-b54d-4b3b-a484-4c1e5aca0c8d"}},{"type":"Feature","id":14655,"geometry":{"type":"Point","coordinates":[-9.13087086238648,38.7147215247793]},"properties":{"OBJECTID":14655,"COD_SIG":null,"IDTIPO":null,"NOME":"ANTONIO CRUZ MARQUES PIMENTA","REGEND":"001036","MORADA":"GRAÇA (C DA)","NUM_POLICIA":"8 B/C","FREGUESIA":"124","LOCALIDADE":null,"COD_POST_4":null,"COD_POST_3":null,"COM_INT_ID":null,"COD_ACT_ECON":"51109","DESC_ACT_ECON":"RESTAURANTE - CASA DE PASTO","ANO":1991,"TIPO":"Restauração e Bebidas","LOCALIZACAO":"Isolado","C_INTEGRADO":null,"EMPRESA":"MARIA ISABEL SILVEIRA MENDES RODRIGUES MOURA","GlobalID":"faa18b7d-f762-4345-b9e0-fd7981f8a652"}},{"type":"Feature","id":14667,"geometry":{"type":"Point","coordinates":[-9.13177617824158,38.7186321886565]},"properties":{"OBJECTID":14667,"COD_SIG":null,"IDTIPO":null,"NOME":"LEONOR MARIA AGUIAR","REGEND":"001040","MORADA":"MONTE (C DO)","NUM_POLICIA":"86 A","FREGUESIA":"124","LOCALIDADE":null,"COD_POST_4":null,"COD_POST_3":null,"COM_INT_ID":null,"COD_ACT_ECON":"51403","DESC_ACT_ECON":"OUTROS EST. COMIDAS REFEIÇÕES - 3ª CAT.","ANO":1991,"TIPO":"Restauração e Bebidas","LOCALIZACAO":"Isolado","C_INTEGRADO":null,"EMPRESA":"MARIA ISABEL SILVEIRA MENDES RODRIGUES MOURA","GlobalID":"99545f66-d625-4129-8c38-a0ea6f8d9609"}},{"type":"Feature","id":14672,"geometry":{"type":"Point","coordinates":[-9.12972724594435,38.7176408256174]},"properties":{"OBJECTID":14672,"COD_SIG":null,"IDTIPO":null,"NOME":"PARREIRINHA GRAÇA","REGEND":"001045","MORADA":"GRAÇA (L DA)","NUM_POLICIA":"31","FREGUESIA":"124","LOCALIDADE":null,"COD_POST_4":null,"COD_POST_3":null,"COM_INT_ID":null,"COD_ACT_ECON":"51107","DESC_ACT_ECON":"RESTAURANTE - 3ª CATEGORIA","ANO":1991,"TIPO":"Restauração e Bebidas","LOCALIZACAO":"Isolado","C_INTEGRADO":null,"EMPRESA":"MARIA ISABEL SILVEIRA MENDES RODRIGUES MOURA","GlobalID":"2043c897-83df-4eb0-a950-a71cd31a4dd9"}},{"type":"Feature","id":14675,"geometry":{"type":"Point","coordinates":[-9.12966826885098,38.7178507748775]},"properties":{"OBJECTID":14675,"COD_SIG":null,"IDTIPO":null,"NOME":"LEITARIA ANTONIO BRITO PEREIRA LDA","REGEND":"001044","MORADA":"Largo da Graça","NUM_POLICIA":"22","FREGUESIA":"124","LOCALIDADE":"LISBOA","COD_POST_4":"1170","COD_POST_3":"165","COM_INT_ID":null,"COD_ACT_ECON":"51107","DESC_ACT_ECON":"RESTAURANTE - 3ª CATEGORIA","ANO":1991,"TIPO":"Restauração e Bebidas","LOCALIZACAO":"Isolado","C_INTEGRADO":null,"EMPRESA":"LEITARIA ANTONIO BRITO & PEREIRA, LDA","GlobalID":"cc807fe5-85a1-43c6-9f24-0705e4054e6b"}},{"type":"Feature","id":14687,"geometry":{"type":"Point","coordinates":[-9.1424606638741,38.7873326198816]},"properties":{"OBJECTID":14687,"COD_SIG":null,"IDTIPO":null,"NOME":"ALFREDO VASCO RODRIGUES","REGEND":"000840","MORADA":"AMOREIRAS (CP DAS)","NUM_POLICIA":"91","FREGUESIA":"120","LOCALIDADE":null,"COD_POST_4":null,"COD_POST_3":null,"COM_INT_ID":null,"COD_ACT_ECON":"52104","DESC_ACT_ECON":"CAFE/PASTELARIA - 3ª CATEGORIA","ANO":1991,"TIPO":"Restauração e Bebidas","LOCALIZACAO":"Isolado","C_INTEGRADO":null,"EMPRESA":"MARIA ISABEL SILVEIRA MENDES RODRIGUES MOURA","GlobalID":"8ada0f63-43f5-4407-b112-de16cb2a3695"}},{"type":"Feature","id":14820,"geometry":{"type":"Point","coordinates":[-9.2067450515317,38.7506045847462]},"properties":{"OBJECTID":14820,"COD_SIG":null,"IDTIPO":null,"NOME":"DIPA BAR","REGEND":"000644","MORADA":"Rua João Frederico Ludovice","NUM_POLICIA":"12A","FREGUESIA":"109","LOCALIDADE":"LISBOA","COD_POST_4":"1500","COD_POST_3":"356","COM_INT_ID":null,"COD_ACT_ECON":"51203","DESC_ACT_ECON":"\"SNACK-BAR\" - 3ª CATEGORIA","ANO":1991,"TIPO":"Restauração e Bebidas","LOCALIZACAO":"Isolado","C_INTEGRADO":null,"EMPRESA":"MARIA ISABEL SILVEIRA MENDES RODRIGUES MOURA","GlobalID":"12953bb9-d2df-4b41-b9a8-0372c9fb9d36"}},{"type":"Feature","id":14833,"geometry":{"type":"Point","coordinates":[-9.17065939509029,38.7327235078042]},"properties":{"OBJECTID":14833,"COD_SIG":null,"IDTIPO":null,"NOME":"AMADEU MARTINS VIANA","REGEND":"000711","MORADA":"Rua Inácio Pardelhas Sanchez (antiga Rua A do Bairro da Liberdade)","NUM_POLICIA":"144A","FREGUESIA":"111","LOCALIDADE":"LISBOA","COD_POST_4":"1070","COD_POST_3":"146","COM_INT_ID":null,"COD_ACT_ECON":"51203","DESC_ACT_ECON":"\"SNACK-BAR\" - 3ª CATEGORIA","ANO":1991,"TIPO":"Restauração e Bebidas","LOCALIZACAO":"Isolado","C_INTEGRADO":null,"EMPRESA":"MARIA ISABEL SILVEIRA MENDES RODRIGUES MOURA","GlobalID":"43bc230f-2377-46b2-8922-a23151c2afed"}},{"type":"Feature","id":14836,"geometry":{"type":"Point","coordinates":[-9.17077165395807,38.7317406610967]},"properties":{"OBJECTID":14836,"COD_SIG":null,"IDTIPO":null,"NOME":"JOAO RODRIGUES COELHO","REGEND":"000713","MORADA":"INACIO PARDELHAS SANCHEZ (R)","NUM_POLICIA":"172","FREGUESIA":"111","LOCALIDADE":null,"COD_POST_4":null,"COD_POST_3":null,"COM_INT_ID":null,"COD_ACT_ECON":"51203","DESC_ACT_ECON":"\"SNACK-BAR\" - 3ª CATEGORIA","ANO":1991,"TIPO":"Restauração e Bebidas","LOCALIZACAO":"Isolado","C_INTEGRADO":null,"EMPRESA":"MARIA ISABEL SILVEIRA MENDES RODRIGUES MOURA","GlobalID":"39e09111-b51c-4282-8d9c-b19acbebcafd"}},{"type":"Feature","id":14840,"geometry":{"type":"Point","coordinates":[-9.16933191956063,38.7339523816003]},"properties":{"OBJECTID":14840,"COD_SIG":null,"IDTIPO":null,"NOME":"PASTELARIA JUDITE","REGEND":"000717","MORADA":"B (R) NO BAIR DA LIBERDADE","NUM_POLICIA":"82 A","FREGUESIA":"111","LOCALIDADE":"LISBOA","COD_POST_4":"1070","COD_POST_3":"017","COM_INT_ID":null,"COD_ACT_ECON":"52104","DESC_ACT_ECON":"CAFE/PASTELARIA - 3ª CATEGORIA","ANO":1991,"TIPO":"Restauração e Bebidas","LOCALIZACAO":"Isolado","C_INTEGRADO":null,"EMPRESA":"MARIA ISABEL SILVEIRA MENDES RODRIGUES MOURA","GlobalID":"3328813d-09ce-4e9e-a651-70be5bdff8b3"}},{"type":"Feature","id":14877,"geometry":{"type":"Point","coordinates":[-9.14421981133881,38.7134108036143]},"properties":{"OBJECTID":14877,"COD_SIG":null,"IDTIPO":null,"NOME":"MATA BICHO","REGEND":"000976","MORADA":"Rua do Grémio Lusitano","NUM_POLICIA":"18","FREGUESIA":"116","LOCALIDADE":"LISBOA                         ","COD_POST_4":"1200","COD_POST_3":"146","COM_INT_ID":null,"COD_ACT_ECON":"51105","DESC_ACT_ECON":"RESTAURANTE - 2ª CATEGORIA","ANO":1991,"TIPO":"Restauração e Bebidas","LOCALIZACAO":"Isolado","C_INTEGRADO":null,"EMPRESA":"MARIA ISABEL SILVEIRA MENDES RODRIGUES MOURA","GlobalID":"e8d60285-924e-4dc9-94f5-31cfe932958a"}},{"type":"Feature","id":14884,"geometry":{"type":"Point","coordinates":[-9.14352104062538,38.7092350270476]},"properties":{"OBJECTID":14884,"COD_SIG":null,"IDTIPO":null,"NOME":"RESTAURANTE FLORES","REGEND":"000967","MORADA":"Rua das Flores","NUM_POLICIA":"76","FREGUESIA":"116","LOCALIDADE":"LISBOA","COD_POST_4":"1200","COD_POST_3":"046","COM_INT_ID":null,"COD_ACT_ECON":"51107","DESC_ACT_ECON":"RESTAURANTE - 3ª CATEGORIA","ANO":1991,"TIPO":"Restauração e Bebidas","LOCALIZACAO":"Isolado","C_INTEGRADO":null,"EMPRESA":"DOMINGUEZ & MIGUELEZ, LDA","GlobalID":"a4fe5155-a775-4f8d-8b47-3dc1d16d73e2"}},{"type":"Feature","id":14888,"geometry":{"type":"Point","coordinates":[-9.14339420210051,38.712469936829]},"properties":{"OBJECTID":14888,"COD_SIG":null,"IDTIPO":null,"NOME":"RESTAURANTE FLORESTA DA CIDADE","REGEND":"001027","MORADA":"Travessa do Poço da Cidade","NUM_POLICIA":"12","FREGUESIA":"116","LOCALIDADE":"LISBOA","COD_POST_4":"1200","COD_POST_3":"334","COM_INT_ID":null,"COD_ACT_ECON":"51107","DESC_ACT_ECON":"RESTAURANTE - 3ª CATEGORIA","ANO":1991,"TIPO":"Restauração e Bebidas","LOCALIZACAO":"Isolado","C_INTEGRADO":null,"EMPRESA":"MARIA ISABEL SILVEIRA MENDES RODRIGUES MOURA","GlobalID":"6450a5e7-cb69-4201-893d-997c7ce8ac5e"}},{"type":"Feature","id":14902,"geometry":{"type":"Point","coordinates":[-9.13301879890948,38.7177759736512]},"properties":{"OBJECTID":14902,"COD_SIG":null,"IDTIPO":null,"NOME":"CUSTODIO SILVA ARANTES","REGEND":"001039","MORADA":"Calçada do Monte","NUM_POLICIA":"9","FREGUESIA":"124","LOCALIDADE":null,"COD_POST_4":"1100","COD_POST_3":"361","COM_INT_ID":null,"COD_ACT_ECON":"52704","DESC_ACT_ECON":"OUTROS EST. DE BEBIDAS - 3ª CATEGORIA","ANO":1991,"TIPO":"Restauração e Bebidas","LOCALIZACAO":"Isolado","C_INTEGRADO":null,"EMPRESA":"MARIA ISABEL SILVEIRA MENDES RODRIGUES MOURA","GlobalID":"69897177-45e1-4963-be8a-6f358b306b1e"}},{"type":"Feature","id":14918,"geometry":{"type":"Point","coordinates":[-9.14598679031616,38.7249019672123]},"properties":{"OBJECTID":14918,"COD_SIG":null,"IDTIPO":null,"NOME":"A LANTERNA D'OURO II","REGEND":"000882","MORADA":"Rua do Conde de Redondo","NUM_POLICIA":"143A","FREGUESIA":"122","LOCALIDADE":"LISBOA","COD_POST_4":"1150","COD_POST_3":"104","COM_INT_ID":null,"COD_ACT_ECON":"52104","DESC_ACT_ECON":"CAFE/PASTELARIA - 3ª CATEGORIA","ANO":1991,"TIPO":"Restauração e Bebidas","LOCALIZACAO":"Isolado","C_INTEGRADO":null,"EMPRESA":"VAZ - ACTIVIDADES HOTELEIRAS UNIPESSOAL, LDA","GlobalID":"39c62c6e-55a2-45d6-8ba6-b8c0f0a327ef"}},{"type":"Feature","id":14935,"geometry":{"type":"Point","coordinates":[-9.14341293646577,38.7129832205669]},"properties":{"OBJECTID":14935,"COD_SIG":null,"IDTIPO":null,"NOME":"GAMBA REAL","REGEND":"000924","MORADA":"TRINDADE COELHO (L)","NUM_POLICIA":"12","FREGUESIA":"116","LOCALIDADE":null,"COD_POST_4":null,"COD_POST_3":null,"COM_INT_ID":null,"COD_ACT_ECON":"51105","DESC_ACT_ECON":"RESTAURANTE - 2ª CATEGORIA","ANO":1991,"TIPO":"Restauração e Bebidas","LOCALIZACAO":"Isolado","C_INTEGRADO":null,"EMPRESA":"MARIA ISABEL SILVEIRA MENDES RODRIGUES MOURA","GlobalID":"ac2ecab4-3590-44b3-ad04-a79119e3f6e5"}},{"type":"Feature","id":14967,"geometry":{"type":"Point","coordinates":[-9.14443615799858,38.7113529504735]},"properties":{"OBJECTID":14967,"COD_SIG":null,"IDTIPO":null,"NOME":"A TASCA MANUEL","REGEND":"000946","MORADA":"Rua da Barroca","NUM_POLICIA":"24","FREGUESIA":"116","LOCALIDADE":"LISBOA","COD_POST_4":"1200","COD_POST_3":"050","COM_INT_ID":null,"COD_ACT_ECON":"51109","DESC_ACT_ECON":"RESTAURANTE - CASA DE PASTO","ANO":1991,"TIPO":"Restauração e Bebidas","LOCALIZACAO":"Isolado","C_INTEGRADO":null,"EMPRESA":"RAMOS SILVA & MACHADO, LDA","GlobalID":"4d17e4ad-3817-41e7-a5f5-f8fac8eb3e69"}},{"type":"Feature","id":14991,"geometry":{"type":"Point","coordinates":[-9.14422418433762,38.7142553078584]},"properties":{"OBJECTID":14991,"COD_SIG":null,"IDTIPO":null,"NOME":"LEITARIA TABUENSE","REGEND":"001008","MORADA":"Rua de São Pedro de Alcântara","NUM_POLICIA":"49","FREGUESIA":"116","LOCALIDADE":"LISBOA","COD_POST_4":"1250","COD_POST_3":"237","COM_INT_ID":null,"COD_ACT_ECON":"52104","DESC_ACT_ECON":"CAFE/PASTELARIA - 3ª CATEGORIA","ANO":1991,"TIPO":"Restauração e Bebidas","LOCALIZACAO":"Isolado","C_INTEGRADO":null,"EMPRESA":"JESUS & MARTINS, LDA","GlobalID":"bf481501-37dd-4d9c-99e9-29642a19e3bf"}},{"type":"Feature","id":15032,"geometry":{"type":"Point","coordinates":[-9.12788023516003,38.7184836124643]},"properties":{"OBJECTID":15032,"COD_SIG":null,"IDTIPO":null,"NOME":"COVA FUNDA","REGEND":"001087","MORADA":"Rua da Senhora da Glória","NUM_POLICIA":"39A","FREGUESIA":"124","LOCALIDADE":"LISBOA","COD_POST_4":"1170","COD_POST_3":"350","COM_INT_ID":null,"COD_ACT_ECON":"51199","DESC_ACT_ECON":"RESTAURANTE - (SEM CATEGORIA)","ANO":1991,"TIPO":"Restauração e Bebidas","LOCALIZACAO":"Isolado","C_INTEGRADO":null,"EMPRESA":"MANUEL SOUSA & DIAS, LDA","GlobalID":"7f6fd8f0-6dcf-4f23-b563-0843f77cbfc2"}},{"type":"Feature","id":15048,"geometry":{"type":"Point","coordinates":[-9.14312485214404,38.7121209622603]},"properties":{"OBJECTID":15048,"COD_SIG":null,"IDTIPO":null,"NOME":"RESTAURANTE FAVA RICA","REGEND":"000989","MORADA":"Rua da Misericórdia","NUM_POLICIA":"93","FREGUESIA":"116","LOCALIDADE":"LISBOA","COD_POST_4":"1200","COD_POST_3":"271","COM_INT_ID":null,"COD_ACT_ECON":"51107","DESC_ACT_ECON":"RESTAURANTE - 3ª CATEGORIA","ANO":1991,"TIPO":"Restauração e Bebidas","LOCALIZACAO":"Isolado","C_INTEGRADO":null,"EMPRESA":"LEITARIA S ROQUE LDA","GlobalID":"53fd8d12-9019-48f9-a6c6-a8d7fffb5030"}},{"type":"Feature","id":15050,"geometry":{"type":"Point","coordinates":[-9.13311664341023,38.719935854365]},"properties":{"OBJECTID":15050,"COD_SIG":null,"IDTIPO":null,"NOME":"ANTONIO DINIS LOURENÇO & HERDEIROS","REGEND":"001058","MORADA":"DAMASCENO MONTEIRO (R)","NUM_POLICIA":"27","FREGUESIA":"105","LOCALIDADE":null,"COD_POST_4":null,"COD_POST_3":null,"COM_INT_ID":null,"COD_ACT_ECON":"52704","DESC_ACT_ECON":"OUTROS EST. DE BEBIDAS - 3ª CATEGORIA","ANO":1991,"TIPO":"Restauração e Bebidas","LOCALIZACAO":"Isolado","C_INTEGRADO":null,"EMPRESA":"MARIA ISABEL SILVEIRA MENDES RODRIGUES MOURA","GlobalID":"c9413c7d-8ff7-44dd-a4b0-7b5c0d9f0742"}},{"type":"Feature","id":15071,"geometry":{"type":"Point","coordinates":[-9.10315126200013,38.7385286945994]},"properties":{"OBJECTID":15071,"COD_SIG":null,"IDTIPO":null,"NOME":"BAR O JOVEM","REGEND":"001353","MORADA":"AÇÚCAR (R DO)","NUM_POLICIA":"99","FREGUESIA":"115","LOCALIDADE":null,"COD_POST_4":null,"COD_POST_3":null,"COM_INT_ID":null,"COD_ACT_ECON":"52104","DESC_ACT_ECON":"CAFE/PASTELARIA - 3ª CATEGORIA","ANO":1991,"TIPO":"Restauração e Bebidas","LOCALIZACAO":"Isolado","C_INTEGRADO":null,"EMPRESA":"MARIA ISABEL SILVEIRA MENDES RODRIGUES MOURA","GlobalID":"01bc8887-8753-4b2b-a0d6-52e583a71a74"}},{"type":"Feature","id":15074,"geometry":{"type":"Point","coordinates":[-9.1141156168611,38.7472594237735]},"properties":{"OBJECTID":15074,"COD_SIG":null,"IDTIPO":null,"NOME":"HILARIO FELIZ SEBASTIAO BIOSSE","REGEND":"001357","MORADA":"Rua Botelho de Vasconcelos (antigo Impasse 11/J6 e 12/J6 da Zona J de Chelas)","NUM_POLICIA":"Lote 569","FREGUESIA":"115","LOCALIDADE":null,"COD_POST_4":"1950","COD_POST_3":"090","COM_INT_ID":null,"COD_ACT_ECON":"52104","DESC_ACT_ECON":"CAFE/PASTELARIA - 3ª CATEGORIA","ANO":1991,"TIPO":"Restauração e Bebidas","LOCALIZACAO":"Isolado","C_INTEGRADO":null,"EMPRESA":"MARIA ISABEL SILVEIRA MENDES RODRIGUES MOURA","GlobalID":"1a37a314-6c5a-47f3-954e-02606cce77ba"}},{"type":"Feature","id":15086,"geometry":{"type":"Point","coordinates":[-9.16472849120907,38.7129859437392]},"properties":{"OBJECTID":15086,"COD_SIG":null,"IDTIPO":null,"NOME":"ZANZIBAR SNACK BAR","REGEND":"001165","MORADA":"ST ANTÓNIO (R DE) À ESTRELA","NUM_POLICIA":"134","FREGUESIA":"113","LOCALIDADE":"LISBOA","COD_POST_4":"1350","COD_POST_3":"294","COM_INT_ID":null,"COD_ACT_ECON":"51203","DESC_ACT_ECON":"\"SNACK-BAR\" - 3ª CATEGORIA","ANO":1991,"TIPO":"Restauração e Bebidas","LOCALIZACAO":"Isolado","C_INTEGRADO":null,"EMPRESA":"MARIO ILHÉU, LDA","GlobalID":"4a014633-7ba4-4eed-86be-744319a94a87"}},{"type":"Feature","id":15095,"geometry":{"type":"Point","coordinates":[-9.16326344588018,38.7110441854853]},"properties":{"OBJECTID":15095,"COD_SIG":null,"IDTIPO":null,"NOME":"FOFINHO","REGEND":"001152","MORADA":"SANT'ANA (R DE) À LAPA","NUM_POLICIA":"114 A","FREGUESIA":"113","LOCALIDADE":"LISBOA","COD_POST_4":"1200","COD_POST_3":"800","COM_INT_ID":null,"COD_ACT_ECON":"52104","DESC_ACT_ECON":"CAFE/PASTELARIA - 3ª CATEGORIA","ANO":1991,"TIPO":"Restauração e Bebidas","LOCALIZACAO":"Isolado","C_INTEGRADO":null,"EMPRESA":"MARIA ISABEL SILVEIRA MENDES RODRIGUES MOURA","GlobalID":"c73e73bd-cdc4-47f9-8464-3d69812d98a0"}},{"type":"Feature","id":15167,"geometry":{"type":"Point","coordinates":[-9.11399652720389,38.7468963637402]},"properties":{"OBJECTID":15167,"COD_SIG":null,"IDTIPO":null,"NOME":"PASTELARIA SNACK BAR MINOCA","REGEND":"001333","MORADA":"Praça Dr. Fernando Amado (antiga Praceta B da Zona J de Chelas)","NUM_POLICIA":"Lote 567","FREGUESIA":"115","LOCALIDADE":"LISBOA","COD_POST_4":"1950","COD_POST_3":"090","COM_INT_ID":null,"COD_ACT_ECON":"52104","DESC_ACT_ECON":"CAFE/PASTELARIA - 3ª CATEGORIA","ANO":1991,"TIPO":"Restauração e Bebidas","LOCALIZACAO":"Isolado","C_INTEGRADO":null,"EMPRESA":"MARIA ISABEL SILVEIRA MENDES RODRIGUES MOURA","GlobalID":"a39bb670-0f98-44d3-a1e0-092631e25f34"}},{"type":"Feature","id":15225,"geometry":{"type":"Point","coordinates":[-9.14530963486509,38.7121470762866]},"properties":{"OBJECTID":15225,"COD_SIG":null,"IDTIPO":null,"NOME":"SALGADO'S RESTAURANTE","REGEND":"001000","MORADA":"ROSA (R DA)","NUM_POLICIA":"72","FREGUESIA":"116","LOCALIDADE":null,"COD_POST_4":null,"COD_POST_3":null,"COM_INT_ID":null,"COD_ACT_ECON":"51105","DESC_ACT_ECON":"RESTAURANTE - 2ª CATEGORIA","ANO":1991,"TIPO":"Restauração e Bebidas","LOCALIZACAO":"Isolado","C_INTEGRADO":null,"EMPRESA":"MARIA ISABEL SILVEIRA MENDES RODRIGUES MOURA","GlobalID":"cfed8184-acc6-4bc2-b045-536584561625"}},{"type":"Feature","id":15270,"geometry":{"type":"Point","coordinates":[-9.10605806922405,38.7416932595969]},"properties":{"OBJECTID":15270,"COD_SIG":null,"IDTIPO":null,"NOME":"MARIA EUGENIA VILAR","REGEND":"001338","MORADA":"MARQ DE ABRANTES (Q DO) 9, R PARTICULAR æ R DE MARVILA","NUM_POLICIA":"14","FREGUESIA":"115","LOCALIDADE":null,"COD_POST_4":null,"COD_POST_3":null,"COM_INT_ID":null,"COD_ACT_ECON":"52104","DESC_ACT_ECON":"CAFE/PASTELARIA - 3ª CATEGORIA","ANO":1991,"TIPO":"Restauração e Bebidas","LOCALIZACAO":"Isolado","C_INTEGRADO":null,"EMPRESA":"MARIA ISABEL SILVEIRA MENDES RODRIGUES MOURA","GlobalID":"35a0ab4d-118e-4e97-bf8d-b3cc13113e07"}},{"type":"Feature","id":15283,"geometry":{"type":"Point","coordinates":[-9.16360370345531,38.7113837191612]},"properties":{"OBJECTID":15283,"COD_SIG":null,"IDTIPO":null,"NOME":"PASTELARIA J P VALENTE","REGEND":"001153","MORADA":"SANT'ANA (R DE) À LAPA","NUM_POLICIA":"150","FREGUESIA":"113","LOCALIDADE":"LISBOA","COD_POST_4":"1200","COD_POST_3":"800","COM_INT_ID":null,"COD_ACT_ECON":"52104","DESC_ACT_ECON":"CAFE/PASTELARIA - 3ª CATEGORIA","ANO":1991,"TIPO":"Restauração e Bebidas","LOCALIZACAO":"Isolado","C_INTEGRADO":null,"EMPRESA":"J. P. VALENTE, LDA","GlobalID":"344e84af-f0ba-4431-b166-b94e7140bf9b"}},{"type":"Feature","id":15299,"geometry":{"type":"Point","coordinates":[-9.16061677998279,38.7124790127329]},"properties":{"OBJECTID":15299,"COD_SIG":null,"IDTIPO":null,"NOME":"PASTELARIA SABRINA LISBOA","REGEND":"001136","MORADA":"NAVEGANTES (R DOS)","NUM_POLICIA":"53 B","FREGUESIA":"113","LOCALIDADE":null,"COD_POST_4":null,"COD_POST_3":null,"COM_INT_ID":null,"COD_ACT_ECON":"51203","DESC_ACT_ECON":"\"SNACK-BAR\" - 3ª CATEGORIA","ANO":1991,"TIPO":"Restauração e Bebidas","LOCALIZACAO":"Isolado","C_INTEGRADO":null,"EMPRESA":"PASTELARIA SABRINA LISBOA, LDA","GlobalID":"faeba5e4-ba07-4695-bab1-b4c0d09cb7f9"}},{"type":"Feature","id":15372,"geometry":{"type":"Point","coordinates":[-9.12683013423728,38.7209804087166]},"properties":{"OBJECTID":15372,"COD_SIG":null,"IDTIPO":null,"NOME":"JOSE SARAIVA BENTO","REGEND":"001055","MORADA":"Rua da Bela Vista à Graça","NUM_POLICIA":"95","FREGUESIA":"124","LOCALIDADE":"LISBOA","COD_POST_4":"1170","COD_POST_3":"056","COM_INT_ID":null,"COD_ACT_ECON":"51203","DESC_ACT_ECON":"\"SNACK-BAR\" - 3ª CATEGORIA","ANO":1991,"TIPO":"Restauração e Bebidas","LOCALIZACAO":"Isolado","C_INTEGRADO":null,"EMPRESA":"MARIA ISABEL SILVEIRA MENDES RODRIGUES MOURA","GlobalID":"7ca745e8-33b4-4e41-ac37-ff5686c558fe"}},{"type":"Feature","id":15389,"geometry":{"type":"Point","coordinates":[-9.16074598107683,38.7094629832344]},"properties":{"OBJECTID":15389,"COD_SIG":null,"IDTIPO":null,"NOME":"SITIO PICAPAU LDA","REGEND":"001145","MORADA":"REMEDIOS (R DOS) æ LAPA","NUM_POLICIA":"61","FREGUESIA":"113","LOCALIDADE":null,"COD_POST_4":null,"COD_POST_3":null,"COM_INT_ID":null,"COD_ACT_ECON":"51107","DESC_ACT_ECON":"RESTAURANTE - 3ª CATEGORIA","ANO":1991,"TIPO":"Restauração e Bebidas","LOCALIZACAO":"Isolado","C_INTEGRADO":null,"EMPRESA":"SITIO PICAPAU LDA","GlobalID":"b247ae8b-2cbb-4f2e-9393-7f7b777b45fd"}},{"type":"Feature","id":15434,"geometry":{"type":"Point","coordinates":[-9.17510260531766,38.7646074116166]},"properties":{"OBJECTID":15434,"COD_SIG":null,"IDTIPO":null,"NOME":"PASTELARIA CHARLOT","REGEND":"001211","MORADA":"Avenida das Nações Unidas (antiga Rua E da Urb. da Quinta de Santo  António)","NUM_POLICIA":"Continente","FREGUESIA":"114","LOCALIDADE":"LISBOA","COD_POST_4":"1600","COD_POST_3":"774","COM_INT_ID":69,"COD_ACT_ECON":"52199","DESC_ACT_ECON":"CAFÉ/PASTELARIA - (SEM CATEGORIA)","ANO":1991,"TIPO":"Restauração e Bebidas","LOCALIZACAO":"Integrado - outro","C_INTEGRADO":"CONTINENTE TELHEIRAS","EMPRESA":"CHARLOT - ACTIVIDADES HOTELEIRAS, LDA","GlobalID":"49186c5c-c9d7-4d88-98d2-00ed91e39d3a"}},{"type":"Feature","id":15464,"geometry":{"type":"Point","coordinates":[-9.13968694385617,38.7103065786929]},"properties":{"OBJECTID":15464,"COD_SIG":null,"IDTIPO":null,"NOME":"PASTELARIA FERRARI","REGEND":"001289","MORADA":"Calçada Nova de São Francisco","NUM_POLICIA":"2","FREGUESIA":"121","LOCALIDADE":"LISBOA                         ","COD_POST_4":"1200","COD_POST_3":"300","COM_INT_ID":null,"COD_ACT_ECON":"52102","DESC_ACT_ECON":"CAFÉ/PASTELARIA - 1ª CATEGORIA","ANO":1991,"TIPO":"Restauração e Bebidas","LOCALIZACAO":"Isolado","C_INTEGRADO":null,"EMPRESA":"MARIA ISABEL SILVEIRA MENDES RODRIGUES MOURA","GlobalID":"e561bd56-ec61-4bd8-b205-b4195b6f11a5"}},{"type":"Feature","id":15476,"geometry":{"type":"Point","coordinates":[-9.12967471246653,38.7196500199953]},"properties":{"OBJECTID":15476,"COD_SIG":null,"IDTIPO":null,"NOME":"CANDIDO BATALHA SOARES & OLAIA LDA","REGEND":"001068","MORADA":"GRAÇA (R DA)","NUM_POLICIA":"67 B","FREGUESIA":"124","LOCALIDADE":"LISBOA","COD_POST_4":"1170","COD_POST_3":"167","COM_INT_ID":null,"COD_ACT_ECON":"51107","DESC_ACT_ECON":"RESTAURANTE - 3ª CATEGORIA","ANO":1991,"TIPO":"Restauração e Bebidas","LOCALIZACAO":"Isolado","C_INTEGRADO":null,"EMPRESA":"CÂNDIDO BATALHA SOARES & OLAIA, LDA","GlobalID":"f762e0c2-94ac-4404-b834-38c1f0cdc43d"}},{"type":"Feature","id":15522,"geometry":{"type":"Point","coordinates":[-9.17217640436508,38.7736188860055]},"properties":{"OBJECTID":15522,"COD_SIG":null,"IDTIPO":null,"NOME":"CAFÉ CENTRAL","REGEND":"001206","MORADA":"PAÇO (L DO)","NUM_POLICIA":"10","FREGUESIA":"114","LOCALIDADE":"LISBOA","COD_POST_4":"1600","COD_POST_3":"540","COM_INT_ID":null,"COD_ACT_ECON":"52104","DESC_ACT_ECON":"CAFE/PASTELARIA - 3ª CATEGORIA","ANO":1991,"TIPO":"Restauração e Bebidas","LOCALIZACAO":"Isolado","C_INTEGRADO":null,"EMPRESA":"MARIA ISABEL SILVEIRA MENDES RODRIGUES MOURA","GlobalID":"66747b03-8f6d-4112-8203-12137d3785c6"}},{"type":"Feature","id":15576,"geometry":{"type":"Point","coordinates":[-9.10138849881643,38.7425518112532]},"properties":{"OBJECTID":15576,"COD_SIG":null,"IDTIPO":null,"NOME":"RESTAURANTE CONCHA LDA","REGEND":"001346","MORADA":"Rua Amorim","NUM_POLICIA":"7","FREGUESIA":"115","LOCALIDADE":"LISBOA","COD_POST_4":"1950","COD_POST_3":"022","COM_INT_ID":null,"COD_ACT_ECON":"51107","DESC_ACT_ECON":"RESTAURANTE - 3ª CATEGORIA","ANO":1991,"TIPO":"Restauração e Bebidas","LOCALIZACAO":"Isolado","C_INTEGRADO":null,"EMPRESA":"ESTEVAO & SILVA, LDA","GlobalID":"dabcc6f6-f5c0-48cc-8272-26087d606b12"}},{"type":"Feature","id":15583,"geometry":{"type":"Point","coordinates":[-9.1178038236349,38.7393698084829]},"properties":{"OBJECTID":15583,"COD_SIG":null,"IDTIPO":null,"NOME":"VICTOR ROBERTO","REGEND":"001325","MORADA":"CHELAS (EST DE)","NUM_POLICIA":"202","FREGUESIA":"115","LOCALIDADE":null,"COD_POST_4":null,"COD_POST_3":null,"COM_INT_ID":null,"COD_ACT_ECON":"52704","DESC_ACT_ECON":"OUTROS EST. DE BEBIDAS - 3ª CATEGORIA","ANO":1991,"TIPO":"Restauração e Bebidas","LOCALIZACAO":"Isolado","C_INTEGRADO":null,"EMPRESA":"MARIA ISABEL SILVEIRA MENDES RODRIGUES MOURA","GlobalID":"aa377d9f-f32e-4a7d-93f1-b6a411a5ee81"}},{"type":"Feature","id":15587,"geometry":{"type":"Point","coordinates":[-9.10248129307134,38.7425607544161]},"properties":{"OBJECTID":15587,"COD_SIG":null,"IDTIPO":null,"NOME":"ADRIANO PEREIRA MARTINS","REGEND":"001329","MORADA":"DAVID LEANDRO DA SILVA (PR)","NUM_POLICIA":"24 A","FREGUESIA":"115","LOCALIDADE":null,"COD_POST_4":null,"COD_POST_3":null,"COM_INT_ID":null,"COD_ACT_ECON":"51109","DESC_ACT_ECON":"RESTAURANTE - CASA DE PASTO","ANO":1991,"TIPO":"Restauração e Bebidas","LOCALIZACAO":"Isolado","C_INTEGRADO":null,"EMPRESA":"MARIA ISABEL SILVEIRA MENDES RODRIGUES MOURA","GlobalID":"734e12b5-c730-4a9a-8c76-a6255fe5ea2a"}},{"type":"Feature","id":15592,"geometry":{"type":"Point","coordinates":[-9.10605806922405,38.7416932595969]},"properties":{"OBJECTID":15592,"COD_SIG":null,"IDTIPO":null,"NOME":"ANIBAL CLEMENTE PINTO","REGEND":"001334","MORADA":"MARQ DE ABRANTES (Q DO) 9, R PARTICULAR À R DE MARVILA","NUM_POLICIA":"LETRAS A S","FREGUESIA":"115","LOCALIDADE":null,"COD_POST_4":null,"COD_POST_3":null,"COM_INT_ID":null,"COD_ACT_ECON":"52705","DESC_ACT_ECON":"Outros Estab. De Bebidas - Taberna","ANO":1991,"TIPO":"Restauração e Bebidas","LOCALIZACAO":"Isolado","C_INTEGRADO":null,"EMPRESA":"MARIA ISABEL SILVEIRA MENDES RODRIGUES MOURA","GlobalID":"bcdb5610-a82e-4d9a-8b8b-0b4ffb78292d"}},{"type":"Feature","id":15649,"geometry":{"type":"Point","coordinates":[-9.15729333233345,38.7685030728956]},"properties":{"OBJECTID":15649,"COD_SIG":null,"IDTIPO":null,"NOME":"JOAO FILIPE CRUZ FARINHAS","REGEND":"001256","MORADA":"Rua Silva Tavares","NUM_POLICIA":"7A","FREGUESIA":"114","LOCALIDADE":"LISBOA","COD_POST_4":"1750","COD_POST_3":"287","COM_INT_ID":91,"COD_ACT_ECON":"52104","DESC_ACT_ECON":"CAFE/PASTELARIA - 3ª CATEGORIA","ANO":1991,"TIPO":"Restauração e Bebidas","LOCALIZACAO":"Integrado - outro","C_INTEGRADO":"CENTRO COMERCIAL MOURAS","EMPRESA":"MARIA ISABEL SILVEIRA MENDES RODRIGUES MOURA","GlobalID":"5cc35613-0b9b-47a7-b1c1-683dc882d170"}},{"type":"Feature","id":15686,"geometry":{"type":"Point","coordinates":[-9.11335976719452,38.7465954499911]},"properties":{"OBJECTID":15686,"COD_SIG":null,"IDTIPO":null,"NOME":"CROISSANTERIE DUQUESA","REGEND":"001332","MORADA":"Avenida João Paulo II","NUM_POLICIA":"Lote 566","FREGUESIA":"115","LOCALIDADE":"LISBOA","COD_POST_4":"1950","COD_POST_3":"154","COM_INT_ID":null,"COD_ACT_ECON":"51403","DESC_ACT_ECON":"OUTROS EST. COMIDAS REFEIÇÕES - 3ª CAT.","ANO":1991,"TIPO":"Restauração e Bebidas","LOCALIZACAO":"Isolado","C_INTEGRADO":null,"EMPRESA":"MARIA ISABEL SILVEIRA MENDES RODRIGUES MOURA","GlobalID":"97f036ca-8b67-4bfd-8dec-f05c8cf27990"}},{"type":"Feature","id":15690,"geometry":{"type":"Point","coordinates":[-9.10560960148812,38.7418188527473]},"properties":{"OBJECTID":15690,"COD_SIG":null,"IDTIPO":null,"NOME":"FAZENDEIRO & TAVARES LDA","REGEND":"001337","MORADA":"MARQ DE ABRANTES (Q DO) 9, R PARTICULAR À R DE MARVILA","NUM_POLICIA":"LETRAS M S","FREGUESIA":"115","LOCALIDADE":null,"COD_POST_4":null,"COD_POST_3":null,"COM_INT_ID":null,"COD_ACT_ECON":"52704","DESC_ACT_ECON":"OUTROS EST. DE BEBIDAS - 3ª CATEGORIA","ANO":1991,"TIPO":"Restauração e Bebidas","LOCALIZACAO":"Isolado","C_INTEGRADO":null,"EMPRESA":"MARIA ISABEL SILVEIRA MENDES RODRIGUES MOURA","GlobalID":"9efdc184-8f9d-4f1f-aee8-5d8150c45ae9"}},{"type":"Feature","id":15697,"geometry":{"type":"Point","coordinates":[-9.10744946707267,38.740825908387]},"properties":{"OBJECTID":15697,"COD_SIG":null,"IDTIPO":null,"NOME":"LIMA & GOMES","REGEND":"001336","MORADA":"MARQ DE ABRANTES (Q DO) 9, R PARTICULAR À R DE MARVILA","NUM_POLICIA":"190 A","FREGUESIA":"115","LOCALIDADE":null,"COD_POST_4":null,"COD_POST_3":null,"COM_INT_ID":null,"COD_ACT_ECON":"52104","DESC_ACT_ECON":"CAFE/PASTELARIA - 3ª CATEGORIA","ANO":1991,"TIPO":"Restauração e Bebidas","LOCALIZACAO":"Isolado","C_INTEGRADO":null,"EMPRESA":"MARIA ISABEL SILVEIRA MENDES RODRIGUES MOURA","GlobalID":"690eb871-3c95-4d56-9733-497d4d352787"}},{"type":"Feature","id":15710,"geometry":{"type":"Point","coordinates":[-9.15662315499553,38.7144144096135]},"properties":{"OBJECTID":15710,"COD_SIG":null,"IDTIPO":null,"NOME":"JOAQUIM SILVA BRILHANTE","REGEND":"001157","MORADA":"Rua de Santo Amaro","NUM_POLICIA":"57","FREGUESIA":"113","LOCALIDADE":"LISBOA","COD_POST_4":"1200","COD_POST_3":"802","COM_INT_ID":null,"COD_ACT_ECON":"52104","DESC_ACT_ECON":"CAFE/PASTELARIA - 3ª CATEGORIA","ANO":1991,"TIPO":"Restauração e Bebidas","LOCALIZACAO":"Isolado","C_INTEGRADO":null,"EMPRESA":"MARIA ISABEL SILVEIRA MENDES RODRIGUES MOURA","GlobalID":"003dba83-2153-4280-bd4a-d728b4038fca"}},{"type":"Feature","id":15722,"geometry":{"type":"Point","coordinates":[-9.14455378160526,38.711541095938]},"properties":{"OBJECTID":15722,"COD_SIG":null,"IDTIPO":null,"NOME":"A FOFINHA","REGEND":"000948","MORADA":"Rua da Barroca","NUM_POLICIA":"41","FREGUESIA":"116","LOCALIDADE":"LISBOA","COD_POST_4":"1200","COD_POST_3":"047","COM_INT_ID":null,"COD_ACT_ECON":"51203","DESC_ACT_ECON":"\"SNACK-BAR\" - 3ª CATEGORIA","ANO":1991,"TIPO":"Restauração e Bebidas","LOCALIZACAO":"Isolado","C_INTEGRADO":null,"EMPRESA":"FERNANDES & SOUSA ACTIVIDADES HOTELEIRAS, LDA","GlobalID":"25a9fc69-076f-4941-9bf1-86621dd0fd9e"}},{"type":"Feature","id":15748,"geometry":{"type":"Point","coordinates":[-9.14378523155719,38.71156504982]},"properties":{"OBJECTID":15748,"COD_SIG":null,"IDTIPO":null,"NOME":"ANTONIO JOAO CUNHA","REGEND":"000996","MORADA":"Rua do Norte (Bairro Alto)","NUM_POLICIA":"55","FREGUESIA":"116","LOCALIDADE":null,"COD_POST_4":"1200","COD_POST_3":"284","COM_INT_ID":null,"COD_ACT_ECON":"52704","DESC_ACT_ECON":"OUTROS EST. DE BEBIDAS - 3ª CATEGORIA","ANO":1991,"TIPO":"Restauração e Bebidas","LOCALIZACAO":"Isolado","C_INTEGRADO":null,"EMPRESA":"MARIA ISABEL SILVEIRA MENDES RODRIGUES MOURA","GlobalID":"b32ace82-e2c3-47db-8078-19a4dbe947ca"}},{"type":"Feature","id":15771,"geometry":{"type":"Point","coordinates":[-9.11399652720389,38.7468963637402]},"properties":{"OBJECTID":15771,"COD_SIG":null,"IDTIPO":null,"NOME":"PAULA SERRA NOBRE & LARIAO LDA","REGEND":"001330","MORADA":"Praça Dr. Fernando Amado (antiga Praceta B da Zona J de Chelas)","NUM_POLICIA":"Lote 567","FREGUESIA":"115","LOCALIDADE":"LISBOA","COD_POST_4":"1950","COD_POST_3":"090","COM_INT_ID":null,"COD_ACT_ECON":"52104","DESC_ACT_ECON":"CAFE/PASTELARIA - 3ª CATEGORIA","ANO":1991,"TIPO":"Restauração e Bebidas","LOCALIZACAO":"Isolado","C_INTEGRADO":null,"EMPRESA":"PAULA SERRA, NOBRE & LARIÃO, LDA","GlobalID":"3dd93d95-4354-4a39-918d-976add17ff1c"}},{"type":"Feature","id":15776,"geometry":{"type":"Point","coordinates":[-9.10534688109843,38.7418343044542]},"properties":{"OBJECTID":15776,"COD_SIG":null,"IDTIPO":null,"NOME":"ALFREDO GUEDES FERNANDES","REGEND":"001335","MORADA":"MARQ DE ABRANTES (Q DO) 9, R PARTICULAR À R DE MARVILA","NUM_POLICIA":"26","FREGUESIA":"115","LOCALIDADE":null,"COD_POST_4":null,"COD_POST_3":null,"COM_INT_ID":null,"COD_ACT_ECON":"52705","DESC_ACT_ECON":"Outros Estab. De Bebidas - Taberna","ANO":1991,"TIPO":"Restauração e Bebidas","LOCALIZACAO":"Isolado","C_INTEGRADO":null,"EMPRESA":"MARIA ISABEL SILVEIRA MENDES RODRIGUES MOURA","GlobalID":"85590cda-c438-45e2-9a49-0eff66e2b18b"}},{"type":"Feature","id":15860,"geometry":{"type":"Point","coordinates":[-9.14541839479484,38.7133351664243]},"properties":{"OBJECTID":15860,"COD_SIG":null,"IDTIPO":null,"NOME":"MANUEL SABINO PAIS","REGEND":"001001","MORADA":"ROSA (R DA)","NUM_POLICIA":"154","FREGUESIA":"116","LOCALIDADE":null,"COD_POST_4":null,"COD_POST_3":null,"COM_INT_ID":null,"COD_ACT_ECON":"52104","DESC_ACT_ECON":"CAFE/PASTELARIA - 3ª CATEGORIA","ANO":1991,"TIPO":"Restauração e Bebidas","LOCALIZACAO":"Isolado","C_INTEGRADO":null,"EMPRESA":"MARIA ISABEL SILVEIRA MENDES RODRIGUES MOURA","GlobalID":"31f8c058-5500-4b6a-b00f-075e324fb8bd"}},{"type":"Feature","id":15882,"geometry":{"type":"Point","coordinates":[-9.13050017797437,38.7159898971226]},"properties":{"OBJECTID":15882,"COD_SIG":null,"IDTIPO":null,"NOME":"BOTEQUIM","REGEND":"001048","MORADA":"GRAÇA (L DA)","NUM_POLICIA":"79","FREGUESIA":"124","LOCALIDADE":null,"COD_POST_4":null,"COD_POST_3":null,"COM_INT_ID":null,"COD_ACT_ECON":"51105","DESC_ACT_ECON":"RESTAURANTE - 2ª CATEGORIA","ANO":1991,"TIPO":"Restauração e Bebidas","LOCALIZACAO":"Isolado","C_INTEGRADO":null,"EMPRESA":"MARIA ISABEL SILVEIRA MENDES RODRIGUES MOURA","GlobalID":"51c72693-7732-4da8-92d9-8e9706c4b95b"}},{"type":"Feature","id":15934,"geometry":{"type":"Point","coordinates":[-9.16452939310108,38.7119337884444]},"properties":{"OBJECTID":15934,"COD_SIG":null,"IDTIPO":null,"NOME":"GINGINHA IDEAL","REGEND":"001166","MORADA":"Travessa das Almas","NUM_POLICIA":"21A","FREGUESIA":"113","LOCALIDADE":"LISBOA","COD_POST_4":"1350","COD_POST_3":"289","COM_INT_ID":null,"COD_ACT_ECON":"51109","DESC_ACT_ECON":"RESTAURANTE - CASA DE PASTO","ANO":1991,"TIPO":"Restauração e Bebidas","LOCALIZACAO":"Isolado","C_INTEGRADO":null,"EMPRESA":"CLAUDINO & CARRACEDO, LDA","GlobalID":"1118c13c-1801-4dad-82d4-9a39d6e046d2"}},{"type":"Feature","id":15950,"geometry":{"type":"Point","coordinates":[-9.16196866184036,38.7137489430996]},"properties":{"OBJECTID":15950,"COD_SIG":null,"IDTIPO":null,"NOME":"RESTAURANTE OS TRES MINHOTOS","REGEND":"001159","MORADA":"ST ANTONIO (R DE) æ ESTRELA","NUM_POLICIA":"30","FREGUESIA":"113","LOCALIDADE":"LISBOA","COD_POST_4":"1350","COD_POST_3":"292","COM_INT_ID":null,"COD_ACT_ECON":"51107","DESC_ACT_ECON":"RESTAURANTE - 3ª CATEGORIA","ANO":1991,"TIPO":"Restauração e Bebidas","LOCALIZACAO":"Isolado","C_INTEGRADO":null,"EMPRESA":"FREITAS ALMEIDA & MEDEIROS, LDA","GlobalID":"ee8c81ef-7a56-4898-9337-05770aec455c"}},{"type":"Feature","id":15965,"geometry":{"type":"Point","coordinates":[-9.17280037146648,38.7727345523948]},"properties":{"OBJECTID":15965,"COD_SIG":null,"IDTIPO":null,"NOME":"OS APRECIADORES DO PAÇO","REGEND":"001224","MORADA":"Rua Direita ao Lumiar","NUM_POLICIA":"21","FREGUESIA":"114","LOCALIDADE":null,"COD_POST_4":"1600","COD_POST_3":"435","COM_INT_ID":null,"COD_ACT_ECON":"51109","DESC_ACT_ECON":"RESTAURANTE - CASA DE PASTO","ANO":1991,"TIPO":"Restauração e Bebidas","LOCALIZACAO":"Isolado","C_INTEGRADO":null,"EMPRESA":"MARIA ISABEL SILVEIRA MENDES RODRIGUES MOURA","GlobalID":"a8a7dd5c-cdb8-430e-9ae0-9ea7b6eb4166"}},{"type":"Feature","id":16013,"geometry":{"type":"Point","coordinates":[-9.15137960873206,38.7234441311834]},"properties":{"OBJECTID":16013,"COD_SIG":null,"IDTIPO":null,"NOME":"RESTAURANTE CAPRILIA","REGEND":"000873","MORADA":"Rua Braamcamp","NUM_POLICIA":"22A","FREGUESIA":"122","LOCALIDADE":"LISBOA","COD_POST_4":"1250","COD_POST_3":"050","COM_INT_ID":null,"COD_ACT_ECON":"51105","DESC_ACT_ECON":"RESTAURANTE - 2ª CATEGORIA","ANO":1991,"TIPO":"Restauração e Bebidas","LOCALIZACAO":"Isolado","C_INTEGRADO":null,"EMPRESA":"ALVES E NOGUEIRA, LDA","GlobalID":"46dfbc89-3f11-4edb-8612-f0767a3ad06e"}},{"type":"Feature","id":16064,"geometry":{"type":"Point","coordinates":[-9.16338738913487,38.7755927834229]},"properties":{"OBJECTID":16064,"COD_SIG":null,"IDTIPO":null,"NOME":"PEREIRA VALE & GONÇALVES LDA","REGEND":"001215","MORADA":"ALQUEIDÃO (R DO)","NUM_POLICIA":"8","FREGUESIA":"114","LOCALIDADE":null,"COD_POST_4":null,"COD_POST_3":null,"COM_INT_ID":null,"COD_ACT_ECON":"52704","DESC_ACT_ECON":"OUTROS EST. DE BEBIDAS - 3ª CATEGORIA","ANO":1991,"TIPO":"Restauração e Bebidas","LOCALIZACAO":"Isolado","C_INTEGRADO":null,"EMPRESA":"MARIA ISABEL SILVEIRA MENDES RODRIGUES MOURA","GlobalID":"b4aa0b03-ba39-4d85-ac0d-af29b932dd89"}},{"type":"Feature","id":16135,"geometry":{"type":"Point","coordinates":[-9.15206076797433,38.7236363580561]},"properties":{"OBJECTID":16135,"COD_SIG":null,"IDTIPO":null,"NOME":"RESTAURANTE CAJU","REGEND":"000877","MORADA":"CASTILHO (R)","NUM_POLICIA":"50","FREGUESIA":"122","LOCALIDADE":null,"COD_POST_4":null,"COD_POST_3":null,"COM_INT_ID":null,"COD_ACT_ECON":"51105","DESC_ACT_ECON":"RESTAURANTE - 2ª CATEGORIA","ANO":1991,"TIPO":"Restauração e Bebidas","LOCALIZACAO":"Isolado","C_INTEGRADO":null,"EMPRESA":"IMOBILIARIA CONSTRUTORA GRAO PARA SA","GlobalID":"bbc53c06-c517-4775-8919-cc65a8a62ac0"}},{"type":"Feature","id":16141,"geometry":{"type":"Point","coordinates":[-9.14386925727392,38.708655510943]},"properties":{"OBJECTID":16141,"COD_SIG":null,"IDTIPO":null,"NOME":"RESTAURANTE SALADA FRUTAS","REGEND":"000927","MORADA":"ATAIDE (R DO)","NUM_POLICIA":"6 A","FREGUESIA":"116","LOCALIDADE":"LISBOA","COD_POST_4":"1200","COD_POST_3":"035","COM_INT_ID":null,"COD_ACT_ECON":"51107","DESC_ACT_ECON":"RESTAURANTE - 3ª CATEGORIA","ANO":1991,"TIPO":"Restauração e Bebidas","LOCALIZACAO":"Isolado","C_INTEGRADO":null,"EMPRESA":"MARIA ISABEL SILVEIRA MENDES RODRIGUES MOURA","GlobalID":"fed94f96-87aa-4c4b-9740-dd65dc58dfdb"}},{"type":"Feature","id":16169,"geometry":{"type":"Point","coordinates":[-9.13590766677719,38.7121562903194]},"properties":{"OBJECTID":16169,"COD_SIG":null,"IDTIPO":null,"NOME":"A COVENSE","REGEND":"001280","MORADA":"MADALENA (R DA)","NUM_POLICIA":"146","FREGUESIA":"121","LOCALIDADE":null,"COD_POST_4":null,"COD_POST_3":null,"COM_INT_ID":null,"COD_ACT_ECON":"51107","DESC_ACT_ECON":"RESTAURANTE - 3ª CATEGORIA","ANO":1991,"TIPO":"Restauração e Bebidas","LOCALIZACAO":"Isolado","C_INTEGRADO":null,"EMPRESA":"MARIA ISABEL SILVEIRA MENDES RODRIGUES MOURA","GlobalID":"925553a4-2442-493d-b922-7ba5db21b36f"}},{"type":"Feature","id":16197,"geometry":{"type":"Point","coordinates":[-9.13269358991203,38.7202187565351]},"properties":{"OBJECTID":16197,"COD_SIG":null,"IDTIPO":null,"NOME":"SIMOES & ASSIS LDA","REGEND":"001059","MORADA":"DAMASCENO MONTEIRO (R)","NUM_POLICIA":"43/45","FREGUESIA":"105","LOCALIDADE":null,"COD_POST_4":null,"COD_POST_3":null,"COM_INT_ID":null,"COD_ACT_ECON":"52199","DESC_ACT_ECON":"CAFÉ/PASTELARIA - (SEM CATEGORIA)","ANO":1991,"TIPO":"Restauração e Bebidas","LOCALIZACAO":"Isolado","C_INTEGRADO":null,"EMPRESA":"MARIA ISABEL SILVEIRA MENDES RODRIGUES MOURA","GlobalID":"294d790f-bc74-44ce-a128-ad71b7a48c9f"}},{"type":"Feature","id":16206,"geometry":{"type":"Point","coordinates":[-9.1272748874395,38.7198866738025]},"properties":{"OBJECTID":16206,"COD_SIG":null,"IDTIPO":null,"NOME":"VICTOR MANUEL ALMEIDA","REGEND":"001056","MORADA":"Rua do Cardal da Graça","NUM_POLICIA":"15A","FREGUESIA":"124","LOCALIDADE":"LISBOA","COD_POST_4":"1170","COD_POST_3":"075","COM_INT_ID":null,"COD_ACT_ECON":"52104","DESC_ACT_ECON":"CAFE/PASTELARIA - 3ª CATEGORIA","ANO":1991,"TIPO":"Restauração e Bebidas","LOCALIZACAO":"Isolado","C_INTEGRADO":null,"EMPRESA":"MARIA ISABEL SILVEIRA MENDES RODRIGUES MOURA","GlobalID":"b017da4e-4ec0-45b3-b4ea-021401625253"}},{"type":"Feature","id":16229,"geometry":{"type":"Point","coordinates":[-9.16427332204113,38.7755849565241]},"properties":{"OBJECTID":16229,"COD_SIG":null,"IDTIPO":null,"NOME":"RESTAURANTE TERRAÇO MONTEIRO MOR","REGEND":"001205","MORADA":"JÚLIO DE CASTILHO (L)","NUM_POLICIA":"2","FREGUESIA":"114","LOCALIDADE":"LISBOA","COD_POST_4":"1600","COD_POST_3":"483","COM_INT_ID":361,"COD_ACT_ECON":"51105","DESC_ACT_ECON":"RESTAURANTE - 2ª CATEGORIA","ANO":1991,"TIPO":"Restauração e Bebidas","LOCALIZACAO":"Integrado - outro","C_INTEGRADO":"MUSEU NACIONAL DO TRAJE E DA MODA","EMPRESA":"MATELIS RESTAURANTE, LDA","GlobalID":"18d450aa-f66d-4ee3-ab9b-c9fe9d6418bb"}},{"type":"Feature","id":16232,"geometry":{"type":"Point","coordinates":[-9.16232167100095,38.7671078999139]},"properties":{"OBJECTID":16232,"COD_SIG":null,"IDTIPO":null,"NOME":"PASTELARIA RAINHA SANTA","REGEND":"001207","MORADA":"Praça Rainha Santa","NUM_POLICIA":"1B","FREGUESIA":"114","LOCALIDADE":"LISBOA","COD_POST_4":"1600","COD_POST_3":"687","COM_INT_ID":null,"COD_ACT_ECON":"52104","DESC_ACT_ECON":"CAFE/PASTELARIA - 3ª CATEGORIA","ANO":1991,"TIPO":"Restauração e Bebidas","LOCALIZACAO":"Isolado","C_INTEGRADO":null,"EMPRESA":"MARIA ISABEL SILVEIRA MENDES RODRIGUES MOURA","GlobalID":"1c4deb12-3c94-4032-a99b-611d6b0f18de"}},{"type":"Feature","id":16242,"geometry":{"type":"Point","coordinates":[-9.13448105856267,38.7091393485451]},"properties":{"OBJECTID":16242,"COD_SIG":null,"IDTIPO":null,"NOME":"RESTAURANTE CUBATA","REGEND":"001265","MORADA":"BACALHOEIROS (R DOS)","NUM_POLICIA":"131","FREGUESIA":"121","LOCALIDADE":"LISBOA","COD_POST_4":"1100","COD_POST_3":"068","COM_INT_ID":null,"COD_ACT_ECON":"51107","DESC_ACT_ECON":"RESTAURANTE - 3ª CATEGORIA","ANO":1991,"TIPO":"Restauração e Bebidas","LOCALIZACAO":"Isolado","C_INTEGRADO":null,"EMPRESA":"RAYMUNDO & MARQUES, LDA","GlobalID":"38422882-13c3-4acb-a003-b2a03df86386"}},{"type":"Feature","id":16265,"geometry":{"type":"Point","coordinates":[-9.14493948495058,38.7123034756577]},"properties":{"OBJECTID":16265,"COD_SIG":null,"IDTIPO":null,"NOME":"O FOGAREIRO","REGEND":"000935","MORADA":"ATALAIA (R DA)","NUM_POLICIA":"92","FREGUESIA":"116","LOCALIDADE":null,"COD_POST_4":null,"COD_POST_3":null,"COM_INT_ID":null,"COD_ACT_ECON":"51107","DESC_ACT_ECON":"RESTAURANTE - 3ª CATEGORIA","ANO":1991,"TIPO":"Restauração e Bebidas","LOCALIZACAO":"Isolado","C_INTEGRADO":null,"EMPRESA":"MARIA ISABEL SILVEIRA MENDES RODRIGUES MOURA","GlobalID":"fb912ab1-9e23-48db-a089-ed62214abadb"}},{"type":"Feature","id":16272,"geometry":{"type":"Point","coordinates":[-9.14512370516084,38.7136349796406]},"properties":{"OBJECTID":16272,"COD_SIG":null,"IDTIPO":null,"NOME":"ADEGA S MARTINHO LDA","REGEND":"000940","MORADA":"ATALAIA (R DA)","NUM_POLICIA":"154","FREGUESIA":"116","LOCALIDADE":"LISBOA","COD_POST_4":"1200","COD_POST_3":"043","COM_INT_ID":null,"COD_ACT_ECON":"51107","DESC_ACT_ECON":"RESTAURANTE - 3ª CATEGORIA","ANO":1991,"TIPO":"Restauração e Bebidas","LOCALIZACAO":"Isolado","C_INTEGRADO":null,"EMPRESA":"ADEGA S MARTINHO, LDA","GlobalID":"f7c4aef9-6bb7-4d79-a46f-baf86276dcd1"}},{"type":"Feature","id":16285,"geometry":{"type":"Point","coordinates":[-9.1442300602179,38.7105980778051]},"properties":{"OBJECTID":16285,"COD_SIG":null,"IDTIPO":null,"NOME":"MARIA CELESTE GONÇALVES SOUSA","REGEND":"000981","MORADA":"Rua do Loreto","NUM_POLICIA":"15","FREGUESIA":"116","LOCALIDADE":"LISBOA","COD_POST_4":"1200","COD_POST_3":"241","COM_INT_ID":null,"COD_ACT_ECON":"51203","DESC_ACT_ECON":"\"SNACK-BAR\" - 3ª CATEGORIA","ANO":1991,"TIPO":"Restauração e Bebidas","LOCALIZACAO":"Isolado","C_INTEGRADO":null,"EMPRESA":"MARIA ISABEL SILVEIRA MENDES RODRIGUES MOURA","GlobalID":"375a4ed5-0bf7-4ab8-b6a9-00f7ca5d55b0"}},{"type":"Feature","id":16312,"geometry":{"type":"Point","coordinates":[-9.11317073021769,38.7539631514934]},"properties":{"OBJECTID":16312,"COD_SIG":null,"IDTIPO":null,"NOME":"PASTELARIA ZEZERE","REGEND":"001341","MORADA":"ACT PALMIRA BASTOS (R)","NUM_POLICIA":"LT 43 LJ 1","FREGUESIA":"115","LOCALIDADE":"LISBOA","COD_POST_4":"1900","COD_POST_3":"602","COM_INT_ID":null,"COD_ACT_ECON":"52704","DESC_ACT_ECON":"OUTROS EST. DE BEBIDAS - 3ª CATEGORIA","ANO":1991,"TIPO":"Restauração e Bebidas","LOCALIZACAO":"Isolado","C_INTEGRADO":null,"EMPRESA":"MARIA ISABEL SILVEIRA MENDES RODRIGUES MOURA","GlobalID":"b7511387-f6b2-4aea-9c1e-6569bb5284e4"}},{"type":"Feature","id":16317,"geometry":{"type":"Point","coordinates":[-9.11348891888122,38.75350334074]},"properties":{"OBJECTID":16317,"COD_SIG":null,"IDTIPO":null,"NOME":"PASTELARIA RITINHA","REGEND":"001344","MORADA":"Rua Luiz Pacheco","NUM_POLICIA":"Lote 102","FREGUESIA":"115","LOCALIDADE":"LISBOA","COD_POST_4":"1950","COD_POST_3":"004","COM_INT_ID":null,"COD_ACT_ECON":"52104","DESC_ACT_ECON":"CAFE/PASTELARIA - 3ª CATEGORIA","ANO":1991,"TIPO":"Restauração e Bebidas","LOCALIZACAO":"Isolado","C_INTEGRADO":null,"EMPRESA":"MARIA ISABEL SILVEIRA MENDES RODRIGUES MOURA","GlobalID":"2cf1f0c0-7acb-4f27-b161-db41265cf491"}},{"type":"Feature","id":16340,"geometry":{"type":"Point","coordinates":[-9.15206076797433,38.7236363580561]},"properties":{"OBJECTID":16340,"COD_SIG":null,"IDTIPO":null,"NOME":"FATS","REGEND":"000879","MORADA":"CASTILHO (R)","NUM_POLICIA":"50","FREGUESIA":"122","LOCALIDADE":"LISBOA                         ","COD_POST_4":"1250","COD_POST_3":"071","COM_INT_ID":75,"COD_ACT_ECON":"51403","DESC_ACT_ECON":"OUTROS EST. COMIDAS REFEIÇÕES - 3ª CAT.","ANO":1991,"TIPO":"Restauração e Bebidas","LOCALIZACAO":"Integrado - outro","C_INTEGRADO":"DRUGSTORE GRÃO PARÁ","EMPRESA":"LUIS FILIPE FERREIRA SILVA, LDA","GlobalID":"c32f4876-1bce-404e-b57b-79ad296e4821"}},{"type":"Feature","id":16356,"geometry":{"type":"Point","coordinates":[-9.13619399758746,38.7097846453123]},"properties":{"OBJECTID":16356,"COD_SIG":null,"IDTIPO":null,"NOME":"RESTAURANTE D. JOSÉ","REGEND":"001271","MORADA":"Rua da Conceição","NUM_POLICIA":"51","FREGUESIA":"121","LOCALIDADE":"LISBOA","COD_POST_4":"1100","COD_POST_3":"151","COM_INT_ID":null,"COD_ACT_ECON":"51107","DESC_ACT_ECON":"RESTAURANTE - 3ª CATEGORIA","ANO":1991,"TIPO":"Restauração e Bebidas","LOCALIZACAO":"Isolado","C_INTEGRADO":null,"EMPRESA":"J MONTERO & MONTERO, LDA","GlobalID":"5bc9d77d-672b-486e-9acb-f2fe6b42b2df"}},{"type":"Feature","id":16365,"geometry":{"type":"Point","coordinates":[-9.15757580487962,38.7683296801281]},"properties":{"OBJECTID":16365,"COD_SIG":null,"IDTIPO":null,"NOME":"POPSY BURGER","REGEND":"001254","MORADA":"SILVA TAVARES (R)","NUM_POLICIA":"7","FREGUESIA":"114","LOCALIDADE":null,"COD_POST_4":null,"COD_POST_3":null,"COM_INT_ID":null,"COD_ACT_ECON":"52104","DESC_ACT_ECON":"CAFE/PASTELARIA - 3ª CATEGORIA","ANO":1991,"TIPO":"Restauração e Bebidas","LOCALIZACAO":"Isolado","C_INTEGRADO":null,"EMPRESA":"MARIA ISABEL SILVEIRA MENDES RODRIGUES MOURA","GlobalID":"a3e18b83-f482-4266-b689-04a83cedf74e"}},{"type":"Feature","id":16448,"geometry":{"type":"Point","coordinates":[-9.14491349489279,38.7109614772595]},"properties":{"OBJECTID":16448,"COD_SIG":null,"IDTIPO":null,"NOME":"SANTOS & VITORIA","REGEND":"000929","MORADA":"ATALAIA (R DA)","NUM_POLICIA":"8","FREGUESIA":"116","LOCALIDADE":"LISBOA","COD_POST_4":"1200","COD_POST_3":"041","COM_INT_ID":null,"COD_ACT_ECON":"51107","DESC_ACT_ECON":"RESTAURANTE - 3ª CATEGORIA","ANO":1991,"TIPO":"Restauração e Bebidas","LOCALIZACAO":"Isolado","C_INTEGRADO":null,"EMPRESA":"SANTOS & VITÓRIA, LDA","GlobalID":"e5ee4b36-c433-4591-9619-c5a83264efe1"}},{"type":"Feature","id":16472,"geometry":{"type":"Point","coordinates":[-9.14496095378754,38.7118798646137]},"properties":{"OBJECTID":16472,"COD_SIG":null,"IDTIPO":null,"NOME":"RESTAURANTE ATALAIA","REGEND":"000933","MORADA":"Regueirão dos Anjos","NUM_POLICIA":"1","FREGUESIA":"116","LOCALIDADE":"LISBOA","COD_POST_4":"1150","COD_POST_3":"038","COM_INT_ID":null,"COD_ACT_ECON":"51107","DESC_ACT_ECON":"RESTAURANTE - 3ª CATEGORIA","ANO":1991,"TIPO":"Restauração e Bebidas","LOCALIZACAO":"Isolado","C_INTEGRADO":null,"EMPRESA":"MARIA ISABEL SILVEIRA MENDES RODRIGUES MOURA","GlobalID":"47f3ff7f-a2f7-4f60-9ec8-61fa10925d59"}},{"type":"Feature","id":16483,"geometry":{"type":"Point","coordinates":[-9.11404441818832,38.7432122962736]},"properties":{"OBJECTID":16483,"COD_SIG":null,"IDTIPO":null,"NOME":"MARIA ARMINDA SOUSA PEIXOTO","REGEND":"001319","MORADA":"Avenida João Paulo II","NUM_POLICIA":"Lote 554","FREGUESIA":"115","LOCALIDADE":"LISBOA                         ","COD_POST_4":"1950","COD_POST_3":"156","COM_INT_ID":null,"COD_ACT_ECON":"52104","DESC_ACT_ECON":"CAFE/PASTELARIA - 3ª CATEGORIA","ANO":1991,"TIPO":"Restauração e Bebidas","LOCALIZACAO":"Isolado","C_INTEGRADO":null,"EMPRESA":"MARIA ISABEL SILVEIRA MENDES RODRIGUES MOURA","GlobalID":"b1e4a629-84f6-4fcb-be75-31b6c4962390"}},{"type":"Feature","id":16584,"geometry":{"type":"Point","coordinates":[-9.14306064685576,38.7116441025504]},"properties":{"OBJECTID":16584,"COD_SIG":null,"IDTIPO":null,"NOME":"CARSEDIA","REGEND":"000987","MORADA":"Rua da Misericórdia","NUM_POLICIA":"55","FREGUESIA":"116","LOCALIDADE":"LISBOA","COD_POST_4":"1200","COD_POST_3":"271","COM_INT_ID":null,"COD_ACT_ECON":"52104","DESC_ACT_ECON":"CAFE/PASTELARIA - 3ª CATEGORIA","ANO":1991,"TIPO":"Restauração e Bebidas","LOCALIZACAO":"Isolado","C_INTEGRADO":null,"EMPRESA":"CARSÉDIA RESTAURANTE CERVEJARIA, LDA","GlobalID":"a7984a9b-7661-43f2-bd22-833951eb88e2"}},{"type":"Feature","id":16592,"geometry":{"type":"Point","coordinates":[-9.14378860473105,38.7110883244917]},"properties":{"OBJECTID":16592,"COD_SIG":null,"IDTIPO":null,"NOME":"TRECO LARECO","REGEND":"000994","MORADA":"Rua do Norte (Bairro Alto)","NUM_POLICIA":"17","FREGUESIA":"116","LOCALIDADE":"LISBOA                         ","COD_POST_4":"1200","COD_POST_3":"283","COM_INT_ID":null,"COD_ACT_ECON":"51107","DESC_ACT_ECON":"RESTAURANTE - 3ª CATEGORIA","ANO":1991,"TIPO":"Restauração e Bebidas","LOCALIZACAO":"Isolado","C_INTEGRADO":null,"EMPRESA":"MARIA ISABEL SILVEIRA MENDES RODRIGUES MOURA","GlobalID":"2491192b-7dd0-4013-8d2f-1871ffea2e10"}},{"type":"Feature","id":16612,"geometry":{"type":"Point","coordinates":[-9.1637497865885,38.7152825742678]},"properties":{"OBJECTID":16612,"COD_SIG":null,"IDTIPO":null,"NOME":"O CORREIO DE CAMPO OURIQUE","REGEND":"001137","MORADA":"Rua Domingos Sequeira","NUM_POLICIA":"41C","FREGUESIA":"113","LOCALIDADE":"LISBOA                         ","COD_POST_4":"1350","COD_POST_3":"119","COM_INT_ID":null,"COD_ACT_ECON":"51107","DESC_ACT_ECON":"RESTAURANTE - 3ª CATEGORIA","ANO":1991,"TIPO":"Restauração e Bebidas","LOCALIZACAO":"Isolado","C_INTEGRADO":null,"EMPRESA":"MARIA ISABEL SILVEIRA MENDES RODRIGUES MOURA","GlobalID":"410afee2-cf11-45b1-bf1f-4ccc96385f93"}},{"type":"Feature","id":16618,"geometry":{"type":"Point","coordinates":[-9.15951343321821,38.7092936711796]},"properties":{"OBJECTID":16618,"COD_SIG":null,"IDTIPO":null,"NOME":"PASTELARIA O 44 LDA","REGEND":"001142","MORADA":"Rua das Praças","NUM_POLICIA":"44","FREGUESIA":"113","LOCALIDADE":"LISBOA                         ","COD_POST_4":"1200","COD_POST_3":"767","COM_INT_ID":null,"COD_ACT_ECON":"52104","DESC_ACT_ECON":"CAFE/PASTELARIA - 3ª CATEGORIA","ANO":1991,"TIPO":"Restauração e Bebidas","LOCALIZACAO":"Isolado","C_INTEGRADO":null,"EMPRESA":"PASTELARIA O 44, LDA","GlobalID":"54bcdc21-1a54-44b5-8cad-bdd5b981ec0b"}},{"type":"Feature","id":16622,"geometry":{"type":"Point","coordinates":[-9.16001704044458,38.7103580629294]},"properties":{"OBJECTID":16622,"COD_SIG":null,"IDTIPO":null,"NOME":"J P VALENTE","REGEND":"001146","MORADA":"SANT'ANA (R DE) À LAPA","NUM_POLICIA":"8 A","FREGUESIA":"113","LOCALIDADE":null,"COD_POST_4":null,"COD_POST_3":null,"COM_INT_ID":null,"COD_ACT_ECON":"51203","DESC_ACT_ECON":"\"SNACK-BAR\" - 3ª CATEGORIA","ANO":1991,"TIPO":"Restauração e Bebidas","LOCALIZACAO":"Isolado","C_INTEGRADO":null,"EMPRESA":"J. P. VALENTE, LDA","GlobalID":"dda72ab7-78b6-4eb5-820b-14055e6d0522"}},{"type":"Feature","id":16661,"geometry":{"type":"Point","coordinates":[-9.15206076797433,38.7236363580561]},"properties":{"OBJECTID":16661,"COD_SIG":null,"IDTIPO":null,"NOME":"A CREPÊRIE P'RA LÁ DE BOM","REGEND":"000878","MORADA":"CASTILHO (R)","NUM_POLICIA":"50","FREGUESIA":"122","LOCALIDADE":"LISBOA                         ","COD_POST_4":"1250","COD_POST_3":"071","COM_INT_ID":75,"COD_ACT_ECON":"51403","DESC_ACT_ECON":"OUTROS EST. COMIDAS REFEIÇÕES - 3ª CAT.","ANO":1991,"TIPO":"Restauração e Bebidas","LOCALIZACAO":"Integrado - outro","C_INTEGRADO":"DRUGSTORE GRÃO PARÁ","EMPRESA":"MARIA ISABEL SILVEIRA MENDES RODRIGUES MOURA","GlobalID":"17d7e516-13e5-442a-806b-75e470c66e2c"}},{"type":"Feature","id":16679,"geometry":{"type":"Point","coordinates":[-9.17696541207795,38.7645572980062]},"properties":{"OBJECTID":16679,"COD_SIG":null,"IDTIPO":null,"NOME":"RESTAURANTE SELF ERIS","REGEND":"001212","MORADA":"Avenida das Nações Unidas (antiga Rua E da Urb. da Quinta de Santo  António)","NUM_POLICIA":"Continente","FREGUESIA":"114","LOCALIDADE":"LISBOA                         ","COD_POST_4":"1600","COD_POST_3":"774","COM_INT_ID":null,"COD_ACT_ECON":"51399","DESC_ACT_ECON":"\"SELF-SERVICE\" - (SEM CATEGORIA)","ANO":1991,"TIPO":"Restauração e Bebidas","LOCALIZACAO":"Isolado","C_INTEGRADO":null,"EMPRESA":"MARIA ISABEL SILVEIRA MENDES RODRIGUES MOURA","GlobalID":"dec38c56-ac85-44a9-bf73-2485e06790df"}},{"type":"Feature","id":16690,"geometry":{"type":"Point","coordinates":[-9.16378525297424,38.7768503502739]},"properties":{"OBJECTID":16690,"COD_SIG":null,"IDTIPO":null,"NOME":"CANTINHO DO LUMIAR","REGEND":"001220","MORADA":"Rua da Castiça","NUM_POLICIA":"2A","FREGUESIA":"114","LOCALIDADE":"LISBOA","COD_POST_4":"1750","COD_POST_3":"056","COM_INT_ID":null,"COD_ACT_ECON":"51107","DESC_ACT_ECON":"RESTAURANTE - 3ª CATEGORIA","ANO":1991,"TIPO":"Restauração e Bebidas","LOCALIZACAO":"Isolado","C_INTEGRADO":null,"EMPRESA":"MARIA ISABEL SILVEIRA MENDES RODRIGUES MOURA","GlobalID":"7ef36b74-47b0-4fa6-835f-d23f3b61c691"}},{"type":"Feature","id":16727,"geometry":{"type":"Point","coordinates":[-9.16273531015497,38.7110938845368]},"properties":{"OBJECTID":16727,"COD_SIG":null,"IDTIPO":null,"NOME":"CAFE ASSUNÇAO","REGEND":"001147","MORADA":"S CIRO (R DE)","NUM_POLICIA":"12","FREGUESIA":"113","LOCALIDADE":null,"COD_POST_4":null,"COD_POST_3":null,"COM_INT_ID":null,"COD_ACT_ECON":"52104","DESC_ACT_ECON":"CAFE/PASTELARIA - 3ª CATEGORIA","ANO":1991,"TIPO":"Restauração e Bebidas","LOCALIZACAO":"Isolado","C_INTEGRADO":null,"EMPRESA":"MARIA ISABEL SILVEIRA MENDES RODRIGUES MOURA","GlobalID":"b8752c32-2da3-4b3b-be67-b491df348bac"}},{"type":"Feature","id":16730,"geometry":{"type":"Point","coordinates":[-9.16417755714026,38.7825866265156]},"properties":{"OBJECTID":16730,"COD_SIG":null,"IDTIPO":null,"NOME":"CAFE FILANDESA","REGEND":"001191","MORADA":"CARRICHE (C DE)","NUM_POLICIA":"7","FREGUESIA":"114","LOCALIDADE":"LISBOA                         ","COD_POST_4":"1750","COD_POST_3":"053","COM_INT_ID":null,"COD_ACT_ECON":"52104","DESC_ACT_ECON":"CAFE/PASTELARIA - 3ª CATEGORIA","ANO":1991,"TIPO":"Restauração e Bebidas","LOCALIZACAO":"Isolado","C_INTEGRADO":null,"EMPRESA":"FREITAS PEREIRA & GODINHO, LDA","GlobalID":"6d374006-2963-4602-a6ac-b52b1166152c"}},{"type":"Feature","id":16770,"geometry":{"type":"Point","coordinates":[-9.14517800292987,38.7134093134136]},"properties":{"OBJECTID":16770,"COD_SIG":null,"IDTIPO":null,"NOME":"CAFE MINI BAR","REGEND":"000941","MORADA":"Rua da Atalaia","NUM_POLICIA":"177","FREGUESIA":"116","LOCALIDADE":"LISBOA","COD_POST_4":"1200","COD_POST_3":"040","COM_INT_ID":null,"COD_ACT_ECON":"52704","DESC_ACT_ECON":"OUTROS EST. DE BEBIDAS - 3ª CATEGORIA","ANO":1991,"TIPO":"Restauração e Bebidas","LOCALIZACAO":"Isolado","C_INTEGRADO":null,"EMPRESA":"JOSE CARVALHO E MENDES, LDA","GlobalID":"dbd1a9f0-c51f-49da-9667-ae97468b12ad"}},{"type":"Feature","id":16862,"geometry":{"type":"Point","coordinates":[-9.15855012392496,38.7744914177]},"properties":{"OBJECTID":16862,"COD_SIG":null,"IDTIPO":null,"NOME":"CAFE BAR O BOGALHO","REGEND":"001200","MORADA":"Estrada da Torre","NUM_POLICIA":"67B","FREGUESIA":"114","LOCALIDADE":"LISBOA","COD_POST_4":"1750","COD_POST_3":"294","COM_INT_ID":null,"COD_ACT_ECON":"52104","DESC_ACT_ECON":"CAFE/PASTELARIA - 3ª CATEGORIA","ANO":1991,"TIPO":"Restauração e Bebidas","LOCALIZACAO":"Isolado","C_INTEGRADO":null,"EMPRESA":"MARIA ISABEL SILVEIRA MENDES RODRIGUES MOURA","GlobalID":"26ca12c4-2ac0-4c11-8042-176c454235d8"}},{"type":"Feature","id":16888,"geometry":{"type":"Point","coordinates":[-9.14581338312696,38.723384467019]},"properties":{"OBJECTID":16888,"COD_SIG":null,"IDTIPO":null,"NOME":"ADEGA ALCAFACHE","REGEND":"000920","MORADA":"Rua de Santa Marta","NUM_POLICIA":"37A","FREGUESIA":"122","LOCALIDADE":"LISBOA","COD_POST_4":"1150","COD_POST_3":"293","COM_INT_ID":null,"COD_ACT_ECON":"51109","DESC_ACT_ECON":"RESTAURANTE - CASA DE PASTO","ANO":1991,"TIPO":"Restauração e Bebidas","LOCALIZACAO":"Isolado","C_INTEGRADO":null,"EMPRESA":"AFONSO & ALVES, LDA","GlobalID":"8bc6018a-8e11-4e9e-97ca-17a15b01f4c0"}},{"type":"Feature","id":16901,"geometry":{"type":"Point","coordinates":[-9.1449253032472,38.714240224484]},"properties":{"OBJECTID":16901,"COD_SIG":null,"IDTIPO":null,"NOME":"AREGEMIRO JORGE MAIA","REGEND":"000992","MORADA":"MOUROS (R DOS)","NUM_POLICIA":"10","FREGUESIA":"116","LOCALIDADE":null,"COD_POST_4":null,"COD_POST_3":null,"COM_INT_ID":null,"COD_ACT_ECON":"51108","DESC_ACT_ECON":"RESTAURANTE - 3ª CATEGORIA (TÍPICO)","ANO":1991,"TIPO":"Restauração e Bebidas","LOCALIZACAO":"Isolado","C_INTEGRADO":null,"EMPRESA":"MARIA ISABEL SILVEIRA MENDES RODRIGUES MOURA","GlobalID":"a9ee407f-9d22-48bd-95b3-1cf62527c2f9"}},{"type":"Feature","id":16914,"geometry":{"type":"Point","coordinates":[-9.14504013488997,38.7142302207683]},"properties":{"OBJECTID":16914,"COD_SIG":null,"IDTIPO":null,"NOME":"JOSE MARIA BARATA","REGEND":"000993","MORADA":"MOUROS (R DOS)","NUM_POLICIA":"19","FREGUESIA":"116","LOCALIDADE":null,"COD_POST_4":null,"COD_POST_3":null,"COM_INT_ID":null,"COD_ACT_ECON":"52705","DESC_ACT_ECON":"Outros Estab. De Bebidas - Taberna","ANO":1991,"TIPO":"Restauração e Bebidas","LOCALIZACAO":"Isolado","C_INTEGRADO":null,"EMPRESA":"MARIA ISABEL SILVEIRA MENDES RODRIGUES MOURA","GlobalID":"55400a94-802c-47bd-90cb-6831e6cf53e4"}},{"type":"Feature","id":16938,"geometry":{"type":"Point","coordinates":[-9.11496563961385,38.7535810020223]},"properties":{"OBJECTID":16938,"COD_SIG":null,"IDTIPO":null,"NOME":"A COLMEIA ORIENTAL","REGEND":"001348","MORADA":"ANDRÉ VIDAL DE NEGREIROS (R)","NUM_POLICIA":"LT 30 B","FREGUESIA":"115","LOCALIDADE":"LISBOA","COD_POST_4":"1900","COD_POST_3":"620","COM_INT_ID":94,"COD_ACT_ECON":"52104","DESC_ACT_ECON":"CAFE/PASTELARIA - 3ª CATEGORIA","ANO":1991,"TIPO":"Restauração e Bebidas","LOCALIZACAO":"Integrado - outro","C_INTEGRADO":"CENTRO COMERCIAL ORIENTE","EMPRESA":"MARIA ISABEL SILVEIRA MENDES RODRIGUES MOURA","GlobalID":"366feba2-5843-47ba-a39a-20f9deef67e5"}},{"type":"Feature","id":16947,"geometry":{"type":"Point","coordinates":[-9.11515204183194,38.7539847835654]},"properties":{"OBJECTID":16947,"COD_SIG":null,"IDTIPO":null,"NOME":"RESTAURANTE O CISNE","REGEND":"001347","MORADA":"Rua Duarte Lopes","NUM_POLICIA":"Lote 29","FREGUESIA":"115","LOCALIDADE":"LISBOA","COD_POST_4":"1950","COD_POST_3":"098","COM_INT_ID":60,"COD_ACT_ECON":"51203","DESC_ACT_ECON":"\"SNACK-BAR\" - 3ª CATEGORIA","ANO":1991,"TIPO":"Restauração e Bebidas","LOCALIZACAO":"Integrado - outro","C_INTEGRADO":"CENTRO COMERCIAL CHELAS","EMPRESA":"MARIA ISABEL SILVEIRA MENDES RODRIGUES MOURA","GlobalID":"a132e2bf-e719-42e9-b9bb-a05015c95729"}},{"type":"Feature","id":17011,"geometry":{"type":"Point","coordinates":[-9.15300609748717,38.7141158487311]},"properties":{"OBJECTID":17011,"COD_SIG":null,"IDTIPO":null,"NOME":"A MARAVILHA S BENTO","REGEND":"001448","MORADA":"NOVA PIEDADE (R)","NUM_POLICIA":"87","FREGUESIA":"116","LOCALIDADE":null,"COD_POST_4":null,"COD_POST_3":null,"COM_INT_ID":null,"COD_ACT_ECON":"52104","DESC_ACT_ECON":"CAFE/PASTELARIA - 3ª CATEGORIA","ANO":1991,"TIPO":"Restauração e Bebidas","LOCALIZACAO":"Isolado","C_INTEGRADO":null,"EMPRESA":"A MARAVILHA DE SÃO BENTO - CAFÉS EMBALADOS E MERCEARIAS, LDA","GlobalID":"e31ae7b6-fc1e-4c30-9a3a-f1e26d3cb052"}},{"type":"Feature","id":17017,"geometry":{"type":"Point","coordinates":[-9.15106991992776,38.7129797494858]},"properties":{"OBJECTID":17017,"COD_SIG":null,"IDTIPO":null,"NOME":"TABERNA LEAO","REGEND":"001441","MORADA":"CRUZ DOS POIAIS (R)","NUM_POLICIA":"110","FREGUESIA":"116","LOCALIDADE":null,"COD_POST_4":null,"COD_POST_3":null,"COM_INT_ID":null,"COD_ACT_ECON":"52704","DESC_ACT_ECON":"OUTROS EST. DE BEBIDAS - 3ª CATEGORIA","ANO":1991,"TIPO":"Restauração e Bebidas","LOCALIZACAO":"Isolado","C_INTEGRADO":null,"EMPRESA":"MARIA ISABEL SILVEIRA MENDES RODRIGUES MOURA","GlobalID":"6b7537c1-d23a-47b6-a23a-816739ba40ae"}},{"type":"Feature","id":17020,"geometry":{"type":"Point","coordinates":[-9.15182209009492,38.7157475964321]},"properties":{"OBJECTID":17020,"COD_SIG":null,"IDTIPO":null,"NOME":"RESTAURANTE RAPATAXO","REGEND":"001444","MORADA":"MONTE OLIVETE (R DO)","NUM_POLICIA":"1 A","FREGUESIA":"122","LOCALIDADE":null,"COD_POST_4":null,"COD_POST_3":null,"COM_INT_ID":null,"COD_ACT_ECON":"51107","DESC_ACT_ECON":"RESTAURANTE - 3ª CATEGORIA","ANO":1991,"TIPO":"Restauração e Bebidas","LOCALIZACAO":"Isolado","C_INTEGRADO":null,"EMPRESA":"MARIA ISABEL SILVEIRA MENDES RODRIGUES MOURA","GlobalID":"c7306880-16f0-4414-bade-c399bd222054"}},{"type":"Feature","id":17068,"geometry":{"type":"Point","coordinates":[-9.14028731670663,38.7099336819023]},"properties":{"OBJECTID":17068,"COD_SIG":null,"IDTIPO":null,"NOME":"PALÁCIO DO DRAGÃO","REGEND":"001299","MORADA":"Rua Ivens","NUM_POLICIA":"28","FREGUESIA":"121","LOCALIDADE":"LISBOA                         ","COD_POST_4":"1200","COD_POST_3":"227","COM_INT_ID":null,"COD_ACT_ECON":"51105","DESC_ACT_ECON":"RESTAURANTE - 2ª CATEGORIA","ANO":1991,"TIPO":"Restauração e Bebidas","LOCALIZACAO":"Isolado","C_INTEGRADO":null,"EMPRESA":"MARIA ISABEL SILVEIRA MENDES RODRIGUES MOURA","GlobalID":"de8bb4cd-c2ca-4df3-9822-2fb494ba676c"}},{"type":"Feature","id":17200,"geometry":{"type":"Point","coordinates":[-9.16040582141809,38.7720097135775]},"properties":{"OBJECTID":17200,"COD_SIG":null,"IDTIPO":null,"NOME":"SOLAR LUMIAR","REGEND":"001182","MORADA":"LINHAS DE TORRES (AL DAS)","NUM_POLICIA":"234","FREGUESIA":"114","LOCALIDADE":null,"COD_POST_4":null,"COD_POST_3":null,"COM_INT_ID":null,"COD_ACT_ECON":"51107","DESC_ACT_ECON":"RESTAURANTE - 3ª CATEGORIA","ANO":1991,"TIPO":"Restauração e Bebidas","LOCALIZACAO":"Isolado","C_INTEGRADO":null,"EMPRESA":"MARIA ISABEL SILVEIRA MENDES RODRIGUES MOURA","GlobalID":"7c51380e-0376-4fa3-b4ad-9868cf518f54"}},{"type":"Feature","id":17205,"geometry":{"type":"Point","coordinates":[-9.16042767563231,38.7722229684345]},"properties":{"OBJECTID":17205,"COD_SIG":null,"IDTIPO":null,"NOME":"MEL DOCE ACT HOTELEIRAS LDA","REGEND":"001187","MORADA":"Avenida Columbano Bordalo Pinheiro","NUM_POLICIA":"93E","FREGUESIA":"114","LOCALIDADE":"LISBOA","COD_POST_4":"1070","COD_POST_3":"062","COM_INT_ID":null,"COD_ACT_ECON":"52103","DESC_ACT_ECON":"CAFÉ/PASTELARIA - 2ª CATEGORIA","ANO":1991,"TIPO":"Restauração e Bebidas","LOCALIZACAO":"Isolado","C_INTEGRADO":null,"EMPRESA":"MELDOCE- ACTIVIDADES HOTELEIRAS, LDA","GlobalID":"f01c0886-656f-40ad-bd76-e911ee076569"}},{"type":"Feature","id":17207,"geometry":{"type":"Point","coordinates":[-9.16042767563231,38.7722229684345]},"properties":{"OBJECTID":17207,"COD_SIG":null,"IDTIPO":null,"NOME":"O COGUMELO","REGEND":"001188","MORADA":"LINHAS DE TORRES (AL DAS)","NUM_POLICIA":"238","FREGUESIA":"114","LOCALIDADE":null,"COD_POST_4":null,"COD_POST_3":null,"COM_INT_ID":86,"COD_ACT_ECON":"51403","DESC_ACT_ECON":"OUTROS EST. COMIDAS REFEIÇÕES - 3ª CAT.","ANO":1991,"TIPO":"Restauração e Bebidas","LOCALIZACAO":"Integrado - outro","C_INTEGRADO":"CENTRO COMERCIAL LUMIAR","EMPRESA":"MARIA ISABEL SILVEIRA MENDES RODRIGUES MOURA","GlobalID":"fb0325c7-405d-4c47-87eb-2373e6ee8b39"}},{"type":"Feature","id":17215,"geometry":{"type":"Point","coordinates":[-9.16088983908304,38.7731557022242]},"properties":{"OBJECTID":17215,"COD_SIG":null,"IDTIPO":null,"NOME":"RESTAURANTE SNACK BAR SUCO SUCO","REGEND":"001184","MORADA":"LINHAS DE TORRES (AL DAS)","NUM_POLICIA":"258 A","FREGUESIA":"114","LOCALIDADE":null,"COD_POST_4":null,"COD_POST_3":null,"COM_INT_ID":null,"COD_ACT_ECON":"51107","DESC_ACT_ECON":"RESTAURANTE - 3ª CATEGORIA","ANO":1991,"TIPO":"Restauração e Bebidas","LOCALIZACAO":"Isolado","C_INTEGRADO":null,"EMPRESA":"MARIA ISABEL SILVEIRA MENDES RODRIGUES MOURA","GlobalID":"74094d89-a3e7-43d0-9a50-f71584226b19"}},{"type":"Feature","id":17216,"geometry":{"type":"Point","coordinates":[-9.16053122174017,38.7722220565606]},"properties":{"OBJECTID":17216,"COD_SIG":null,"IDTIPO":null,"NOME":"MILHO REI","REGEND":"001186","MORADA":"Alameda das Linhas de Torres","NUM_POLICIA":"236A","FREGUESIA":"114","LOCALIDADE":"LISBOA","COD_POST_4":"1750","COD_POST_3":"151","COM_INT_ID":null,"COD_ACT_ECON":"52104","DESC_ACT_ECON":"CAFE/PASTELARIA - 3ª CATEGORIA","ANO":1991,"TIPO":"Restauração e Bebidas","LOCALIZACAO":"Isolado","C_INTEGRADO":null,"EMPRESA":"MARIA ISABEL SILVEIRA MENDES RODRIGUES MOURA","GlobalID":"5498ad8d-13c3-4440-83b5-50cf215f4815"}},{"type":"Feature","id":17220,"geometry":{"type":"Point","coordinates":[-9.16042767563231,38.7722229684345]},"properties":{"OBJECTID":17220,"COD_SIG":null,"IDTIPO":null,"NOME":"FILOMENA JESUS MOURA GAUDENCIO COSTA","REGEND":"001189","MORADA":"LINHAS DE TORRES (AL DAS)","NUM_POLICIA":"238","FREGUESIA":"114","LOCALIDADE":null,"COD_POST_4":null,"COD_POST_3":null,"COM_INT_ID":86,"COD_ACT_ECON":"51203","DESC_ACT_ECON":"\"SNACK-BAR\" - 3ª CATEGORIA","ANO":1991,"TIPO":"Restauração e Bebidas","LOCALIZACAO":"Integrado - outro","C_INTEGRADO":"CENTRO COMERCIAL LUMIAR","EMPRESA":"MARIA ISABEL SILVEIRA MENDES RODRIGUES MOURA","GlobalID":"1a604c21-c785-4860-955a-77f450fb1cd9"}},{"type":"Feature","id":17253,"geometry":{"type":"Point","coordinates":[-9.14816030726521,38.7395336883474]},"properties":{"OBJECTID":17253,"COD_SIG":null,"IDTIPO":null,"NOME":"TASCA A CARVOEIRA","REGEND":"001508","MORADA":"Avenida Cinco de Outubro","NUM_POLICIA":"136","FREGUESIA":"106","LOCALIDADE":null,"COD_POST_4":"1050","COD_POST_3":"061","COM_INT_ID":null,"COD_ACT_ECON":"51109","DESC_ACT_ECON":"RESTAURANTE - CASA DE PASTO","ANO":1991,"TIPO":"Restauração e Bebidas","LOCALIZACAO":"Isolado","C_INTEGRADO":null,"EMPRESA":"MARIA ISABEL SILVEIRA MENDES RODRIGUES MOURA","GlobalID":"b9d388fc-9080-4ff9-af34-52043b09f9cc"}},{"type":"Feature","id":17264,"geometry":{"type":"Point","coordinates":[-9.12667968080024,38.719252186844]},"properties":{"OBJECTID":17264,"COD_SIG":null,"IDTIPO":null,"NOME":"LAURA ALMEIDA ALVES PAÇO","REGEND":"001099","MORADA":"ST ANTONIO (T DE) æ GRAÇA","NUM_POLICIA":"7 A","FREGUESIA":"124","LOCALIDADE":null,"COD_POST_4":null,"COD_POST_3":null,"COM_INT_ID":null,"COD_ACT_ECON":"52199","DESC_ACT_ECON":"CAFÉ/PASTELARIA - (SEM CATEGORIA)","ANO":1991,"TIPO":"Restauração e Bebidas","LOCALIZACAO":"Isolado","C_INTEGRADO":null,"EMPRESA":"MARIA ISABEL SILVEIRA MENDES RODRIGUES MOURA","GlobalID":"ecabe4f4-cb31-4ec5-a19a-13a0e9f41bb4"}},{"type":"Feature","id":17277,"geometry":{"type":"Point","coordinates":[-9.1559598488712,38.7124325635508]},"properties":{"OBJECTID":17277,"COD_SIG":null,"IDTIPO":null,"NOME":"PROVE","REGEND":"001108","MORADA":"ESTRELA (C DA)","NUM_POLICIA":"89","FREGUESIA":"113","LOCALIDADE":"LISBOA","COD_POST_4":"1200","COD_POST_3":"661","COM_INT_ID":null,"COD_ACT_ECON":"52104","DESC_ACT_ECON":"CAFE/PASTELARIA - 3ª CATEGORIA","ANO":1991,"TIPO":"Restauração e Bebidas","LOCALIZACAO":"Isolado","C_INTEGRADO":null,"EMPRESA":"PROVE ACTIVIDADES HOTELEIRAS, LDA","GlobalID":"0729a9ba-357a-41e6-98ac-f195b4170c8b"}},{"type":"Feature","id":17317,"geometry":{"type":"Point","coordinates":[-9.16042767563231,38.7722229684345]},"properties":{"OBJECTID":17317,"COD_SIG":null,"IDTIPO":null,"NOME":"CINITUR SOC PROMOTORA DE INX. OMOB.","REGEND":"001185","MORADA":"LINHAS DE TORRES (AL DAS)","NUM_POLICIA":"238","FREGUESIA":"114","LOCALIDADE":null,"COD_POST_4":null,"COD_POST_3":null,"COM_INT_ID":null,"COD_ACT_ECON":"52504","DESC_ACT_ECON":"GELATARIA - 3ª CATEGORIA","ANO":1991,"TIPO":"Restauração e Bebidas","LOCALIZACAO":"Isolado","C_INTEGRADO":null,"EMPRESA":"CIVITUR SOCIEDADE PROMOTORA DE INVESTIMENTO IMOBILIÁRIO, LDA","GlobalID":"afade465-9176-4d87-86e6-4cf0929274a5"}},{"type":"Feature","id":17358,"geometry":{"type":"Point","coordinates":[-9.14776629899506,38.7378610562445]},"properties":{"OBJECTID":17358,"COD_SIG":null,"IDTIPO":null,"NOME":"BOLA CHEIA","REGEND":"001504","MORADA":"CINCO DE OUTUBRO (AV)","NUM_POLICIA":"92","FREGUESIA":"106","LOCALIDADE":"LISBOA","COD_POST_4":"1050","COD_POST_3":"059","COM_INT_ID":null,"COD_ACT_ECON":"52104","DESC_ACT_ECON":"CAFE/PASTELARIA - 3ª CATEGORIA","ANO":1991,"TIPO":"Restauração e Bebidas","LOCALIZACAO":"Isolado","C_INTEGRADO":null,"EMPRESA":"ANDRADES, LDA","GlobalID":"e0e58874-dbde-489a-8923-b6312f74aa6a"}},{"type":"Feature","id":17439,"geometry":{"type":"Point","coordinates":[-9.15757580487962,38.7683296801281]},"properties":{"OBJECTID":17439,"COD_SIG":null,"IDTIPO":null,"NOME":"AMERICANICES","REGEND":"001249","MORADA":"SILVA TAVARES (R)","NUM_POLICIA":"7 A","FREGUESIA":"114","LOCALIDADE":null,"COD_POST_4":null,"COD_POST_3":null,"COM_INT_ID":null,"COD_ACT_ECON":"52104","DESC_ACT_ECON":"CAFE/PASTELARIA - 3ª CATEGORIA","ANO":1991,"TIPO":"Restauração e Bebidas","LOCALIZACAO":"Isolado","C_INTEGRADO":null,"EMPRESA":"MARIA ISABEL SILVEIRA MENDES RODRIGUES MOURA","GlobalID":"ecbfed31-b888-4a20-9598-5f829a485726"}},{"type":"Feature","id":17502,"geometry":{"type":"Point","coordinates":[-9.10477296093816,38.7419201551503]},"properties":{"OBJECTID":17502,"COD_SIG":null,"IDTIPO":null,"NOME":"MARIA PALMIRA JESUS LOURENÇO","REGEND":"001383","MORADA":"Rua de Marvila","NUM_POLICIA":"1","FREGUESIA":"115","LOCALIDADE":"LISBOA                         ","COD_POST_4":"1950","COD_POST_3":"196","COM_INT_ID":null,"COD_ACT_ECON":"52104","DESC_ACT_ECON":"CAFE/PASTELARIA - 3ª CATEGORIA","ANO":1991,"TIPO":"Restauração e Bebidas","LOCALIZACAO":"Isolado","C_INTEGRADO":null,"EMPRESA":"MARIA ISABEL SILVEIRA MENDES RODRIGUES MOURA","GlobalID":"85a5fa3b-683d-4332-b6dd-3ff648714c55"}},{"type":"Feature","id":17516,"geometry":{"type":"Point","coordinates":[-9.1572204538111,38.7644054243996]},"properties":{"OBJECTID":17516,"COD_SIG":null,"IDTIPO":null,"NOME":"TI MARGARIDA","REGEND":"001171","MORADA":"Alameda das Linhas de Torres","NUM_POLICIA":"103A","FREGUESIA":"114","LOCALIDADE":"LISBOA","COD_POST_4":"1750","COD_POST_3":"141","COM_INT_ID":null,"COD_ACT_ECON":"52199","DESC_ACT_ECON":"CAFÉ/PASTELARIA - (SEM CATEGORIA)","ANO":1991,"TIPO":"Restauração e Bebidas","LOCALIZACAO":"Isolado","C_INTEGRADO":null,"EMPRESA":"MARIA ISABEL SILVEIRA MENDES RODRIGUES MOURA","GlobalID":"260ff028-5250-423b-a27b-2cdd06ddd5ff"}},{"type":"Feature","id":17567,"geometry":{"type":"Point","coordinates":[-9.10219784136153,38.7420136317326]},"properties":{"OBJECTID":17567,"COD_SIG":null,"IDTIPO":null,"NOME":"VICTOR MANUEL DIAS CRUZ CARMO","REGEND":"001328","MORADA":"DAVID LEANDRO DA SILVA (PR)","NUM_POLICIA":"18","FREGUESIA":"115","LOCALIDADE":"LISBOA","COD_POST_4":"1900","COD_POST_3":"652","COM_INT_ID":null,"COD_ACT_ECON":"52704","DESC_ACT_ECON":"OUTROS EST. DE BEBIDAS - 3ª CATEGORIA","ANO":1991,"TIPO":"Restauração e Bebidas","LOCALIZACAO":"Isolado","C_INTEGRADO":null,"EMPRESA":"MARIA ISABEL SILVEIRA MENDES RODRIGUES MOURA","GlobalID":"3bf296d0-6401-4cc5-a07c-b11a69bc71ca"}},{"type":"Feature","id":17598,"geometry":{"type":"Point","coordinates":[-9.10483572173547,38.7423069682617]},"properties":{"OBJECTID":17598,"COD_SIG":null,"IDTIPO":null,"NOME":"ROSA MARIA MARTINS DIREITO OLIVEIRA & MARILIA MADEIRA L C HORTA","REGEND":"001372","MORADA":"JOSÉ DO PATROCÍNIO (R)","NUM_POLICIA":"7 A","FREGUESIA":"115","LOCALIDADE":"LISBOA","COD_POST_4":"1900","COD_POST_3":"731","COM_INT_ID":null,"COD_ACT_ECON":"52104","DESC_ACT_ECON":"CAFE/PASTELARIA - 3ª CATEGORIA","ANO":1991,"TIPO":"Restauração e Bebidas","LOCALIZACAO":"Isolado","C_INTEGRADO":null,"EMPRESA":"MARIA ISABEL SILVEIRA MENDES RODRIGUES MOURA","GlobalID":"a781dfe9-b8a5-42c9-bf03-3e1adb133c44"}},{"type":"Feature","id":17645,"geometry":{"type":"Point","coordinates":[-9.16304079304713,38.7754967581839]},"properties":{"OBJECTID":17645,"COD_SIG":null,"IDTIPO":null,"NOME":"ADEGA DOS PRESUNTOS","REGEND":"001237","MORADA":"LUMIAR (R DO)","NUM_POLICIA":"61","FREGUESIA":"114","LOCALIDADE":null,"COD_POST_4":null,"COD_POST_3":null,"COM_INT_ID":null,"COD_ACT_ECON":"51107","DESC_ACT_ECON":"RESTAURANTE - 3ª CATEGORIA","ANO":1991,"TIPO":"Restauração e Bebidas","LOCALIZACAO":"Isolado","C_INTEGRADO":null,"EMPRESA":"MARIA ISABEL SILVEIRA MENDES RODRIGUES MOURA","GlobalID":"56f3ce7e-58f9-4c60-9acf-79de5dcfb67a"}},{"type":"Feature","id":17660,"geometry":{"type":"Point","coordinates":[-9.14082622862199,38.7080873041733]},"properties":{"OBJECTID":17660,"COD_SIG":null,"IDTIPO":null,"NOME":"RESTAURANTE BAR LORDE","REGEND":"001304","MORADA":"VÍTOR CORDON (R)","NUM_POLICIA":"14 A","FREGUESIA":"121","LOCALIDADE":null,"COD_POST_4":null,"COD_POST_3":null,"COM_INT_ID":null,"COD_ACT_ECON":"51103","DESC_ACT_ECON":"Restaurante","ANO":1991,"TIPO":"Restauração e Bebidas","LOCALIZACAO":"Isolado","C_INTEGRADO":null,"EMPRESA":"MARIA ISABEL SILVEIRA MENDES RODRIGUES MOURA","GlobalID":"2eddd69a-ef83-4f73-b82c-10fb59cdb2bc"}},{"type":"Feature","id":17665,"geometry":{"type":"Point","coordinates":[-9.11418978356759,38.7551188514657]},"properties":{"OBJECTID":17665,"COD_SIG":null,"IDTIPO":null,"NOME":"ANTONIO EDUARDO TAVARES NOBRE","REGEND":"001308","MORADA":"Avenida Dr. Augusto de Castro (antiga Avenida Central da Malha I de Chelas)","NUM_POLICIA":"Lote 9","FREGUESIA":"115","LOCALIDADE":"LISBOA","COD_POST_4":"1950","COD_POST_3":"082","COM_INT_ID":null,"COD_ACT_ECON":"51107","DESC_ACT_ECON":"RESTAURANTE - 3ª CATEGORIA","ANO":1991,"TIPO":"Restauração e Bebidas","LOCALIZACAO":"Isolado","C_INTEGRADO":null,"EMPRESA":"MARIA ISABEL SILVEIRA MENDES RODRIGUES MOURA","GlobalID":"282b284f-392a-4973-b4cf-3976095d58eb"}},{"type":"Feature","id":17686,"geometry":{"type":"Point","coordinates":[-9.15932625755067,38.7106735139094]},"properties":{"OBJECTID":17686,"COD_SIG":null,"IDTIPO":null,"NOME":"BAZAR LAPA","REGEND":"001132","MORADA":"Rua da Lapa","NUM_POLICIA":"36","FREGUESIA":"113","LOCALIDADE":"LISBOA","COD_POST_4":"1200","COD_POST_3":"702","COM_INT_ID":null,"COD_ACT_ECON":"51107","DESC_ACT_ECON":"RESTAURANTE - 3ª CATEGORIA","ANO":1991,"TIPO":"Restauração e Bebidas","LOCALIZACAO":"Isolado","C_INTEGRADO":null,"EMPRESA":"MARIA ISABEL SILVEIRA MENDES RODRIGUES MOURA","GlobalID":"afd3e35c-8ab9-4dcc-b047-d5590a95908d"}},{"type":"Feature","id":17717,"geometry":{"type":"Point","coordinates":[-9.15136571089629,38.7119502770202]},"properties":{"OBJECTID":17717,"COD_SIG":null,"IDTIPO":null,"NOME":"MIGUEZ & ARAUJO","REGEND":"001434","MORADA":"CRUZ DOS POIAIS (R)","NUM_POLICIA":"54","FREGUESIA":"116","LOCALIDADE":null,"COD_POST_4":null,"COD_POST_3":null,"COM_INT_ID":null,"COD_ACT_ECON":"52104","DESC_ACT_ECON":"CAFE/PASTELARIA - 3ª CATEGORIA","ANO":1991,"TIPO":"Restauração e Bebidas","LOCALIZACAO":"Isolado","C_INTEGRADO":null,"EMPRESA":"MARIA ISABEL SILVEIRA MENDES RODRIGUES MOURA","GlobalID":"3f119045-5754-4ad4-ba09-7304a7c6a83e"}},{"type":"Feature","id":17726,"geometry":{"type":"Point","coordinates":[-9.1514473309247,38.712030635904]},"properties":{"OBJECTID":17726,"COD_SIG":null,"IDTIPO":null,"NOME":"MARIO RUI RIBEIRO SANTOS","REGEND":"001437","MORADA":"Rua da Cruz dos Poiais","NUM_POLICIA":"71","FREGUESIA":"116","LOCALIDADE":"LISBOA","COD_POST_4":"1200","COD_POST_3":"135","COM_INT_ID":null,"COD_ACT_ECON":"51107","DESC_ACT_ECON":"RESTAURANTE - 3ª CATEGORIA","ANO":1991,"TIPO":"Restauração e Bebidas","LOCALIZACAO":"Isolado","C_INTEGRADO":null,"EMPRESA":"MARIA ISABEL SILVEIRA MENDES RODRIGUES MOURA","GlobalID":"18aed377-fb47-4d8f-9cb3-bfe8ff170f53"}},{"type":"Feature","id":17829,"geometry":{"type":"Point","coordinates":[-9.16495193186465,38.7598527098103]},"properties":{"OBJECTID":17829,"COD_SIG":null,"IDTIPO":null,"NOME":"O JOAO COZINHEIRO","REGEND":"001197","MORADA":"TELHEIRAS (EST DE)","NUM_POLICIA":"75","FREGUESIA":"114","LOCALIDADE":null,"COD_POST_4":null,"COD_POST_3":null,"COM_INT_ID":null,"COD_ACT_ECON":"52704","DESC_ACT_ECON":"OUTROS EST. DE BEBIDAS - 3ª CATEGORIA","ANO":1991,"TIPO":"Restauração e Bebidas","LOCALIZACAO":"Isolado","C_INTEGRADO":null,"EMPRESA":"MARIA ISABEL SILVEIRA MENDES RODRIGUES MOURA","GlobalID":"845af6ed-fb97-4c30-9d37-23751acfddb8"}},{"type":"Feature","id":17831,"geometry":{"type":"Point","coordinates":[-9.15881449092657,38.7744710783723]},"properties":{"OBJECTID":17831,"COD_SIG":null,"IDTIPO":null,"NOME":"DAVID TAVARES LDA","REGEND":"001201","MORADA":"Estrada da Torre","NUM_POLICIA":"65A","FREGUESIA":"114","LOCALIDADE":"LISBOA","COD_POST_4":"1750","COD_POST_3":"294","COM_INT_ID":null,"COD_ACT_ECON":"52104","DESC_ACT_ECON":"CAFE/PASTELARIA - 3ª CATEGORIA","ANO":1991,"TIPO":"Restauração e Bebidas","LOCALIZACAO":"Isolado","C_INTEGRADO":null,"EMPRESA":"DAVID TAVARES, LDA","GlobalID":"707df694-fd72-4f76-8726-8f6038e8a7ae"}},{"type":"Feature","id":17833,"geometry":{"type":"Point","coordinates":[-9.15863867265915,38.7744840438015]},"properties":{"OBJECTID":17833,"COD_SIG":null,"IDTIPO":null,"NOME":"SNACK BAR A TORRE","REGEND":"001202","MORADA":"Estrada da Torre","NUM_POLICIA":"67A","FREGUESIA":"114","LOCALIDADE":"LISBOA                         ","COD_POST_4":"1750","COD_POST_3":"294","COM_INT_ID":null,"COD_ACT_ECON":"51203","DESC_ACT_ECON":"\"SNACK-BAR\" - 3ª CATEGORIA","ANO":1991,"TIPO":"Restauração e Bebidas","LOCALIZACAO":"Isolado","C_INTEGRADO":null,"EMPRESA":"MARIA ISABEL SILVEIRA MENDES RODRIGUES MOURA","GlobalID":"92c1a518-66e9-43f4-b38d-7fb7f133a01c"}},{"type":"Feature","id":17842,"geometry":{"type":"Point","coordinates":[-9.15141615579107,38.7121168918218]},"properties":{"OBJECTID":17842,"COD_SIG":null,"IDTIPO":null,"NOME":"JOAO ANTONIO PALMA","REGEND":"001438","MORADA":"Rua da Cruz dos Poiais","NUM_POLICIA":"79","FREGUESIA":"116","LOCALIDADE":"LISBOA","COD_POST_4":"1200","COD_POST_3":"135","COM_INT_ID":null,"COD_ACT_ECON":"52104","DESC_ACT_ECON":"CAFE/PASTELARIA - 3ª CATEGORIA","ANO":1991,"TIPO":"Restauração e Bebidas","LOCALIZACAO":"Isolado","C_INTEGRADO":null,"EMPRESA":"MARIA ISABEL SILVEIRA MENDES RODRIGUES MOURA","GlobalID":"a0aaab02-f922-4285-83b8-e20e9fe7962b"}},{"type":"Feature","id":17910,"geometry":{"type":"Point","coordinates":[-9.15855458765361,38.7129862977166]},"properties":{"OBJECTID":17910,"COD_SIG":null,"IDTIPO":null,"NOME":"LEAO ESTRELA","REGEND":"001110","MORADA":"ESTRELA (C DA)","NUM_POLICIA":"203","FREGUESIA":"113","LOCALIDADE":null,"COD_POST_4":null,"COD_POST_3":null,"COM_INT_ID":null,"COD_ACT_ECON":"51107","DESC_ACT_ECON":"RESTAURANTE - 3ª CATEGORIA","ANO":1991,"TIPO":"Restauração e Bebidas","LOCALIZACAO":"Isolado","C_INTEGRADO":null,"EMPRESA":"FONSECA & BENTO LDA","GlobalID":"c7d88f84-fc28-4d0a-9bcb-86cc2c0957f2"}},{"type":"Feature","id":17918,"geometry":{"type":"Point","coordinates":[-9.16336938959153,38.7788098931653]},"properties":{"OBJECTID":17918,"COD_SIG":null,"IDTIPO":null,"NOME":"RESTAURANTE O CANDEEIRO","REGEND":"001194","MORADA":"Estrada do Desvio","NUM_POLICIA":"4C","FREGUESIA":"120","LOCALIDADE":"LISBOA","COD_POST_4":"1750","COD_POST_3":"014","COM_INT_ID":null,"COD_ACT_ECON":"51107","DESC_ACT_ECON":"RESTAURANTE - 3ª CATEGORIA","ANO":1991,"TIPO":"Restauração e Bebidas","LOCALIZACAO":"Isolado","C_INTEGRADO":null,"EMPRESA":"VIRGULINO ADELINO COVANEIRO, LDA","GlobalID":"c12bf8fd-1eba-4825-9d49-62f6d7a7035e"}},{"type":"Feature","id":17923,"geometry":{"type":"Point","coordinates":[-9.15708385329403,38.7637040191873]},"properties":{"OBJECTID":17923,"COD_SIG":null,"IDTIPO":null,"NOME":"PASTELARIA ALAMEDA","REGEND":"001169","MORADA":"Alameda das Linhas de Torres","NUM_POLICIA":"95A","FREGUESIA":"114","LOCALIDADE":"LISBOA","COD_POST_4":"1750","COD_POST_3":"141","COM_INT_ID":null,"COD_ACT_ECON":"52104","DESC_ACT_ECON":"CAFE/PASTELARIA - 3ª CATEGORIA","ANO":1991,"TIPO":"Restauração e Bebidas","LOCALIZACAO":"Isolado","C_INTEGRADO":null,"EMPRESA":"NUNES & JESUS, LDA","GlobalID":"330e5426-e65b-4d5c-ac20-2142d92704cb"}},{"type":"Feature","id":17939,"geometry":{"type":"Point","coordinates":[-9.16709764685396,38.7600216211694]},"properties":{"OBJECTID":17939,"COD_SIG":null,"IDTIPO":null,"NOME":"MARIA CLARA RABAÇAL HERDEIROS JOAO AUGUSTO RABAÇAL","REGEND":"001199","MORADA":"TELHEIRAS (EST DE)","NUM_POLICIA":"124","FREGUESIA":"114","LOCALIDADE":null,"COD_POST_4":null,"COD_POST_3":null,"COM_INT_ID":null,"COD_ACT_ECON":"52704","DESC_ACT_ECON":"OUTROS EST. DE BEBIDAS - 3ª CATEGORIA","ANO":1991,"TIPO":"Restauração e Bebidas","LOCALIZACAO":"Isolado","C_INTEGRADO":null,"EMPRESA":"MARIA ISABEL SILVEIRA MENDES RODRIGUES MOURA","GlobalID":"f611f105-fb7b-49ee-a0a7-7c53bbbab722"}},{"type":"Feature","id":17993,"geometry":{"type":"Point","coordinates":[-9.14610308890779,38.7373620606082]},"properties":{"OBJECTID":17993,"COD_SIG":null,"IDTIPO":null,"NOME":"O ALVO DAS AVENIDAS","REGEND":"001569","MORADA":"REPÚBLICA (AV) AO SALDANHA","NUM_POLICIA":"37 C","FREGUESIA":"106","LOCALIDADE":"LISBOA","COD_POST_4":"1050","COD_POST_3":"187","COM_INT_ID":null,"COD_ACT_ECON":"51203","DESC_ACT_ECON":"\"SNACK-BAR\" - 3ª CATEGORIA","ANO":1991,"TIPO":"Restauração e Bebidas","LOCALIZACAO":"Isolado","C_INTEGRADO":null,"EMPRESA":"MARIA ISABEL SILVEIRA MENDES RODRIGUES MOURA","GlobalID":"a7337e62-4d6d-46ed-aa75-0b20dab40c14"}},{"type":"Feature","id":18080,"geometry":{"type":"Point","coordinates":[-9.11762705045834,38.7391549713852]},"properties":{"OBJECTID":18080,"COD_SIG":null,"IDTIPO":null,"NOME":"PINHO & RIVIERA","REGEND":"001324","MORADA":"CHELAS (EST DE)","NUM_POLICIA":"196","FREGUESIA":"115","LOCALIDADE":null,"COD_POST_4":null,"COD_POST_3":null,"COM_INT_ID":null,"COD_ACT_ECON":"52704","DESC_ACT_ECON":"OUTROS EST. DE BEBIDAS - 3ª CATEGORIA","ANO":1991,"TIPO":"Restauração e Bebidas","LOCALIZACAO":"Isolado","C_INTEGRADO":null,"EMPRESA":"MARIA ISABEL SILVEIRA MENDES RODRIGUES MOURA","GlobalID":"210d8b92-fe63-408c-a5a5-bafb34407d67"}},{"type":"Feature","id":18091,"geometry":{"type":"Point","coordinates":[-9.14771268574228,38.7438156679118]},"properties":{"OBJECTID":18091,"COD_SIG":null,"IDTIPO":null,"NOME":"RESTAURANTE CENTRAL AVENIDAS","REGEND":"001573","MORADA":"REPUBLICA (AV) AO SALDANHA","NUM_POLICIA":"97 B","FREGUESIA":"106","LOCALIDADE":null,"COD_POST_4":null,"COD_POST_3":null,"COM_INT_ID":null,"COD_ACT_ECON":"51107","DESC_ACT_ECON":"RESTAURANTE - 3ª CATEGORIA","ANO":1991,"TIPO":"Restauração e Bebidas","LOCALIZACAO":"Isolado","C_INTEGRADO":null,"EMPRESA":"JOSE FERREIRA & ABEL ANTUNES LDA","GlobalID":"f74858c7-b626-4912-9330-3baf407173a2"}},{"type":"Feature","id":18104,"geometry":{"type":"Point","coordinates":[-9.14699287019668,38.7441552119357]},"properties":{"OBJECTID":18104,"COD_SIG":null,"IDTIPO":null,"NOME":"SNACK BAR PATRICIA","REGEND":"001571","MORADA":"REPUBLICA (AV) AO SALDANHA","NUM_POLICIA":"64 B","FREGUESIA":"106","LOCALIDADE":"LISBOA","COD_POST_4":"1050","COD_POST_3":"197","COM_INT_ID":null,"COD_ACT_ECON":"51203","DESC_ACT_ECON":"\"SNACK-BAR\" - 3ª CATEGORIA","ANO":1991,"TIPO":"Restauração e Bebidas","LOCALIZACAO":"Isolado","C_INTEGRADO":null,"EMPRESA":"MARIA ISABEL SILVEIRA MENDES RODRIGUES MOURA","GlobalID":"30f68b82-0df1-4459-9ee4-5ab54a22a001"}},{"type":"Feature","id":18108,"geometry":{"type":"Point","coordinates":[-9.14915974051097,38.7469017535528]},"properties":{"OBJECTID":18108,"COD_SIG":null,"IDTIPO":null,"NOME":"O IMPERADOR DOS CARACOIS","REGEND":"001576","MORADA":"REPUBLICA (AV) AO SALDANHA","NUM_POLICIA":null,"FREGUESIA":"106","LOCALIDADE":null,"COD_POST_4":null,"COD_POST_3":null,"COM_INT_ID":null,"COD_ACT_ECON":"52705","DESC_ACT_ECON":"Outros Estab. De Bebidas - Taberna","ANO":1991,"TIPO":"Restauração e Bebidas","LOCALIZACAO":"Isolado","C_INTEGRADO":null,"EMPRESA":"MARIA ISABEL SILVEIRA MENDES RODRIGUES MOURA","GlobalID":"50823c4b-dcfa-4439-b759-11533785a42a"}},{"type":"Feature","id":18109,"geometry":{"type":"Point","coordinates":[-9.14915974051097,38.7469017535528]},"properties":{"OBJECTID":18109,"COD_SIG":null,"IDTIPO":null,"NOME":"BIERHAUS","REGEND":"001578","MORADA":"REPÚBLICA (AV) AO SALDANHA","NUM_POLICIA":null,"FREGUESIA":"106","LOCALIDADE":null,"COD_POST_4":null,"COD_POST_3":null,"COM_INT_ID":142,"COD_ACT_ECON":"52303","DESC_ACT_ECON":"CERVEJARIA - 2ª CATEGORIA","ANO":1991,"TIPO":"Restauração e Bebidas","LOCALIZACAO":"Integrado - outro","C_INTEGRADO":"GALERIA FEIRA POPULAR","EMPRESA":"MARIA ISABEL SILVEIRA MENDES RODRIGUES MOURA","GlobalID":"c7150264-3a78-4093-81b9-07c6bb38c449"}},{"type":"Feature","id":18127,"geometry":{"type":"Point","coordinates":[-9.15931388325762,38.7691791488168]},"properties":{"OBJECTID":18127,"COD_SIG":null,"IDTIPO":null,"NOME":"RESTAURANTE DALLAS","REGEND":"001178","MORADA":"LINHAS DE TORRES (AL DAS)","NUM_POLICIA":"183 B","FREGUESIA":"114","LOCALIDADE":"LISBOA","COD_POST_4":"1750","COD_POST_3":"143","COM_INT_ID":null,"COD_ACT_ECON":"51107","DESC_ACT_ECON":"RESTAURANTE - 3ª CATEGORIA","ANO":1991,"TIPO":"Restauração e Bebidas","LOCALIZACAO":"Isolado","C_INTEGRADO":null,"EMPRESA":"ARMANDO & VICENTE, LDA","GlobalID":"77699de6-d297-4cfb-a4ce-5ba0fdd9b22e"}},{"type":"Feature","id":18155,"geometry":{"type":"Point","coordinates":[-9.19664847821834,38.7566303423486]},"properties":{"OBJECTID":18155,"COD_SIG":null,"IDTIPO":null,"NOME":"GELATARIA RIRINEUS","REGEND":"001247","MORADA":"ULMEIROS (AZ DOS)","NUM_POLICIA":null,"FREGUESIA":null,"LOCALIDADE":null,"COD_POST_4":null,"COD_POST_3":null,"COM_INT_ID":null,"COD_ACT_ECON":"51203","DESC_ACT_ECON":"\"SNACK-BAR\" - 3ª CATEGORIA","ANO":1991,"TIPO":"Restauração e Bebidas","LOCALIZACAO":"Isolado","C_INTEGRADO":null,"EMPRESA":"MARIA ISABEL SILVEIRA MENDES RODRIGUES MOURA","GlobalID":"8f8f0562-38b7-4183-a9b3-435d7f97a680"}},{"type":"Feature","id":18160,"geometry":{"type":"Point","coordinates":[-9.15716824372679,38.7688030117894]},"properties":{"OBJECTID":18160,"COD_SIG":null,"IDTIPO":null,"NOME":"TOSTA MISTA INDUSTRIAS HOTELEIRAS LDA","REGEND":"001252","MORADA":"SILVA TAVARES (R)","NUM_POLICIA":"7","FREGUESIA":"114","LOCALIDADE":"LISBOA","COD_POST_4":"1750","COD_POST_3":"287","COM_INT_ID":null,"COD_ACT_ECON":"52104","DESC_ACT_ECON":"CAFE/PASTELARIA - 3ª CATEGORIA","ANO":1991,"TIPO":"Restauração e Bebidas","LOCALIZACAO":"Isolado","C_INTEGRADO":null,"EMPRESA":"MARIA ISABEL SILVEIRA MENDES RODRIGUES MOURA","GlobalID":"971ea659-563b-4b0c-9093-93b03d823919"}},{"type":"Feature","id":18185,"geometry":{"type":"Point","coordinates":[-9.11244776428043,38.7455131637992]},"properties":{"OBJECTID":18185,"COD_SIG":null,"IDTIPO":null,"NOME":"SNACK CHURRASQUEIRA OS DOIS UNIDOS","REGEND":"001316","MORADA":"JOAO PAULO II (AV)","NUM_POLICIA":"LT 540 LJ 2","FREGUESIA":"115","LOCALIDADE":"LISBOA","COD_POST_4":"1900","COD_POST_3":"726","COM_INT_ID":null,"COD_ACT_ECON":"51203","DESC_ACT_ECON":"\"SNACK-BAR\" - 3ª CATEGORIA","ANO":1991,"TIPO":"Restauração e Bebidas","LOCALIZACAO":"Isolado","C_INTEGRADO":null,"EMPRESA":"MARIA ISABEL SILVEIRA MENDES RODRIGUES MOURA","GlobalID":"0329fa3c-0d17-44c6-812c-00828f12c267"}},{"type":"Feature","id":18198,"geometry":{"type":"Point","coordinates":[-9.11245133867692,38.7457743602648]},"properties":{"OBJECTID":18198,"COD_SIG":null,"IDTIPO":null,"NOME":"AUGUSTO MENDES ANDEZO","REGEND":"001315","MORADA":"JOAO PAULO II (AV)","NUM_POLICIA":"LT 537","FREGUESIA":"115","LOCALIDADE":"LISBOA","COD_POST_4":"1900","COD_POST_3":"726","COM_INT_ID":null,"COD_ACT_ECON":"52104","DESC_ACT_ECON":"CAFE/PASTELARIA - 3ª CATEGORIA","ANO":1991,"TIPO":"Restauração e Bebidas","LOCALIZACAO":"Isolado","C_INTEGRADO":null,"EMPRESA":"MARIA ISABEL SILVEIRA MENDES RODRIGUES MOURA","GlobalID":"0124557e-f17c-4365-a0aa-de5335bf84ad"}},{"type":"Feature","id":18346,"geometry":{"type":"Point","coordinates":[-9.15144001055346,38.7107065491179]},"properties":{"OBJECTID":18346,"COD_SIG":null,"IDTIPO":null,"NOME":"RESTAURANTE CERVEJARIA BOA NOITE","REGEND":"001456","MORADA":"POIAIS DE S BENTO (R DOS)","NUM_POLICIA":"68 A","FREGUESIA":"116","LOCALIDADE":null,"COD_POST_4":null,"COD_POST_3":null,"COM_INT_ID":null,"COD_ACT_ECON":"51107","DESC_ACT_ECON":"RESTAURANTE - 3ª CATEGORIA","ANO":1991,"TIPO":"Restauração e Bebidas","LOCALIZACAO":"Isolado","C_INTEGRADO":null,"EMPRESA":"MARIA ISABEL SILVEIRA MENDES RODRIGUES MOURA","GlobalID":"cdf4206c-672d-4c92-8c1e-086b12655c61"}},{"type":"Feature","id":18359,"geometry":{"type":"Point","coordinates":[-9.15180663368216,38.7123448212957]},"properties":{"OBJECTID":18359,"COD_SIG":null,"IDTIPO":null,"NOME":"RESTURANTE CHURRASQUEIRA PAZ","REGEND":"001454","MORADA":"Rua da Paz (São Bento)","NUM_POLICIA":"80","FREGUESIA":"116","LOCALIDADE":"LISBOA                         ","COD_POST_4":"1200","COD_POST_3":"323","COM_INT_ID":null,"COD_ACT_ECON":"51107","DESC_ACT_ECON":"RESTAURANTE - 3ª CATEGORIA","ANO":1991,"TIPO":"Restauração e Bebidas","LOCALIZACAO":"Isolado","C_INTEGRADO":null,"EMPRESA":"JOAQUIM RODRIGUES & FERNANDES, LDA","GlobalID":"f803ecbc-82f0-4d89-8055-8c24f7cb9541"}},{"type":"Feature","id":18448,"geometry":{"type":"Point","coordinates":[-9.16327705625507,38.7791157762555]},"properties":{"OBJECTID":18448,"COD_SIG":null,"IDTIPO":null,"NOME":"AMERICO TAVARES PACHECO","REGEND":"001195","MORADA":"Estrada do Desvio","NUM_POLICIA":"10","FREGUESIA":"120","LOCALIDADE":"LISBOA","COD_POST_4":"1750","COD_POST_3":"014","COM_INT_ID":null,"COD_ACT_ECON":"52104","DESC_ACT_ECON":"CAFE/PASTELARIA - 3ª CATEGORIA","ANO":1991,"TIPO":"Restauração e Bebidas","LOCALIZACAO":"Isolado","C_INTEGRADO":null,"EMPRESA":"MARIA ISABEL SILVEIRA MENDES RODRIGUES MOURA","GlobalID":"6ea82cf3-cd99-4b59-b050-598445aeaccb"}},{"type":"Feature","id":18491,"geometry":{"type":"Point","coordinates":[-9.1490403597996,38.7433537283911]},"properties":{"OBJECTID":18491,"COD_SIG":null,"IDTIPO":null,"NOME":"QUENTE FRIO","REGEND":"001513","MORADA":"CINCO DE OUTUBRO (AV)","NUM_POLICIA":"204 A","FREGUESIA":"106","LOCALIDADE":"LISBOA","COD_POST_4":"1050","COD_POST_3":"065","COM_INT_ID":null,"COD_ACT_ECON":"51303","DESC_ACT_ECON":"\"SELF-SERVICE\" - 3ª CATEGORIA","ANO":1991,"TIPO":"Restauração e Bebidas","LOCALIZACAO":"Isolado","C_INTEGRADO":null,"EMPRESA":"ALISER - SERVIÇOS DE ALIMENTAÇÃO, LDA","GlobalID":"0f38649f-6a94-4d0e-9ca9-196899dfaa47"}},{"type":"Feature","id":18522,"geometry":{"type":"Point","coordinates":[-9.15886690223349,38.7131186711029]},"properties":{"OBJECTID":18522,"COD_SIG":null,"IDTIPO":null,"NOME":"LEONILA NASCIMENTO NEVES MADEIRA GERRA GONÇALVES","REGEND":"001111","MORADA":"ESTRELA (C DA)","NUM_POLICIA":"223","FREGUESIA":"113","LOCALIDADE":null,"COD_POST_4":null,"COD_POST_3":null,"COM_INT_ID":null,"COD_ACT_ECON":"52404","DESC_ACT_ECON":"BAR/\"PUB\" - 3ª CATEGORIA","ANO":1991,"TIPO":"Restauração e Bebidas","LOCALIZACAO":"Isolado","C_INTEGRADO":null,"EMPRESA":"MARIA ISABEL SILVEIRA MENDES RODRIGUES MOURA","GlobalID":"c969c252-cc70-49c5-b9e4-188b794c8fed"}},{"type":"Feature","id":18567,"geometry":{"type":"Point","coordinates":[-9.15192923754875,38.7151971843058]},"properties":{"OBJECTID":18567,"COD_SIG":null,"IDTIPO":null,"NOME":"CASA PASTO FLORES","REGEND":"001427","MORADA":"FLORES (PR DAS)","NUM_POLICIA":"40","FREGUESIA":"116","LOCALIDADE":null,"COD_POST_4":null,"COD_POST_3":null,"COM_INT_ID":null,"COD_ACT_ECON":"51107","DESC_ACT_ECON":"RESTAURANTE - 3ª CATEGORIA","ANO":1991,"TIPO":"Restauração e Bebidas","LOCALIZACAO":"Isolado","C_INTEGRADO":null,"EMPRESA":"MARIA ISABEL SILVEIRA MENDES RODRIGUES MOURA","GlobalID":"4cbd5476-64da-4fca-8169-a9def3007b5e"}},{"type":"Feature","id":18569,"geometry":{"type":"Point","coordinates":[-9.14991194571246,38.7148274384605]},"properties":{"OBJECTID":18569,"COD_SIG":null,"IDTIPO":null,"NOME":"LEITARIA ROSA OURO","REGEND":"001429","MORADA":"CECÍLIO DE SOUSA (R)","NUM_POLICIA":"4","FREGUESIA":"116","LOCALIDADE":null,"COD_POST_4":null,"COD_POST_3":null,"COM_INT_ID":null,"COD_ACT_ECON":"52104","DESC_ACT_ECON":"CAFE/PASTELARIA - 3ª CATEGORIA","ANO":1991,"TIPO":"Restauração e Bebidas","LOCALIZACAO":"Isolado","C_INTEGRADO":null,"EMPRESA":"MARIA ISABEL SILVEIRA MENDES RODRIGUES MOURA","GlobalID":"954c8b37-3402-4d5a-8901-402edf2ff9f7"}},{"type":"Feature","id":18610,"geometry":{"type":"Point","coordinates":[-9.1455326613973,38.7385019925204]},"properties":{"OBJECTID":18610,"COD_SIG":null,"IDTIPO":null,"NOME":"RESTAURANTE ANTONIO CLARA","REGEND":"001570","MORADA":"Avenida da República","NUM_POLICIA":"38","FREGUESIA":"106","LOCALIDADE":"LISBOA","COD_POST_4":"1050","COD_POST_3":"194","COM_INT_ID":null,"COD_ACT_ECON":"51101","DESC_ACT_ECON":"Restaurante - Luxo","ANO":1991,"TIPO":"Restauração e Bebidas","LOCALIZACAO":"Isolado","C_INTEGRADO":null,"EMPRESA":"REPÚBLICA 38 - RESTAURANTE EMPREENDIMENTOS TURISTICOS, LDA","GlobalID":"e1b8bdbf-e396-4dd5-b94b-ddb7da7821a6"}},{"type":"Feature","id":18618,"geometry":{"type":"Point","coordinates":[-9.15924808615465,38.7132770225757]},"properties":{"OBJECTID":18618,"COD_SIG":null,"IDTIPO":null,"NOME":"RESTAURANTE VICKING","REGEND":"001113","MORADA":"Calçada da Estrela","NUM_POLICIA":"257","FREGUESIA":"113","LOCALIDADE":"LISBOA","COD_POST_4":"1200","COD_POST_3":"663","COM_INT_ID":null,"COD_ACT_ECON":"51107","DESC_ACT_ECON":"RESTAURANTE - 3ª CATEGORIA","ANO":1991,"TIPO":"Restauração e Bebidas","LOCALIZACAO":"Isolado","C_INTEGRADO":null,"EMPRESA":"ALMEIDA ALVES & GAMA, LDA","GlobalID":"a452ca94-e01f-48c0-8773-257f8b2c5764"}},{"type":"Feature","id":18647,"geometry":{"type":"Point","coordinates":[-9.15823623459841,38.7670447806568]},"properties":{"OBJECTID":18647,"COD_SIG":null,"IDTIPO":null,"NOME":"A TIPICA DO LUMIAR","REGEND":"001173","MORADA":"Alameda das Linhas de Torres","NUM_POLICIA":"151A","FREGUESIA":"114","LOCALIDADE":"LISBOA","COD_POST_4":"1750","COD_POST_3":"142","COM_INT_ID":null,"COD_ACT_ECON":"51107","DESC_ACT_ECON":"RESTAURANTE - 3ª CATEGORIA","ANO":1991,"TIPO":"Restauração e Bebidas","LOCALIZACAO":"Isolado","C_INTEGRADO":null,"EMPRESA":"A TIPICA DO LUMIAR ACTIVIDADES HOTELEIRAS, LDA","GlobalID":"c5d7a446-68c1-43c1-bb9a-2f5e26f79ff3"}},{"type":"Feature","id":18660,"geometry":{"type":"Point","coordinates":[-9.16038499757147,38.7708541694807]},"properties":{"OBJECTID":18660,"COD_SIG":null,"IDTIPO":null,"NOME":"BAR FIGUEIRENSE","REGEND":"001181","MORADA":"Alameda das Linhas de Torres","NUM_POLICIA":"219B","FREGUESIA":"114","LOCALIDADE":"LISBOA","COD_POST_4":"1750","COD_POST_3":"144","COM_INT_ID":null,"COD_ACT_ECON":"52704","DESC_ACT_ECON":"OUTROS EST. DE BEBIDAS - 3ª CATEGORIA","ANO":1991,"TIPO":"Restauração e Bebidas","LOCALIZACAO":"Isolado","C_INTEGRADO":null,"EMPRESA":"MARIA ISABEL SILVEIRA MENDES RODRIGUES MOURA","GlobalID":"5b45f2b0-4e96-46a3-85f2-884b10005979"}},{"type":"Feature","id":18683,"geometry":{"type":"Point","coordinates":[-9.15203026747551,38.7150251536254]},"properties":{"OBJECTID":18683,"COD_SIG":null,"IDTIPO":null,"NOME":"XELE BANANAS","REGEND":"001426","MORADA":"FLORES (PR DAS)","NUM_POLICIA":"29","FREGUESIA":"116","LOCALIDADE":"LISBOA                         ","COD_POST_4":"1200","COD_POST_3":"192","COM_INT_ID":null,"COD_ACT_ECON":"51105","DESC_ACT_ECON":"RESTAURANTE - 2ª CATEGORIA","ANO":1991,"TIPO":"Restauração e Bebidas","LOCALIZACAO":"Isolado","C_INTEGRADO":null,"EMPRESA":"MARIA ISABEL SILVEIRA MENDES RODRIGUES MOURA","GlobalID":"d0c29db8-a277-43b7-bf87-d714a55ef5f8"}},{"type":"Feature","id":18689,"geometry":{"type":"Point","coordinates":[-9.15174272843115,38.7109741422957]},"properties":{"OBJECTID":18689,"COD_SIG":null,"IDTIPO":null,"NOME":"O XIISA","REGEND":"001432","MORADA":"CRUZ DOS POIAIS (R)","NUM_POLICIA":"7","FREGUESIA":"116","LOCALIDADE":null,"COD_POST_4":null,"COD_POST_3":null,"COM_INT_ID":null,"COD_ACT_ECON":"51107","DESC_ACT_ECON":"RESTAURANTE - 3ª CATEGORIA","ANO":1991,"TIPO":"Restauração e Bebidas","LOCALIZACAO":"Isolado","C_INTEGRADO":null,"EMPRESA":"MARIA ISABEL SILVEIRA MENDES RODRIGUES MOURA","GlobalID":"3dcf7663-72c0-43b1-9dcd-be56f5bd8388"}},{"type":"Feature","id":18713,"geometry":{"type":"Point","coordinates":[-9.14915974051097,38.7469017535528]},"properties":{"OBJECTID":18713,"COD_SIG":null,"IDTIPO":null,"NOME":"HAMBURGUER BAR","REGEND":"001589","MORADA":"REPÚBLICA (AV) AO SALDANHA","NUM_POLICIA":"FEIRA","FREGUESIA":"106","LOCALIDADE":null,"COD_POST_4":null,"COD_POST_3":null,"COM_INT_ID":142,"COD_ACT_ECON":"51203","DESC_ACT_ECON":"\"SNACK-BAR\" - 3ª CATEGORIA","ANO":1991,"TIPO":"Restauração e Bebidas","LOCALIZACAO":"Integrado - outro","C_INTEGRADO":"GALERIA FEIRA POPULAR","EMPRESA":"MARIA ISABEL SILVEIRA MENDES RODRIGUES MOURA","GlobalID":"f4f7fbf8-4c84-43cf-9a4d-efb7391d1f6e"}},{"type":"Feature","id":18727,"geometry":{"type":"Point","coordinates":[-9.14915974051097,38.7469017535528]},"properties":{"OBJECTID":18727,"COD_SIG":null,"IDTIPO":null,"NOME":"RESTAURANTE VARANDA PADROENSE","REGEND":"001580","MORADA":"REPUBLICA (AV) AO SALDANHA","NUM_POLICIA":null,"FREGUESIA":"106","LOCALIDADE":null,"COD_POST_4":null,"COD_POST_3":null,"COM_INT_ID":null,"COD_ACT_ECON":"51107","DESC_ACT_ECON":"RESTAURANTE - 3ª CATEGORIA","ANO":1991,"TIPO":"Restauração e Bebidas","LOCALIZACAO":"Isolado","C_INTEGRADO":null,"EMPRESA":"MARIA ISABEL SILVEIRA MENDES RODRIGUES MOURA","GlobalID":"0fc7a2b5-ed0b-4e00-9a4e-9b923b84395c"}},{"type":"Feature","id":18729,"geometry":{"type":"Point","coordinates":[-9.14915974051097,38.7469017535528]},"properties":{"OBJECTID":18729,"COD_SIG":null,"IDTIPO":null,"NOME":"RESTAURANTE TRIANA","REGEND":"001583","MORADA":"REPÚBLICA (AV) AO SALDANHA","NUM_POLICIA":"FEIRA","FREGUESIA":"106","LOCALIDADE":null,"COD_POST_4":null,"COD_POST_3":null,"COM_INT_ID":142,"COD_ACT_ECON":"51107","DESC_ACT_ECON":"RESTAURANTE - 3ª CATEGORIA","ANO":1991,"TIPO":"Restauração e Bebidas","LOCALIZACAO":"Integrado - outro","C_INTEGRADO":"GALERIA FEIRA POPULAR","EMPRESA":"MARIA ISABEL SILVEIRA MENDES RODRIGUES MOURA","GlobalID":"ace725e8-4f7a-4ed1-87cc-38b0c7c9868b"}},{"type":"Feature","id":18778,"geometry":{"type":"Point","coordinates":[-9.15757580487962,38.7683296801281]},"properties":{"OBJECTID":18778,"COD_SIG":null,"IDTIPO":null,"NOME":"TOLDINHO DA SICAL","REGEND":"001255","MORADA":"Rua Silva Tavares","NUM_POLICIA":"7","FREGUESIA":"114","LOCALIDADE":"LISBOA","COD_POST_4":"1750","COD_POST_3":"136","COM_INT_ID":91,"COD_ACT_ECON":"52104","DESC_ACT_ECON":"CAFE/PASTELARIA - 3ª CATEGORIA","ANO":1991,"TIPO":"Restauração e Bebidas","LOCALIZACAO":"Integrado - outro","C_INTEGRADO":"CENTRO COMERCIAL MOURAS","EMPRESA":"MARIA ISABEL SILVEIRA MENDES RODRIGUES MOURA","GlobalID":"60ca195e-b07e-4cfd-9164-a999852fdc1c"}},{"type":"Feature","id":18785,"geometry":{"type":"Point","coordinates":[-9.13390156255942,38.7088047840161]},"properties":{"OBJECTID":18785,"COD_SIG":null,"IDTIPO":null,"NOME":"CAFOTEL","REGEND":"001259","MORADA":"ALFÂNDEGA (R DA)","NUM_POLICIA":"104/106","FREGUESIA":"121","LOCALIDADE":"LISBOA","COD_POST_4":"1100","COD_POST_3":"016","COM_INT_ID":null,"COD_ACT_ECON":"52104","DESC_ACT_ECON":"CAFE/PASTELARIA - 3ª CATEGORIA","ANO":1991,"TIPO":"Restauração e Bebidas","LOCALIZACAO":"Isolado","C_INTEGRADO":null,"EMPRESA":"MARIA ISABEL SILVEIRA MENDES RODRIGUES MOURA","GlobalID":"f5483be0-2cc1-4f96-83ba-1bf9a8c751b1"}},{"type":"Feature","id":18792,"geometry":{"type":"Point","coordinates":[-9.11424519614588,38.754965252673]},"properties":{"OBJECTID":18792,"COD_SIG":null,"IDTIPO":null,"NOME":"TULIPA","REGEND":"001309","MORADA":"Avenida Dr. Augusto de Castro (antiga Avenida Central da Malha I de Chelas)","NUM_POLICIA":"Lote 10","FREGUESIA":"115","LOCALIDADE":"LISBOA","COD_POST_4":"1950","COD_POST_3":"082","COM_INT_ID":null,"COD_ACT_ECON":"52104","DESC_ACT_ECON":"CAFE/PASTELARIA - 3ª CATEGORIA","ANO":1991,"TIPO":"Restauração e Bebidas","LOCALIZACAO":"Isolado","C_INTEGRADO":null,"EMPRESA":"TEIXEIRA & VILARANDA, LDA","GlobalID":"05a92251-73b7-4ea3-8fcc-ffb7cb62ca4a"}},{"type":"Feature","id":18831,"geometry":{"type":"Point","coordinates":[-9.14936473785544,38.7370364466196]},"properties":{"OBJECTID":18831,"COD_SIG":null,"IDTIPO":null,"NOME":"O PIÃO","REGEND":"001554","MORADA":"MARQ DE TOMAR (AV)","NUM_POLICIA":"34","FREGUESIA":"106","LOCALIDADE":"LISBOA","COD_POST_4":"1050","COD_POST_3":"156","COM_INT_ID":null,"COD_ACT_ECON":"51107","DESC_ACT_ECON":"RESTAURANTE - 3ª CATEGORIA","ANO":1991,"TIPO":"Restauração e Bebidas","LOCALIZACAO":"Isolado","C_INTEGRADO":null,"EMPRESA":"AIROSO & DUARTE, LDA","GlobalID":"7932bcb4-edc5-4fb3-8f96-9c36b88bbb4b"}},{"type":"Feature","id":18839,"geometry":{"type":"Point","coordinates":[-9.12465633252228,38.7594042842346]},"properties":{"OBJECTID":18839,"COD_SIG":null,"IDTIPO":null,"NOME":"MARIA LUISA FROUFE PINHEIRO SOBRAL","REGEND":"001375","MORADA":"KEIL DO AMARAL (R)","NUM_POLICIA":"LT 226 LJ 23","FREGUESIA":"115","LOCALIDADE":"LISBOA","COD_POST_4":"1900","COD_POST_3":"735","COM_INT_ID":null,"COD_ACT_ECON":"52104","DESC_ACT_ECON":"CAFE/PASTELARIA - 3ª CATEGORIA","ANO":1991,"TIPO":"Restauração e Bebidas","LOCALIZACAO":"Isolado","C_INTEGRADO":null,"EMPRESA":"MARIA ISABEL SILVEIRA MENDES RODRIGUES MOURA","GlobalID":"3e595844-64b8-4e79-b431-be3b74da6174"}},{"type":"Feature","id":18865,"geometry":{"type":"Point","coordinates":[-9.16517520902682,38.7622429902179]},"properties":{"OBJECTID":18865,"COD_SIG":null,"IDTIPO":null,"NOME":"O LAPINHA","REGEND":"001245","MORADA":"PROFESSORA VIRGINIA RAU (R)","NUM_POLICIA":"BL H 6","FREGUESIA":"114","LOCALIDADE":"LISBOA","COD_POST_4":"1600","COD_POST_3":"673","COM_INT_ID":null,"COD_ACT_ECON":"52704","DESC_ACT_ECON":"OUTROS EST. DE BEBIDAS - 3ª CATEGORIA","ANO":1991,"TIPO":"Restauração e Bebidas","LOCALIZACAO":"Isolado","C_INTEGRADO":null,"EMPRESA":"O LAPINHA CASA DE PASTO, LDA","GlobalID":"6cefd3cf-c584-4664-ab98-deed40d9f2ed"}},{"type":"Feature","id":18874,"geometry":{"type":"Point","coordinates":[-9.15757580487962,38.7683296801281]},"properties":{"OBJECTID":18874,"COD_SIG":null,"IDTIPO":null,"NOME":"PONTO DE ENCONTRO","REGEND":"001253","MORADA":"Rua Silva Tavares","NUM_POLICIA":"7A","FREGUESIA":"114","LOCALIDADE":"LISBOA","COD_POST_4":"1750","COD_POST_3":"287","COM_INT_ID":91,"COD_ACT_ECON":"51203","DESC_ACT_ECON":"\"SNACK-BAR\" - 3ª CATEGORIA","ANO":1991,"TIPO":"Restauração e Bebidas","LOCALIZACAO":"Integrado - outro","C_INTEGRADO":"CENTRO COMERCIAL MOURAS","EMPRESA":"MARIA ISABEL SILVEIRA MENDES RODRIGUES MOURA","GlobalID":"dbb2a15a-ecf1-4487-8491-d80378951929"}},{"type":"Feature","id":18883,"geometry":{"type":"Point","coordinates":[-9.16956588577639,38.7610288845368]},"properties":{"OBJECTID":18883,"COD_SIG":null,"IDTIPO":null,"NOME":"ESPIGASOL","REGEND":"001241","MORADA":"PROF DIAS AMADO (R)","NUM_POLICIA":"1","FREGUESIA":"114","LOCALIDADE":"LISBOA                         ","COD_POST_4":"1600","COD_POST_3":"613","COM_INT_ID":null,"COD_ACT_ECON":"52104","DESC_ACT_ECON":"CAFE/PASTELARIA - 3ª CATEGORIA","ANO":1991,"TIPO":"Restauração e Bebidas","LOCALIZACAO":"Isolado","C_INTEGRADO":null,"EMPRESA":"ESPIGASOL SOCIEDADE PANIFICAÇÃO, LDA","GlobalID":"42b8aaed-1950-4c56-8fa9-8500ef6c4e90"}},{"type":"Feature","id":19037,"geometry":{"type":"Point","coordinates":[-9.15311422051138,38.7152498895327]},"properties":{"OBJECTID":19037,"COD_SIG":null,"IDTIPO":null,"NOME":"TEATRA","REGEND":"001460","MORADA":"PRAZERES (R DOS)","NUM_POLICIA":"47","FREGUESIA":"116","LOCALIDADE":null,"COD_POST_4":null,"COD_POST_3":null,"COM_INT_ID":null,"COD_ACT_ECON":"51105","DESC_ACT_ECON":"RESTAURANTE - 2ª CATEGORIA","ANO":1991,"TIPO":"Restauração e Bebidas","LOCALIZACAO":"Isolado","C_INTEGRADO":null,"EMPRESA":"MARIA ISABEL SILVEIRA MENDES RODRIGUES MOURA","GlobalID":"18f24dc0-7ab4-4a79-8310-026d72cdb827"}},{"type":"Feature","id":19072,"geometry":{"type":"Point","coordinates":[-9.14787973645253,38.7401840792825]},"properties":{"OBJECTID":19072,"COD_SIG":null,"IDTIPO":null,"NOME":"O BOCAGE","REGEND":"001480","MORADA":"Avenida Barbosa du Bocage","NUM_POLICIA":"98C","FREGUESIA":"106","LOCALIDADE":"LISBOA","COD_POST_4":"1050","COD_POST_3":"032","COM_INT_ID":null,"COD_ACT_ECON":"51203","DESC_ACT_ECON":"\"SNACK-BAR\" - 3ª CATEGORIA","ANO":1991,"TIPO":"Restauração e Bebidas","LOCALIZACAO":"Isolado","C_INTEGRADO":null,"EMPRESA":"MARIA ISABEL SILVEIRA MENDES RODRIGUES MOURA","GlobalID":"77ce8b51-583d-4453-8c2e-943b90b7eb00"}},{"type":"Feature","id":19091,"geometry":{"type":"Point","coordinates":[-9.14791970339782,38.7430031677274]},"properties":{"OBJECTID":19091,"COD_SIG":null,"IDTIPO":null,"NOME":"PARASSI","REGEND":"001477","MORADA":"ANTONIO SERPA (AV)","NUM_POLICIA":"7 B","FREGUESIA":"106","LOCALIDADE":null,"COD_POST_4":null,"COD_POST_3":null,"COM_INT_ID":null,"COD_ACT_ECON":"51107","DESC_ACT_ECON":"RESTAURANTE - 3ª CATEGORIA","ANO":1991,"TIPO":"Restauração e Bebidas","LOCALIZACAO":"Isolado","C_INTEGRADO":null,"EMPRESA":"MARIA ISABEL SILVEIRA MENDES RODRIGUES MOURA","GlobalID":"a4f7383c-ab5b-4a95-b79a-8ebb64453c15"}},{"type":"Feature","id":19104,"geometry":{"type":"Point","coordinates":[-9.14810460992097,38.7422539137447]},"properties":{"OBJECTID":19104,"COD_SIG":null,"IDTIPO":null,"NOME":"HOTELDA","REGEND":"001546","MORADA":"JULIO DINIS (AV)","NUM_POLICIA":"10 A","FREGUESIA":"106","LOCALIDADE":null,"COD_POST_4":null,"COD_POST_3":null,"COM_INT_ID":49,"COD_ACT_ECON":"52103","DESC_ACT_ECON":"CAFÉ/PASTELARIA - 2ª CATEGORIA","ANO":1991,"TIPO":"Restauração e Bebidas","LOCALIZACAO":"Integrado - outro","C_INTEGRADO":"DRUGSTORE APOLO 70","EMPRESA":"MARIA ISABEL SILVEIRA MENDES RODRIGUES MOURA","GlobalID":"5968cf2e-dbc2-4100-817a-0857803dab73"}},{"type":"Feature","id":19109,"geometry":{"type":"Point","coordinates":[-9.1484374806495,38.7422059789012]},"properties":{"OBJECTID":19109,"COD_SIG":null,"IDTIPO":null,"NOME":"RESTAURANTE COLUMBIA","REGEND":"001550","MORADA":"JULIO DINIS (AV)","NUM_POLICIA":"14","FREGUESIA":"106","LOCALIDADE":"LISBOA","COD_POST_4":"1050","COD_POST_3":"131","COM_INT_ID":63,"COD_ACT_ECON":"51107","DESC_ACT_ECON":"RESTAURANTE - 3ª CATEGORIA","ANO":1991,"TIPO":"Restauração e Bebidas","LOCALIZACAO":"Integrado - outro","C_INTEGRADO":"SHOPPING COLUMBIA","EMPRESA":"MARIA ISABEL SILVEIRA MENDES RODRIGUES MOURA","GlobalID":"8dad5fce-f195-40d0-bed3-d1f9c640dcae"}},{"type":"Feature","id":19145,"geometry":{"type":"Point","coordinates":[-9.1520284456921,38.710854547057]},"properties":{"OBJECTID":19145,"COD_SIG":null,"IDTIPO":null,"NOME":"JORGE VALENTIM SANTOS","REGEND":"001459","MORADA":"POIAIS DE S BENTO (R DOS)","NUM_POLICIA":"120","FREGUESIA":"116","LOCALIDADE":null,"COD_POST_4":null,"COD_POST_3":null,"COM_INT_ID":null,"COD_ACT_ECON":"52704","DESC_ACT_ECON":"OUTROS EST. DE BEBIDAS - 3ª CATEGORIA","ANO":1991,"TIPO":"Restauração e Bebidas","LOCALIZACAO":"Isolado","C_INTEGRADO":null,"EMPRESA":"MARIA ISABEL SILVEIRA MENDES RODRIGUES MOURA","GlobalID":"bf28048a-05c5-4801-8830-f8844bf97422"}},{"type":"Feature","id":19152,"geometry":{"type":"Point","coordinates":[-9.15495492512241,38.7161345716022]},"properties":{"OBJECTID":19152,"COD_SIG":null,"IDTIPO":null,"NOME":"ABILIO SIMOES GIL HERDEIROS","REGEND":"001466","MORADA":"S BENTO (R DE)","NUM_POLICIA":"247","FREGUESIA":"110","LOCALIDADE":null,"COD_POST_4":null,"COD_POST_3":null,"COM_INT_ID":null,"COD_ACT_ECON":"52104","DESC_ACT_ECON":"CAFE/PASTELARIA - 3ª CATEGORIA","ANO":1991,"TIPO":"Restauração e Bebidas","LOCALIZACAO":"Isolado","C_INTEGRADO":null,"EMPRESA":"MARIA ISABEL SILVEIRA MENDES RODRIGUES MOURA","GlobalID":"97ff11e9-6f72-4321-b246-f594365274c2"}},{"type":"Feature","id":19182,"geometry":{"type":"Point","coordinates":[-9.14415012363231,38.7407749337676]},"properties":{"OBJECTID":19182,"COD_SIG":null,"IDTIPO":null,"NOME":"O BURAQUINHO","REGEND":"001479","MORADA":"BARBOSA DU BOCAGE (AV)","NUM_POLICIA":"38","FREGUESIA":"106","LOCALIDADE":"LISBOA","COD_POST_4":"1000","COD_POST_3":"072","COM_INT_ID":null,"COD_ACT_ECON":"51203","DESC_ACT_ECON":"\"SNACK-BAR\" - 3ª CATEGORIA","ANO":1991,"TIPO":"Restauração e Bebidas","LOCALIZACAO":"Isolado","C_INTEGRADO":null,"EMPRESA":"SEIA & RIBEIRO, LDA","GlobalID":"862f78bc-42ae-4ad3-8e18-5268dd859437"}},{"type":"Feature","id":19193,"geometry":{"type":"Point","coordinates":[-9.15194147170462,38.7144404204661]},"properties":{"OBJECTID":19193,"COD_SIG":null,"IDTIPO":null,"NOME":"ANTONIO SANTOS","REGEND":"001475","MORADA":"S JOSÉ (T DE)","NUM_POLICIA":"27","FREGUESIA":"116","LOCALIDADE":null,"COD_POST_4":null,"COD_POST_3":null,"COM_INT_ID":null,"COD_ACT_ECON":"52705","DESC_ACT_ECON":"Outros Estab. De Bebidas - Taberna","ANO":1991,"TIPO":"Restauração e Bebidas","LOCALIZACAO":"Isolado","C_INTEGRADO":null,"EMPRESA":"MARIA ISABEL SILVEIRA MENDES RODRIGUES MOURA","GlobalID":"f3bea697-21e3-4d87-b096-5ee10378786c"}},{"type":"Feature","id":19195,"geometry":{"type":"Point","coordinates":[-9.14418449676835,38.7407656281333]},"properties":{"OBJECTID":19195,"COD_SIG":null,"IDTIPO":null,"NOME":"O PETISCO DU BOCAGE","REGEND":"001478","MORADA":"BARBOSA DU BOCAGE (AV)","NUM_POLICIA":"36","FREGUESIA":"106","LOCALIDADE":null,"COD_POST_4":null,"COD_POST_3":null,"COM_INT_ID":null,"COD_ACT_ECON":"52704","DESC_ACT_ECON":"OUTROS EST. DE BEBIDAS - 3ª CATEGORIA","ANO":1991,"TIPO":"Restauração e Bebidas","LOCALIZACAO":"Isolado","C_INTEGRADO":null,"EMPRESA":"MARIA ISABEL SILVEIRA MENDES RODRIGUES MOURA","GlobalID":"05db934c-cd14-4a69-a5ea-4a9a992d487e"}},{"type":"Feature","id":19202,"geometry":{"type":"Point","coordinates":[-9.15209989499487,38.7385078888683]},"properties":{"OBJECTID":19202,"COD_SIG":null,"IDTIPO":null,"NOME":"ELIAS 180","REGEND":"001537","MORADA":"ELIAS GARCIA (AV)","NUM_POLICIA":"180 B","FREGUESIA":"106","LOCALIDADE":null,"COD_POST_4":null,"COD_POST_3":null,"COM_INT_ID":null,"COD_ACT_ECON":"51203","DESC_ACT_ECON":"\"SNACK-BAR\" - 3ª CATEGORIA","ANO":1991,"TIPO":"Restauração e Bebidas","LOCALIZACAO":"Isolado","C_INTEGRADO":null,"EMPRESA":"AVELAR & TEIXEIRA, LDA","GlobalID":"6ea25a26-3f94-4951-a332-c8684961e0b2"}},{"type":"Feature","id":19206,"geometry":{"type":"Point","coordinates":[-9.1442377956108,38.7363963878012]},"properties":{"OBJECTID":19206,"COD_SIG":null,"IDTIPO":null,"NOME":"MARIA JOSE PEREIRA","REGEND":"001541","MORADA":"JOÃO CRISÓSTOMO (AV)","NUM_POLICIA":"12 B","FREGUESIA":"106","LOCALIDADE":null,"COD_POST_4":null,"COD_POST_3":null,"COM_INT_ID":null,"COD_ACT_ECON":"52705","DESC_ACT_ECON":"Outros Estab. De Bebidas - Taberna","ANO":1991,"TIPO":"Restauração e Bebidas","LOCALIZACAO":"Isolado","C_INTEGRADO":null,"EMPRESA":"MARIA ISABEL SILVEIRA MENDES RODRIGUES MOURA","GlobalID":"9981c05c-3dbc-44b5-b15d-3f7f199454a5"}},{"type":"Feature","id":19235,"geometry":{"type":"Point","coordinates":[-9.14418905032854,38.739459459157]},"properties":{"OBJECTID":19235,"COD_SIG":null,"IDTIPO":null,"NOME":"O NINHO OURIÇO","REGEND":"001532","MORADA":"ELIAS GARCIA (AV)","NUM_POLICIA":"27","FREGUESIA":"106","LOCALIDADE":null,"COD_POST_4":null,"COD_POST_3":null,"COM_INT_ID":null,"COD_ACT_ECON":"51107","DESC_ACT_ECON":"RESTAURANTE - 3ª CATEGORIA","ANO":1991,"TIPO":"Restauração e Bebidas","LOCALIZACAO":"Isolado","C_INTEGRADO":null,"EMPRESA":"FRANCISCO, MANUEL & LUIS, LDA","GlobalID":"c2278e14-bc98-4d5f-8dea-bc71b05e8f41"}},{"type":"Feature","id":19272,"geometry":{"type":"Point","coordinates":[-9.13125958227452,38.7228162385584]},"properties":{"OBJECTID":19272,"COD_SIG":null,"IDTIPO":null,"NOME":"TENDINHA 1º JANEIRO","REGEND":"001765","MORADA":"ANGELINA VIDAL (R)","NUM_POLICIA":"68","FREGUESIA":"119","LOCALIDADE":null,"COD_POST_4":null,"COD_POST_3":null,"COM_INT_ID":null,"COD_ACT_ECON":"51203","DESC_ACT_ECON":"\"SNACK-BAR\" - 3ª CATEGORIA","ANO":1991,"TIPO":"Restauração e Bebidas","LOCALIZACAO":"Isolado","C_INTEGRADO":null,"EMPRESA":"MARIA ISABEL SILVEIRA MENDES RODRIGUES MOURA","GlobalID":"114ca34d-d1be-4010-bd1c-3873cc86ecb6"}},{"type":"Feature","id":19279,"geometry":{"type":"Point","coordinates":[-9.15117799713792,38.738380818433]},"properties":{"OBJECTID":19279,"COD_SIG":null,"IDTIPO":null,"NOME":"SNACK-BAR GAZELA","REGEND":"001535","MORADA":"ELIAS GARCIA (AV)","NUM_POLICIA":"159","FREGUESIA":"106","LOCALIDADE":"LISBOA","COD_POST_4":"1050","COD_POST_3":"099","COM_INT_ID":null,"COD_ACT_ECON":"51203","DESC_ACT_ECON":"\"SNACK-BAR\" - 3ª CATEGORIA","ANO":1991,"TIPO":"Restauração e Bebidas","LOCALIZACAO":"Isolado","C_INTEGRADO":null,"EMPRESA":"JOÃO & MOTA, LDA","GlobalID":"4cce105b-8dd3-4ec2-9db7-d694360a13b7"}},{"type":"Feature","id":19333,"geometry":{"type":"Point","coordinates":[-9.15188522998131,38.7355462009621]},"properties":{"OBJECTID":19333,"COD_SIG":null,"IDTIPO":null,"NOME":"CERVEJARIA RESTAURANTE BARCA DOURADA","REGEND":"001540","MORADA":"JOAO CRISOSTOMO (AV)","NUM_POLICIA":"91 A","FREGUESIA":"106","LOCALIDADE":null,"COD_POST_4":null,"COD_POST_3":null,"COM_INT_ID":null,"COD_ACT_ECON":"51107","DESC_ACT_ECON":"RESTAURANTE - 3ª CATEGORIA","ANO":1991,"TIPO":"Restauração e Bebidas","LOCALIZACAO":"Isolado","C_INTEGRADO":null,"EMPRESA":"MARIA ISABEL SILVEIRA MENDES RODRIGUES MOURA","GlobalID":"5848cd21-b72e-4bf6-a41f-a4bbd5e49305"}},{"type":"Feature","id":19339,"geometry":{"type":"Point","coordinates":[-9.12147609968547,38.7571021243311]},"properties":{"OBJECTID":19339,"COD_SIG":null,"IDTIPO":null,"NOME":"SNACK 86","REGEND":"001366","MORADA":"DOMINGOS PARENTE (R)","NUM_POLICIA":"LT 247","FREGUESIA":"115","LOCALIDADE":null,"COD_POST_4":null,"COD_POST_3":null,"COM_INT_ID":null,"COD_ACT_ECON":"51203","DESC_ACT_ECON":"\"SNACK-BAR\" - 3ª CATEGORIA","ANO":1991,"TIPO":"Restauração e Bebidas","LOCALIZACAO":"Isolado","C_INTEGRADO":null,"EMPRESA":"LANÇA & LEAL LDA","GlobalID":"2edd6e91-9bfd-497c-81b0-932b196c833d"}},{"type":"Feature","id":19401,"geometry":{"type":"Point","coordinates":[-9.1434430830284,38.7395740134499]},"properties":{"OBJECTID":19401,"COD_SIG":null,"IDTIPO":null,"NOME":"RESTAURANTE BRASEIRO GRANDE","REGEND":"001530","MORADA":"ELIAS GARCIA (AV)","NUM_POLICIA":"13","FREGUESIA":"106","LOCALIDADE":"LISBOA","COD_POST_4":"1000","COD_POST_3":"147","COM_INT_ID":null,"COD_ACT_ECON":"51105","DESC_ACT_ECON":"RESTAURANTE - 2ª CATEGORIA","ANO":1991,"TIPO":"Restauração e Bebidas","LOCALIZACAO":"Isolado","C_INTEGRADO":null,"EMPRESA":"MARIA ISABEL SILVEIRA MENDES RODRIGUES MOURA","GlobalID":"142453d1-61b1-4938-9f62-1dd780c5c327"}},{"type":"Feature","id":19404,"geometry":{"type":"Point","coordinates":[-9.14915974051097,38.7469017535528]},"properties":{"OBJECTID":19404,"COD_SIG":null,"IDTIPO":null,"NOME":"CAFETARIA CHAVENA D¿OURO","REGEND":"001575","MORADA":"REPUBLICA (AV) AO SALDANHA","NUM_POLICIA":null,"FREGUESIA":"106","LOCALIDADE":null,"COD_POST_4":null,"COD_POST_3":null,"COM_INT_ID":null,"COD_ACT_ECON":"52199","DESC_ACT_ECON":"CAFÉ/PASTELARIA - (SEM CATEGORIA)","ANO":1991,"TIPO":"Restauração e Bebidas","LOCALIZACAO":"Isolado","C_INTEGRADO":null,"EMPRESA":"MARIA ISABEL SILVEIRA MENDES RODRIGUES MOURA","GlobalID":"391ec94f-bfb3-4747-b462-e9ca757fbc02"}},{"type":"Feature","id":19408,"geometry":{"type":"Point","coordinates":[-9.14915974051097,38.7469017535528]},"properties":{"OBJECTID":19408,"COD_SIG":null,"IDTIPO":null,"NOME":"VERDE GAIO MINHOTO","REGEND":"001585","MORADA":"REPÚBLICA (AV) AO SALDANHA","NUM_POLICIA":"FEIRA","FREGUESIA":"106","LOCALIDADE":null,"COD_POST_4":null,"COD_POST_3":null,"COM_INT_ID":142,"COD_ACT_ECON":"51107","DESC_ACT_ECON":"RESTAURANTE - 3ª CATEGORIA","ANO":1991,"TIPO":"Restauração e Bebidas","LOCALIZACAO":"Integrado - outro","C_INTEGRADO":"GALERIA FEIRA POPULAR","EMPRESA":"MARIA ISABEL SILVEIRA MENDES RODRIGUES MOURA","GlobalID":"a396a389-4fd0-46a0-aa5d-86d1a53b1065"}},{"type":"Feature","id":19409,"geometry":{"type":"Point","coordinates":[-9.14915974051097,38.7469017535528]},"properties":{"OBJECTID":19409,"COD_SIG":null,"IDTIPO":null,"NOME":"RESTAURANTE FORNO BAIRRADA","REGEND":"001590","MORADA":"REPUBLICA (AV) AO SALDANHA","NUM_POLICIA":null,"FREGUESIA":"106","LOCALIDADE":null,"COD_POST_4":null,"COD_POST_3":null,"COM_INT_ID":null,"COD_ACT_ECON":"51107","DESC_ACT_ECON":"RESTAURANTE - 3ª CATEGORIA","ANO":1991,"TIPO":"Restauração e Bebidas","LOCALIZACAO":"Isolado","C_INTEGRADO":null,"EMPRESA":"MARIA ISABEL SILVEIRA MENDES RODRIGUES MOURA","GlobalID":"0dcd1972-e57c-4dd0-b1f5-510c9ea54a8b"}},{"type":"Feature","id":19420,"geometry":{"type":"Point","coordinates":[-9.14742002809746,38.7458900016024]},"properties":{"OBJECTID":19420,"COD_SIG":null,"IDTIPO":null,"NOME":"PASTELARIA GIRASSOL","REGEND":"001572","MORADA":"REPUBLICA (AV) AO SALDANHA","NUM_POLICIA":"80","FREGUESIA":"103","LOCALIDADE":null,"COD_POST_4":null,"COD_POST_3":null,"COM_INT_ID":null,"COD_ACT_ECON":"52104","DESC_ACT_ECON":"CAFE/PASTELARIA - 3ª CATEGORIA","ANO":1991,"TIPO":"Restauração e Bebidas","LOCALIZACAO":"Isolado","C_INTEGRADO":null,"EMPRESA":"ANIBAL GASPAR & ANTONIO ALVES CORREIA, LDA","GlobalID":"6615e975-594e-4c0b-aa27-a53c4db53d5f"}},{"type":"Feature","id":19422,"geometry":{"type":"Point","coordinates":[-9.14915974051097,38.7469017535528]},"properties":{"OBJECTID":19422,"COD_SIG":null,"IDTIPO":null,"NOME":"RESTAURANTE A RODA","REGEND":"001574","MORADA":"REPUBLICA (AV) AO SALDANHA","NUM_POLICIA":null,"FREGUESIA":"106","LOCALIDADE":null,"COD_POST_4":null,"COD_POST_3":null,"COM_INT_ID":null,"COD_ACT_ECON":"51107","DESC_ACT_ECON":"RESTAURANTE - 3ª CATEGORIA","ANO":1991,"TIPO":"Restauração e Bebidas","LOCALIZACAO":"Isolado","C_INTEGRADO":null,"EMPRESA":"MARIA ISABEL SILVEIRA MENDES RODRIGUES MOURA","GlobalID":"6b44db67-c729-40a9-8ba5-39fe0f72fc80"}},{"type":"Feature","id":19425,"geometry":{"type":"Point","coordinates":[-9.14915974051097,38.7469017535528]},"properties":{"OBJECTID":19425,"COD_SIG":null,"IDTIPO":null,"NOME":"BARRA TASQUINHA S ROMAO","REGEND":"001582","MORADA":"REPUBLICA (AV) AO SALDANHA","NUM_POLICIA":null,"FREGUESIA":"106","LOCALIDADE":null,"COD_POST_4":null,"COD_POST_3":null,"COM_INT_ID":null,"COD_ACT_ECON":"52705","DESC_ACT_ECON":"Outros Estab. De Bebidas - Taberna","ANO":1991,"TIPO":"Restauração e Bebidas","LOCALIZACAO":"Isolado","C_INTEGRADO":null,"EMPRESA":"MARIA ISABEL SILVEIRA MENDES RODRIGUES MOURA","GlobalID":"aeb4220c-0c74-4931-9aab-f8c945415ebe"}},{"type":"Feature","id":19426,"geometry":{"type":"Point","coordinates":[-9.14915974051097,38.7469017535528]},"properties":{"OBJECTID":19426,"COD_SIG":null,"IDTIPO":null,"NOME":"RESTAURANTE A SESIMBRENSE","REGEND":"001584","MORADA":"REPUBLICA (AV) AO SALDANHA","NUM_POLICIA":null,"FREGUESIA":"106","LOCALIDADE":null,"COD_POST_4":null,"COD_POST_3":null,"COM_INT_ID":null,"COD_ACT_ECON":"51105","DESC_ACT_ECON":"RESTAURANTE - 2ª CATEGORIA","ANO":1991,"TIPO":"Restauração e Bebidas","LOCALIZACAO":"Isolado","C_INTEGRADO":null,"EMPRESA":"MARIA ISABEL SILVEIRA MENDES RODRIGUES MOURA","GlobalID":"2a99fe46-4a4d-46b0-b7a6-e436b951e3bf"}},{"type":"Feature","id":19538,"geometry":{"type":"Point","coordinates":[-9.10141034225085,38.745866503421]},"properties":{"OBJECTID":19538,"COD_SIG":null,"IDTIPO":null,"NOME":"JOSE RICARDO FERNANDES","REGEND":"001401","MORADA":"Rua Vale Formoso (antiga R. Direita do Vale Formoso de Baixo)","NUM_POLICIA":"32","FREGUESIA":"115","LOCALIDADE":"LISBOA                         ","COD_POST_4":"1950","COD_POST_3":"283","COM_INT_ID":null,"COD_ACT_ECON":"52104","DESC_ACT_ECON":"CAFE/PASTELARIA - 3ª CATEGORIA","ANO":1991,"TIPO":"Restauração e Bebidas","LOCALIZACAO":"Isolado","C_INTEGRADO":null,"EMPRESA":"MARIA ISABEL SILVEIRA MENDES RODRIGUES MOURA","GlobalID":"92661479-c8b4-4dea-9871-8360a1ab052c"}},{"type":"Feature","id":19540,"geometry":{"type":"Point","coordinates":[-9.10128536773023,38.7468313755857]},"properties":{"OBJECTID":19540,"COD_SIG":null,"IDTIPO":null,"NOME":"ARMANDO MARQUES FRANCISCO","REGEND":"001402","MORADA":"VALE FORMOSO (R DO)","NUM_POLICIA":"66","FREGUESIA":"115","LOCALIDADE":"LISBOA                         ","COD_POST_4":"1950","COD_POST_3":"283","COM_INT_ID":null,"COD_ACT_ECON":"52104","DESC_ACT_ECON":"CAFE/PASTELARIA - 3ª CATEGORIA","ANO":1991,"TIPO":"Restauração e Bebidas","LOCALIZACAO":"Isolado","C_INTEGRADO":null,"EMPRESA":"MARIA ISABEL SILVEIRA MENDES RODRIGUES MOURA","GlobalID":"2630f9fc-fc9a-4098-8d1d-b446ef70a551"}},{"type":"Feature","id":19549,"geometry":{"type":"Point","coordinates":[-9.10443411461634,38.7483095099061]},"properties":{"OBJECTID":19549,"COD_SIG":null,"IDTIPO":null,"NOME":"O REFUGIO","REGEND":"001408","MORADA":"VALE FORMOSO DE CIMA (R DO)","NUM_POLICIA":"109 A","FREGUESIA":"115","LOCALIDADE":null,"COD_POST_4":null,"COD_POST_3":null,"COM_INT_ID":null,"COD_ACT_ECON":"51107","DESC_ACT_ECON":"RESTAURANTE - 3ª CATEGORIA","ANO":1991,"TIPO":"Restauração e Bebidas","LOCALIZACAO":"Isolado","C_INTEGRADO":null,"EMPRESA":"MARIA ISABEL SILVEIRA MENDES RODRIGUES MOURA","GlobalID":"6861c09d-d17f-4b25-bf22-f70c24efa035"}},{"type":"Feature","id":19578,"geometry":{"type":"Point","coordinates":[-9.10531545443654,38.7530672932568]},"properties":{"OBJECTID":19578,"COD_SIG":null,"IDTIPO":null,"NOME":"A TASCA DO ZE RUSSO","REGEND":"001413","MORADA":"Rua de Santa Marta","NUM_POLICIA":"31E","FREGUESIA":"115","LOCALIDADE":"LISBOA","COD_POST_4":"1150","COD_POST_3":"139","COM_INT_ID":null,"COD_ACT_ECON":"51107","DESC_ACT_ECON":"RESTAURANTE - 3ª CATEGORIA","ANO":1991,"TIPO":"Restauração e Bebidas","LOCALIZACAO":"Isolado","C_INTEGRADO":null,"EMPRESA":"MARIA ISABEL SILVEIRA MENDES RODRIGUES MOURA","GlobalID":"ba2fe36e-2bc2-4e61-a957-bc74b3c3801a"}},{"type":"Feature","id":19594,"geometry":{"type":"Point","coordinates":[-9.12686551977465,38.7561710839756]},"properties":{"OBJECTID":19594,"COD_SIG":null,"IDTIPO":null,"NOME":"RETIRO DA CORNELIA","REGEND":"001423","MORADA":"ZONA N2 DE CHELAS","NUM_POLICIA":"157 A","FREGUESIA":"115","LOCALIDADE":null,"COD_POST_4":null,"COD_POST_3":null,"COM_INT_ID":null,"COD_ACT_ECON":"52705","DESC_ACT_ECON":"Outros Estab. De Bebidas - Taberna","ANO":1991,"TIPO":"Restauração e Bebidas","LOCALIZACAO":"Isolado","C_INTEGRADO":null,"EMPRESA":"CAROLINA CARMO PEREIRA OLIVEIRA MARQUES","GlobalID":"64e2290c-f459-4ffb-a2c1-f5ef2709d3fa"}},{"type":"Feature","id":19620,"geometry":{"type":"Point","coordinates":[-9.13013534608634,38.7244012831472]},"properties":{"OBJECTID":19620,"COD_SIG":null,"IDTIPO":null,"NOME":"PASTELARIA SOBREIRENSE","REGEND":"001832","MORADA":"TRIÂNGULO VERMELHO (R DO)","NUM_POLICIA":"12 B","FREGUESIA":"119","LOCALIDADE":null,"COD_POST_4":null,"COD_POST_3":null,"COM_INT_ID":null,"COD_ACT_ECON":"52104","DESC_ACT_ECON":"CAFE/PASTELARIA - 3ª CATEGORIA","ANO":1991,"TIPO":"Restauração e Bebidas","LOCALIZACAO":"Isolado","C_INTEGRADO":null,"EMPRESA":"PASTELARIA SOBREIRENSE, LDA","GlobalID":"0503ff5b-5321-4b49-b0c0-757e6e850d1a"}},{"type":"Feature","id":19638,"geometry":{"type":"Point","coordinates":[-9.14245073210032,38.7385286889939]},"properties":{"OBJECTID":19638,"COD_SIG":null,"IDTIPO":null,"NOME":"PASTELARIA FILIPA","REGEND":"001638","MORADA":"D FILIPA DE VILHENA (R)","NUM_POLICIA":"9 B","FREGUESIA":"106","LOCALIDADE":"LISBOA","COD_POST_4":"1000","COD_POST_3":"134","COM_INT_ID":null,"COD_ACT_ECON":"52104","DESC_ACT_ECON":"CAFE/PASTELARIA - 3ª CATEGORIA","ANO":1991,"TIPO":"Restauração e Bebidas","LOCALIZACAO":"Isolado","C_INTEGRADO":null,"EMPRESA":"MARIA ISABEL SILVEIRA MENDES RODRIGUES MOURA","GlobalID":"495b2896-e366-4844-b397-20ebaf54a45e"}},{"type":"Feature","id":19716,"geometry":{"type":"Point","coordinates":[-9.15062417588377,38.7366381377885]},"properties":{"OBJECTID":19716,"COD_SIG":null,"IDTIPO":null,"NOME":"PASTELARIA SA LDA","REGEND":"001491","MORADA":"CD DE VALBOM (AV)","NUM_POLICIA":"43","FREGUESIA":"106","LOCALIDADE":"LISBOA                         ","COD_POST_4":"1050","COD_POST_3":"167","COM_INT_ID":null,"COD_ACT_ECON":"52104","DESC_ACT_ECON":"CAFE/PASTELARIA - 3ª CATEGORIA","ANO":1991,"TIPO":"Restauração e Bebidas","LOCALIZACAO":"Isolado","C_INTEGRADO":null,"EMPRESA":"PASTELARIA SA LDA","GlobalID":"8032136d-4e92-44aa-b0ee-48143dd67965"}},{"type":"Feature","id":19742,"geometry":{"type":"Point","coordinates":[-9.15007027018799,38.7356971479579]},"properties":{"OBJECTID":19742,"COD_SIG":null,"IDTIPO":null,"NOME":"JOSE PAULINO PINTO FONSECA","REGEND":"001544","MORADA":"JOÃO CRISÓSTOMO (AV)","NUM_POLICIA":"57 A/B","FREGUESIA":"106","LOCALIDADE":null,"COD_POST_4":null,"COD_POST_3":null,"COM_INT_ID":null,"COD_ACT_ECON":"51109","DESC_ACT_ECON":"RESTAURANTE - CASA DE PASTO","ANO":1991,"TIPO":"Restauração e Bebidas","LOCALIZACAO":"Isolado","C_INTEGRADO":null,"EMPRESA":"MARIA ISABEL SILVEIRA MENDES RODRIGUES MOURA","GlobalID":"c6ffb51e-20df-446a-85fc-d66eccf1375f"}},{"type":"Feature","id":19762,"geometry":{"type":"Point","coordinates":[-9.12945677668703,38.7287416838379]},"properties":{"OBJECTID":19762,"COD_SIG":null,"IDTIPO":null,"NOME":"LEITARIA PRIMOR ORIENTAL","REGEND":"001779","MORADA":"CESÁRIO VERDE (R) À PENHA","NUM_POLICIA":"38 A/B","FREGUESIA":"119","LOCALIDADE":"LISBOA                         ","COD_POST_4":"1170","COD_POST_3":"092","COM_INT_ID":null,"COD_ACT_ECON":"52104","DESC_ACT_ECON":"CAFE/PASTELARIA - 3ª CATEGORIA","ANO":1991,"TIPO":"Restauração e Bebidas","LOCALIZACAO":"Isolado","C_INTEGRADO":null,"EMPRESA":"B.M. VALENTE & FILHOS, LDA","GlobalID":"70351581-f761-4823-ba15-4a4ffb95c528"}},{"type":"Feature","id":19819,"geometry":{"type":"Point","coordinates":[-9.14915974051097,38.7469017535528]},"properties":{"OBJECTID":19819,"COD_SIG":null,"IDTIPO":null,"NOME":"RESTAURANTE O REI DOS MIAUS","REGEND":"001598","MORADA":"REPUBLICA (AV) AO SALDANHA","NUM_POLICIA":null,"FREGUESIA":"106","LOCALIDADE":null,"COD_POST_4":null,"COD_POST_3":null,"COM_INT_ID":null,"COD_ACT_ECON":"52705","DESC_ACT_ECON":"Outros Estab. De Bebidas - Taberna","ANO":1991,"TIPO":"Restauração e Bebidas","LOCALIZACAO":"Isolado","C_INTEGRADO":null,"EMPRESA":"MARIA ISABEL SILVEIRA MENDES RODRIGUES MOURA","GlobalID":"8d8442dc-aca6-4446-b8c1-dbf8cb7ec552"}},{"type":"Feature","id":19837,"geometry":{"type":"Point","coordinates":[-9.14915974051097,38.7469017535528]},"properties":{"OBJECTID":19837,"COD_SIG":null,"IDTIPO":null,"NOME":"RESTAURANTE ALDEIA MOINHO","REGEND":"001581","MORADA":"REPUBLICA (AV) AO SALDANHA","NUM_POLICIA":null,"FREGUESIA":"106","LOCALIDADE":null,"COD_POST_4":null,"COD_POST_3":null,"COM_INT_ID":null,"COD_ACT_ECON":"51108","DESC_ACT_ECON":"RESTAURANTE - 3ª CATEGORIA (TÍPICO)","ANO":1991,"TIPO":"Restauração e Bebidas","LOCALIZACAO":"Isolado","C_INTEGRADO":null,"EMPRESA":"MARIA ISABEL SILVEIRA MENDES RODRIGUES MOURA","GlobalID":"39b18c6d-6300-4551-93c7-8a6edacfd20c"}},{"type":"Feature","id":19840,"geometry":{"type":"Point","coordinates":[-9.14810460992097,38.7422539137447]},"properties":{"OBJECTID":19840,"COD_SIG":null,"IDTIPO":null,"NOME":"RESTAURANTE APOLO 70","REGEND":"001547","MORADA":"JÚLIO DINIS (AV)","NUM_POLICIA":"10 A","FREGUESIA":"106","LOCALIDADE":"LISBOA","COD_POST_4":"1069","COD_POST_3":"216","COM_INT_ID":49,"COD_ACT_ECON":"51105","DESC_ACT_ECON":"RESTAURANTE - 2ª CATEGORIA","ANO":1991,"TIPO":"Restauração e Bebidas","LOCALIZACAO":"Integrado - outro","C_INTEGRADO":"DRUGSTORE APOLO 70","EMPRESA":"MARIA ISABEL SILVEIRA MENDES RODRIGUES MOURA","GlobalID":"b217e623-0b8c-4795-9690-a21d33ac46d4"}},{"type":"Feature","id":19861,"geometry":{"type":"Point","coordinates":[-9.1484374806495,38.7422059789012]},"properties":{"OBJECTID":19861,"COD_SIG":null,"IDTIPO":null,"NOME":"O CACAU","REGEND":"001551","MORADA":"JULIO DINIS (AV)","NUM_POLICIA":"14","FREGUESIA":"106","LOCALIDADE":"LISBOA","COD_POST_4":"1050","COD_POST_3":"131","COM_INT_ID":63,"COD_ACT_ECON":"51403","DESC_ACT_ECON":"OUTROS EST. COMIDAS REFEIÇÕES - 3ª CAT.","ANO":1991,"TIPO":"Restauração e Bebidas","LOCALIZACAO":"Integrado - outro","C_INTEGRADO":"SHOPPING COLUMBIA","EMPRESA":"MARIA ISABEL SILVEIRA MENDES RODRIGUES MOURA","GlobalID":"09c2d3e5-e462-49bf-ae53-ef95d9fc9adf"}},{"type":"Feature","id":19895,"geometry":{"type":"Point","coordinates":[-9.14003544796558,38.7246234897074]},"properties":{"OBJECTID":19895,"COD_SIG":null,"IDTIPO":null,"NOME":"RESTAURANTE BAR NINAY","REGEND":"001718","MORADA":"GOMES FREIRE (R)","NUM_POLICIA":"72 A","FREGUESIA":"105","LOCALIDADE":"LISBOA","COD_POST_4":"1150","COD_POST_3":"179","COM_INT_ID":null,"COD_ACT_ECON":"51107","DESC_ACT_ECON":"RESTAURANTE - 3ª CATEGORIA","ANO":1991,"TIPO":"Restauração e Bebidas","LOCALIZACAO":"Isolado","C_INTEGRADO":null,"EMPRESA":"SILVA FRAGOSO & AMORIM, LDA","GlobalID":"d2987c8a-6661-4738-8443-648d890b9499"}},{"type":"Feature","id":19935,"geometry":{"type":"Point","coordinates":[-9.14915974051097,38.7469017535528]},"properties":{"OBJECTID":19935,"COD_SIG":null,"IDTIPO":null,"NOME":"RESTAURANTE CRUZEIRO ODIVELAS","REGEND":"001592","MORADA":"REPUBLICA (AV) AO SALDANHA","NUM_POLICIA":null,"FREGUESIA":"106","LOCALIDADE":null,"COD_POST_4":null,"COD_POST_3":null,"COM_INT_ID":null,"COD_ACT_ECON":"51105","DESC_ACT_ECON":"RESTAURANTE - 2ª CATEGORIA","ANO":1991,"TIPO":"Restauração e Bebidas","LOCALIZACAO":"Isolado","C_INTEGRADO":null,"EMPRESA":"MARIA ISABEL SILVEIRA MENDES RODRIGUES MOURA","GlobalID":"d5facc18-8d70-4c2a-82ce-894d778cb3dc"}},{"type":"Feature","id":19936,"geometry":{"type":"Point","coordinates":[-9.14915974051097,38.7469017535528]},"properties":{"OBJECTID":19936,"COD_SIG":null,"IDTIPO":null,"NOME":"RESTAURANTE IMPERADOR FRANGOS","REGEND":"001594","MORADA":"REPUBLICA (AV) AO SALDANHA","NUM_POLICIA":null,"FREGUESIA":"106","LOCALIDADE":null,"COD_POST_4":null,"COD_POST_3":null,"COM_INT_ID":null,"COD_ACT_ECON":"51107","DESC_ACT_ECON":"RESTAURANTE - 3ª CATEGORIA","ANO":1991,"TIPO":"Restauração e Bebidas","LOCALIZACAO":"Isolado","C_INTEGRADO":null,"EMPRESA":"MARIA ISABEL SILVEIRA MENDES RODRIGUES MOURA","GlobalID":"c256d771-0011-41db-89bc-4b38468bd523"}},{"type":"Feature","id":19943,"geometry":{"type":"Point","coordinates":[-9.14704148612157,38.7381973079744]},"properties":{"OBJECTID":19943,"COD_SIG":null,"IDTIPO":null,"NOME":"RESTAURANTE RIO DE PRATA","REGEND":"001604","MORADA":"VISCONDE DE VALMOR (AV)","NUM_POLICIA":"32 C","FREGUESIA":"106","LOCALIDADE":"LISBOA                         ","COD_POST_4":"1050","COD_POST_3":"240","COM_INT_ID":null,"COD_ACT_ECON":"51107","DESC_ACT_ECON":"RESTAURANTE - 3ª CATEGORIA","ANO":1991,"TIPO":"Restauração e Bebidas","LOCALIZACAO":"Isolado","C_INTEGRADO":null,"EMPRESA":"MARIA ISABEL SILVEIRA MENDES RODRIGUES MOURA","GlobalID":"064d0885-fc57-4603-a653-6e17f7027f5d"}},{"type":"Feature","id":19950,"geometry":{"type":"Point","coordinates":[-9.14915974051097,38.7469017535528]},"properties":{"OBJECTID":19950,"COD_SIG":null,"IDTIPO":null,"NOME":"RESTAURANTE GAMBOA","REGEND":"001591","MORADA":"REPUBLICA (AV) AO SALDANHA","NUM_POLICIA":null,"FREGUESIA":"106","LOCALIDADE":null,"COD_POST_4":null,"COD_POST_3":null,"COM_INT_ID":null,"COD_ACT_ECON":"51107","DESC_ACT_ECON":"RESTAURANTE - 3ª CATEGORIA","ANO":1991,"TIPO":"Restauração e Bebidas","LOCALIZACAO":"Isolado","C_INTEGRADO":null,"EMPRESA":"MARIA ISABEL SILVEIRA MENDES RODRIGUES MOURA","GlobalID":"6eb9e913-6c98-41a9-9004-ce9d3f797b54"}},{"type":"Feature","id":19951,"geometry":{"type":"Point","coordinates":[-9.14915974051097,38.7469017535528]},"properties":{"OBJECTID":19951,"COD_SIG":null,"IDTIPO":null,"NOME":"RESTAURANTE CASA BICOS","REGEND":"001593","MORADA":"REPÚBLICA (AV) AO SALDANHA","NUM_POLICIA":"FEIRA","FREGUESIA":"106","LOCALIDADE":null,"COD_POST_4":null,"COD_POST_3":null,"COM_INT_ID":142,"COD_ACT_ECON":"51107","DESC_ACT_ECON":"RESTAURANTE - 3ª CATEGORIA","ANO":1991,"TIPO":"Restauração e Bebidas","LOCALIZACAO":"Integrado - outro","C_INTEGRADO":"GALERIA FEIRA POPULAR","EMPRESA":"MARIA ISABEL SILVEIRA MENDES RODRIGUES MOURA","GlobalID":"a993e936-2d21-437a-bf4b-d616aa3d3945"}},{"type":"Feature","id":19997,"geometry":{"type":"Point","coordinates":[-9.14104177128958,38.7242657951226]},"properties":{"OBJECTID":19997,"COD_SIG":null,"IDTIPO":null,"NOME":"O CANTINHO DA AMIZADE","REGEND":"001710","MORADA":"CRUZ DA CARREIRA (R DA)","NUM_POLICIA":"36/38","FREGUESIA":"105","LOCALIDADE":null,"COD_POST_4":null,"COD_POST_3":null,"COM_INT_ID":null,"COD_ACT_ECON":"51107","DESC_ACT_ECON":"RESTAURANTE - 3ª CATEGORIA","ANO":1991,"TIPO":"Restauração e Bebidas","LOCALIZACAO":"Isolado","C_INTEGRADO":null,"EMPRESA":"MARIA ISABEL SILVEIRA MENDES RODRIGUES MOURA","GlobalID":"f5b9d124-9e07-455d-a34b-8678a49e5328"}},{"type":"Feature","id":20036,"geometry":{"type":"Point","coordinates":[-9.10371111184813,38.7374070704541]},"properties":{"OBJECTID":20036,"COD_SIG":null,"IDTIPO":null,"NOME":"PARAMEZ & VELLO LDA","REGEND":"001352","MORADA":"AÇUCAR (R DO)","NUM_POLICIA":"80","FREGUESIA":"115","LOCALIDADE":null,"COD_POST_4":null,"COD_POST_3":null,"COM_INT_ID":null,"COD_ACT_ECON":"52705","DESC_ACT_ECON":"Outros Estab. De Bebidas - Taberna","ANO":1991,"TIPO":"Restauração e Bebidas","LOCALIZACAO":"Isolado","C_INTEGRADO":null,"EMPRESA":"MARIA ISABEL SILVEIRA MENDES RODRIGUES MOURA","GlobalID":"5d4cfb38-0c5f-445b-8c93-543627e1cddd"}},{"type":"Feature","id":20050,"geometry":{"type":"Point","coordinates":[-9.12147609968547,38.7571021243311]},"properties":{"OBJECTID":20050,"COD_SIG":null,"IDTIPO":null,"NOME":"CAFE ALTE","REGEND":"001365","MORADA":"Rua Domingos Parente","NUM_POLICIA":"Lote 247","FREGUESIA":"115","LOCALIDADE":"LISBOA","COD_POST_4":"1950","COD_POST_3":"074","COM_INT_ID":null,"COD_ACT_ECON":"52104","DESC_ACT_ECON":"CAFE/PASTELARIA - 3ª CATEGORIA","ANO":1991,"TIPO":"Restauração e Bebidas","LOCALIZACAO":"Isolado","C_INTEGRADO":null,"EMPRESA":"FERNANDA CONCEIÇAO ALMEIDA NUNES","GlobalID":"ba914a51-e700-4590-b606-fe92b87ab649"}},{"type":"Feature","id":20067,"geometry":{"type":"Point","coordinates":[-9.10668588740307,38.7388055245295]},"properties":{"OBJECTID":20067,"COD_SIG":null,"IDTIPO":null,"NOME":"MARIA DORES SE","REGEND":"001387","MORADA":"MARVILA (R DE)","NUM_POLICIA":"136","FREGUESIA":"115","LOCALIDADE":null,"COD_POST_4":null,"COD_POST_3":null,"COM_INT_ID":null,"COD_ACT_ECON":"52704","DESC_ACT_ECON":"OUTROS EST. DE BEBIDAS - 3ª CATEGORIA","ANO":1991,"TIPO":"Restauração e Bebidas","LOCALIZACAO":"Isolado","C_INTEGRADO":null,"EMPRESA":"MARIA ISABEL SILVEIRA MENDES RODRIGUES MOURA","GlobalID":"22dbb258-e0a1-48a9-a324-57453365fafc"}},{"type":"Feature","id":20070,"geometry":{"type":"Point","coordinates":[-9.11069689119781,38.7545896852096]},"properties":{"OBJECTID":20070,"COD_SIG":null,"IDTIPO":null,"NOME":"ROSA CARITAS","REGEND":"001390","MORADA":"OLIVEIRA CARDONEGA (R)","NUM_POLICIA":"LT 50","FREGUESIA":"115","LOCALIDADE":"LISBOA                         ","COD_POST_4":"1950","COD_POST_3":"212","COM_INT_ID":null,"COD_ACT_ECON":"52104","DESC_ACT_ECON":"CAFE/PASTELARIA - 3ª CATEGORIA","ANO":1991,"TIPO":"Restauração e Bebidas","LOCALIZACAO":"Isolado","C_INTEGRADO":null,"EMPRESA":"BRANCA SILVA OLIVEIRA","GlobalID":"6d415a36-3c66-414c-9c47-72e58f5a7ec5"}},{"type":"Feature","id":20127,"geometry":{"type":"Point","coordinates":[-9.14915974051097,38.7469017535528]},"properties":{"OBJECTID":20127,"COD_SIG":null,"IDTIPO":null,"NOME":"O REI PASTEIS NATA","REGEND":"001588","MORADA":"REPUBLICA (AV) AO SALDANHA","NUM_POLICIA":null,"FREGUESIA":"106","LOCALIDADE":null,"COD_POST_4":null,"COD_POST_3":null,"COM_INT_ID":null,"COD_ACT_ECON":"52104","DESC_ACT_ECON":"CAFE/PASTELARIA - 3ª CATEGORIA","ANO":1991,"TIPO":"Restauração e Bebidas","LOCALIZACAO":"Isolado","C_INTEGRADO":null,"EMPRESA":"DANIEL SANTOS ANTONIO","GlobalID":"b17bea9c-b3c6-45f7-bef1-5df6637cd2e1"}},{"type":"Feature","id":20130,"geometry":{"type":"Point","coordinates":[-9.14915974051097,38.7469017535528]},"properties":{"OBJECTID":20130,"COD_SIG":null,"IDTIPO":null,"NOME":"ANTÓNIO MARIA ANTUNES","REGEND":"001597","MORADA":"REPÚBLICA (AV) AO SALDANHA","NUM_POLICIA":"FEIRA","FREGUESIA":"106","LOCALIDADE":null,"COD_POST_4":null,"COD_POST_3":null,"COM_INT_ID":142,"COD_ACT_ECON":"51107","DESC_ACT_ECON":"RESTAURANTE - 3ª CATEGORIA","ANO":1991,"TIPO":"Restauração e Bebidas","LOCALIZACAO":"Integrado - outro","C_INTEGRADO":"GALERIA FEIRA POPULAR","EMPRESA":"MARIA ISABEL SILVEIRA MENDES RODRIGUES MOURA","GlobalID":"fdfcc2dc-1cc4-4359-a0eb-b1c96b17ace6"}},{"type":"Feature","id":20140,"geometry":{"type":"Point","coordinates":[-9.14936487350103,38.7378561541383]},"properties":{"OBJECTID":20140,"COD_SIG":null,"IDTIPO":null,"NOME":"PASTELARIA SNACK BAR SILVANIA","REGEND":"001607","MORADA":"VISCONDE DE VALMOR (AV)","NUM_POLICIA":"58 A/B","FREGUESIA":"106","LOCALIDADE":null,"COD_POST_4":null,"COD_POST_3":null,"COM_INT_ID":null,"COD_ACT_ECON":"52104","DESC_ACT_ECON":"CAFE/PASTELARIA - 3ª CATEGORIA","ANO":1991,"TIPO":"Restauração e Bebidas","LOCALIZACAO":"Isolado","C_INTEGRADO":null,"EMPRESA":"MARIA ISABEL SILVEIRA MENDES RODRIGUES MOURA","GlobalID":"edbddb4e-0634-4822-8d2b-3c7d8f6e5515"}},{"type":"Feature","id":20146,"geometry":{"type":"Point","coordinates":[-9.14915974051097,38.7469017535528]},"properties":{"OBJECTID":20146,"COD_SIG":null,"IDTIPO":null,"NOME":"RESTAURANTE OH! HIPOLITO","REGEND":"001579","MORADA":"REPUBLICA (AV) AO SALDANHA","NUM_POLICIA":null,"FREGUESIA":"106","LOCALIDADE":null,"COD_POST_4":null,"COD_POST_3":null,"COM_INT_ID":null,"COD_ACT_ECON":"51107","DESC_ACT_ECON":"RESTAURANTE - 3ª CATEGORIA","ANO":1991,"TIPO":"Restauração e Bebidas","LOCALIZACAO":"Isolado","C_INTEGRADO":null,"EMPRESA":"MARIA ISABEL SILVEIRA MENDES RODRIGUES MOURA","GlobalID":"d1d323f2-6b98-4e3e-9df8-98aa88365d99"}},{"type":"Feature","id":20187,"geometry":{"type":"Point","coordinates":[-9.15135959067427,38.7123286594545]},"properties":{"OBJECTID":20187,"COD_SIG":null,"IDTIPO":null,"NOME":"A PEROLA BOM JARDIM","REGEND":"001440","MORADA":"CRUZ DOS POIAIS (R)","NUM_POLICIA":"95 A","FREGUESIA":"116","LOCALIDADE":null,"COD_POST_4":null,"COD_POST_3":null,"COM_INT_ID":null,"COD_ACT_ECON":"51107","DESC_ACT_ECON":"RESTAURANTE - 3ª CATEGORIA","ANO":1991,"TIPO":"Restauração e Bebidas","LOCALIZACAO":"Isolado","C_INTEGRADO":null,"EMPRESA":"MARIA ISABEL SILVEIRA MENDES RODRIGUES MOURA","GlobalID":"8b1c6a61-0e73-4bc7-8523-1e04152f9919"}},{"type":"Feature","id":20195,"geometry":{"type":"Point","coordinates":[-9.15001246898935,38.7146193826415]},"properties":{"OBJECTID":20195,"COD_SIG":null,"IDTIPO":null,"NOME":"PASTELARIA PADARIA BEIRA TEJO","REGEND":"001449","MORADA":"Rua da Palmeira","NUM_POLICIA":"23","FREGUESIA":"116","LOCALIDADE":"LISBOA","COD_POST_4":"1200","COD_POST_3":"315","COM_INT_ID":null,"COD_ACT_ECON":"52104","DESC_ACT_ECON":"CAFE/PASTELARIA - 3ª CATEGORIA","ANO":1991,"TIPO":"Restauração e Bebidas","LOCALIZACAO":"Isolado","C_INTEGRADO":null,"EMPRESA":"SOCIEDADE DE PANIFICAÇÃO BEIRA TEJO, LDA","GlobalID":"8e307dca-b2a6-42d3-ad74-9e6a825a420a"}},{"type":"Feature","id":20199,"geometry":{"type":"Point","coordinates":[-9.15323627011746,38.7141318531591]},"properties":{"OBJECTID":20199,"COD_SIG":null,"IDTIPO":null,"NOME":"ANTONIO PEREZ MARTINEZ","REGEND":"001447","MORADA":"NOVA DA PIEDADE (R)","NUM_POLICIA":"66","FREGUESIA":"116","LOCALIDADE":null,"COD_POST_4":null,"COD_POST_3":null,"COM_INT_ID":null,"COD_ACT_ECON":"52704","DESC_ACT_ECON":"OUTROS EST. DE BEBIDAS - 3ª CATEGORIA","ANO":1991,"TIPO":"Restauração e Bebidas","LOCALIZACAO":"Isolado","C_INTEGRADO":null,"EMPRESA":"MARIA ISABEL SILVEIRA MENDES RODRIGUES MOURA","GlobalID":"097ba488-5a17-4d53-9959-f2e570cf9451"}},{"type":"Feature","id":20205,"geometry":{"type":"Point","coordinates":[-9.15017686338131,38.7148611614614]},"properties":{"OBJECTID":20205,"COD_SIG":null,"IDTIPO":null,"NOME":"VITOR MANUEL ISIDORO MONTEIRO","REGEND":"001452","MORADA":"PALMEIRA (R DA)","NUM_POLICIA":"42","FREGUESIA":"116","LOCALIDADE":null,"COD_POST_4":null,"COD_POST_3":null,"COM_INT_ID":null,"COD_ACT_ECON":"51107","DESC_ACT_ECON":"RESTAURANTE - 3ª CATEGORIA","ANO":1991,"TIPO":"Restauração e Bebidas","LOCALIZACAO":"Isolado","C_INTEGRADO":null,"EMPRESA":"MARIA ISABEL SILVEIRA MENDES RODRIGUES MOURA","GlobalID":"6648479e-2a37-416f-a32e-7f1c08d71e6b"}},{"type":"Feature","id":20220,"geometry":{"type":"Point","coordinates":[-9.14975882697396,38.7396813035745]},"properties":{"OBJECTID":20220,"COD_SIG":null,"IDTIPO":null,"NOME":"RESTAURANTE O GALINHEIRO","REGEND":"001482","MORADA":"BARBOSA DU BOCAGE (AV)","NUM_POLICIA":"117 C/D","FREGUESIA":"106","LOCALIDADE":null,"COD_POST_4":null,"COD_POST_3":null,"COM_INT_ID":null,"COD_ACT_ECON":"51107","DESC_ACT_ECON":"RESTAURANTE - 3ª CATEGORIA","ANO":1991,"TIPO":"Restauração e Bebidas","LOCALIZACAO":"Isolado","C_INTEGRADO":null,"EMPRESA":"MARIA ISABEL SILVEIRA MENDES RODRIGUES MOURA","GlobalID":"993de7c3-49c6-48c4-a5a6-33587a8fadf9"}},{"type":"Feature","id":20234,"geometry":{"type":"Point","coordinates":[-9.15067081371838,38.7366827697057]},"properties":{"OBJECTID":20234,"COD_SIG":null,"IDTIPO":null,"NOME":"RESTAURANTE O CALHAU","REGEND":"001492","MORADA":"CD DE VALBOM (AV)","NUM_POLICIA":"49","FREGUESIA":"106","LOCALIDADE":"LISBOA","COD_POST_4":"1050","COD_POST_3":"067","COM_INT_ID":null,"COD_ACT_ECON":"51107","DESC_ACT_ECON":"RESTAURANTE - 3ª CATEGORIA","ANO":1991,"TIPO":"Restauração e Bebidas","LOCALIZACAO":"Isolado","C_INTEGRADO":null,"EMPRESA":"DIONIZIO MILHEIRIÇO, LDA","GlobalID":"71c7bb26-5fcf-4949-8e85-3c9b018dec6b"}},{"type":"Feature","id":20243,"geometry":{"type":"Point","coordinates":[-9.14915974051097,38.7469017535528]},"properties":{"OBJECTID":20243,"COD_SIG":null,"IDTIPO":null,"NOME":"SNACK BAR TABUINHAS","REGEND":"001587","MORADA":"REPUBLICA (AV) AO SALDANHA","NUM_POLICIA":null,"FREGUESIA":"106","LOCALIDADE":null,"COD_POST_4":null,"COD_POST_3":null,"COM_INT_ID":null,"COD_ACT_ECON":"51203","DESC_ACT_ECON":"\"SNACK-BAR\" - 3ª CATEGORIA","ANO":1991,"TIPO":"Restauração e Bebidas","LOCALIZACAO":"Isolado","C_INTEGRADO":null,"EMPRESA":"MARIA ISABEL SILVEIRA MENDES RODRIGUES MOURA","GlobalID":"ed9a00a6-bfdd-49a8-b827-e81969a89c29"}},{"type":"Feature","id":20250,"geometry":{"type":"Point","coordinates":[-9.14399462256169,38.7387225043916]},"properties":{"OBJECTID":20250,"COD_SIG":null,"IDTIPO":null,"NOME":"FLOR AVENIDAS","REGEND":"001602","MORADA":"VISCONDE DE VALMOR (AV)","NUM_POLICIA":"14 A","FREGUESIA":"106","LOCALIDADE":null,"COD_POST_4":null,"COD_POST_3":null,"COM_INT_ID":null,"COD_ACT_ECON":"52104","DESC_ACT_ECON":"CAFE/PASTELARIA - 3ª CATEGORIA","ANO":1991,"TIPO":"Restauração e Bebidas","LOCALIZACAO":"Isolado","C_INTEGRADO":null,"EMPRESA":"ESTEVES & LEITÃO, LDA","GlobalID":"f5ae9ed0-f149-4800-aa5f-6e4d596da43d"}},{"type":"Feature","id":20268,"geometry":{"type":"Point","coordinates":[-9.1125412312908,38.7405761036065]},"properties":{"OBJECTID":20268,"COD_SIG":null,"IDTIPO":null,"NOME":"JOSE MARIA SILVA PEREIRA","REGEND":"001396","MORADA":"Rua Pedro Homem de Melo (antiga Rua L4 da Malha L de Chelas)","NUM_POLICIA":"Lote 608","FREGUESIA":"115","LOCALIDADE":"LISBOA                         ","COD_POST_4":"1950","COD_POST_3":"238","COM_INT_ID":null,"COD_ACT_ECON":"52104","DESC_ACT_ECON":"CAFE/PASTELARIA - 3ª CATEGORIA","ANO":1991,"TIPO":"Restauração e Bebidas","LOCALIZACAO":"Isolado","C_INTEGRADO":null,"EMPRESA":"JOSE MARIA SILVA PEREIRA","GlobalID":"3e14782c-d069-4d13-b8d1-9954d2ac41c1"}},{"type":"Feature","id":20353,"geometry":{"type":"Point","coordinates":[-9.14810460992097,38.7422539137447]},"properties":{"OBJECTID":20353,"COD_SIG":null,"IDTIPO":null,"NOME":"BAR CINEMA","REGEND":"001548","MORADA":"Avenida Júlio Dinis","NUM_POLICIA":"10A","FREGUESIA":"106","LOCALIDADE":"LISBOA","COD_POST_4":"1050","COD_POST_3":"131","COM_INT_ID":49,"COD_ACT_ECON":"52103","DESC_ACT_ECON":"CAFÉ/PASTELARIA - 2ª CATEGORIA","ANO":1991,"TIPO":"Restauração e Bebidas","LOCALIZACAO":"Integrado - outro","C_INTEGRADO":"DRUGSTORE APOLO 70","EMPRESA":"MARIA ISABEL SILVEIRA MENDES RODRIGUES MOURA","GlobalID":"76b67499-70b0-40ed-8564-191b5b61a4da"}},{"type":"Feature","id":20391,"geometry":{"type":"Point","coordinates":[-9.15004746735284,38.7146551089953]},"properties":{"OBJECTID":20391,"COD_SIG":null,"IDTIPO":null,"NOME":"AQUILINO BENGUEGUES PERES","REGEND":"001450","MORADA":"Rua da Palmeira","NUM_POLICIA":"27","FREGUESIA":"116","LOCALIDADE":"LISBOA","COD_POST_4":"1200","COD_POST_3":"311","COM_INT_ID":null,"COD_ACT_ECON":"52705","DESC_ACT_ECON":"Outros Estab. De Bebidas - Taberna","ANO":1991,"TIPO":"Restauração e Bebidas","LOCALIZACAO":"Isolado","C_INTEGRADO":null,"EMPRESA":"MARIA ISABEL SILVEIRA MENDES RODRIGUES MOURA","GlobalID":"5abd6bca-7b80-46fc-8e5b-ae22bb476275"}},{"type":"Feature","id":20402,"geometry":{"type":"Point","coordinates":[-9.15426612840358,38.7154019588312]},"properties":{"OBJECTID":20402,"COD_SIG":null,"IDTIPO":null,"NOME":"ADEGA ZÉ DA ROSA","REGEND":"001468","MORADA":"S BENTO (R DE)","NUM_POLICIA":"414/416","FREGUESIA":"116","LOCALIDADE":null,"COD_POST_4":null,"COD_POST_3":null,"COM_INT_ID":null,"COD_ACT_ECON":"51107","DESC_ACT_ECON":"RESTAURANTE - 3ª CATEGORIA","ANO":1991,"TIPO":"Restauração e Bebidas","LOCALIZACAO":"Isolado","C_INTEGRADO":null,"EMPRESA":"MARIA ISABEL SILVEIRA MENDES RODRIGUES MOURA","GlobalID":"f8d2a62d-9a22-49e5-b35c-3a102e247055"}},{"type":"Feature","id":20424,"geometry":{"type":"Point","coordinates":[-9.14274311306407,38.739688164666]},"properties":{"OBJECTID":20424,"COD_SIG":null,"IDTIPO":null,"NOME":"MANUEL ANTONIO LOPES","REGEND":"001528","MORADA":"ELIAS GARCIA (AV)","NUM_POLICIA":"1 D/E","FREGUESIA":"106","LOCALIDADE":null,"COD_POST_4":null,"COD_POST_3":null,"COM_INT_ID":null,"COD_ACT_ECON":"52704","DESC_ACT_ECON":"OUTROS EST. DE BEBIDAS - 3ª CATEGORIA","ANO":1991,"TIPO":"Restauração e Bebidas","LOCALIZACAO":"Isolado","C_INTEGRADO":null,"EMPRESA":"MARIA ISABEL SILVEIRA MENDES RODRIGUES MOURA","GlobalID":"532451b2-7270-4dc1-91de-3fb767d6ccd7"}},{"type":"Feature","id":20427,"geometry":{"type":"Point","coordinates":[-9.14409837438376,38.7387396216142]},"properties":{"OBJECTID":20427,"COD_SIG":null,"IDTIPO":null,"NOME":"PASTELARIA NOVA FLOR","REGEND":"001518","MORADA":"DEFENSORES DE CHAVES (AV DOS)","NUM_POLICIA":"38 A","FREGUESIA":"106","LOCALIDADE":"LISBOA","COD_POST_4":"1000","COD_POST_3":"119","COM_INT_ID":null,"COD_ACT_ECON":"52104","DESC_ACT_ECON":"CAFE/PASTELARIA - 3ª CATEGORIA","ANO":1991,"TIPO":"Restauração e Bebidas","LOCALIZACAO":"Isolado","C_INTEGRADO":null,"EMPRESA":"MARIA ISABEL SILVEIRA MENDES RODRIGUES MOURA","GlobalID":"235fb07f-6759-4da6-93ca-b26abf15d133"}},{"type":"Feature","id":20453,"geometry":{"type":"Point","coordinates":[-9.14915974051097,38.7469017535528]},"properties":{"OBJECTID":20453,"COD_SIG":null,"IDTIPO":null,"NOME":"RESTAURANTE MIRANDELA","REGEND":"001577","MORADA":"REPÚBLICA (AV) AO SALDANHA","NUM_POLICIA":"FEIRA","FREGUESIA":"106","LOCALIDADE":null,"COD_POST_4":null,"COD_POST_3":null,"COM_INT_ID":142,"COD_ACT_ECON":"51107","DESC_ACT_ECON":"RESTAURANTE - 3ª CATEGORIA","ANO":1991,"TIPO":"Restauração e Bebidas","LOCALIZACAO":"Integrado - outro","C_INTEGRADO":"GALERIA FEIRA POPULAR","EMPRESA":"MARIA ISABEL SILVEIRA MENDES RODRIGUES MOURA","GlobalID":"bb606e92-274e-4438-8494-69e2291f88a4"}},{"type":"Feature","id":20456,"geometry":{"type":"Point","coordinates":[-9.14915974051097,38.7469017535528]},"properties":{"OBJECTID":20456,"COD_SIG":null,"IDTIPO":null,"NOME":"RESTAURANTE MING","REGEND":"001586","MORADA":"REPUBLICA (AV) AO SALDANHA","NUM_POLICIA":null,"FREGUESIA":"106","LOCALIDADE":null,"COD_POST_4":null,"COD_POST_3":null,"COM_INT_ID":null,"COD_ACT_ECON":"51107","DESC_ACT_ECON":"RESTAURANTE - 3ª CATEGORIA","ANO":1991,"TIPO":"Restauração e Bebidas","LOCALIZACAO":"Isolado","C_INTEGRADO":null,"EMPRESA":"MARIA ISABEL SILVEIRA MENDES RODRIGUES MOURA","GlobalID":"f57d8b5f-4990-4e1c-8e8e-7117ac0efe39"}},{"type":"Feature","id":20469,"geometry":{"type":"Point","coordinates":[-9.14786361438812,38.7422920407491]},"properties":{"OBJECTID":20469,"COD_SIG":null,"IDTIPO":null,"NOME":"GOUVEIA GONÇALVES & GONÇALVES, LDA","REGEND":"001549","MORADA":"JÚLIO DINIS (AV)","NUM_POLICIA":"6 A/D","FREGUESIA":"106","LOCALIDADE":"LISBOA                         ","COD_POST_4":"1069","COD_POST_3":"215","COM_INT_ID":50,"COD_ACT_ECON":"51203","DESC_ACT_ECON":"\"SNACK-BAR\" - 3ª CATEGORIA","ANO":1991,"TIPO":"Restauração e Bebidas","LOCALIZACAO":"Integrado - outro","C_INTEGRADO":"CENTRO COMERCIAL ARCO IRIS","EMPRESA":"GOUVEIA GONÇALVES & GONÇALVES LDA","GlobalID":"82e34d0a-4ce6-45ff-86af-3cdcb791867f"}},{"type":"Feature","id":20497,"geometry":{"type":"Point","coordinates":[-9.15258636955212,38.711282051011]},"properties":{"OBJECTID":20497,"COD_SIG":null,"IDTIPO":null,"NOME":"SNACK BAR ARCUENSE","REGEND":"001464","MORADA":"Rua de São Bento","NUM_POLICIA":"84","FREGUESIA":"116","LOCALIDADE":"LISBOA","COD_POST_4":"1200","COD_POST_3":"820","COM_INT_ID":null,"COD_ACT_ECON":"51203","DESC_ACT_ECON":"\"SNACK-BAR\" - 3ª CATEGORIA","ANO":1991,"TIPO":"Restauração e Bebidas","LOCALIZACAO":"Isolado","C_INTEGRADO":null,"EMPRESA":"MARIA ISABEL SILVEIRA MENDES RODRIGUES MOURA","GlobalID":"6b0c6cdd-e4ef-44b9-b8c6-9f7d0eb1bc4f"}},{"type":"Feature","id":20544,"geometry":{"type":"Point","coordinates":[-9.15156056176964,38.7385936671877]},"properties":{"OBJECTID":20544,"COD_SIG":null,"IDTIPO":null,"NOME":"RESTAURANTE PEQUIM","REGEND":"001536","MORADA":"Avenida Elias Garcia","NUM_POLICIA":"172A","FREGUESIA":"106","LOCALIDADE":"LISBOA","COD_POST_4":"1050","COD_POST_3":"103","COM_INT_ID":null,"COD_ACT_ECON":"51107","DESC_ACT_ECON":"RESTAURANTE - 3ª CATEGORIA","ANO":1991,"TIPO":"Restauração e Bebidas","LOCALIZACAO":"Isolado","C_INTEGRADO":null,"EMPRESA":"RESTAURANTE PEQUIM, LDA","GlobalID":"63d5eea5-73ca-4f45-a0ad-0363f97093d8"}},{"type":"Feature","id":20556,"geometry":{"type":"Point","coordinates":[-9.14915974051097,38.7469017535528]},"properties":{"OBJECTID":20556,"COD_SIG":null,"IDTIPO":null,"NOME":"O CAMPINO","REGEND":"001599","MORADA":"REPUBLICA (AV) AO SALDANHA","NUM_POLICIA":null,"FREGUESIA":"106","LOCALIDADE":null,"COD_POST_4":null,"COD_POST_3":null,"COM_INT_ID":null,"COD_ACT_ECON":"51107","DESC_ACT_ECON":"RESTAURANTE - 3ª CATEGORIA","ANO":1991,"TIPO":"Restauração e Bebidas","LOCALIZACAO":"Isolado","C_INTEGRADO":null,"EMPRESA":"MARIA ISABEL SILVEIRA MENDES RODRIGUES MOURA","GlobalID":"3755f050-3181-4684-95cd-bb5ba17c61d4"}},{"type":"Feature","id":20604,"geometry":{"type":"Point","coordinates":[-9.12147609968547,38.7571021243311]},"properties":{"OBJECTID":20604,"COD_SIG":null,"IDTIPO":null,"NOME":"ROSA CONCEIÇAO GALVAO SERPA","REGEND":"001363","MORADA":"DOMINGOS PARENTE (R)","NUM_POLICIA":"LT 247","FREGUESIA":"115","LOCALIDADE":null,"COD_POST_4":null,"COD_POST_3":null,"COM_INT_ID":null,"COD_ACT_ECON":"52104","DESC_ACT_ECON":"CAFE/PASTELARIA - 3ª CATEGORIA","ANO":1991,"TIPO":"Restauração e Bebidas","LOCALIZACAO":"Isolado","C_INTEGRADO":null,"EMPRESA":"ROSA CONCEIÇAO GALVAO SERPA","GlobalID":"bf1cb5a3-f281-4585-9f02-922f78ce6a6b"}},{"type":"Feature","id":20605,"geometry":{"type":"Point","coordinates":[-9.12147609968547,38.7571021243311]},"properties":{"OBJECTID":20605,"COD_SIG":null,"IDTIPO":null,"NOME":"JOAQUIM MANUEL SERPA LAZARO","REGEND":"001364","MORADA":"DOMINGOS PARENTE (R)","NUM_POLICIA":"LT 247","FREGUESIA":"115","LOCALIDADE":null,"COD_POST_4":null,"COD_POST_3":null,"COM_INT_ID":144,"COD_ACT_ECON":"52304","DESC_ACT_ECON":"CERVEJARIA - 3ª CATEGORIA","ANO":1991,"TIPO":"Restauração e Bebidas","LOCALIZACAO":"Integrado - outro","C_INTEGRADO":"GALERIA EDIFÍCIO TORRE NOVA","EMPRESA":"MARIA ISABEL SILVEIRA MENDES RODRIGUES MOURA","GlobalID":"e16b42a0-16a2-4ee7-877c-a0f1ac7c8c6e"}},{"type":"Feature","id":20649,"geometry":{"type":"Point","coordinates":[-9.09787681009762,38.7460160785068]},"properties":{"OBJECTID":20649,"COD_SIG":null,"IDTIPO":null,"NOME":"VASCO RODRIGUES FERREIRA","REGEND":"001360","MORADA":"CINTURA (R DE)","NUM_POLICIA":"LOJA B","FREGUESIA":"115","LOCALIDADE":null,"COD_POST_4":null,"COD_POST_3":null,"COM_INT_ID":null,"COD_ACT_ECON":"51107","DESC_ACT_ECON":"RESTAURANTE - 3ª CATEGORIA","ANO":1991,"TIPO":"Restauração e Bebidas","LOCALIZACAO":"Isolado","C_INTEGRADO":null,"EMPRESA":"MARIA ISABEL SILVEIRA MENDES RODRIGUES MOURA","GlobalID":"2919b2df-2f37-4ec9-84a9-fdc167a06e2d"}},{"type":"Feature","id":20666,"geometry":{"type":"Point","coordinates":[-9.105330610812,38.7380961985882]},"properties":{"OBJECTID":20666,"COD_SIG":null,"IDTIPO":null,"NOME":"MARIA ROSA PEREIRA SILVA","REGEND":"001358","MORADA":"CAP LEITAO (R)","NUM_POLICIA":"57","FREGUESIA":"115","LOCALIDADE":"LISBOA","COD_POST_4":"1850","COD_POST_3":"050","COM_INT_ID":null,"COD_ACT_ECON":"52104","DESC_ACT_ECON":"CAFE/PASTELARIA - 3ª CATEGORIA","ANO":1991,"TIPO":"Restauração e Bebidas","LOCALIZACAO":"Isolado","C_INTEGRADO":null,"EMPRESA":"MARIA ISABEL SILVEIRA MENDES RODRIGUES MOURA","GlobalID":"8ec39e62-ec0d-4aef-a93e-4fa6b04e36ba"}},{"type":"Feature","id":20679,"geometry":{"type":"Point","coordinates":[-9.12206558944627,38.7597994616884]},"properties":{"OBJECTID":20679,"COD_SIG":null,"IDTIPO":null,"NOME":"CRISTINA A PEREIRA JORGE PEREIRA","REGEND":"001388","MORADA":"NORTE JÚNIOR (R)","NUM_POLICIA":"LT 232 LJ127","FREGUESIA":"115","LOCALIDADE":null,"COD_POST_4":null,"COD_POST_3":null,"COM_INT_ID":null,"COD_ACT_ECON":"52104","DESC_ACT_ECON":"CAFE/PASTELARIA - 3ª CATEGORIA","ANO":1991,"TIPO":"Restauração e Bebidas","LOCALIZACAO":"Isolado","C_INTEGRADO":null,"EMPRESA":"MARIA ISABEL SILVEIRA MENDES RODRIGUES MOURA","GlobalID":"2220edf8-c953-4435-975a-c7261b2d163b"}},{"type":"Feature","id":20686,"geometry":{"type":"Point","coordinates":[-9.11548023772774,38.7534555199321]},"properties":{"OBJECTID":20686,"COD_SIG":null,"IDTIPO":null,"NOME":"MANUEL ALVES AGUIAR","REGEND":"001393","MORADA":"PAULO DIAS DE NOVAIS (R)","NUM_POLICIA":"26","FREGUESIA":"115","LOCALIDADE":null,"COD_POST_4":null,"COD_POST_3":null,"COM_INT_ID":null,"COD_ACT_ECON":"52705","DESC_ACT_ECON":"Outros Estab. De Bebidas - Taberna","ANO":1991,"TIPO":"Restauração e Bebidas","LOCALIZACAO":"Isolado","C_INTEGRADO":null,"EMPRESA":"MARIA ISABEL SILVEIRA MENDES RODRIGUES MOURA","GlobalID":"16a25b85-d287-4ec2-a050-6dcb567d1053"}},{"type":"Feature","id":20711,"geometry":{"type":"Point","coordinates":[-9.15150301569251,38.7119040405851]},"properties":{"OBJECTID":20711,"COD_SIG":null,"IDTIPO":null,"NOME":"MARIA SALETE RODRIGUES SANTOS CARVALHO","REGEND":"001436","MORADA":"Rua da Cruz dos Poiais","NUM_POLICIA":"65","FREGUESIA":"116","LOCALIDADE":"LISBOA","COD_POST_4":"1200","COD_POST_3":"135","COM_INT_ID":null,"COD_ACT_ECON":"52104","DESC_ACT_ECON":"CAFE/PASTELARIA - 3ª CATEGORIA","ANO":1991,"TIPO":"Restauração e Bebidas","LOCALIZACAO":"Isolado","C_INTEGRADO":null,"EMPRESA":"MARIA ISABEL SILVEIRA MENDES RODRIGUES MOURA","GlobalID":"adb3dc8d-df6f-477f-85c0-87b2d8401cfb"}},{"type":"Feature","id":20722,"geometry":{"type":"Point","coordinates":[-9.15305489487174,38.7119162596465]},"properties":{"OBJECTID":20722,"COD_SIG":null,"IDTIPO":null,"NOME":"XICO'S BAR","REGEND":"001431","MORADA":"Rua Correia Garção","NUM_POLICIA":"3","FREGUESIA":"116","LOCALIDADE":null,"COD_POST_4":"1200","COD_POST_3":"640","COM_INT_ID":null,"COD_ACT_ECON":"51105","DESC_ACT_ECON":"RESTAURANTE - 2ª CATEGORIA","ANO":1991,"TIPO":"Restauração e Bebidas","LOCALIZACAO":"Isolado","C_INTEGRADO":null,"EMPRESA":"MARIA ISABEL SILVEIRA MENDES RODRIGUES MOURA","GlobalID":"20d89357-3064-4350-861d-50c5d3ed8382"}},{"type":"Feature","id":20756,"geometry":{"type":"Point","coordinates":[-9.14915974051097,38.7469017535528]},"properties":{"OBJECTID":20756,"COD_SIG":null,"IDTIPO":null,"NOME":"ADEGA A GRANDE VACARIA","REGEND":"001595","MORADA":"REPUBLICA (AV) AO SALDANHA","NUM_POLICIA":null,"FREGUESIA":"106","LOCALIDADE":null,"COD_POST_4":null,"COD_POST_3":null,"COM_INT_ID":null,"COD_ACT_ECON":"52705","DESC_ACT_ECON":"Outros Estab. De Bebidas - Taberna","ANO":1991,"TIPO":"Restauração e Bebidas","LOCALIZACAO":"Isolado","C_INTEGRADO":null,"EMPRESA":"MARIA ISABEL SILVEIRA MENDES RODRIGUES MOURA","GlobalID":"d046ba6e-012c-4a0f-8cb1-3aced3e4a78c"}},{"type":"Feature","id":20779,"geometry":{"type":"Point","coordinates":[-9.11282991299217,38.7535606672415]},"properties":{"OBJECTID":20779,"COD_SIG":null,"IDTIPO":null,"NOME":"GERTRUDES MARIA MEDEIROS","REGEND":"001399","MORADA":"Rua Tomás Alcaide (antiga Rua I-10 da Malha I de Chelas)","NUM_POLICIA":"Lote 101","FREGUESIA":"115","LOCALIDADE":null,"COD_POST_4":"1950","COD_POST_3":"261","COM_INT_ID":null,"COD_ACT_ECON":"52104","DESC_ACT_ECON":"CAFE/PASTELARIA - 3ª CATEGORIA","ANO":1991,"TIPO":"Restauração e Bebidas","LOCALIZACAO":"Isolado","C_INTEGRADO":null,"EMPRESA":"MARIA ISABEL SILVEIRA MENDES RODRIGUES MOURA","GlobalID":"6387084b-5a86-4043-8fde-8546032cf59b"}},{"type":"Feature","id":20784,"geometry":{"type":"Point","coordinates":[-9.10125451958337,38.7471018657333]},"properties":{"OBJECTID":20784,"COD_SIG":null,"IDTIPO":null,"NOME":"CAFE FORMOSO","REGEND":"001403","MORADA":"VALE FORMOSO (R DO)","NUM_POLICIA":"80 B","FREGUESIA":"115","LOCALIDADE":"LISBOA","COD_POST_4":"1900","COD_POST_3":"829","COM_INT_ID":null,"COD_ACT_ECON":"52104","DESC_ACT_ECON":"CAFE/PASTELARIA - 3ª CATEGORIA","ANO":1991,"TIPO":"Restauração e Bebidas","LOCALIZACAO":"Isolado","C_INTEGRADO":null,"EMPRESA":"ORLANDO SANTOS BORREGO, LDA","GlobalID":"f6da8222-a8ff-4a4f-bd58-ee777c4a5e01"}},{"type":"Feature","id":20789,"geometry":{"type":"Point","coordinates":[-9.10142025875328,38.7457493199723]},"properties":{"OBJECTID":20789,"COD_SIG":null,"IDTIPO":null,"NOME":"MANUEL JOSE NUNES COSTA","REGEND":"001400","MORADA":"VALE FORMOSO (R DO)","NUM_POLICIA":"24","FREGUESIA":"115","LOCALIDADE":null,"COD_POST_4":null,"COD_POST_3":null,"COM_INT_ID":null,"COD_ACT_ECON":"51109","DESC_ACT_ECON":"RESTAURANTE - CASA DE PASTO","ANO":1991,"TIPO":"Restauração e Bebidas","LOCALIZACAO":"Isolado","C_INTEGRADO":null,"EMPRESA":"MARIA ISABEL SILVEIRA MENDES RODRIGUES MOURA","GlobalID":"8b859e48-dcc5-42c0-9aa2-68cb2ad4ff89"}},{"type":"Feature","id":20811,"geometry":{"type":"Point","coordinates":[-9.1525120348607,38.7141381804901]},"properties":{"OBJECTID":20811,"COD_SIG":null,"IDTIPO":null,"NOME":"VOLTA CA","REGEND":"001462","MORADA":"Rua da Quintinha","NUM_POLICIA":"43","FREGUESIA":"116","LOCALIDADE":"LISBOA","COD_POST_4":"1200","COD_POST_3":"366","COM_INT_ID":null,"COD_ACT_ECON":"51203","DESC_ACT_ECON":"\"SNACK-BAR\" - 3ª CATEGORIA","ANO":1991,"TIPO":"Restauração e Bebidas","LOCALIZACAO":"Isolado","C_INTEGRADO":null,"EMPRESA":"MARIA ISABEL SILVEIRA MENDES RODRIGUES MOURA","GlobalID":"0719e41e-60f4-43e3-9a8d-b7e0cad13e4a"}},{"type":"Feature","id":20865,"geometry":{"type":"Point","coordinates":[-9.14915974051097,38.7469017535528]},"properties":{"OBJECTID":20865,"COD_SIG":null,"IDTIPO":null,"NOME":"SOLAR BEIRÃO I","REGEND":"001596","MORADA":"REPÚBLICA (AV) AO SALDANHA","NUM_POLICIA":"FEIRA","FREGUESIA":"106","LOCALIDADE":null,"COD_POST_4":null,"COD_POST_3":null,"COM_INT_ID":142,"COD_ACT_ECON":"51105","DESC_ACT_ECON":"RESTAURANTE - 2ª CATEGORIA","ANO":1991,"TIPO":"Restauração e Bebidas","LOCALIZACAO":"Integrado - outro","C_INTEGRADO":"GALERIA FEIRA POPULAR","EMPRESA":"MARIA ISABEL SILVEIRA MENDES RODRIGUES MOURA","GlobalID":"48023724-bd99-4987-9a3b-22ac8f0f8aad"}},{"type":"Feature","id":20890,"geometry":{"type":"Point","coordinates":[-9.15799886376771,38.7424466792586]},"properties":{"OBJECTID":20890,"COD_SIG":null,"IDTIPO":null,"NOME":"O QUINTAO","REGEND":"001631","MORADA":"CARDEAL MERCIER (R)","NUM_POLICIA":"17 A/B","FREGUESIA":"106","LOCALIDADE":"LISBOA","COD_POST_4":"1600","COD_POST_3":"026","COM_INT_ID":null,"COD_ACT_ECON":"51109","DESC_ACT_ECON":"RESTAURANTE - CASA DE PASTO","ANO":1991,"TIPO":"Restauração e Bebidas","LOCALIZACAO":"Isolado","C_INTEGRADO":null,"EMPRESA":"SILVA & QUINTÃO, LDA","GlobalID":"c419e0f1-6d1f-4ba1-9451-e45e8027b20a"}},{"type":"Feature","id":20898,"geometry":{"type":"Point","coordinates":[-9.15708115744988,38.7426168754703]},"properties":{"OBJECTID":20898,"COD_SIG":null,"IDTIPO":null,"NOME":"ANTON DOMINGUEZ & LOPES","REGEND":"001627","MORADA":"BENEFICÊNCIA (R DA)","NUM_POLICIA":"155","FREGUESIA":"106","LOCALIDADE":null,"COD_POST_4":null,"COD_POST_3":null,"COM_INT_ID":null,"COD_ACT_ECON":"52705","DESC_ACT_ECON":"Outros Estab. De Bebidas - Taberna","ANO":1991,"TIPO":"Restauração e Bebidas","LOCALIZACAO":"Isolado","C_INTEGRADO":null,"EMPRESA":"MARIA ISABEL SILVEIRA MENDES RODRIGUES MOURA","GlobalID":"00684682-fd85-4681-9701-0503d06c376e"}},{"type":"Feature","id":20941,"geometry":{"type":"Point","coordinates":[-9.12676193234428,38.7256436009856]},"properties":{"OBJECTID":20941,"COD_SIG":null,"IDTIPO":null,"NOME":"JOSE JOAQUIM DORNELAS FONSECA","REGEND":"001773","MORADA":"CASTELO BRANCO SARAIVA (R)","NUM_POLICIA":"58","FREGUESIA":"119","LOCALIDADE":"LISBOA","COD_POST_4":"1170","COD_POST_3":"083","COM_INT_ID":null,"COD_ACT_ECON":"52703","DESC_ACT_ECON":"OUTROS EST. DE BEBIDAS - 2ª CATEGORIA","ANO":1991,"TIPO":"Restauração e Bebidas","LOCALIZACAO":"Isolado","C_INTEGRADO":null,"EMPRESA":"MARIA ISABEL SILVEIRA MENDES RODRIGUES MOURA","GlobalID":"099234cc-d560-480c-b7b4-130b73c7b985"}},{"type":"Feature","id":20954,"geometry":{"type":"Point","coordinates":[-9.13242938460717,38.7313852761245]},"properties":{"OBJECTID":20954,"COD_SIG":null,"IDTIPO":null,"NOME":"AMERICO & JOAQUIM","REGEND":"001789","MORADA":"HERÓIS DE QUIONGA (R)","NUM_POLICIA":"40 C","FREGUESIA":"119","LOCALIDADE":null,"COD_POST_4":null,"COD_POST_3":null,"COM_INT_ID":null,"COD_ACT_ECON":"52104","DESC_ACT_ECON":"CAFE/PASTELARIA - 3ª CATEGORIA","ANO":1991,"TIPO":"Restauração e Bebidas","LOCALIZACAO":"Isolado","C_INTEGRADO":null,"EMPRESA":"MARIA ISABEL SILVEIRA MENDES RODRIGUES MOURA","GlobalID":"63f1fe51-bda0-41f8-ab5c-3c048306f5c1"}},{"type":"Feature","id":20958,"geometry":{"type":"Point","coordinates":[-9.12888359314525,38.7297365236263]},"properties":{"OBJECTID":20958,"COD_SIG":null,"IDTIPO":null,"NOME":"ESTEVES & AZEVEDO LDA","REGEND":"001794","MORADA":"MARTINS SARMENTO (R)","NUM_POLICIA":"14 A/C","FREGUESIA":"119","LOCALIDADE":null,"COD_POST_4":null,"COD_POST_3":null,"COM_INT_ID":null,"COD_ACT_ECON":"51105","DESC_ACT_ECON":"RESTAURANTE - 2ª CATEGORIA","ANO":1991,"TIPO":"Restauração e Bebidas","LOCALIZACAO":"Isolado","C_INTEGRADO":null,"EMPRESA":"MARIA ISABEL SILVEIRA MENDES RODRIGUES MOURA","GlobalID":"f57bbe6e-7267-4aec-a655-e7c624c2cd83"}},{"type":"Feature","id":20974,"geometry":{"type":"Point","coordinates":[-9.12844320845027,38.7319742174502]},"properties":{"OBJECTID":20974,"COD_SIG":null,"IDTIPO":null,"NOME":"RESTAURANTE CERVEJARIA O SONHO","REGEND":"001801","MORADA":"Rua Morais Soares","NUM_POLICIA":"47B","FREGUESIA":"119","LOCALIDADE":"LISBOA","COD_POST_4":"1900","COD_POST_3":"341","COM_INT_ID":null,"COD_ACT_ECON":"51107","DESC_ACT_ECON":"RESTAURANTE - 3ª CATEGORIA","ANO":1991,"TIPO":"Restauração e Bebidas","LOCALIZACAO":"Isolado","C_INTEGRADO":null,"EMPRESA":"CANITO, BASILIO & DUARTE, LDA","GlobalID":"e0f0d8f8-9244-45a0-bbac-0cc23470aee3"}},{"type":"Feature","id":21015,"geometry":{"type":"Point","coordinates":[-9.14648382636622,38.7435509834747]},"properties":{"OBJECTID":21015,"COD_SIG":null,"IDTIPO":null,"NOME":"BREAK TIME","REGEND":"001609","MORADA":"PEQUENO (CP)","NUM_POLICIA":"9 A","FREGUESIA":"106","LOCALIDADE":null,"COD_POST_4":null,"COD_POST_3":null,"COM_INT_ID":null,"COD_ACT_ECON":"52104","DESC_ACT_ECON":"CAFE/PASTELARIA - 3ª CATEGORIA","ANO":1991,"TIPO":"Restauração e Bebidas","LOCALIZACAO":"Isolado","C_INTEGRADO":null,"EMPRESA":"MARIA ISABEL SILVEIRA MENDES RODRIGUES MOURA","GlobalID":"5d4ad8e5-40ab-408d-b9c5-85fff5b47869"}},{"type":"Feature","id":21025,"geometry":{"type":"Point","coordinates":[-9.13850810806504,38.7158353436223]},"properties":{"OBJECTID":21025,"COD_SIG":null,"IDTIPO":null,"NOME":"PARALELO 49","REGEND":"001674","MORADA":"SANT'ANA (C DE)","NUM_POLICIA":"49","FREGUESIA":"105","LOCALIDADE":null,"COD_POST_4":null,"COD_POST_3":null,"COM_INT_ID":null,"COD_ACT_ECON":"52704","DESC_ACT_ECON":"OUTROS EST. DE BEBIDAS - 3ª CATEGORIA","ANO":1991,"TIPO":"Restauração e Bebidas","LOCALIZACAO":"Isolado","C_INTEGRADO":null,"EMPRESA":"MARIA ISABEL SILVEIRA MENDES RODRIGUES MOURA","GlobalID":"2b7852b0-dc1e-453a-92c6-c0ffc969da56"}},{"type":"Feature","id":21027,"geometry":{"type":"Point","coordinates":[-9.13858909028957,38.7160788622055]},"properties":{"OBJECTID":21027,"COD_SIG":null,"IDTIPO":null,"NOME":"TABERNA A MINHOTA","REGEND":"001676","MORADA":"SANT'ANA (C DE)","NUM_POLICIA":"73","FREGUESIA":"105","LOCALIDADE":null,"COD_POST_4":null,"COD_POST_3":null,"COM_INT_ID":null,"COD_ACT_ECON":"51107","DESC_ACT_ECON":"RESTAURANTE - 3ª CATEGORIA","ANO":1991,"TIPO":"Restauração e Bebidas","LOCALIZACAO":"Isolado","C_INTEGRADO":null,"EMPRESA":"MARIA ISABEL SILVEIRA MENDES RODRIGUES MOURA","GlobalID":"ff12fbd3-09b1-43fa-a1f5-3076f0036d40"}},{"type":"Feature","id":21029,"geometry":{"type":"Point","coordinates":[-9.13851214778885,38.716862872593]},"properties":{"OBJECTID":21029,"COD_SIG":null,"IDTIPO":null,"NOME":"ALBERTINA ALMEIDA GUEDES HERDEIROS","REGEND":"001678","MORADA":"SANT'ANA (C DE)","NUM_POLICIA":"128","FREGUESIA":"105","LOCALIDADE":null,"COD_POST_4":null,"COD_POST_3":null,"COM_INT_ID":null,"COD_ACT_ECON":"51109","DESC_ACT_ECON":"RESTAURANTE - CASA DE PASTO","ANO":1991,"TIPO":"Restauração e Bebidas","LOCALIZACAO":"Isolado","C_INTEGRADO":null,"EMPRESA":"MARIA ISABEL SILVEIRA MENDES RODRIGUES MOURA","GlobalID":"f37af675-79ce-4572-ad58-ab461b427d20"}},{"type":"Feature","id":21031,"geometry":{"type":"Point","coordinates":[-9.1392859565746,38.7179281357007]},"properties":{"OBJECTID":21031,"COD_SIG":null,"IDTIPO":null,"NOME":"RESTAURANTE O COFRE","REGEND":"001680","MORADA":"SANT'ANA (C DE)","NUM_POLICIA":"191","FREGUESIA":"105","LOCALIDADE":null,"COD_POST_4":null,"COD_POST_3":null,"COM_INT_ID":null,"COD_ACT_ECON":"51107","DESC_ACT_ECON":"RESTAURANTE - 3ª CATEGORIA","ANO":1991,"TIPO":"Restauração e Bebidas","LOCALIZACAO":"Isolado","C_INTEGRADO":null,"EMPRESA":"MARIA ISABEL SILVEIRA MENDES RODRIGUES MOURA","GlobalID":"cfe420a9-853a-4b25-b977-c34b10e1d6ba"}},{"type":"Feature","id":21062,"geometry":{"type":"Point","coordinates":[-9.1304956369906,38.7298326686076]},"properties":{"OBJECTID":21062,"COD_SIG":null,"IDTIPO":null,"NOME":"PASTELARIA MIRANTE LDA","REGEND":"001777","MORADA":"CESÁRIO VERDE (R) À PENHA","NUM_POLICIA":"3 C","FREGUESIA":"119","LOCALIDADE":null,"COD_POST_4":null,"COD_POST_3":null,"COM_INT_ID":null,"COD_ACT_ECON":"51203","DESC_ACT_ECON":"\"SNACK-BAR\" - 3ª CATEGORIA","ANO":1991,"TIPO":"Restauração e Bebidas","LOCALIZACAO":"Isolado","C_INTEGRADO":null,"EMPRESA":"PASTELARIA MIRANTE, LDA","GlobalID":"f6c58f06-ec96-42df-9f48-b92f68d04b0b"}},{"type":"Feature","id":21147,"geometry":{"type":"Point","coordinates":[-9.12812847021576,38.7308419171566]},"properties":{"OBJECTID":21147,"COD_SIG":null,"IDTIPO":null,"NOME":"CAFÉ CHAIMITE PAIVENSE","REGEND":"001757","MORADA":"PAIVA COUCEIRO (PR)","NUM_POLICIA":"3 A","FREGUESIA":"119","LOCALIDADE":"LISBOA","COD_POST_4":"1170","COD_POST_3":"284","COM_INT_ID":null,"COD_ACT_ECON":"52104","DESC_ACT_ECON":"CAFE/PASTELARIA - 3ª CATEGORIA","ANO":1991,"TIPO":"Restauração e Bebidas","LOCALIZACAO":"Isolado","C_INTEGRADO":null,"EMPRESA":"CAFÉ CHAIMITE PAIVENSE, LDA","GlobalID":"3edd1e7f-f19e-425c-86d5-5722472cb9b4"}},{"type":"Feature","id":21189,"geometry":{"type":"Point","coordinates":[-9.12871988326958,38.7303684668847]},"properties":{"OBJECTID":21189,"COD_SIG":null,"IDTIPO":null,"NOME":"A BELA PINGUINHA","REGEND":"001834","MORADA":"CALADO (T DO)","NUM_POLICIA":"44 B","FREGUESIA":"119","LOCALIDADE":null,"COD_POST_4":null,"COD_POST_3":null,"COM_INT_ID":null,"COD_ACT_ECON":"52704","DESC_ACT_ECON":"OUTROS EST. DE BEBIDAS - 3ª CATEGORIA","ANO":1991,"TIPO":"Restauração e Bebidas","LOCALIZACAO":"Isolado","C_INTEGRADO":null,"EMPRESA":"FERNANDES & VASQUES, LDA","GlobalID":"d6e4e0a1-48c1-481b-bf98-75fc0f07cfa7"}},{"type":"Feature","id":21196,"geometry":{"type":"Point","coordinates":[-9.17202245378664,38.7069760936132]},"properties":{"OBJECTID":21196,"COD_SIG":null,"IDTIPO":null,"NOME":"EDUARDO DUARTE BULHAO","REGEND":"001840","MORADA":"LIVRAMENTO (C DO)","NUM_POLICIA":"25","FREGUESIA":"113","LOCALIDADE":null,"COD_POST_4":null,"COD_POST_3":null,"COM_INT_ID":null,"COD_ACT_ECON":"52704","DESC_ACT_ECON":"OUTROS EST. DE BEBIDAS - 3ª CATEGORIA","ANO":1991,"TIPO":"Restauração e Bebidas","LOCALIZACAO":"Isolado","C_INTEGRADO":null,"EMPRESA":"MARIA ISABEL SILVEIRA MENDES RODRIGUES MOURA","GlobalID":"2477a16f-f523-4ba3-8dce-0c1abf4f70f9"}},{"type":"Feature","id":21197,"geometry":{"type":"Point","coordinates":[-9.16728619963886,38.7045478867923]},"properties":{"OBJECTID":21197,"COD_SIG":null,"IDTIPO":null,"NOME":"CASA FRANGOS PAMPULHA","REGEND":"001842","MORADA":"PAMPULHA (CALÇ DA)","NUM_POLICIA":"31","FREGUESIA":"113","LOCALIDADE":"LISBOA","COD_POST_4":"1200","COD_POST_3":"751","COM_INT_ID":null,"COD_ACT_ECON":"51109","DESC_ACT_ECON":"RESTAURANTE - CASA DE PASTO","ANO":1991,"TIPO":"Restauração e Bebidas","LOCALIZACAO":"Isolado","C_INTEGRADO":null,"EMPRESA":"DELMIRO, ALVES & CARDOSO, LDA","GlobalID":"76e4d328-5bc0-4c25-bbd4-185e7fa3e2ac"}},{"type":"Feature","id":21202,"geometry":{"type":"Point","coordinates":[-9.16752586297011,38.7060352865486]},"properties":{"OBJECTID":21202,"COD_SIG":null,"IDTIPO":null,"NOME":"SNACK BAR MEIA NAU LDA","REGEND":"001837","MORADA":"INFANTE SANTO (AV)","NUM_POLICIA":"32 C","FREGUESIA":"113","LOCALIDADE":"LISBOA","COD_POST_4":"1350","COD_POST_3":"179","COM_INT_ID":null,"COD_ACT_ECON":"51299","DESC_ACT_ECON":"\"SNACK-BAR\" - (SEM CATEGORIA)","ANO":1991,"TIPO":"Restauração e Bebidas","LOCALIZACAO":"Isolado","C_INTEGRADO":null,"EMPRESA":"SNACK BAR MEIA NAU, LDA","GlobalID":"b7b0ff62-3333-4e08-8fbf-bf580d319664"}},{"type":"Feature","id":21241,"geometry":{"type":"Point","coordinates":[-9.13821387118191,38.7152710560037]},"properties":{"OBJECTID":21241,"COD_SIG":null,"IDTIPO":null,"NOME":"SERAFIM MANUEL ANTUNES","REGEND":"001666","MORADA":"Calçada do Garcia","NUM_POLICIA":"15","FREGUESIA":"105","LOCALIDADE":"LISBOA","COD_POST_4":"1150","COD_POST_3":"167","COM_INT_ID":null,"COD_ACT_ECON":"52104","DESC_ACT_ECON":"CAFE/PASTELARIA - 3ª CATEGORIA","ANO":1991,"TIPO":"Restauração e Bebidas","LOCALIZACAO":"Isolado","C_INTEGRADO":null,"EMPRESA":"MARIA ISABEL SILVEIRA MENDES RODRIGUES MOURA","GlobalID":"dc5a48ea-5d25-47a8-abe0-1cf4bb155b4b"}},{"type":"Feature","id":21260,"geometry":{"type":"Point","coordinates":[-9.13849660154455,38.7157550436872]},"properties":{"OBJECTID":21260,"COD_SIG":null,"IDTIPO":null,"NOME":"FLORESTA DE SANTANA","REGEND":"001672","MORADA":"SANT'ANA (C DE)","NUM_POLICIA":"39/41/43","FREGUESIA":"105","LOCALIDADE":null,"COD_POST_4":null,"COD_POST_3":null,"COM_INT_ID":null,"COD_ACT_ECON":"51107","DESC_ACT_ECON":"RESTAURANTE - 3ª CATEGORIA","ANO":1991,"TIPO":"Restauração e Bebidas","LOCALIZACAO":"Isolado","C_INTEGRADO":null,"EMPRESA":"MARIA ISABEL SILVEIRA MENDES RODRIGUES MOURA","GlobalID":"d1317ee2-0afd-4e63-acf8-4f3ad52da971"}},{"type":"Feature","id":21264,"geometry":{"type":"Point","coordinates":[-9.14122562319057,38.7217667454539]},"properties":{"OBJECTID":21264,"COD_SIG":null,"IDTIPO":null,"NOME":"A TUA TOCA","REGEND":"001732","MORADA":"ST ANTÓNIO DOS CAPUCHOS (R DE)","NUM_POLICIA":"88 C","FREGUESIA":"105","LOCALIDADE":null,"COD_POST_4":null,"COD_POST_3":null,"COM_INT_ID":null,"COD_ACT_ECON":"52704","DESC_ACT_ECON":"OUTROS EST. DE BEBIDAS - 3ª CATEGORIA","ANO":1991,"TIPO":"Restauração e Bebidas","LOCALIZACAO":"Isolado","C_INTEGRADO":null,"EMPRESA":"MARIA ISABEL SILVEIRA MENDES RODRIGUES MOURA","GlobalID":"ab2c3a54-3d4b-4faa-9364-afca6468d7b8"}},{"type":"Feature","id":21278,"geometry":{"type":"Point","coordinates":[-9.13159700207165,38.7321724724115]},"properties":{"OBJECTID":21278,"COD_SIG":null,"IDTIPO":null,"NOME":"LEITARIA BELITA","REGEND":"001827","MORADA":"SEBASTIÃO SARAIVA LIMA (R)","NUM_POLICIA":"17","FREGUESIA":"119","LOCALIDADE":"LISBOA","COD_POST_4":"1170","COD_POST_3":"343","COM_INT_ID":null,"COD_ACT_ECON":"51107","DESC_ACT_ECON":"RESTAURANTE - 3ª CATEGORIA","ANO":1991,"TIPO":"Restauração e Bebidas","LOCALIZACAO":"Isolado","C_INTEGRADO":null,"EMPRESA":"MARIA ANTÓNIA MOURA","GlobalID":"35d775bf-c860-4fa5-8cea-7e2a2b3301e1"}},{"type":"Feature","id":21302,"geometry":{"type":"Point","coordinates":[-9.12977397720373,38.7323906941362]},"properties":{"OBJECTID":21302,"COD_SIG":null,"IDTIPO":null,"NOME":"DOMINGUEZ & COUSINHO DOMINGUES","REGEND":"001804","MORADA":"Rua Morais Soares","NUM_POLICIA":"71A","FREGUESIA":"119","LOCALIDADE":"LISBOA","COD_POST_4":"1900","COD_POST_3":"342","COM_INT_ID":null,"COD_ACT_ECON":"51109","DESC_ACT_ECON":"RESTAURANTE - CASA DE PASTO","ANO":1991,"TIPO":"Restauração e Bebidas","LOCALIZACAO":"Isolado","C_INTEGRADO":null,"EMPRESA":"MARIA ISABEL SILVEIRA MENDES RODRIGUES MOURA","GlobalID":"c3056d3b-809b-4cbf-b338-e0deebb802bc"}},{"type":"Feature","id":21323,"geometry":{"type":"Point","coordinates":[-9.15249710036909,38.738915540095]},"properties":{"OBJECTID":21323,"COD_SIG":null,"IDTIPO":null,"NOME":"O TASQUEIRO","REGEND":"001656","MORADA":"MARQ DE SA DA BANDEIRA (R)","NUM_POLICIA":"122 A/B","FREGUESIA":"106","LOCALIDADE":"LISBOA","COD_POST_4":"1050","COD_POST_3":"151","COM_INT_ID":null,"COD_ACT_ECON":"51107","DESC_ACT_ECON":"RESTAURANTE - 3ª CATEGORIA","ANO":1991,"TIPO":"Restauração e Bebidas","LOCALIZACAO":"Isolado","C_INTEGRADO":null,"EMPRESA":"TASQUEIRO ACTIVIDADES HOTELEIRAS LDA","GlobalID":"f1c105c2-946a-4eac-9e41-217d85843a29"}},{"type":"Feature","id":21353,"geometry":{"type":"Point","coordinates":[-9.15472568224842,38.7387551657781]},"properties":{"OBJECTID":21353,"COD_SIG":null,"IDTIPO":null,"NOME":"CERVEJARIA O CAIPIRA","REGEND":"001663","MORADA":"Rua Tenente Espanca","NUM_POLICIA":"4B","FREGUESIA":"106","LOCALIDADE":"LISBOA","COD_POST_4":"1050","COD_POST_3":"222","COM_INT_ID":null,"COD_ACT_ECON":"52304","DESC_ACT_ECON":"CERVEJARIA - 3ª CATEGORIA","ANO":1991,"TIPO":"Restauração e Bebidas","LOCALIZACAO":"Isolado","C_INTEGRADO":null,"EMPRESA":"RODRIGUES & SALVADOR, LDA","GlobalID":"7947739b-aa96-407c-bc55-77c3f00f27dc"}},{"type":"Feature","id":21404,"geometry":{"type":"Point","coordinates":[-9.13108734109858,38.7327353154688]},"properties":{"OBJECTID":21404,"COD_SIG":null,"IDTIPO":null,"NOME":"CAPRICORNIO","REGEND":"001807","MORADA":"MORAIS SOARES (R)","NUM_POLICIA":"93 A","FREGUESIA":"119","LOCALIDADE":null,"COD_POST_4":null,"COD_POST_3":null,"COM_INT_ID":null,"COD_ACT_ECON":"51203","DESC_ACT_ECON":"\"SNACK-BAR\" - 3ª CATEGORIA","ANO":1991,"TIPO":"Restauração e Bebidas","LOCALIZACAO":"Isolado","C_INTEGRADO":null,"EMPRESA":"MARIA ISABEL SILVEIRA MENDES RODRIGUES MOURA","GlobalID":"ff5644ad-eb77-4ca5-bff5-698c72a9063a"}},{"type":"Feature","id":21484,"geometry":{"type":"Point","coordinates":[-9.12463110782912,38.7282504089307]},"properties":{"OBJECTID":21484,"COD_SIG":null,"IDTIPO":null,"NOME":"CAFE & CERVEJARIA GALHARDO","REGEND":"001735","MORADA":"Avenida Coronel Eduardo Galhardo","NUM_POLICIA":"2A","FREGUESIA":"119","LOCALIDADE":"LISBOA","COD_POST_4":"1170","COD_POST_3":"105","COM_INT_ID":null,"COD_ACT_ECON":"52104","DESC_ACT_ECON":"CAFE/PASTELARIA - 3ª CATEGORIA","ANO":1991,"TIPO":"Restauração e Bebidas","LOCALIZACAO":"Isolado","C_INTEGRADO":null,"EMPRESA":"FARINHA & CONCEIÇÃO, LDA","GlobalID":"f2fc07ec-680f-499c-9bee-ee20915c896c"}},{"type":"Feature","id":21596,"geometry":{"type":"Point","coordinates":[-9.13097594281682,38.7321687766186]},"properties":{"OBJECTID":21596,"COD_SIG":null,"IDTIPO":null,"NOME":"RESTAURANTE A SEVILHANA","REGEND":"001752","MORADA":"POÇO DOS MOUROS (C DOS)","NUM_POLICIA":"69 A","FREGUESIA":"119","LOCALIDADE":null,"COD_POST_4":null,"COD_POST_3":null,"COM_INT_ID":null,"COD_ACT_ECON":"51105","DESC_ACT_ECON":"RESTAURANTE - 2ª CATEGORIA","ANO":1991,"TIPO":"Restauração e Bebidas","LOCALIZACAO":"Isolado","C_INTEGRADO":null,"EMPRESA":"MARIA ISABEL SILVEIRA MENDES RODRIGUES MOURA","GlobalID":"d3f595f5-286b-44e9-a839-9dac9df4c432"}},{"type":"Feature","id":21598,"geometry":{"type":"Point","coordinates":[-9.12908236516479,38.723357292517]},"properties":{"OBJECTID":21598,"COD_SIG":null,"IDTIPO":null,"NOME":"RESTAURANTE QUIBALA","REGEND":"001754","MORADA":"BAIXO DA PENHA (CAM DE)","NUM_POLICIA":"1 C","FREGUESIA":"119","LOCALIDADE":null,"COD_POST_4":null,"COD_POST_3":null,"COM_INT_ID":null,"COD_ACT_ECON":"51107","DESC_ACT_ECON":"RESTAURANTE - 3ª CATEGORIA","ANO":1991,"TIPO":"Restauração e Bebidas","LOCALIZACAO":"Isolado","C_INTEGRADO":null,"EMPRESA":"MARIA ISABEL SILVEIRA MENDES RODRIGUES MOURA","GlobalID":"d24e4fa9-866b-4774-b02e-ee7caf3b356d"}},{"type":"Feature","id":21604,"geometry":{"type":"Point","coordinates":[-9.1271214731553,38.7254560540019]},"properties":{"OBJECTID":21604,"COD_SIG":null,"IDTIPO":null,"NOME":"BRAGANÇA & VARELA","REGEND":"001783","MORADA":"FR MANUEL DO CENÁCULO (R)","NUM_POLICIA":"6","FREGUESIA":"119","LOCALIDADE":null,"COD_POST_4":null,"COD_POST_3":null,"COM_INT_ID":null,"COD_ACT_ECON":"52104","DESC_ACT_ECON":"CAFE/PASTELARIA - 3ª CATEGORIA","ANO":1991,"TIPO":"Restauração e Bebidas","LOCALIZACAO":"Isolado","C_INTEGRADO":null,"EMPRESA":"BRAGANÇA & VARELA, LDA","GlobalID":"c6180245-a057-416a-9384-6ddd8aecbde4"}},{"type":"Feature","id":21643,"geometry":{"type":"Point","coordinates":[-9.14583652822027,38.7412827619984]},"properties":{"OBJECTID":21643,"COD_SIG":null,"IDTIPO":null,"NOME":"RESTAURANTE CAMPO PEQUENO","REGEND":"001615","MORADA":"PEQUENO (CP)","NUM_POLICIA":"79","FREGUESIA":"106","LOCALIDADE":"LISBOA","COD_POST_4":"1000","COD_POST_3":"082","COM_INT_ID":null,"COD_ACT_ECON":"51105","DESC_ACT_ECON":"RESTAURANTE - 2ª CATEGORIA","ANO":1991,"TIPO":"Restauração e Bebidas","LOCALIZACAO":"Isolado","C_INTEGRADO":null,"EMPRESA":"MARIA ISABEL SILVEIRA MENDES RODRIGUES MOURA","GlobalID":"0319dcc3-28a5-4413-8b81-9d83d36d07d8"}},{"type":"Feature","id":21677,"geometry":{"type":"Point","coordinates":[-9.13924607856251,38.7226826307127]},"properties":{"OBJECTID":21677,"COD_SIG":null,"IDTIPO":null,"NOME":"O BACARASINHO","REGEND":"001690","MORADA":"---- Campo dos Mártires da Pátria","NUM_POLICIA":"113","FREGUESIA":"105","LOCALIDADE":null,"COD_POST_4":"1150","COD_POST_3":"227","COM_INT_ID":null,"COD_ACT_ECON":"51203","DESC_ACT_ECON":"\"SNACK-BAR\" - 3ª CATEGORIA","ANO":1991,"TIPO":"Restauração e Bebidas","LOCALIZACAO":"Isolado","C_INTEGRADO":null,"EMPRESA":"MARIA ISABEL SILVEIRA MENDES RODRIGUES MOURA","GlobalID":"422a027a-85ed-4a19-9079-c49247d9049b"}},{"type":"Feature","id":21692,"geometry":{"type":"Point","coordinates":[-9.12241992541851,38.7237060272043]},"properties":{"OBJECTID":21692,"COD_SIG":null,"IDTIPO":null,"NOME":"JOSE RODRIGUES MARTINS HERDEIROS","REGEND":"001761","MORADA":"PEIXINHOS (Q DOS) Aº DA EIRA","NUM_POLICIA":"LETRAS J R M","FREGUESIA":"119","LOCALIDADE":null,"COD_POST_4":null,"COD_POST_3":null,"COM_INT_ID":null,"COD_ACT_ECON":"52704","DESC_ACT_ECON":"OUTROS EST. DE BEBIDAS - 3ª CATEGORIA","ANO":1991,"TIPO":"Restauração e Bebidas","LOCALIZACAO":"Isolado","C_INTEGRADO":null,"EMPRESA":"MARIA ISABEL SILVEIRA MENDES RODRIGUES MOURA","GlobalID":"67607125-16c8-4bea-83ad-bb20da0c373f"}},{"type":"Feature","id":21736,"geometry":{"type":"Point","coordinates":[-9.17051694654072,38.7109799469864]},"properties":{"OBJECTID":21736,"COD_SIG":null,"IDTIPO":null,"NOME":"CERVEJARIA FONTESSANTENSE","REGEND":"001865","MORADA":"POSSIDÓNIO DA SILVA (R)","NUM_POLICIA":"7","FREGUESIA":"113","LOCALIDADE":null,"COD_POST_4":null,"COD_POST_3":null,"COM_INT_ID":null,"COD_ACT_ECON":"52704","DESC_ACT_ECON":"OUTROS EST. DE BEBIDAS - 3ª CATEGORIA","ANO":1991,"TIPO":"Restauração e Bebidas","LOCALIZACAO":"Isolado","C_INTEGRADO":null,"EMPRESA":"MARIA ISABEL SILVEIRA MENDES RODRIGUES MOURA","GlobalID":"8756d84e-1bd7-4670-b32d-e42f45810ce4"}},{"type":"Feature","id":21823,"geometry":{"type":"Point","coordinates":[-9.13012290980956,38.7295457862103]},"properties":{"OBJECTID":21823,"COD_SIG":null,"IDTIPO":null,"NOME":"CAFE FIDALGO","REGEND":"001811","MORADA":"PE SENA DE FREITAS (R)","NUM_POLICIA":"2","FREGUESIA":"119","LOCALIDADE":"LISBOA","COD_POST_4":"1170","COD_POST_3":"283","COM_INT_ID":null,"COD_ACT_ECON":"52104","DESC_ACT_ECON":"CAFE/PASTELARIA - 3ª CATEGORIA","ANO":1991,"TIPO":"Restauração e Bebidas","LOCALIZACAO":"Isolado","C_INTEGRADO":null,"EMPRESA":"MARIA ISABEL SILVEIRA MENDES RODRIGUES MOURA","GlobalID":"ccb87636-a99d-4687-9b7f-0dc65e278787"}},{"type":"Feature","id":21827,"geometry":{"type":"Point","coordinates":[-9.16188974484265,38.705849777834]},"properties":{"OBJECTID":21827,"COD_SIG":null,"IDTIPO":null,"NOME":"PINTADO FRESCO RESTAURANTE BAR","REGEND":"001849","MORADA":"CONDE (R DO)","NUM_POLICIA":"21/27","FREGUESIA":"113","LOCALIDADE":null,"COD_POST_4":null,"COD_POST_3":null,"COM_INT_ID":null,"COD_ACT_ECON":"51107","DESC_ACT_ECON":"RESTAURANTE - 3ª CATEGORIA","ANO":1991,"TIPO":"Restauração e Bebidas","LOCALIZACAO":"Isolado","C_INTEGRADO":null,"EMPRESA":"MARIA ISABEL SILVEIRA MENDES RODRIGUES MOURA","GlobalID":"6c9f561e-a3e5-4739-a6ce-ced846377ff7"}},{"type":"Feature","id":21833,"geometry":{"type":"Point","coordinates":[-9.17244363160254,38.7053916215635]},"properties":{"OBJECTID":21833,"COD_SIG":null,"IDTIPO":null,"NOME":"O GOSTOSO","REGEND":"001854","MORADA":"GILBERTO ROLA (R)","NUM_POLICIA":"30","FREGUESIA":"113","LOCALIDADE":null,"COD_POST_4":null,"COD_POST_3":null,"COM_INT_ID":null,"COD_ACT_ECON":"51107","DESC_ACT_ECON":"RESTAURANTE - 3ª CATEGORIA","ANO":1991,"TIPO":"Restauração e Bebidas","LOCALIZACAO":"Isolado","C_INTEGRADO":null,"EMPRESA":"MARIA ISABEL SILVEIRA MENDES RODRIGUES MOURA","GlobalID":"36687465-272f-4769-b2e3-0f7654a8d602"}},{"type":"Feature","id":21834,"geometry":{"type":"Point","coordinates":[-9.17255664505518,38.7053403903239]},"properties":{"OBJECTID":21834,"COD_SIG":null,"IDTIPO":null,"NOME":"RENATO & SIMÖES LDA","REGEND":"001855","MORADA":"GILBERTO ROLA (R)","NUM_POLICIA":"37","FREGUESIA":"113","LOCALIDADE":"LISBOA","COD_POST_4":"1350","COD_POST_3":"154","COM_INT_ID":null,"COD_ACT_ECON":"52704","DESC_ACT_ECON":"OUTROS EST. DE BEBIDAS - 3ª CATEGORIA","ANO":1991,"TIPO":"Restauração e Bebidas","LOCALIZACAO":"Isolado","C_INTEGRADO":null,"EMPRESA":"MARIA ISABEL SILVEIRA MENDES RODRIGUES MOURA","GlobalID":"bf6aeb27-7018-4f47-931f-3340ddb2adf2"}},{"type":"Feature","id":21996,"geometry":{"type":"Point","coordinates":[-9.15406407753327,38.7439764603575]},"properties":{"OBJECTID":21996,"COD_SIG":null,"IDTIPO":null,"NOME":"MEIXEIRO & LOPES","REGEND":"001662","MORADA":"SOUSA LOPES (R)","NUM_POLICIA":"LT PQRS","FREGUESIA":"106","LOCALIDADE":null,"COD_POST_4":null,"COD_POST_3":null,"COM_INT_ID":74,"COD_ACT_ECON":"51303","DESC_ACT_ECON":"\"SELF-SERVICE\" - 3ª CATEGORIA","ANO":1991,"TIPO":"Restauração e Bebidas","LOCALIZACAO":"Integrado - outro","C_INTEGRADO":"CENTRO COMERCIAL GEMINI","EMPRESA":"MEIXEIRO & LOPES, LDA","GlobalID":"bc752827-c924-4614-ab84-ac3c25a2bb31"}},{"type":"Feature","id":22025,"geometry":{"type":"Point","coordinates":[-9.13701166571866,38.7189115565073]},"properties":{"OBJECTID":22025,"COD_SIG":null,"IDTIPO":null,"NOME":"RESTAURANTE O BEIRÃO","REGEND":"001726","MORADA":"S LÁZARO (R DE)","NUM_POLICIA":"149/151","FREGUESIA":"105","LOCALIDADE":null,"COD_POST_4":null,"COD_POST_3":null,"COM_INT_ID":null,"COD_ACT_ECON":"51107","DESC_ACT_ECON":"RESTAURANTE - 3ª CATEGORIA","ANO":1991,"TIPO":"Restauração e Bebidas","LOCALIZACAO":"Isolado","C_INTEGRADO":null,"EMPRESA":"FERNANDES MARTINS & NUNES, LDA","GlobalID":"c222b2bd-e5ab-43e6-9987-b45fc8d4adf8"}},{"type":"Feature","id":22027,"geometry":{"type":"Point","coordinates":[-9.13756630354137,38.7193573964332]},"properties":{"OBJECTID":22027,"COD_SIG":null,"IDTIPO":null,"NOME":"ADEGA S LAZARO","REGEND":"001728","MORADA":"S LAZARO (R DE)","NUM_POLICIA":"219","FREGUESIA":"105","LOCALIDADE":"LISBOA","COD_POST_4":"1150","COD_POST_3":"331","COM_INT_ID":null,"COD_ACT_ECON":"51109","DESC_ACT_ECON":"RESTAURANTE - CASA DE PASTO","ANO":1991,"TIPO":"Restauração e Bebidas","LOCALIZACAO":"Isolado","C_INTEGRADO":null,"EMPRESA":"MARIA ISABEL SILVEIRA MENDES RODRIGUES MOURA","GlobalID":"6df30b57-e222-424b-b7bc-91d53bfa98be"}},{"type":"Feature","id":22128,"geometry":{"type":"Point","coordinates":[-9.13681901302281,38.7182916738158]},"properties":{"OBJECTID":22128,"COD_SIG":null,"IDTIPO":null,"NOME":"BAR S JOSE","REGEND":"001734","MORADA":"HOSPITAL (T DO)","NUM_POLICIA":"16 A","FREGUESIA":"105","LOCALIDADE":"LISBOA","COD_POST_4":"1150","COD_POST_3":"187","COM_INT_ID":null,"COD_ACT_ECON":"51203","DESC_ACT_ECON":"\"SNACK-BAR\" - 3ª CATEGORIA","ANO":1991,"TIPO":"Restauração e Bebidas","LOCALIZACAO":"Isolado","C_INTEGRADO":null,"EMPRESA":"MARIA ISABEL SILVEIRA MENDES RODRIGUES MOURA","GlobalID":"abb89872-2ed1-4934-a2e9-1e3492faa80a"}},{"type":"Feature","id":22205,"geometry":{"type":"Point","coordinates":[-9.13916500650643,38.7224150729567]},"properties":{"OBJECTID":22205,"COD_SIG":null,"IDTIPO":null,"NOME":"DELFINA PAIZ GONÇALEZ HERDEIRA  INOCENCIO TEIXEIRA","REGEND":"001695","MORADA":"MITELO (L DO)","NUM_POLICIA":"3/3 A","FREGUESIA":"105","LOCALIDADE":"LISBOA","COD_POST_4":"1150","COD_POST_3":"234","COM_INT_ID":null,"COD_ACT_ECON":"52705","DESC_ACT_ECON":"Outros Estab. De Bebidas - Taberna","ANO":1991,"TIPO":"Restauração e Bebidas","LOCALIZACAO":"Isolado","C_INTEGRADO":null,"EMPRESA":"MARIA ISABEL SILVEIRA MENDES RODRIGUES MOURA","GlobalID":"369f0c36-0129-4de1-b242-fc46cb3ca1d5"}},{"type":"Feature","id":22319,"geometry":{"type":"Point","coordinates":[-9.13728899630811,38.7165491205966]},"properties":{"OBJECTID":22319,"COD_SIG":null,"IDTIPO":null,"NOME":"RESTAURANTE MIRA CASTELO","REGEND":"001704","MORADA":"Rua do Arco da Graça","NUM_POLICIA":"75","FREGUESIA":"105","LOCALIDADE":"LISBOA","COD_POST_4":"1150","COD_POST_3":"050","COM_INT_ID":null,"COD_ACT_ECON":"51107","DESC_ACT_ECON":"RESTAURANTE - 3ª CATEGORIA","ANO":1991,"TIPO":"Restauração e Bebidas","LOCALIZACAO":"Isolado","C_INTEGRADO":null,"EMPRESA":"MARIA ISABEL SILVEIRA MENDES RODRIGUES MOURA","GlobalID":"da725f21-0c82-40fc-8c15-1c7ba750f705"}},{"type":"Feature","id":22327,"geometry":{"type":"Point","coordinates":[-9.13903992867954,38.7225152373637]},"properties":{"OBJECTID":22327,"COD_SIG":null,"IDTIPO":null,"NOME":"ADEGA FLOR MITELO","REGEND":"001696","MORADA":"MITELO (L DO)","NUM_POLICIA":"8","FREGUESIA":"105","LOCALIDADE":null,"COD_POST_4":null,"COD_POST_3":null,"COM_INT_ID":null,"COD_ACT_ECON":"51107","DESC_ACT_ECON":"RESTAURANTE - 3ª CATEGORIA","ANO":1991,"TIPO":"Restauração e Bebidas","LOCALIZACAO":"Isolado","C_INTEGRADO":null,"EMPRESA":"MARIA ISABEL SILVEIRA MENDES RODRIGUES MOURA","GlobalID":"9b8dcc28-e2c7-46fe-b4c0-204663aa7468"}},{"type":"Feature","id":22362,"geometry":{"type":"Point","coordinates":[-9.12853290253643,38.7301538746129]},"properties":{"OBJECTID":22362,"COD_SIG":null,"IDTIPO":null,"NOME":"MANUEL MENDES & FERNANDO MENDES","REGEND":"001781","MORADA":"DR LACERDA E ALMEIDA (R)","NUM_POLICIA":"13","FREGUESIA":"119","LOCALIDADE":"LISBOA","COD_POST_4":"1170","COD_POST_3":"114","COM_INT_ID":null,"COD_ACT_ECON":"52104","DESC_ACT_ECON":"CAFE/PASTELARIA - 3ª CATEGORIA","ANO":1991,"TIPO":"Restauração e Bebidas","LOCALIZACAO":"Isolado","C_INTEGRADO":null,"EMPRESA":"OTILIA MARIA PARREIRA VAZ","GlobalID":"13fc765b-31ee-4db0-a706-eeedd52e9cc3"}},{"type":"Feature","id":22412,"geometry":{"type":"Point","coordinates":[-9.15595640203544,38.7411764867461]},"properties":{"OBJECTID":22412,"COD_SIG":null,"IDTIPO":null,"NOME":"MANUEL NUNES","REGEND":"001619","MORADA":"BENEFICÊNCIA (R DA)","NUM_POLICIA":"65 A","FREGUESIA":"106","LOCALIDADE":"LISBOA","COD_POST_4":"1600","COD_POST_3":"017","COM_INT_ID":null,"COD_ACT_ECON":"52104","DESC_ACT_ECON":"CAFE/PASTELARIA - 3ª CATEGORIA","ANO":1991,"TIPO":"Restauração e Bebidas","LOCALIZACAO":"Isolado","C_INTEGRADO":null,"EMPRESA":"MARIA ISABEL SILVEIRA MENDES RODRIGUES MOURA","GlobalID":"46d75613-82f2-4af3-a707-c8ce7e69a102"}},{"type":"Feature","id":22419,"geometry":{"type":"Point","coordinates":[-9.14461735178465,38.741349310684]},"properties":{"OBJECTID":22419,"COD_SIG":null,"IDTIPO":null,"NOME":"SANASO CAFETARIA GELATARIA","REGEND":"001614","MORADA":"PEQUENO (CP)","NUM_POLICIA":"62","FREGUESIA":"106","LOCALIDADE":"LISBOA","COD_POST_4":"1000","COD_POST_3":"081","COM_INT_ID":null,"COD_ACT_ECON":"52104","DESC_ACT_ECON":"CAFE/PASTELARIA - 3ª CATEGORIA","ANO":1991,"TIPO":"Restauração e Bebidas","LOCALIZACAO":"Isolado","C_INTEGRADO":null,"EMPRESA":"MARIA ISABEL SILVEIRA MENDES RODRIGUES MOURA","GlobalID":"9a930aee-6265-4e3d-9a20-d2274c7e8b6a"}},{"type":"Feature","id":22420,"geometry":{"type":"Point","coordinates":[-9.14461735178465,38.741349310684]},"properties":{"OBJECTID":22420,"COD_SIG":null,"IDTIPO":null,"NOME":"SANASO CAFETARIA GELATARIA","REGEND":"001614","MORADA":"PEQUENO (CP)","NUM_POLICIA":"62","FREGUESIA":"106","LOCALIDADE":"LISBOA","COD_POST_4":"1000","COD_POST_3":"081","COM_INT_ID":null,"COD_ACT_ECON":"52104","DESC_ACT_ECON":"CAFE/PASTELARIA - 3ª CATEGORIA","ANO":1991,"TIPO":"Restauração e Bebidas","LOCALIZACAO":"Isolado","C_INTEGRADO":null,"EMPRESA":"MARIA ISABEL SILVEIRA MENDES RODRIGUES MOURA","GlobalID":"b988fc1f-80c9-441f-9914-27a6b16967a7"}},{"type":"Feature","id":22438,"geometry":{"type":"Point","coordinates":[-9.13905564740038,38.7179030975606]},"properties":{"OBJECTID":22438,"COD_SIG":null,"IDTIPO":null,"NOME":"LEITARIA A COLMEIA","REGEND":"001681","MORADA":"SANT'ANA (C DE)","NUM_POLICIA":"200","FREGUESIA":"105","LOCALIDADE":null,"COD_POST_4":null,"COD_POST_3":null,"COM_INT_ID":null,"COD_ACT_ECON":"52104","DESC_ACT_ECON":"CAFE/PASTELARIA - 3ª CATEGORIA","ANO":1991,"TIPO":"Restauração e Bebidas","LOCALIZACAO":"Isolado","C_INTEGRADO":null,"EMPRESA":"MARIA ISABEL SILVEIRA MENDES RODRIGUES MOURA","GlobalID":"26433376-1983-46bd-a6b1-5a6df515d132"}},{"type":"Feature","id":22480,"geometry":{"type":"Point","coordinates":[-9.17220912010941,38.704785531377]},"properties":{"OBJECTID":22480,"COD_SIG":null,"IDTIPO":null,"NOME":"PAINEL ALCANTARA","REGEND":"001846","MORADA":"ARCO (R DO) A ALCANTARA","NUM_POLICIA":"13","FREGUESIA":"113","LOCALIDADE":null,"COD_POST_4":null,"COD_POST_3":null,"COM_INT_ID":null,"COD_ACT_ECON":"51109","DESC_ACT_ECON":"RESTAURANTE - CASA DE PASTO","ANO":1991,"TIPO":"Restauração e Bebidas","LOCALIZACAO":"Isolado","C_INTEGRADO":null,"EMPRESA":"MARIA ISABEL SILVEIRA MENDES RODRIGUES MOURA","GlobalID":"a1bed1da-aa1f-432b-9e5c-8203acb6c4d7"}},{"type":"Feature","id":22484,"geometry":{"type":"Point","coordinates":[-9.16208063863715,38.7063345183975]},"properties":{"OBJECTID":22484,"COD_SIG":null,"IDTIPO":null,"NOME":"LEITARIA CONDE LDA","REGEND":"001851","MORADA":"CONDE (R DO)","NUM_POLICIA":"63","FREGUESIA":"113","LOCALIDADE":"LISBOA","COD_POST_4":"1200","COD_POST_3":"636","COM_INT_ID":null,"COD_ACT_ECON":"51107","DESC_ACT_ECON":"RESTAURANTE - 3ª CATEGORIA","ANO":1991,"TIPO":"Restauração e Bebidas","LOCALIZACAO":"Isolado","C_INTEGRADO":null,"EMPRESA":"LEITARIA CONDE, LDA","GlobalID":"8d5711f8-f6f4-4980-bdab-5414cc679e93"}},{"type":"Feature","id":22570,"geometry":{"type":"Point","coordinates":[-9.12979973369957,38.7256097337973]},"properties":{"OBJECTID":22570,"COD_SIG":null,"IDTIPO":null,"NOME":"CAFETARIA O TELHEIRO","REGEND":"001818","MORADA":"PENHA DE FRANÇA (R DA)","NUM_POLICIA":"LT 150 B","FREGUESIA":"119","LOCALIDADE":null,"COD_POST_4":null,"COD_POST_3":null,"COM_INT_ID":null,"COD_ACT_ECON":"52104","DESC_ACT_ECON":"CAFE/PASTELARIA - 3ª CATEGORIA","ANO":1991,"TIPO":"Restauração e Bebidas","LOCALIZACAO":"Isolado","C_INTEGRADO":null,"EMPRESA":"MARIA ISABEL SILVEIRA MENDES RODRIGUES MOURA","GlobalID":"89591414-90b1-417e-ab43-c2e8f1dcb328"}},{"type":"Feature","id":22575,"geometry":{"type":"Point","coordinates":[-9.13029325733688,38.726914049414]},"properties":{"OBJECTID":22575,"COD_SIG":null,"IDTIPO":null,"NOME":"SANDWICH BAR LUIGIS","REGEND":"001822","MORADA":"Rua da Penha de França","NUM_POLICIA":"210A","FREGUESIA":"119","LOCALIDADE":"LISBOA","COD_POST_4":"1170","COD_POST_3":"309","COM_INT_ID":null,"COD_ACT_ECON":"51403","DESC_ACT_ECON":"OUTROS EST. COMIDAS REFEIÇÕES - 3ª CAT.","ANO":1991,"TIPO":"Restauração e Bebidas","LOCALIZACAO":"Isolado","C_INTEGRADO":null,"EMPRESA":"MARIA ISABEL SILVEIRA MENDES RODRIGUES MOURA","GlobalID":"d9033e58-0801-480e-a4d1-e4302fa33e22"}},{"type":"Feature","id":22597,"geometry":{"type":"Point","coordinates":[-9.13116135059988,38.7289694180346]},"properties":{"OBJECTID":22597,"COD_SIG":null,"IDTIPO":null,"NOME":"PASTELARIA TABUENSE","REGEND":"001824","MORADA":"PENHA DE FRANÇA (R DA)","NUM_POLICIA":"244 A","FREGUESIA":"119","LOCALIDADE":"LISBOA","COD_POST_4":"1170","COD_POST_3":"311","COM_INT_ID":null,"COD_ACT_ECON":"52104","DESC_ACT_ECON":"CAFE/PASTELARIA - 3ª CATEGORIA","ANO":1991,"TIPO":"Restauração e Bebidas","LOCALIZACAO":"Isolado","C_INTEGRADO":null,"EMPRESA":"GOMES & JESUS, LDA","GlobalID":"9bb31295-3dd7-4cc3-9071-a8a032e231cc"}},{"type":"Feature","id":22622,"geometry":{"type":"Point","coordinates":[-9.15766357477443,38.7455392901447]},"properties":{"OBJECTID":22622,"COD_SIG":null,"IDTIPO":null,"NOME":"VILAÇA & CHAGAS LDA","REGEND":"001652","MORADA":"FR CARLOS (R)","NUM_POLICIA":"15 A","FREGUESIA":"106","LOCALIDADE":null,"COD_POST_4":null,"COD_POST_3":null,"COM_INT_ID":null,"COD_ACT_ECON":"52404","DESC_ACT_ECON":"BAR/\"PUB\" - 3ª CATEGORIA","ANO":1991,"TIPO":"Restauração e Bebidas","LOCALIZACAO":"Isolado","C_INTEGRADO":null,"EMPRESA":"MARIA ISABEL SILVEIRA MENDES RODRIGUES MOURA","GlobalID":"2842eb1a-afe3-4c65-a437-28d3e131607f"}},{"type":"Feature","id":22631,"geometry":{"type":"Point","coordinates":[-9.15406407753327,38.7439764603575]},"properties":{"OBJECTID":22631,"COD_SIG":null,"IDTIPO":null,"NOME":"SOLAR VINHO","REGEND":"001659","MORADA":"SOUSA LOPES (R)","NUM_POLICIA":"LT PQRS","FREGUESIA":"106","LOCALIDADE":"LISBOA","COD_POST_4":"1600","COD_POST_3":"207","COM_INT_ID":null,"COD_ACT_ECON":"51105","DESC_ACT_ECON":"RESTAURANTE - 2ª CATEGORIA","ANO":1991,"TIPO":"Restauração e Bebidas","LOCALIZACAO":"Isolado","C_INTEGRADO":null,"EMPRESA":"MARIA ISABEL SILVEIRA MENDES RODRIGUES MOURA","GlobalID":"a1afc18b-7e6a-43df-953b-e885167f5910"}},{"type":"Feature","id":22678,"geometry":{"type":"Point","coordinates":[-9.12307267993149,38.7244893617191]},"properties":{"OBJECTID":22678,"COD_SIG":null,"IDTIPO":null,"NOME":"PEREIRA & NUNES LDA","REGEND":"001749","MORADA":"CONCEIÇÃO (V) JT Nº 2 Aº DA EIRA","NUM_POLICIA":"1","FREGUESIA":"119","LOCALIDADE":null,"COD_POST_4":null,"COD_POST_3":null,"COM_INT_ID":null,"COD_ACT_ECON":"52705","DESC_ACT_ECON":"Outros Estab. De Bebidas - Taberna","ANO":1991,"TIPO":"Restauração e Bebidas","LOCALIZACAO":"Isolado","C_INTEGRADO":null,"EMPRESA":"PEREIRA & NUNES, LDA","GlobalID":"e562cc38-80ae-45a3-ac3c-50bdc75b1cb0"}},{"type":"Feature","id":22822,"geometry":{"type":"Point","coordinates":[-9.13014588062967,38.7258710282873]},"properties":{"OBJECTID":22822,"COD_SIG":null,"IDTIPO":null,"NOME":"JOSE VICENTE CASTRO AMORIM","REGEND":"001820","MORADA":"PENHA DE FRANÇA (R DA)","NUM_POLICIA":"173","FREGUESIA":"119","LOCALIDADE":null,"COD_POST_4":null,"COD_POST_3":null,"COM_INT_ID":null,"COD_ACT_ECON":"52704","DESC_ACT_ECON":"OUTROS EST. DE BEBIDAS - 3ª CATEGORIA","ANO":1991,"TIPO":"Restauração e Bebidas","LOCALIZACAO":"Isolado","C_INTEGRADO":null,"EMPRESA":"JOSE VICENTE CASTRO AMORIM","GlobalID":"7d118bf7-3632-4653-9629-a952da08cc95"}},{"type":"Feature","id":22858,"geometry":{"type":"Point","coordinates":[-9.14166924451555,38.7271405777421]},"properties":{"OBJECTID":22858,"COD_SIG":null,"IDTIPO":null,"NOME":"CERVEJARIA CELTA","REGEND":"001720","MORADA":"GOMES FREIRE (R)","NUM_POLICIA":"148","FREGUESIA":"105","LOCALIDADE":null,"COD_POST_4":null,"COD_POST_3":null,"COM_INT_ID":null,"COD_ACT_ECON":"51105","DESC_ACT_ECON":"RESTAURANTE - 2ª CATEGORIA","ANO":1991,"TIPO":"Restauração e Bebidas","LOCALIZACAO":"Isolado","C_INTEGRADO":null,"EMPRESA":"MARIA ISABEL SILVEIRA MENDES RODRIGUES MOURA","GlobalID":"8d95ae37-7bb6-4f0c-a13a-1cf4dc35bcf1"}},{"type":"Feature","id":22911,"geometry":{"type":"Point","coordinates":[-9.12905909430738,38.7225107554163]},"properties":{"OBJECTID":22911,"COD_SIG":null,"IDTIPO":null,"NOME":"ORLANDO JOSÉ RODRIGUES CUNHA","REGEND":"001814","MORADA":"PENHA DE FRANÇA (R DA)","NUM_POLICIA":"40","FREGUESIA":"119","LOCALIDADE":null,"COD_POST_4":null,"COD_POST_3":null,"COM_INT_ID":null,"COD_ACT_ECON":"52705","DESC_ACT_ECON":"Outros Estab. De Bebidas - Taberna","ANO":1991,"TIPO":"Restauração e Bebidas","LOCALIZACAO":"Isolado","C_INTEGRADO":null,"EMPRESA":"MARIA ISABEL SILVEIRA MENDES RODRIGUES MOURA","GlobalID":"fa85ba20-ef38-42c3-8149-d11b6f4682b1"}},{"type":"Feature","id":22917,"geometry":{"type":"Point","coordinates":[-9.12940932228383,38.7311552707345]},"properties":{"OBJECTID":22917,"COD_SIG":null,"IDTIPO":null,"NOME":"PASTELARIA OSIRES","REGEND":"001791","MORADA":"Rua Jacinto Nunes","NUM_POLICIA":"11A","FREGUESIA":"119","LOCALIDADE":"LISBOA","COD_POST_4":"1170","COD_POST_3":"187","COM_INT_ID":null,"COD_ACT_ECON":"52104","DESC_ACT_ECON":"CAFE/PASTELARIA - 3ª CATEGORIA","ANO":1991,"TIPO":"Restauração e Bebidas","LOCALIZACAO":"Isolado","C_INTEGRADO":null,"EMPRESA":"MARIA ISABEL SILVEIRA MENDES RODRIGUES MOURA","GlobalID":"9622bff9-16a3-4e40-864a-2fb85776bc61"}},{"type":"Feature","id":22948,"geometry":{"type":"Point","coordinates":[-9.15826900873321,38.7444440324718]},"properties":{"OBJECTID":22948,"COD_SIG":null,"IDTIPO":null,"NOME":"CERVEJARIA SANTA MARIA","REGEND":"001625","MORADA":"BENEFICÊNCIA (R DA)","NUM_POLICIA":"128 A","FREGUESIA":"106","LOCALIDADE":null,"COD_POST_4":null,"COD_POST_3":null,"COM_INT_ID":null,"COD_ACT_ECON":"52705","DESC_ACT_ECON":"Outros Estab. De Bebidas - Taberna","ANO":1991,"TIPO":"Restauração e Bebidas","LOCALIZACAO":"Isolado","C_INTEGRADO":null,"EMPRESA":"AFONSO & ROLO, LDA","GlobalID":"63123058-a733-42a0-bbf2-96fe3d033e23"}},{"type":"Feature","id":23001,"geometry":{"type":"Point","coordinates":[-9.15286387800803,38.7094574560086]},"properties":{"OBJECTID":23001,"COD_SIG":null,"IDTIPO":null,"NOME":"RESTAURANTE POUCINHO","REGEND":"001989","MORADA":"POÇO DOS NEGROS (R DO)","NUM_POLICIA":"176","FREGUESIA":"116","LOCALIDADE":"LISBOA","COD_POST_4":"1200","COD_POST_3":"342","COM_INT_ID":null,"COD_ACT_ECON":"51107","DESC_ACT_ECON":"RESTAURANTE - 3ª CATEGORIA","ANO":1991,"TIPO":"Restauração e Bebidas","LOCALIZACAO":"Isolado","C_INTEGRADO":null,"EMPRESA":"ALVARO & CARMO, LDA","GlobalID":"fc623a3f-8715-4817-9089-45b27035a0b5"}},{"type":"Feature","id":23013,"geometry":{"type":"Point","coordinates":[-9.16169395163661,38.723443767446]},"properties":{"OBJECTID":23013,"COD_SIG":null,"IDTIPO":null,"NOME":"RESTAURANTE SENHOR FRANGO","REGEND":"002060","MORADA":"Avenida Engenheiro Duarte Pacheco","NUM_POLICIA":"Lote 7","FREGUESIA":"110","LOCALIDADE":"LISBOA                         ","COD_POST_4":"1070","COD_POST_3":"100","COM_INT_ID":48,"COD_ACT_ECON":"51107","DESC_ACT_ECON":"RESTAURANTE - 3ª CATEGORIA","ANO":1991,"TIPO":"Restauração e Bebidas","LOCALIZACAO":"Integrado - outro","C_INTEGRADO":"SHOPPING CENTER AMOREIRAS","EMPRESA":"MARIA ISABEL SILVEIRA MENDES RODRIGUES MOURA","GlobalID":"1c5f5f6f-d6e7-4577-87d0-e7712d139fe1"}},{"type":"Feature","id":23016,"geometry":{"type":"Point","coordinates":[-9.16557198410803,38.7074507945375]},"properties":{"OBJECTID":23016,"COD_SIG":null,"IDTIPO":null,"NOME":"RESTAURANTE 37","REGEND":"001891","MORADA":"S CAETANO (R DE)","NUM_POLICIA":"39","FREGUESIA":"113","LOCALIDADE":null,"COD_POST_4":null,"COD_POST_3":null,"COM_INT_ID":null,"COD_ACT_ECON":"51107","DESC_ACT_ECON":"RESTAURANTE - 3ª CATEGORIA","ANO":1991,"TIPO":"Restauração e Bebidas","LOCALIZACAO":"Isolado","C_INTEGRADO":null,"EMPRESA":"MARIA ISABEL SILVEIRA MENDES RODRIGUES MOURA","GlobalID":"ade6b6d1-5677-48ab-a39b-fca31a658cd4"}},{"type":"Feature","id":23044,"geometry":{"type":"Point","coordinates":[-9.17341641542708,38.7055944907705]},"properties":{"OBJECTID":23044,"COD_SIG":null,"IDTIPO":null,"NOME":"CUIDADO COM O DEGRAU","REGEND":"001900","MORADA":"VIEIRA DA SILVA (R)","NUM_POLICIA":"66","FREGUESIA":"113","LOCALIDADE":"LISBOA","COD_POST_4":"1350","COD_POST_3":"344","COM_INT_ID":null,"COD_ACT_ECON":"51107","DESC_ACT_ECON":"RESTAURANTE - 3ª CATEGORIA","ANO":1991,"TIPO":"Restauração e Bebidas","LOCALIZACAO":"Isolado","C_INTEGRADO":null,"EMPRESA":"MARIA ISABEL SILVEIRA MENDES RODRIGUES MOURA","GlobalID":"102d957b-a023-4fbb-bb55-98c3649f51d5"}},{"type":"Feature","id":23065,"geometry":{"type":"Point","coordinates":[-9.14060257955729,38.7134398884576]},"properties":{"OBJECTID":23065,"COD_SIG":null,"IDTIPO":null,"NOME":"RESTAURANTE INTERNACIONAL","REGEND":"001910","MORADA":"CARMO (C)","NUM_POLICIA":"31/35","FREGUESIA":"121","LOCALIDADE":null,"COD_POST_4":null,"COD_POST_3":null,"COM_INT_ID":null,"COD_ACT_ECON":"51105","DESC_ACT_ECON":"RESTAURANTE - 2ª CATEGORIA","ANO":1991,"TIPO":"Restauração e Bebidas","LOCALIZACAO":"Isolado","C_INTEGRADO":null,"EMPRESA":"MARIA ISABEL SILVEIRA MENDES RODRIGUES MOURA","GlobalID":"2189363b-0a03-4b16-b12d-4aadb758130e"}},{"type":"Feature","id":23070,"geometry":{"type":"Point","coordinates":[-9.14137330083341,38.7134692641792]},"properties":{"OBJECTID":23070,"COD_SIG":null,"IDTIPO":null,"NOME":"VITOR MANUEL MARQUES PANELA","REGEND":"001914","MORADA":"DUQUE (C DO)","NUM_POLICIA":"25","FREGUESIA":"121","LOCALIDADE":null,"COD_POST_4":null,"COD_POST_3":null,"COM_INT_ID":null,"COD_ACT_ECON":"51199","DESC_ACT_ECON":"RESTAURANTE - (SEM CATEGORIA)","ANO":1991,"TIPO":"Restauração e Bebidas","LOCALIZACAO":"Isolado","C_INTEGRADO":null,"EMPRESA":"MARIA ISABEL SILVEIRA MENDES RODRIGUES MOURA","GlobalID":"e2268bea-71ae-4964-bd20-d7c5e3d159fb"}},{"type":"Feature","id":23082,"geometry":{"type":"Point","coordinates":[-9.14600682274697,38.7110420727789]},"properties":{"OBJECTID":23082,"COD_SIG":null,"IDTIPO":null,"NOME":"FLORESTA CALHARIZ","REGEND":"001972","MORADA":"LUZ SORIANO (R)","NUM_POLICIA":"7","FREGUESIA":"116","LOCALIDADE":"LISBOA","COD_POST_4":"1200","COD_POST_3":"246","COM_INT_ID":null,"COD_ACT_ECON":"51107","DESC_ACT_ECON":"RESTAURANTE - 3ª CATEGORIA","ANO":1991,"TIPO":"Restauração e Bebidas","LOCALIZACAO":"Isolado","C_INTEGRADO":null,"EMPRESA":"BAPTISTA & DIAS, LDA","GlobalID":"56d39967-4120-4b1e-9110-59e8267cfe9f"}},{"type":"Feature","id":23090,"geometry":{"type":"Point","coordinates":[-9.14674139132447,38.7142064514239]},"properties":{"OBJECTID":23090,"COD_SIG":null,"IDTIPO":null,"NOME":"JOSE VIDAL LOURIDO & HERDEIROS","REGEND":"001978","MORADA":"NOVA DO LOUREIRO (R)","NUM_POLICIA":"52","FREGUESIA":"116","LOCALIDADE":null,"COD_POST_4":null,"COD_POST_3":null,"COM_INT_ID":null,"COD_ACT_ECON":"52705","DESC_ACT_ECON":"Outros Estab. De Bebidas - Taberna","ANO":1991,"TIPO":"Restauração e Bebidas","LOCALIZACAO":"Isolado","C_INTEGRADO":null,"EMPRESA":"MARIA ISABEL SILVEIRA MENDES RODRIGUES MOURA","GlobalID":"5c8a7524-45a7-4deb-bd5b-f958ab4d4e96"}},{"type":"Feature","id":23105,"geometry":{"type":"Point","coordinates":[-9.14647303670135,38.7106777134081]},"properties":{"OBJECTID":23105,"COD_SIG":null,"IDTIPO":null,"NOME":"RESTAURANTE A CAMPONESA","REGEND":"001977","MORADA":"MAR SALDANHA (R)","NUM_POLICIA":"23","FREGUESIA":"116","LOCALIDADE":"LISBOA","COD_POST_4":"1200","COD_POST_3":"259","COM_INT_ID":null,"COD_ACT_ECON":"52704","DESC_ACT_ECON":"OUTROS EST. DE BEBIDAS - 3ª CATEGORIA","ANO":1991,"TIPO":"Restauração e Bebidas","LOCALIZACAO":"Isolado","C_INTEGRADO":null,"EMPRESA":"A CAMPONESA DE SANTA CATARINA, LDA","GlobalID":"d4ab6528-f0af-493f-8a19-0e27c37428d7"}},{"type":"Feature","id":23217,"geometry":{"type":"Point","coordinates":[-9.16169395163661,38.723443767446]},"properties":{"OBJECTID":23217,"COD_SIG":null,"IDTIPO":null,"NOME":"BUFETE","REGEND":"002052","MORADA":"ENG DUARTE PACHECO (AV)","NUM_POLICIA":null,"FREGUESIA":"110","LOCALIDADE":null,"COD_POST_4":null,"COD_POST_3":null,"COM_INT_ID":48,"COD_ACT_ECON":"51203","DESC_ACT_ECON":"\"SNACK-BAR\" - 3ª CATEGORIA","ANO":1991,"TIPO":"Restauração e Bebidas","LOCALIZACAO":"Integrado - outro","C_INTEGRADO":"SHOPPING CENTER AMOREIRAS","EMPRESA":"MARIA ISABEL SILVEIRA MENDES RODRIGUES MOURA","GlobalID":"c6a70d3e-ff7e-4247-8d39-407f1b3317cb"}},{"type":"Feature","id":23218,"geometry":{"type":"Point","coordinates":[-9.16132443503435,38.7236969765544]},"properties":{"OBJECTID":23218,"COD_SIG":null,"IDTIPO":null,"NOME":"SALSA","REGEND":"002055","MORADA":"ENG DUARTE PACHECO (AV)","NUM_POLICIA":null,"FREGUESIA":"110","LOCALIDADE":null,"COD_POST_4":null,"COD_POST_3":null,"COM_INT_ID":48,"COD_ACT_ECON":"51107","DESC_ACT_ECON":"RESTAURANTE - 3ª CATEGORIA","ANO":1991,"TIPO":"Restauração e Bebidas","LOCALIZACAO":"Integrado - outro","C_INTEGRADO":"SHOPPING CENTER AMOREIRAS","EMPRESA":"LUCAS & PINTO LDA","GlobalID":"f487a9c0-35b1-4246-8dd7-67559eccdce6"}},{"type":"Feature","id":23227,"geometry":{"type":"Point","coordinates":[-9.15660804443412,38.7183720416912]},"properties":{"OBJECTID":23227,"COD_SIG":null,"IDTIPO":null,"NOME":"L C J ACTIVIDADES TURISTICAS & HOTELEIRAS SA","REGEND":"002046","MORADA":"ALVARES CABRAL (AV)","NUM_POLICIA":"35","FREGUESIA":"110","LOCALIDADE":null,"COD_POST_4":null,"COD_POST_3":null,"COM_INT_ID":null,"COD_ACT_ECON":"53102","DESC_ACT_ECON":"SALA DE DANÇA DISCOTECA - 1ª CATEGORIA","ANO":1991,"TIPO":"Restauração e Bebidas","LOCALIZACAO":"Isolado","C_INTEGRADO":null,"EMPRESA":"MARIA ISABEL SILVEIRA MENDES RODRIGUES MOURA","GlobalID":"5913ba8a-d260-4515-a611-861887727980"}},{"type":"Feature","id":23294,"geometry":{"type":"Point","coordinates":[-9.11952871384624,38.7174885690354]},"properties":{"OBJECTID":23294,"COD_SIG":null,"IDTIPO":null,"NOME":"JOSE COSTA SANTOS","REGEND":"002038","MORADA":"ST APOLÓNIA (R DE)","NUM_POLICIA":"10","FREGUESIA":"124","LOCALIDADE":null,"COD_POST_4":null,"COD_POST_3":null,"COM_INT_ID":null,"COD_ACT_ECON":"52704","DESC_ACT_ECON":"OUTROS EST. DE BEBIDAS - 3ª CATEGORIA","ANO":1991,"TIPO":"Restauração e Bebidas","LOCALIZACAO":"Isolado","C_INTEGRADO":null,"EMPRESA":"MARIA ISABEL SILVEIRA MENDES RODRIGUES MOURA","GlobalID":"f7c5514c-0b63-4afa-aaf5-6453ad0566d4"}},{"type":"Feature","id":23342,"geometry":{"type":"Point","coordinates":[-9.15781916477827,38.7190424596762]},"properties":{"OBJECTID":23342,"COD_SIG":null,"IDTIPO":null,"NOME":"O RABANETE","REGEND":"002091","MORADA":"ARRÁBIDA (R DA)","NUM_POLICIA":"2 A","FREGUESIA":"110","LOCALIDADE":"LISBOA","COD_POST_4":"1250","COD_POST_3":"033","COM_INT_ID":null,"COD_ACT_ECON":"52104","DESC_ACT_ECON":"CAFE/PASTELARIA - 3ª CATEGORIA","ANO":1991,"TIPO":"Restauração e Bebidas","LOCALIZACAO":"Isolado","C_INTEGRADO":null,"EMPRESA":"MARIA ISABEL SILVEIRA MENDES RODRIGUES MOURA","GlobalID":"a3c454c9-8c34-4df1-bcb8-9e5a9848cfdc"}},{"type":"Feature","id":23377,"geometry":{"type":"Point","coordinates":[-9.14157287145524,38.7129450863302]},"properties":{"OBJECTID":23377,"COD_SIG":null,"IDTIPO":null,"NOME":"ADEGA DA CONDESSA","REGEND":"001928","MORADA":"Rua da Condessa","NUM_POLICIA":"52","FREGUESIA":"121","LOCALIDADE":"LISBOA","COD_POST_4":"1200","COD_POST_3":"122","COM_INT_ID":null,"COD_ACT_ECON":"51109","DESC_ACT_ECON":"RESTAURANTE - CASA DE PASTO","ANO":1991,"TIPO":"Restauração e Bebidas","LOCALIZACAO":"Isolado","C_INTEGRADO":null,"EMPRESA":"MANUEL FERREIRA MATOS","GlobalID":"515ccabd-642a-41c0-a4f2-d6b0b27f1be6"}},{"type":"Feature","id":23396,"geometry":{"type":"Point","coordinates":[-9.12115622757908,38.7172723631505]},"properties":{"OBJECTID":23396,"COD_SIG":null,"IDTIPO":null,"NOME":"TE-KIN-FIN","REGEND":"002031","MORADA":"Rua de Diogo do Couto","NUM_POLICIA":"6A","FREGUESIA":"124","LOCALIDADE":null,"COD_POST_4":"1100","COD_POST_3":"196","COM_INT_ID":null,"COD_ACT_ECON":"51203","DESC_ACT_ECON":"\"SNACK-BAR\" - 3ª CATEGORIA","ANO":1991,"TIPO":"Restauração e Bebidas","LOCALIZACAO":"Isolado","C_INTEGRADO":null,"EMPRESA":"MARIA ISABEL SILVEIRA MENDES RODRIGUES MOURA","GlobalID":"ce8da784-cf39-47e8-baaf-b3551a07fd0a"}},{"type":"Feature","id":23426,"geometry":{"type":"Point","coordinates":[-9.15793649104261,38.7171038938559]},"properties":{"OBJECTID":23426,"COD_SIG":null,"IDTIPO":null,"NOME":"PIMENTEL & PIMENTEL LDA","REGEND":"002049","MORADA":"Avenida Álvares Cabral","NUM_POLICIA":"88","FREGUESIA":"110","LOCALIDADE":"LISBOA","COD_POST_4":"1250","COD_POST_3":"019","COM_INT_ID":null,"COD_ACT_ECON":"51105","DESC_ACT_ECON":"RESTAURANTE - 2ª CATEGORIA","ANO":1991,"TIPO":"Restauração e Bebidas","LOCALIZACAO":"Isolado","C_INTEGRADO":null,"EMPRESA":"PIMENTEL & PIMENTEL, LDA","GlobalID":"cbcacffe-cb27-4182-96ff-7eae57e7cee3"}},{"type":"Feature","id":23455,"geometry":{"type":"Point","coordinates":[-9.13972091364864,38.7120602890818]},"properties":{"OBJECTID":23455,"COD_SIG":null,"IDTIPO":null,"NOME":"A QUINTA","REGEND":"001924","MORADA":"CARMO (R DO)","NUM_POLICIA":"69","FREGUESIA":"121","LOCALIDADE":null,"COD_POST_4":null,"COD_POST_3":null,"COM_INT_ID":null,"COD_ACT_ECON":"51105","DESC_ACT_ECON":"RESTAURANTE - 2ª CATEGORIA","ANO":1991,"TIPO":"Restauração e Bebidas","LOCALIZACAO":"Isolado","C_INTEGRADO":null,"EMPRESA":"MARIA ISABEL SILVEIRA MENDES RODRIGUES MOURA","GlobalID":"6bab02b0-6a9d-4975-afe1-c40b786604b1"}},{"type":"Feature","id":23474,"geometry":{"type":"Point","coordinates":[-9.14043652058714,38.7114415827638]},"properties":{"OBJECTID":23474,"COD_SIG":null,"IDTIPO":null,"NOME":"HORA CERTA","REGEND":"001917","MORADA":"SACRAMENTO (C DO)","NUM_POLICIA":"17","FREGUESIA":"121","LOCALIDADE":null,"COD_POST_4":null,"COD_POST_3":null,"COM_INT_ID":null,"COD_ACT_ECON":"51203","DESC_ACT_ECON":"\"SNACK-BAR\" - 3ª CATEGORIA","ANO":1991,"TIPO":"Restauração e Bebidas","LOCALIZACAO":"Isolado","C_INTEGRADO":null,"EMPRESA":"MARQUES FERNANDES, LDA","GlobalID":"244bf068-99ae-4407-b3d1-8ece85d21979"}},{"type":"Feature","id":23487,"geometry":{"type":"Point","coordinates":[-9.14713718814034,38.7113024931615]},"properties":{"OBJECTID":23487,"COD_SIG":null,"IDTIPO":null,"NOME":"J SAMPAIO","REGEND":"001997","MORADA":"SÉCULO (R DO)","NUM_POLICIA":"2 D","FREGUESIA":"116","LOCALIDADE":null,"COD_POST_4":null,"COD_POST_3":null,"COM_INT_ID":null,"COD_ACT_ECON":"51107","DESC_ACT_ECON":"RESTAURANTE - 3ª CATEGORIA","ANO":1991,"TIPO":"Restauração e Bebidas","LOCALIZACAO":"Isolado","C_INTEGRADO":null,"EMPRESA":"MARIA ISABEL SILVEIRA MENDES RODRIGUES MOURA","GlobalID":"47703233-70df-4619-9bfd-cd86c202eb2e"}},{"type":"Feature","id":23489,"geometry":{"type":"Point","coordinates":[-9.14851676865141,38.7104888037172]},"properties":{"OBJECTID":23489,"COD_SIG":null,"IDTIPO":null,"NOME":"ISADORA BAR","REGEND":"002001","MORADA":"SOL (R DO) A ST CATARINA","NUM_POLICIA":"24 A","FREGUESIA":"116","LOCALIDADE":null,"COD_POST_4":null,"COD_POST_3":null,"COM_INT_ID":null,"COD_ACT_ECON":"52403","DESC_ACT_ECON":"BAR/\"PUB\" - 2ª CATEGORIA","ANO":1991,"TIPO":"Restauração e Bebidas","LOCALIZACAO":"Isolado","C_INTEGRADO":null,"EMPRESA":"MARIA ISABEL SILVEIRA MENDES RODRIGUES MOURA","GlobalID":"f889d27a-15d8-4e19-8bb3-73947f0dd96a"}},{"type":"Feature","id":23503,"geometry":{"type":"Point","coordinates":[-9.14726860897147,38.7116526570462]},"properties":{"OBJECTID":23503,"COD_SIG":null,"IDTIPO":null,"NOME":"CANDIDA FERREIRA MARQUES RIBEIRO","REGEND":"001998","MORADA":"SÉCULO (R DO)","NUM_POLICIA":"8","FREGUESIA":"116","LOCALIDADE":null,"COD_POST_4":null,"COD_POST_3":null,"COM_INT_ID":null,"COD_ACT_ECON":"52705","DESC_ACT_ECON":"Outros Estab. De Bebidas - Taberna","ANO":1991,"TIPO":"Restauração e Bebidas","LOCALIZACAO":"Isolado","C_INTEGRADO":null,"EMPRESA":"MARIA ISABEL SILVEIRA MENDES RODRIGUES MOURA","GlobalID":"82522dae-3afd-4d7e-8a7a-5ce714fd29f3"}},{"type":"Feature","id":23505,"geometry":{"type":"Point","coordinates":[-9.14977919896797,38.7103336894621]},"properties":{"OBJECTID":23505,"COD_SIG":null,"IDTIPO":null,"NOME":"MANUEL AFONSO GONÇALVES JESUS","REGEND":"002002","MORADA":"SOL (R DO) A ST CATARINA","NUM_POLICIA":"39","FREGUESIA":"116","LOCALIDADE":null,"COD_POST_4":null,"COD_POST_3":null,"COM_INT_ID":null,"COD_ACT_ECON":"52704","DESC_ACT_ECON":"OUTROS EST. DE BEBIDAS - 3ª CATEGORIA","ANO":1991,"TIPO":"Restauração e Bebidas","LOCALIZACAO":"Isolado","C_INTEGRADO":null,"EMPRESA":"MARIA ISABEL SILVEIRA MENDES RODRIGUES MOURA","GlobalID":"6d53ad09-5c9f-4358-b362-33fffcf03798"}},{"type":"Feature","id":23527,"geometry":{"type":"Point","coordinates":[-9.16169395163661,38.723443767446]},"properties":{"OBJECTID":23527,"COD_SIG":null,"IDTIPO":null,"NOME":"O OUTRO CROISSANT","REGEND":"002076","MORADA":"Avenida Engenheiro Duarte Pacheco","NUM_POLICIA":"Lote 7","FREGUESIA":"110","LOCALIDADE":"LISBOA                         ","COD_POST_4":"1070","COD_POST_3":"100","COM_INT_ID":48,"COD_ACT_ECON":"52103","DESC_ACT_ECON":"CAFÉ/PASTELARIA - 2ª CATEGORIA","ANO":1991,"TIPO":"Restauração e Bebidas","LOCALIZACAO":"Integrado - outro","C_INTEGRADO":"SHOPPING CENTER AMOREIRAS","EMPRESA":"O OUTRO CROISSANT, CROISSANTERIA, LDA","GlobalID":"76117ea5-9673-4964-8255-f7344209713f"}},{"type":"Feature","id":23534,"geometry":{"type":"Point","coordinates":[-9.16169395163661,38.723443767446]},"properties":{"OBJECTID":23534,"COD_SIG":null,"IDTIPO":null,"NOME":"SECOS & MOLHADOS","REGEND":"002078","MORADA":"Avenida Engenheiro Duarte Pacheco","NUM_POLICIA":"Lote 7","FREGUESIA":"110","LOCALIDADE":"LISBOA                         ","COD_POST_4":"1070","COD_POST_3":"100","COM_INT_ID":48,"COD_ACT_ECON":"51403","DESC_ACT_ECON":"OUTROS EST. COMIDAS REFEIÇÕES - 3ª CAT.","ANO":1991,"TIPO":"Restauração e Bebidas","LOCALIZACAO":"Integrado - outro","C_INTEGRADO":"SHOPPING CENTER AMOREIRAS","EMPRESA":"MARIA ISABEL SILVEIRA MENDES RODRIGUES MOURA","GlobalID":"3b55f24d-13e5-4991-b475-487cb590b161"}},{"type":"Feature","id":23538,"geometry":{"type":"Point","coordinates":[-9.16169395163661,38.723443767446]},"properties":{"OBJECTID":23538,"COD_SIG":null,"IDTIPO":null,"NOME":"ABRACADABRA","REGEND":"002081","MORADA":"Avenida Engenheiro Duarte Pacheco","NUM_POLICIA":"Lote 7","FREGUESIA":"110","LOCALIDADE":null,"COD_POST_4":"1070","COD_POST_3":"100","COM_INT_ID":48,"COD_ACT_ECON":"51403","DESC_ACT_ECON":"OUTROS EST. COMIDAS REFEIÇÕES - 3ª CAT.","ANO":1991,"TIPO":"Restauração e Bebidas","LOCALIZACAO":"Integrado - outro","C_INTEGRADO":"SHOPPING CENTER AMOREIRAS","EMPRESA":"CAFETARIAS PORTUGUESAS LDA","GlobalID":"c36910fc-ec7c-47af-9603-f47ec843695e"}},{"type":"Feature","id":23553,"geometry":{"type":"Point","coordinates":[-9.16254651662162,38.7031461101254]},"properties":{"OBJECTID":23553,"COD_SIG":null,"IDTIPO":null,"NOME":"KUNDAN NARENDRA","REGEND":"001905","MORADA":"ROCHA DO CD DE OBIDOS","NUM_POLICIA":null,"FREGUESIA":"113","LOCALIDADE":null,"COD_POST_4":null,"COD_POST_3":null,"COM_INT_ID":null,"COD_ACT_ECON":"52104","DESC_ACT_ECON":"CAFE/PASTELARIA - 3ª CATEGORIA","ANO":1991,"TIPO":"Restauração e Bebidas","LOCALIZACAO":"Isolado","C_INTEGRADO":null,"EMPRESA":"MARIA ISABEL SILVEIRA MENDES RODRIGUES MOURA","GlobalID":"134f43d9-9272-4c9a-a881-f342383852a7"}},{"type":"Feature","id":23557,"geometry":{"type":"Point","coordinates":[-9.17271199790379,38.7069609470145]},"properties":{"OBJECTID":23557,"COD_SIG":null,"IDTIPO":null,"NOME":"MANUEL CARLOS ALVES","REGEND":"001897","MORADA":"TRISTE FEIA (R)","NUM_POLICIA":"10","FREGUESIA":"113","LOCALIDADE":null,"COD_POST_4":null,"COD_POST_3":null,"COM_INT_ID":null,"COD_ACT_ECON":"52705","DESC_ACT_ECON":"Outros Estab. De Bebidas - Taberna","ANO":1991,"TIPO":"Restauração e Bebidas","LOCALIZACAO":"Isolado","C_INTEGRADO":null,"EMPRESA":"MARIA ISABEL SILVEIRA MENDES RODRIGUES MOURA","GlobalID":"ce1239c5-0720-4dca-bd28-9b37178f83dd"}},{"type":"Feature","id":23584,"geometry":{"type":"Point","coordinates":[-9.15091607175725,38.7102427117475]},"properties":{"OBJECTID":23584,"COD_SIG":null,"IDTIPO":null,"NOME":"RESTAURANTE COUTADA","REGEND":"001985","MORADA":"POÇO DOS NEGROS (R DO)","NUM_POLICIA":"76","FREGUESIA":"116","LOCALIDADE":null,"COD_POST_4":null,"COD_POST_3":null,"COM_INT_ID":null,"COD_ACT_ECON":"51107","DESC_ACT_ECON":"RESTAURANTE - 3ª CATEGORIA","ANO":1991,"TIPO":"Restauração e Bebidas","LOCALIZACAO":"Isolado","C_INTEGRADO":null,"EMPRESA":"MARIA ISABEL SILVEIRA MENDES RODRIGUES MOURA","GlobalID":"96c30468-8e9b-4d41-b621-36486df3be65"}},{"type":"Feature","id":23604,"geometry":{"type":"Point","coordinates":[-9.15255876612008,38.7109580102861]},"properties":{"OBJECTID":23604,"COD_SIG":null,"IDTIPO":null,"NOME":"MARIA GRAÇA REBELO ESTEVES","REGEND":"001994","MORADA":"S BENTO (R DE)","NUM_POLICIA":"66 A","FREGUESIA":"116","LOCALIDADE":"LISBOA","COD_POST_4":"1200","COD_POST_3":"819","COM_INT_ID":null,"COD_ACT_ECON":"51203","DESC_ACT_ECON":"\"SNACK-BAR\" - 3ª CATEGORIA","ANO":1991,"TIPO":"Restauração e Bebidas","LOCALIZACAO":"Isolado","C_INTEGRADO":null,"EMPRESA":"MARIA ISABEL SILVEIRA MENDES RODRIGUES MOURA","GlobalID":"e5db5f34-0f1a-4602-87b2-5ab0b6284faa"}},{"type":"Feature","id":23622,"geometry":{"type":"Point","coordinates":[-9.16169395163661,38.723443767446]},"properties":{"OBJECTID":23622,"COD_SIG":null,"IDTIPO":null,"NOME":"WAIKIKI","REGEND":"002063","MORADA":"Avenida Engenheiro Duarte Pacheco","NUM_POLICIA":"Lote 7","FREGUESIA":"110","LOCALIDADE":"LISBOA                         ","COD_POST_4":"1070","COD_POST_3":"100","COM_INT_ID":null,"COD_ACT_ECON":"52104","DESC_ACT_ECON":"CAFE/PASTELARIA - 3ª CATEGORIA","ANO":1991,"TIPO":"Restauração e Bebidas","LOCALIZACAO":"Isolado","C_INTEGRADO":null,"EMPRESA":"CAFETARIAS PORTUGUESAS LDA","GlobalID":"39534e47-c8e1-4542-957a-06bf29dc6ebc"}},{"type":"Feature","id":23635,"geometry":{"type":"Point","coordinates":[-9.16825849927146,38.7047800584695]},"properties":{"OBJECTID":23635,"COD_SIG":null,"IDTIPO":null,"NOME":"SOCIEDADE HOTELEIRA GUILHERME A FERREIRA LDA","REGEND":"001894","MORADA":"SACRAMENTO (R DO) A ALCANTARA","NUM_POLICIA":"30","FREGUESIA":"113","LOCALIDADE":"LISBOA","COD_POST_4":"1350","COD_POST_3":"279","COM_INT_ID":null,"COD_ACT_ECON":"51107","DESC_ACT_ECON":"RESTAURANTE - 3ª CATEGORIA","ANO":1991,"TIPO":"Restauração e Bebidas","LOCALIZACAO":"Isolado","C_INTEGRADO":null,"EMPRESA":"SOCIEDADE HOTELEIRA GUILHERME A FERREIRA, LDA","GlobalID":"d9129013-e432-4d02-8e42-6ad53725f75b"}},{"type":"Feature","id":23661,"geometry":{"type":"Point","coordinates":[-9.17341080365151,38.7059998923734]},"properties":{"OBJECTID":23661,"COD_SIG":null,"IDTIPO":null,"NOME":"BAR TEJO","REGEND":"001903","MORADA":"VIEIRA DA SILVA (R)","NUM_POLICIA":"129","FREGUESIA":"113","LOCALIDADE":"LISBOA","COD_POST_4":"1350","COD_POST_3":"342","COM_INT_ID":null,"COD_ACT_ECON":"51105","DESC_ACT_ECON":"RESTAURANTE - 2ª CATEGORIA","ANO":1991,"TIPO":"Restauração e Bebidas","LOCALIZACAO":"Isolado","C_INTEGRADO":null,"EMPRESA":"JOSE ALVES & ALVES, LDA","GlobalID":"51768c62-7bf8-4834-a2dc-b2056166d429"}},{"type":"Feature","id":23734,"geometry":{"type":"Point","coordinates":[-9.14283789969958,38.7129701808808]},"properties":{"OBJECTID":23734,"COD_SIG":null,"IDTIPO":null,"NOME":"ESTRELA DE S. ROQUE","REGEND":"001922","MORADA":"Largo Trindade Coelho","NUM_POLICIA":"1","FREGUESIA":"121","LOCALIDADE":"LISBOA","COD_POST_4":"1200","COD_POST_3":"470","COM_INT_ID":null,"COD_ACT_ECON":"52704","DESC_ACT_ECON":"OUTROS EST. DE BEBIDAS - 3ª CATEGORIA","ANO":1991,"TIPO":"Restauração e Bebidas","LOCALIZACAO":"Isolado","C_INTEGRADO":null,"EMPRESA":"MARIA ISABEL SILVEIRA MENDES RODRIGUES MOURA","GlobalID":"1de4cd61-7d59-42e1-b76e-1d6bcdd153f4"}},{"type":"Feature","id":23741,"geometry":{"type":"Point","coordinates":[-9.14107729157424,38.7128592884288]},"properties":{"OBJECTID":23741,"COD_SIG":null,"IDTIPO":null,"NOME":"ALFREDO SIMÕES BARATA LDA","REGEND":"001929","MORADA":"Rua do Duque","NUM_POLICIA":"6","FREGUESIA":"121","LOCALIDADE":"LISBOA","COD_POST_4":"1200","COD_POST_3":"159","COM_INT_ID":null,"COD_ACT_ECON":"51109","DESC_ACT_ECON":"RESTAURANTE - CASA DE PASTO","ANO":1991,"TIPO":"Restauração e Bebidas","LOCALIZACAO":"Isolado","C_INTEGRADO":null,"EMPRESA":"ALFREDO SIMÕES BARATA, LDA","GlobalID":"cb830c81-644f-4aee-a680-0267af57f13f"}},{"type":"Feature","id":23743,"geometry":{"type":"Point","coordinates":[-9.14105277924508,38.7127514063745]},"properties":{"OBJECTID":23743,"COD_SIG":null,"IDTIPO":null,"NOME":"MARISQUEIRA DO CARMO","REGEND":"001930","MORADA":"Rua do Duque","NUM_POLICIA":"7","FREGUESIA":"121","LOCALIDADE":"LISBOA","COD_POST_4":"1200","COD_POST_3":"158","COM_INT_ID":null,"COD_ACT_ECON":"51107","DESC_ACT_ECON":"RESTAURANTE - 3ª CATEGORIA","ANO":1991,"TIPO":"Restauração e Bebidas","LOCALIZACAO":"Isolado","C_INTEGRADO":null,"EMPRESA":"ALFREDO SIMÕES BARATA, LDA","GlobalID":"81091c4c-2308-4102-b7ec-35967fe5d0ab"}},{"type":"Feature","id":23811,"geometry":{"type":"Point","coordinates":[-9.12890002602675,38.731745124946]},"properties":{"OBJECTID":23811,"COD_SIG":null,"IDTIPO":null,"NOME":"FERROLHO & CONCEIÇAO","REGEND":"001830","MORADA":"SEBASTIÃO SARAIVA LIMA (R)","NUM_POLICIA":"91","FREGUESIA":"119","LOCALIDADE":null,"COD_POST_4":null,"COD_POST_3":null,"COM_INT_ID":null,"COD_ACT_ECON":"52104","DESC_ACT_ECON":"CAFE/PASTELARIA - 3ª CATEGORIA","ANO":1991,"TIPO":"Restauração e Bebidas","LOCALIZACAO":"Isolado","C_INTEGRADO":null,"EMPRESA":"MARIA ISABEL SILVEIRA MENDES RODRIGUES MOURA","GlobalID":"7c74057f-b8a1-4c8d-ac19-ccc5906938fc"}},{"type":"Feature","id":23843,"geometry":{"type":"Point","coordinates":[-9.16169395163661,38.723443767446]},"properties":{"OBJECTID":23843,"COD_SIG":null,"IDTIPO":null,"NOME":"RESTAURANTE ALFACINHA","REGEND":"002051","MORADA":"Avenida Engenheiro Duarte Pacheco","NUM_POLICIA":"Lote 7","FREGUESIA":"110","LOCALIDADE":"LISBOA                         ","COD_POST_4":"1070","COD_POST_3":"100","COM_INT_ID":48,"COD_ACT_ECON":"51105","DESC_ACT_ECON":"RESTAURANTE - 2ª CATEGORIA","ANO":1991,"TIPO":"Restauração e Bebidas","LOCALIZACAO":"Integrado - outro","C_INTEGRADO":"SHOPPING CENTER AMOREIRAS","EMPRESA":"MARIA ISABEL SILVEIRA MENDES RODRIGUES MOURA","GlobalID":"4c73fdbd-67ae-438e-9b46-87c9bebbfc56"}},{"type":"Feature","id":23860,"geometry":{"type":"Point","coordinates":[-9.16169395163661,38.723443767446]},"properties":{"OBJECTID":23860,"COD_SIG":null,"IDTIPO":null,"NOME":"NOMINUTO","REGEND":"002053","MORADA":"ENG DUARTE PACHECO (AV)","NUM_POLICIA":null,"FREGUESIA":"110","LOCALIDADE":null,"COD_POST_4":null,"COD_POST_3":null,"COM_INT_ID":48,"COD_ACT_ECON":"51107","DESC_ACT_ECON":"RESTAURANTE - 3ª CATEGORIA","ANO":1991,"TIPO":"Restauração e Bebidas","LOCALIZACAO":"Integrado - outro","C_INTEGRADO":"SHOPPING CENTER AMOREIRAS","EMPRESA":"MARIA ISABEL SILVEIRA MENDES RODRIGUES MOURA","GlobalID":"29bc3e5f-1a4c-4fcd-a91f-d12b8c5f711f"}},{"type":"Feature","id":23876,"geometry":{"type":"Point","coordinates":[-9.16877041232095,38.7118421903167]},"properties":{"OBJECTID":23876,"COD_SIG":null,"IDTIPO":null,"NOME":"RESTAURANTE TRUQUE","REGEND":"001869","MORADA":"POSSIDÓNIO DA SILVA (R)","NUM_POLICIA":"150","FREGUESIA":"113","LOCALIDADE":"LISBOA","COD_POST_4":"1350","COD_POST_3":"248","COM_INT_ID":null,"COD_ACT_ECON":"51107","DESC_ACT_ECON":"RESTAURANTE - 3ª CATEGORIA","ANO":1991,"TIPO":"Restauração e Bebidas","LOCALIZACAO":"Isolado","C_INTEGRADO":null,"EMPRESA":"MARIA ISABEL SILVEIRA MENDES RODRIGUES MOURA","GlobalID":"505ada07-40e4-4b62-9128-6e19572f2875"}},{"type":"Feature","id":23883,"geometry":{"type":"Point","coordinates":[-9.15053471625789,38.7094868887441]},"properties":{"OBJECTID":23883,"COD_SIG":null,"IDTIPO":null,"NOME":"SOLAR CHEFE COSTA","REGEND":"001968","MORADA":"FERNANDES TOMÁS (R)","NUM_POLICIA":"54","FREGUESIA":"116","LOCALIDADE":null,"COD_POST_4":null,"COD_POST_3":null,"COM_INT_ID":null,"COD_ACT_ECON":"51107","DESC_ACT_ECON":"RESTAURANTE - 3ª CATEGORIA","ANO":1991,"TIPO":"Restauração e Bebidas","LOCALIZACAO":"Isolado","C_INTEGRADO":null,"EMPRESA":"MARIA ISABEL SILVEIRA MENDES RODRIGUES MOURA","GlobalID":"8ceb4746-a98a-4233-96f1-b05d3adff8d8"}},{"type":"Feature","id":23887,"geometry":{"type":"Point","coordinates":[-9.14665088246635,38.7109971858145]},"properties":{"OBJECTID":23887,"COD_SIG":null,"IDTIPO":null,"NOME":"GINGINHA CALÇADA COMBRO","REGEND":"001954","MORADA":"COMBRO (C DO)","NUM_POLICIA":"38 B","FREGUESIA":"116","LOCALIDADE":"LISBOA                         ","COD_POST_4":"1200","COD_POST_3":"114","COM_INT_ID":null,"COD_ACT_ECON":"51109","DESC_ACT_ECON":"RESTAURANTE - CASA DE PASTO","ANO":1991,"TIPO":"Restauração e Bebidas","LOCALIZACAO":"Isolado","C_INTEGRADO":null,"EMPRESA":"MARIA ISABEL SILVEIRA MENDES RODRIGUES MOURA","GlobalID":"f1b4cc47-ab56-41ba-b2d7-77156ec1606c"}},{"type":"Feature","id":23912,"geometry":{"type":"Point","coordinates":[-9.15371884149486,38.7391242868249]},"properties":{"OBJECTID":23912,"COD_SIG":null,"IDTIPO":null,"NOME":"A GRELHA CAIPIRA","REGEND":"001642","MORADA":"Rua Doutor Silva Teles","NUM_POLICIA":"18D","FREGUESIA":"106","LOCALIDADE":"LISBOA","COD_POST_4":"1050","COD_POST_3":"080","COM_INT_ID":null,"COD_ACT_ECON":"51107","DESC_ACT_ECON":"RESTAURANTE - 3ª CATEGORIA","ANO":1991,"TIPO":"Restauração e Bebidas","LOCALIZACAO":"Isolado","C_INTEGRADO":null,"EMPRESA":"RODRIGUES & SALVADOR, LDA","GlobalID":"f7eb7b1a-bf2d-4d70-8189-4e0789c48cf2"}},{"type":"Feature","id":23943,"geometry":{"type":"Point","coordinates":[-9.16169395163661,38.723443767446]},"properties":{"OBJECTID":23943,"COD_SIG":null,"IDTIPO":null,"NOME":"GELADARIA AMOREIRAS LDA","REGEND":"002050","MORADA":"Avenida Engenheiro Duarte Pacheco","NUM_POLICIA":"Lote 7","FREGUESIA":"110","LOCALIDADE":"LISBOA                         ","COD_POST_4":"1070","COD_POST_3":"100","COM_INT_ID":null,"COD_ACT_ECON":"51203","DESC_ACT_ECON":"\"SNACK-BAR\" - 3ª CATEGORIA","ANO":1991,"TIPO":"Restauração e Bebidas","LOCALIZACAO":"Isolado","C_INTEGRADO":null,"EMPRESA":"MARIA ISABEL SILVEIRA MENDES RODRIGUES MOURA","GlobalID":"82a8e9a6-a074-411f-b31f-4e4777e1fd8a"}},{"type":"Feature","id":23957,"geometry":{"type":"Point","coordinates":[-9.16204112893434,38.7203960691068]},"properties":{"OBJECTID":23957,"COD_SIG":null,"IDTIPO":null,"NOME":"EMILIO ALVES DUARTE","REGEND":"002096","MORADA":"CAMPO DE OURIQUE (R DE)","NUM_POLICIA":"39","FREGUESIA":"110","LOCALIDADE":null,"COD_POST_4":null,"COD_POST_3":null,"COM_INT_ID":null,"COD_ACT_ECON":"51109","DESC_ACT_ECON":"RESTAURANTE - CASA DE PASTO","ANO":1991,"TIPO":"Restauração e Bebidas","LOCALIZACAO":"Isolado","C_INTEGRADO":null,"EMPRESA":"MARIA ISABEL SILVEIRA MENDES RODRIGUES MOURA","GlobalID":"00c7a72c-6caf-4e6e-b3ce-6fd43d706659"}},{"type":"Feature","id":23970,"geometry":{"type":"Point","coordinates":[-9.16132443503435,38.7236969765544]},"properties":{"OBJECTID":23970,"COD_SIG":null,"IDTIPO":null,"NOME":"HOT DOG","REGEND":"002086","MORADA":"ENG DUARTE PACHECO (AV)","NUM_POLICIA":null,"FREGUESIA":"110","LOCALIDADE":null,"COD_POST_4":null,"COD_POST_3":null,"COM_INT_ID":48,"COD_ACT_ECON":"51203","DESC_ACT_ECON":"\"SNACK-BAR\" - 3ª CATEGORIA","ANO":1991,"TIPO":"Restauração e Bebidas","LOCALIZACAO":"Integrado - outro","C_INTEGRADO":"SHOPPING CENTER AMOREIRAS","EMPRESA":"MARIA ISABEL SILVEIRA MENDES RODRIGUES MOURA","GlobalID":"147ec438-6b93-4998-9b7a-f06b199ab4fc"}},{"type":"Feature","id":24007,"geometry":{"type":"Point","coordinates":[-9.11956474257732,38.7177541827205]},"properties":{"OBJECTID":24007,"COD_SIG":null,"IDTIPO":null,"NOME":"ALEXANDRINO & IRMAO","REGEND":"002025","MORADA":"VALE DE ST ANTONIO (R DO)","NUM_POLICIA":"14","FREGUESIA":"124","LOCALIDADE":null,"COD_POST_4":null,"COD_POST_3":null,"COM_INT_ID":null,"COD_ACT_ECON":"52705","DESC_ACT_ECON":"Outros Estab. De Bebidas - Taberna","ANO":1991,"TIPO":"Restauração e Bebidas","LOCALIZACAO":"Isolado","C_INTEGRADO":null,"EMPRESA":"MARIA ISABEL SILVEIRA MENDES RODRIGUES MOURA","GlobalID":"a556b735-2886-4434-9a6b-ff25fcac0afe"}},{"type":"Feature","id":24016,"geometry":{"type":"Point","coordinates":[-9.1180052205317,38.7197310612898]},"properties":{"OBJECTID":24016,"COD_SIG":null,"IDTIPO":null,"NOME":"EMILIA CONCEIÇAO HERDEIROS","REGEND":"002037","MORADA":"ST APOLÓNIA (R DE)","NUM_POLICIA":"4","FREGUESIA":"124","LOCALIDADE":null,"COD_POST_4":null,"COD_POST_3":null,"COM_INT_ID":null,"COD_ACT_ECON":"52705","DESC_ACT_ECON":"Outros Estab. De Bebidas - Taberna","ANO":1991,"TIPO":"Restauração e Bebidas","LOCALIZACAO":"Isolado","C_INTEGRADO":null,"EMPRESA":"MARIA ISABEL SILVEIRA MENDES RODRIGUES MOURA","GlobalID":"56000133-20e4-41af-bcef-3825a6f3f051"}},{"type":"Feature","id":24032,"geometry":{"type":"Point","coordinates":[-9.16155606652869,38.7202472120266]},"properties":{"OBJECTID":24032,"COD_SIG":null,"IDTIPO":null,"NOME":"AMERICO FERNANDES & GONÇALVES LDA","REGEND":"002095","MORADA":"Rua de Campo de Ourique","NUM_POLICIA":"11","FREGUESIA":"110","LOCALIDADE":"LISBOA","COD_POST_4":"1250","COD_POST_3":"059","COM_INT_ID":null,"COD_ACT_ECON":"52705","DESC_ACT_ECON":"Outros Estab. De Bebidas - Taberna","ANO":1991,"TIPO":"Restauração e Bebidas","LOCALIZACAO":"Isolado","C_INTEGRADO":null,"EMPRESA":"AMÉRICO FERNANDES & GONÇALVES, LDA","GlobalID":"d4f15e26-4403-4796-8777-21aafad38a42"}},{"type":"Feature","id":24051,"geometry":{"type":"Point","coordinates":[-9.13858874892978,38.7215012412979]},"properties":{"OBJECTID":24051,"COD_SIG":null,"IDTIPO":null,"NOME":"PASTELARIA CELTA","REGEND":"001694","MORADA":"MASTRO (L DO)","NUM_POLICIA":"51","FREGUESIA":"105","LOCALIDADE":null,"COD_POST_4":null,"COD_POST_3":null,"COM_INT_ID":null,"COD_ACT_ECON":"52104","DESC_ACT_ECON":"CAFE/PASTELARIA - 3ª CATEGORIA","ANO":1991,"TIPO":"Restauração e Bebidas","LOCALIZACAO":"Isolado","C_INTEGRADO":null,"EMPRESA":"MARIA ISABEL SILVEIRA MENDES RODRIGUES MOURA","GlobalID":"a01c02ce-2c49-4fff-b997-074000e1e9e7"}},{"type":"Feature","id":24105,"geometry":{"type":"Point","coordinates":[-9.12383874523949,38.7191862581793]},"properties":{"OBJECTID":24105,"COD_SIG":null,"IDTIPO":null,"NOME":"A CARVALHO & SILVA LDA","REGEND":"002021","MORADA":"BELA VISTA (R DA) À GRAÇA","NUM_POLICIA":"2","FREGUESIA":"124","LOCALIDADE":null,"COD_POST_4":null,"COD_POST_3":null,"COM_INT_ID":null,"COD_ACT_ECON":"52104","DESC_ACT_ECON":"CAFE/PASTELARIA - 3ª CATEGORIA","ANO":1991,"TIPO":"Restauração e Bebidas","LOCALIZACAO":"Isolado","C_INTEGRADO":null,"EMPRESA":"MARIA ISABEL SILVEIRA MENDES RODRIGUES MOURA","GlobalID":"e57ece31-5cc9-482a-b250-8e04525fd18f"}},{"type":"Feature","id":24128,"geometry":{"type":"Point","coordinates":[-9.16169395163661,38.723443767446]},"properties":{"OBJECTID":24128,"COD_SIG":null,"IDTIPO":null,"NOME":"THE JELLOW CAB CO","REGEND":"002067","MORADA":"Avenida Engenheiro Duarte Pacheco","NUM_POLICIA":"Lote 7","FREGUESIA":"110","LOCALIDADE":"LISBOA                         ","COD_POST_4":"1070","COD_POST_3":"100","COM_INT_ID":48,"COD_ACT_ECON":"51107","DESC_ACT_ECON":"RESTAURANTE - 3ª CATEGORIA","ANO":1991,"TIPO":"Restauração e Bebidas","LOCALIZACAO":"Integrado - outro","C_INTEGRADO":"SHOPPING CENTER AMOREIRAS","EMPRESA":"MARIA ISABEL SILVEIRA MENDES RODRIGUES MOURA","GlobalID":"9148590e-1ba7-4633-8f90-3925abfd0ccc"}},{"type":"Feature","id":24139,"geometry":{"type":"Point","coordinates":[-9.16113416287404,38.7188907492678]},"properties":{"OBJECTID":24139,"COD_SIG":null,"IDTIPO":null,"NOME":"MARIA GABRIELA SANTOS PEREIRA","REGEND":"002093","MORADA":"Rua do Cabo","NUM_POLICIA":"56A","FREGUESIA":"110","LOCALIDADE":"LISBOA","COD_POST_4":"1250","COD_POST_3":"057","COM_INT_ID":null,"COD_ACT_ECON":"51203","DESC_ACT_ECON":"\"SNACK-BAR\" - 3ª CATEGORIA","ANO":1991,"TIPO":"Restauração e Bebidas","LOCALIZACAO":"Isolado","C_INTEGRADO":null,"EMPRESA":"MARIA GABRIELA SANTOS PEREIRA","GlobalID":"b6cce752-3139-4b8e-9fff-7490ef9b08d8"}},{"type":"Feature","id":24188,"geometry":{"type":"Point","coordinates":[-9.13167581845805,38.7236210040343]},"properties":{"OBJECTID":24188,"COD_SIG":null,"IDTIPO":null,"NOME":"PASTELARIA TEBAS","REGEND":"001785","MORADA":"HELIODORO SALGADO (R)","NUM_POLICIA":"2 A","FREGUESIA":"119","LOCALIDADE":"LISBOA","COD_POST_4":"1170","COD_POST_3":"176","COM_INT_ID":null,"COD_ACT_ECON":"52104","DESC_ACT_ECON":"CAFE/PASTELARIA - 3ª CATEGORIA","ANO":1991,"TIPO":"Restauração e Bebidas","LOCALIZACAO":"Isolado","C_INTEGRADO":null,"EMPRESA":"ANTUNES & CARDOSO, LDA","GlobalID":"538823a7-143b-48b5-8419-423e2d2995d6"}},{"type":"Feature","id":24220,"geometry":{"type":"Point","coordinates":[-9.15043296678062,38.7103971266313]},"properties":{"OBJECTID":24220,"COD_SIG":null,"IDTIPO":null,"NOME":"RESTAURANTE O POÇO PETISCO","REGEND":"001983","MORADA":"POÇO DOS NEGROS (R DO)","NUM_POLICIA":"51","FREGUESIA":"116","LOCALIDADE":null,"COD_POST_4":null,"COD_POST_3":null,"COM_INT_ID":null,"COD_ACT_ECON":"51109","DESC_ACT_ECON":"RESTAURANTE - CASA DE PASTO","ANO":1991,"TIPO":"Restauração e Bebidas","LOCALIZACAO":"Isolado","C_INTEGRADO":null,"EMPRESA":"MARIA ISABEL SILVEIRA MENDES RODRIGUES MOURA","GlobalID":"d664a72d-97a2-41e9-97db-1a2b88768c9b"}},{"type":"Feature","id":24228,"geometry":{"type":"Point","coordinates":[-9.16169395163661,38.723443767446]},"properties":{"OBJECTID":24228,"COD_SIG":null,"IDTIPO":null,"NOME":"TABERNA GRILL DAS AMOREIRAS","REGEND":"002071","MORADA":"Avenida Engenheiro Duarte Pacheco","NUM_POLICIA":"Lote 7","FREGUESIA":"110","LOCALIDADE":"LISBOA                         ","COD_POST_4":"1070","COD_POST_3":"100","COM_INT_ID":48,"COD_ACT_ECON":"51105","DESC_ACT_ECON":"RESTAURANTE - 2ª CATEGORIA","ANO":1991,"TIPO":"Restauração e Bebidas","LOCALIZACAO":"Integrado - outro","C_INTEGRADO":"SHOPPING CENTER AMOREIRAS","EMPRESA":"MARIA ISABEL SILVEIRA MENDES RODRIGUES MOURA","GlobalID":"af607b7b-def8-4208-bf91-1d81fef1dab4"}},{"type":"Feature","id":24316,"geometry":{"type":"Point","coordinates":[-9.15214381273077,38.7108036702152]},"properties":{"OBJECTID":24316,"COD_SIG":null,"IDTIPO":null,"NOME":"RESTAURANTE TAKI TALA","REGEND":"001980","MORADA":"POIAIS DE S BENTO (R DOS)","NUM_POLICIA":"103","FREGUESIA":"116","LOCALIDADE":null,"COD_POST_4":null,"COD_POST_3":null,"COM_INT_ID":null,"COD_ACT_ECON":"51107","DESC_ACT_ECON":"RESTAURANTE - 3ª CATEGORIA","ANO":1991,"TIPO":"Restauração e Bebidas","LOCALIZACAO":"Isolado","C_INTEGRADO":null,"EMPRESA":"MARIA ISABEL SILVEIRA MENDES RODRIGUES MOURA","GlobalID":"62d2c838-1b10-46d3-aef4-29cdd927a2cb"}},{"type":"Feature","id":24376,"geometry":{"type":"Point","coordinates":[-9.14821328720573,38.7109778658216]},"properties":{"OBJECTID":24376,"COD_SIG":null,"IDTIPO":null,"NOME":"SNACK BAR RONDA","REGEND":"001959","MORADA":"COMBRO (C DO)","NUM_POLICIA":"115","FREGUESIA":"116","LOCALIDADE":"LISBOA","COD_POST_4":"1200","COD_POST_3":"112","COM_INT_ID":null,"COD_ACT_ECON":"51203","DESC_ACT_ECON":"\"SNACK-BAR\" - 3ª CATEGORIA","ANO":1991,"TIPO":"Restauração e Bebidas","LOCALIZACAO":"Isolado","C_INTEGRADO":null,"EMPRESA":"TRAVANCA GOMES, RESTAURAÇÃO, LDA","GlobalID":"594aa270-20dd-402c-a885-3c2d735ca463"}},{"type":"Feature","id":24424,"geometry":{"type":"Point","coordinates":[-9.17418300984277,38.704412935274]},"properties":{"OBJECTID":24424,"COD_SIG":null,"IDTIPO":null,"NOME":"CERVEJARIA MODERNA","REGEND":"001839","MORADA":"VINTE E QUATRO DE JULHO (AV)","NUM_POLICIA":"180 D","FREGUESIA":"113","LOCALIDADE":null,"COD_POST_4":null,"COD_POST_3":null,"COM_INT_ID":null,"COD_ACT_ECON":"51109","DESC_ACT_ECON":"RESTAURANTE - CASA DE PASTO","ANO":1991,"TIPO":"Restauração e Bebidas","LOCALIZACAO":"Isolado","C_INTEGRADO":null,"EMPRESA":"MARIA ISABEL SILVEIRA MENDES RODRIGUES MOURA","GlobalID":"d1aa4460-cdc3-4def-a838-7f410d248005"}},{"type":"Feature","id":24439,"geometry":{"type":"Point","coordinates":[-9.16169395163661,38.723443767446]},"properties":{"OBJECTID":24439,"COD_SIG":null,"IDTIPO":null,"NOME":"PASTELARIA LUA MEL","REGEND":"002058","MORADA":"Avenida Engenheiro Duarte Pacheco","NUM_POLICIA":"Lote 7","FREGUESIA":"110","LOCALIDADE":"LISBOA                         ","COD_POST_4":"1070","COD_POST_3":"100","COM_INT_ID":48,"COD_ACT_ECON":"52104","DESC_ACT_ECON":"CAFE/PASTELARIA - 3ª CATEGORIA","ANO":1991,"TIPO":"Restauração e Bebidas","LOCALIZACAO":"Integrado - outro","C_INTEGRADO":"SHOPPING CENTER AMOREIRAS","EMPRESA":"ESICAL COMÉRCIO E INDUSTRIA ALIMENTAR, LDA","GlobalID":"3364a18f-eb9e-49a9-9222-b40b0e8cbbf9"}},{"type":"Feature","id":24466,"geometry":{"type":"Point","coordinates":[-9.17356271595257,38.7061696875145]},"properties":{"OBJECTID":24466,"COD_SIG":null,"IDTIPO":null,"NOME":"PARAISO ALCANTARA","REGEND":"001886","MORADA":"PRIOR DO CRATO (R) A ALCANTARA","NUM_POLICIA":"129","FREGUESIA":"113","LOCALIDADE":"LISBOA","COD_POST_4":"1350","COD_POST_3":"260","COM_INT_ID":null,"COD_ACT_ECON":"51107","DESC_ACT_ECON":"RESTAURANTE - 3ª CATEGORIA","ANO":1991,"TIPO":"Restauração e Bebidas","LOCALIZACAO":"Isolado","C_INTEGRADO":null,"EMPRESA":"ALVAREZ & COVAS, LDA","GlobalID":"ee07612a-e057-4609-9939-ae6d3769a3ef"}},{"type":"Feature","id":24504,"geometry":{"type":"Point","coordinates":[-9.15161026285935,38.7105519302194]},"properties":{"OBJECTID":24504,"COD_SIG":null,"IDTIPO":null,"NOME":"FELICIANO ANTON DOMINGUES & IRMÃO LDA","REGEND":"001963","MORADA":"CAETANO PALHA (R)","NUM_POLICIA":"22","FREGUESIA":"116","LOCALIDADE":null,"COD_POST_4":null,"COD_POST_3":null,"COM_INT_ID":null,"COD_ACT_ECON":"52704","DESC_ACT_ECON":"OUTROS EST. DE BEBIDAS - 3ª CATEGORIA","ANO":1991,"TIPO":"Restauração e Bebidas","LOCALIZACAO":"Isolado","C_INTEGRADO":null,"EMPRESA":"MARIA ISABEL SILVEIRA MENDES RODRIGUES MOURA","GlobalID":"18c70519-a720-414d-b0b9-ef1e51b4b51f"}},{"type":"Feature","id":24533,"geometry":{"type":"Point","coordinates":[-9.15670854615149,38.7414941720456]},"properties":{"OBJECTID":24533,"COD_SIG":null,"IDTIPO":null,"NOME":"O MONTE VERDE","REGEND":"001648","MORADA":"FILIPE DA MATA (R)","NUM_POLICIA":"14","FREGUESIA":"106","LOCALIDADE":"LISBOA","COD_POST_4":"1600","COD_POST_3":"071","COM_INT_ID":null,"COD_ACT_ECON":"51107","DESC_ACT_ECON":"RESTAURANTE - 3ª CATEGORIA","ANO":1991,"TIPO":"Restauração e Bebidas","LOCALIZACAO":"Isolado","C_INTEGRADO":null,"EMPRESA":"FERREIRA E FERREIRA CUNHA & BARROS, LDA","GlobalID":"01e8779e-43da-4d5c-b415-7930ea6791a8"}},{"type":"Feature","id":24548,"geometry":{"type":"Point","coordinates":[-9.15687063816135,38.7431772042719]},"properties":{"OBJECTID":24548,"COD_SIG":null,"IDTIPO":null,"NOME":"PASTELARIA JAVA LDA","REGEND":"001635","MORADA":"CARLOS REIS (R)","NUM_POLICIA":"38 A/B","FREGUESIA":"106","LOCALIDADE":null,"COD_POST_4":null,"COD_POST_3":null,"COM_INT_ID":null,"COD_ACT_ECON":"51107","DESC_ACT_ECON":"RESTAURANTE - 3ª CATEGORIA","ANO":1991,"TIPO":"Restauração e Bebidas","LOCALIZACAO":"Isolado","C_INTEGRADO":null,"EMPRESA":"MARIA ISABEL SILVEIRA MENDES RODRIGUES MOURA","GlobalID":"b4df36c2-a548-4b10-9bcb-c027ff305f25"}},{"type":"Feature","id":24612,"geometry":{"type":"Point","coordinates":[-9.14588523846822,38.7127208674854]},"properties":{"OBJECTID":24612,"COD_SIG":null,"IDTIPO":null,"NOME":"LEITARIA INGLESINHAS","REGEND":"002010","MORADA":"INGLESINHOS (T DOS)","NUM_POLICIA":"23/25","FREGUESIA":"116","LOCALIDADE":null,"COD_POST_4":null,"COD_POST_3":null,"COM_INT_ID":null,"COD_ACT_ECON":"52104","DESC_ACT_ECON":"CAFE/PASTELARIA - 3ª CATEGORIA","ANO":1991,"TIPO":"Restauração e Bebidas","LOCALIZACAO":"Isolado","C_INTEGRADO":null,"EMPRESA":"MARIA ISABEL SILVEIRA MENDES RODRIGUES MOURA","GlobalID":"33f71312-e52e-44ee-81b4-0a38a8eada61"}},{"type":"Feature","id":24614,"geometry":{"type":"Point","coordinates":[-9.12290568312017,38.7140687157994]},"properties":{"OBJECTID":24614,"COD_SIG":null,"IDTIPO":null,"NOME":"WAGONS LITS RESTAURANTE BAR ESTAÇAO ST APOLONIA","REGEND":"002014","MORADA":"CAMINHOS DE FERRO (L DOS)","NUM_POLICIA":"CP","FREGUESIA":"124","LOCALIDADE":null,"COD_POST_4":null,"COD_POST_3":null,"COM_INT_ID":200,"COD_ACT_ECON":"52103","DESC_ACT_ECON":"CAFÉ/PASTELARIA - 2ª CATEGORIA","ANO":1991,"TIPO":"Restauração e Bebidas","LOCALIZACAO":"Integrado - outro","C_INTEGRADO":"ESTAÇÃO CAMINHOS DE FERRO STA APOLÓNIA","EMPRESA":"COMPANHIA INTERNACIONAL WAGONS LITS E DO TURISMO","GlobalID":"e10910a1-fb06-44a6-aa3c-920d7933fec7"}},{"type":"Feature","id":24626,"geometry":{"type":"Point","coordinates":[-9.1215860112554,38.7192503981885]},"properties":{"OBJECTID":24626,"COD_SIG":null,"IDTIPO":null,"NOME":"COSTEIRA","REGEND":"002032","MORADA":"FERNÃO DE MAGALHAES (R) NO BAIR AMÉRICA","NUM_POLICIA":"16/18","FREGUESIA":"124","LOCALIDADE":null,"COD_POST_4":null,"COD_POST_3":null,"COM_INT_ID":null,"COD_ACT_ECON":"52705","DESC_ACT_ECON":"Outros Estab. De Bebidas - Taberna","ANO":1991,"TIPO":"Restauração e Bebidas","LOCALIZACAO":"Isolado","C_INTEGRADO":null,"EMPRESA":"COSTEIRA, LDA","GlobalID":"230f7cc3-f2bd-4cd3-b430-402a7ffd9c41"}},{"type":"Feature","id":24627,"geometry":{"type":"Point","coordinates":[-9.12158377355203,38.7190882758688]},"properties":{"OBJECTID":24627,"COD_SIG":null,"IDTIPO":null,"NOME":"O PAQUITO","REGEND":"002033","MORADA":"Avenida dos Defensores de Chaves","NUM_POLICIA":"63A","FREGUESIA":"124","LOCALIDADE":"LISBOA","COD_POST_4":"1000","COD_POST_3":"113","COM_INT_ID":null,"COD_ACT_ECON":"51107","DESC_ACT_ECON":"RESTAURANTE - 3ª CATEGORIA","ANO":1991,"TIPO":"Restauração e Bebidas","LOCALIZACAO":"Isolado","C_INTEGRADO":null,"EMPRESA":"CUNHA & ALVES, LDA","GlobalID":"79c0b048-45e8-449c-b552-798895c1d445"}},{"type":"Feature","id":24639,"geometry":{"type":"Point","coordinates":[-9.15692240717285,38.7218643147909]},"properties":{"OBJECTID":24639,"COD_SIG":null,"IDTIPO":null,"NOME":"RESTAURANTE TAVERNA O CALDEIRO INDUSTRIA HOTELEIRO LDA","REGEND":"002089","MORADA":"Rua das Amoreiras","NUM_POLICIA":"45","FREGUESIA":"110","LOCALIDADE":"LISBOA                         ","COD_POST_4":"1300","COD_POST_3":"067","COM_INT_ID":null,"COD_ACT_ECON":"51107","DESC_ACT_ECON":"RESTAURANTE - 3ª CATEGORIA","ANO":1991,"TIPO":"Restauração e Bebidas","LOCALIZACAO":"Isolado","C_INTEGRADO":null,"EMPRESA":"RESTAURANTE TAVERNA O CALDEIRO INDUSTRIAS HOTELEIRAS, LDA","GlobalID":"850838a2-8be9-4ec8-b4ae-b580e70e7625"}},{"type":"Feature","id":24685,"geometry":{"type":"Point","coordinates":[-9.16169395163661,38.723443767446]},"properties":{"OBJECTID":24685,"COD_SIG":null,"IDTIPO":null,"NOME":"RESTAURANTE TIPICO O PORTUGUES","REGEND":"002087","MORADA":"Avenida Engenheiro Duarte Pacheco","NUM_POLICIA":"Lote 7","FREGUESIA":"110","LOCALIDADE":"LISBOA                         ","COD_POST_4":"1070","COD_POST_3":"100","COM_INT_ID":48,"COD_ACT_ECON":"51108","DESC_ACT_ECON":"RESTAURANTE - 3ª CATEGORIA (TÍPICO)","ANO":1991,"TIPO":"Restauração e Bebidas","LOCALIZACAO":"Integrado - outro","C_INTEGRADO":"SHOPPING CENTER AMOREIRAS","EMPRESA":"MANUEL ASCENÇAO FERNANDES LDA","GlobalID":"73d84b9f-9635-49f0-9b5f-096789c85769"}},{"type":"Feature","id":24701,"geometry":{"type":"Point","coordinates":[-9.14024059263377,38.7114072420052]},"properties":{"OBJECTID":24701,"COD_SIG":null,"IDTIPO":null,"NOME":"RESTAURANTE TIO PEPE","REGEND":"001918","MORADA":"Calçada do Sacramento","NUM_POLICIA":"36","FREGUESIA":"121","LOCALIDADE":"LISBOA","COD_POST_4":"1200","COD_POST_3":"394","COM_INT_ID":null,"COD_ACT_ECON":"51107","DESC_ACT_ECON":"RESTAURANTE - 3ª CATEGORIA","ANO":1991,"TIPO":"Restauração e Bebidas","LOCALIZACAO":"Isolado","C_INTEGRADO":null,"EMPRESA":"ESTEVES & FERREIRA, LDA","GlobalID":"55d90cc7-85e9-46a1-b7fd-2b45802db442"}},{"type":"Feature","id":24746,"geometry":{"type":"Point","coordinates":[-9.16385441516627,38.7209565701285]},"properties":{"OBJECTID":24746,"COD_SIG":null,"IDTIPO":null,"NOME":"TICO TICO","REGEND":"002099","MORADA":"CAMPO DE OURIQUE (R DE)","NUM_POLICIA":"109","FREGUESIA":"110","LOCALIDADE":null,"COD_POST_4":null,"COD_POST_3":null,"COM_INT_ID":null,"COD_ACT_ECON":"51107","DESC_ACT_ECON":"RESTAURANTE - 3ª CATEGORIA","ANO":1991,"TIPO":"Restauração e Bebidas","LOCALIZACAO":"Isolado","C_INTEGRADO":null,"EMPRESA":"MARIA ISABEL SILVEIRA MENDES RODRIGUES MOURA","GlobalID":"24ebaf24-f81a-42a6-9fd3-e5e44e37c195"}},{"type":"Feature","id":24750,"geometry":{"type":"Point","coordinates":[-9.15745707365019,38.7190491867782]},"properties":{"OBJECTID":24750,"COD_SIG":null,"IDTIPO":null,"NOME":"RESTAURANTE MONTE NEVE","REGEND":"002104","MORADA":"Rua de Dom Dinis (O Lavrador)","NUM_POLICIA":"55","FREGUESIA":"110","LOCALIDADE":"LISBOA                         ","COD_POST_4":"1250","COD_POST_3":"076","COM_INT_ID":null,"COD_ACT_ECON":"51107","DESC_ACT_ECON":"RESTAURANTE - 3ª CATEGORIA","ANO":1991,"TIPO":"Restauração e Bebidas","LOCALIZACAO":"Isolado","C_INTEGRADO":null,"EMPRESA":"ACTIVIDADES HOTELEIRAS MACEDO & CUNHA, LDA","GlobalID":"618b505f-2ec5-4ac1-8c24-78135d42b996"}},{"type":"Feature","id":24758,"geometry":{"type":"Point","coordinates":[-9.16143746735163,38.720204238623]},"properties":{"OBJECTID":24758,"COD_SIG":null,"IDTIPO":null,"NOME":"OLIVEIRA & FAUSTO LDA","REGEND":"002094","MORADA":"CAMPO DE OURIQUE (R DE)","NUM_POLICIA":"3","FREGUESIA":"110","LOCALIDADE":null,"COD_POST_4":null,"COD_POST_3":null,"COM_INT_ID":null,"COD_ACT_ECON":"51107","DESC_ACT_ECON":"RESTAURANTE - 3ª CATEGORIA","ANO":1991,"TIPO":"Restauração e Bebidas","LOCALIZACAO":"Isolado","C_INTEGRADO":null,"EMPRESA":"MARIA ISABEL SILVEIRA MENDES RODRIGUES MOURA","GlobalID":"3a6fcd7a-6227-494b-b14e-2732cc4876bf"}},{"type":"Feature","id":24808,"geometry":{"type":"Point","coordinates":[-9.14100616386837,38.71270676932]},"properties":{"OBJECTID":24808,"COD_SIG":null,"IDTIPO":null,"NOME":"POMBA CARMO","REGEND":"001933","MORADA":"Rua do Duque","NUM_POLICIA":"3","FREGUESIA":"121","LOCALIDADE":"LISBOA","COD_POST_4":"1200","COD_POST_3":"158","COM_INT_ID":null,"COD_ACT_ECON":"51199","DESC_ACT_ECON":"RESTAURANTE - (SEM CATEGORIA)","ANO":1991,"TIPO":"Restauração e Bebidas","LOCALIZACAO":"Isolado","C_INTEGRADO":null,"EMPRESA":"POMBO DO CARMO, LDA","GlobalID":"178f8ba5-9112-4b8e-a70d-2e3a85ec0ca3"}},{"type":"Feature","id":24827,"geometry":{"type":"Point","coordinates":[-9.15073439288091,38.7104338834187]},"properties":{"OBJECTID":24827,"COD_SIG":null,"IDTIPO":null,"NOME":"CENTRAL POÇO NEGROS","REGEND":"001984","MORADA":"POÇO DOS NEGROS (R DO)","NUM_POLICIA":"64 A","FREGUESIA":"116","LOCALIDADE":"LISBOA","COD_POST_4":"1200","COD_POST_3":"340","COM_INT_ID":null,"COD_ACT_ECON":"51107","DESC_ACT_ECON":"RESTAURANTE - 3ª CATEGORIA","ANO":1991,"TIPO":"Restauração e Bebidas","LOCALIZACAO":"Isolado","C_INTEGRADO":null,"EMPRESA":"MARIA ISABEL SILVEIRA MENDES RODRIGUES MOURA","GlobalID":"459fc1f9-f6a5-4c28-be6c-d88054e844ac"}},{"type":"Feature","id":24849,"geometry":{"type":"Point","coordinates":[-9.16169395163661,38.723443767446]},"properties":{"OBJECTID":24849,"COD_SIG":null,"IDTIPO":null,"NOME":"PAPA PURA","REGEND":"002075","MORADA":"Avenida Engenheiro Duarte Pacheco","NUM_POLICIA":"Lote 7","FREGUESIA":"110","LOCALIDADE":"LISBOA                         ","COD_POST_4":"1070","COD_POST_3":"100","COM_INT_ID":48,"COD_ACT_ECON":"51203","DESC_ACT_ECON":"\"SNACK-BAR\" - 3ª CATEGORIA","ANO":1991,"TIPO":"Restauração e Bebidas","LOCALIZACAO":"Integrado - outro","C_INTEGRADO":"SHOPPING CENTER AMOREIRAS","EMPRESA":"PAPA-PURA - SOCIEDADE DE HOTELARIA, ESTUDOS E PROJECTOS, LDA","GlobalID":"f8188fc8-c63b-47b3-b325-3536fbd564be"}},{"type":"Feature","id":24863,"geometry":{"type":"Point","coordinates":[-9.13528928001033,38.7166113466855]},"properties":{"OBJECTID":24863,"COD_SIG":null,"IDTIPO":null,"NOME":"RESTAURANTE MAIOMBINHO","REGEND":"002147","MORADA":"MARTIN MONIZ (L)","NUM_POLICIA":"C.C.MOURARIA","FREGUESIA":"121","LOCALIDADE":"LISBOA                         ","COD_POST_4":"1100","COD_POST_3":"341","COM_INT_ID":90,"COD_ACT_ECON":"51107","DESC_ACT_ECON":"RESTAURANTE - 3ª CATEGORIA","ANO":1991,"TIPO":"Restauração e Bebidas","LOCALIZACAO":"Integrado - outro","C_INTEGRADO":"CENTRO COMERCIAL MOURARIA","EMPRESA":"MARIA ISABEL SILVEIRA MENDES RODRIGUES MOURA","GlobalID":"e35c22f0-09fa-484c-9fea-281d749d0fad"}},{"type":"Feature","id":24866,"geometry":{"type":"Point","coordinates":[-9.13789728960442,38.7148323982211]},"properties":{"OBJECTID":24866,"COD_SIG":null,"IDTIPO":null,"NOME":"O LÍRIO","REGEND":"002150","MORADA":"S DOMINGOS (L DE)","NUM_POLICIA":"1/3","FREGUESIA":"121","LOCALIDADE":"LISBOA","COD_POST_4":"1150","COD_POST_3":"320","COM_INT_ID":null,"COD_ACT_ECON":"51203","DESC_ACT_ECON":"\"SNACK-BAR\" - 3ª CATEGORIA","ANO":1991,"TIPO":"Restauração e Bebidas","LOCALIZACAO":"Isolado","C_INTEGRADO":null,"EMPRESA":"HORACIO & MARTINS SILVA, LDA","GlobalID":"b74b9c77-6d34-4105-9e30-97b29a345e3a"}},{"type":"Feature","id":24903,"geometry":{"type":"Point","coordinates":[-9.20268543810032,38.7025555844924]},"properties":{"OBJECTID":24903,"COD_SIG":null,"IDTIPO":null,"NOME":"CAFE GALVAO","REGEND":"002238","MORADA":"Calçada do Galvão","NUM_POLICIA":"91B","FREGUESIA":"108","LOCALIDADE":"LISBOA","COD_POST_4":"1400","COD_POST_3":"165","COM_INT_ID":null,"COD_ACT_ECON":"52104","DESC_ACT_ECON":"CAFE/PASTELARIA - 3ª CATEGORIA","ANO":1991,"TIPO":"Restauração e Bebidas","LOCALIZACAO":"Isolado","C_INTEGRADO":null,"EMPRESA":"MIRANDA & CAMÕES, LDA","GlobalID":"4ed4c0a0-af9c-4cfc-a707-822995200807"}},{"type":"Feature","id":24923,"geometry":{"type":"Point","coordinates":[-9.19843784411089,38.6975230240996]},"properties":{"OBJECTID":24923,"COD_SIG":null,"IDTIPO":null,"NOME":"ALIBI BAR","REGEND":"002298","MORADA":"Rua da Junqueira","NUM_POLICIA":"478","FREGUESIA":"108","LOCALIDADE":"LISBOA","COD_POST_4":"1300","COD_POST_3":"341","COM_INT_ID":null,"COD_ACT_ECON":"52404","DESC_ACT_ECON":"BAR/\"PUB\" - 3ª CATEGORIA","ANO":1991,"TIPO":"Restauração e Bebidas","LOCALIZACAO":"Isolado","C_INTEGRADO":null,"EMPRESA":"MARIA ISABEL SILVEIRA MENDES RODRIGUES MOURA","GlobalID":"02e5cc5f-b39d-4477-ad22-169e87f3ca59"}},{"type":"Feature","id":24925,"geometry":{"type":"Point","coordinates":[-9.14134384507522,38.7130101193367]},"properties":{"OBJECTID":24925,"COD_SIG":null,"IDTIPO":null,"NOME":"O 31","REGEND":"001932","MORADA":"DUQUE (R DO)","NUM_POLICIA":"31","FREGUESIA":"121","LOCALIDADE":null,"COD_POST_4":null,"COD_POST_3":null,"COM_INT_ID":null,"COD_ACT_ECON":"51107","DESC_ACT_ECON":"RESTAURANTE - 3ª CATEGORIA","ANO":1991,"TIPO":"Restauração e Bebidas","LOCALIZACAO":"Isolado","C_INTEGRADO":null,"EMPRESA":"MARIA ISABEL SILVEIRA MENDES RODRIGUES MOURA","GlobalID":"ad5f464b-901c-4f78-b463-d1fda7029e20"}},{"type":"Feature","id":25012,"geometry":{"type":"Point","coordinates":[-9.19926084284493,38.6976833248056]},"properties":{"OBJECTID":25012,"COD_SIG":null,"IDTIPO":null,"NOME":"A CENTRAL BELEM","REGEND":"002235","MORADA":"AJUDA (C DA)","NUM_POLICIA":"2 A 12","FREGUESIA":"108","LOCALIDADE":"LISBOA                         ","COD_POST_4":"1300","COD_POST_3":"014","COM_INT_ID":null,"COD_ACT_ECON":"51105","DESC_ACT_ECON":"RESTAURANTE - 2ª CATEGORIA","ANO":1991,"TIPO":"Restauração e Bebidas","LOCALIZACAO":"Isolado","C_INTEGRADO":null,"EMPRESA":"MARIA ISABEL SILVEIRA MENDES RODRIGUES MOURA","GlobalID":"7f056f31-a0ac-4c06-9682-2cdf8702bac7"}},{"type":"Feature","id":25021,"geometry":{"type":"Point","coordinates":[-9.21605465663873,38.6949558551469]},"properties":{"OBJECTID":25021,"COD_SIG":null,"IDTIPO":null,"NOME":"ALVARO RIBEIRO SOUSA","REGEND":"002301","MORADA":"PEDROUÇOS (R DE)","NUM_POLICIA":"1 A","FREGUESIA":"108","LOCALIDADE":"LISBOA","COD_POST_4":"1400","COD_POST_3":"285","COM_INT_ID":null,"COD_ACT_ECON":"51107","DESC_ACT_ECON":"RESTAURANTE - 3ª CATEGORIA","ANO":1991,"TIPO":"Restauração e Bebidas","LOCALIZACAO":"Isolado","C_INTEGRADO":null,"EMPRESA":"CUNHA & SILVEIRA, LDA","GlobalID":"b166e4d4-649b-41a0-9901-9eb443e2871c"}},{"type":"Feature","id":25046,"geometry":{"type":"Point","coordinates":[-9.19441545686486,38.697345638666]},"properties":{"OBJECTID":25046,"COD_SIG":null,"IDTIPO":null,"NOME":"JOSE PURIFICAÇAO ALVES","REGEND":"002289","MORADA":"Rua da Junqueira","NUM_POLICIA":"249","FREGUESIA":"108","LOCALIDADE":null,"COD_POST_4":"1300","COD_POST_3":"338","COM_INT_ID":null,"COD_ACT_ECON":"51109","DESC_ACT_ECON":"RESTAURANTE - CASA DE PASTO","ANO":1991,"TIPO":"Restauração e Bebidas","LOCALIZACAO":"Isolado","C_INTEGRADO":null,"EMPRESA":"MARIA ISABEL SILVEIRA MENDES RODRIGUES MOURA","GlobalID":"869bf869-f9de-406c-b2f6-10530ead10d9"}},{"type":"Feature","id":25062,"geometry":{"type":"Point","coordinates":[-9.12544536236222,38.7214515901325]},"properties":{"OBJECTID":25062,"COD_SIG":null,"IDTIPO":null,"NOME":"MANUEL MENDES RIBEIRO","REGEND":"002015","MORADA":"BARBADINHOS (C DOS)","NUM_POLICIA":"162","FREGUESIA":"124","LOCALIDADE":null,"COD_POST_4":null,"COD_POST_3":null,"COM_INT_ID":null,"COD_ACT_ECON":"52705","DESC_ACT_ECON":"Outros Estab. De Bebidas - Taberna","ANO":1991,"TIPO":"Restauração e Bebidas","LOCALIZACAO":"Isolado","C_INTEGRADO":null,"EMPRESA":"MARIA ISABEL SILVEIRA MENDES RODRIGUES MOURA","GlobalID":"70f54f99-8a36-4547-9ead-fd96125328bc"}},{"type":"Feature","id":25186,"geometry":{"type":"Point","coordinates":[-9.16169395163661,38.723443767446]},"properties":{"OBJECTID":25186,"COD_SIG":null,"IDTIPO":null,"NOME":"A CROISANTERIA DAS AMOREIRAS","REGEND":"002072","MORADA":"Avenida Engenheiro Duarte Pacheco","NUM_POLICIA":"Lote 7","FREGUESIA":"110","LOCALIDADE":"LISBOA                         ","COD_POST_4":"1070","COD_POST_3":"100","COM_INT_ID":48,"COD_ACT_ECON":"51403","DESC_ACT_ECON":"OUTROS EST. COMIDAS REFEIÇÕES - 3ª CAT.","ANO":1991,"TIPO":"Restauração e Bebidas","LOCALIZACAO":"Integrado - outro","C_INTEGRADO":"SHOPPING CENTER AMOREIRAS","EMPRESA":"LUZ & VALE FROES, LDA","GlobalID":"37094643-c57e-49ee-a4ee-6073bb1c3632"}},{"type":"Feature","id":25187,"geometry":{"type":"Point","coordinates":[-9.16132443503435,38.7236969765544]},"properties":{"OBJECTID":25187,"COD_SIG":null,"IDTIPO":null,"NOME":"NA BRASA","REGEND":"002073","MORADA":"ENG DUARTE PACHECO (AV)","NUM_POLICIA":null,"FREGUESIA":"110","LOCALIDADE":null,"COD_POST_4":null,"COD_POST_3":null,"COM_INT_ID":null,"COD_ACT_ECON":"51107","DESC_ACT_ECON":"RESTAURANTE - 3ª CATEGORIA","ANO":1991,"TIPO":"Restauração e Bebidas","LOCALIZACAO":"Isolado","C_INTEGRADO":null,"EMPRESA":"MARIA ISABEL SILVEIRA MENDES RODRIGUES MOURA","GlobalID":"c1adbbd2-2ad7-4a08-889f-5a8f4e9809f9"}},{"type":"Feature","id":25196,"geometry":{"type":"Point","coordinates":[-9.16169395163661,38.723443767446]},"properties":{"OBJECTID":25196,"COD_SIG":null,"IDTIPO":null,"NOME":"LA TRAVIATA","REGEND":"002074","MORADA":"Avenida Engenheiro Duarte Pacheco","NUM_POLICIA":"Lote 7","FREGUESIA":"110","LOCALIDADE":"LISBOA                         ","COD_POST_4":"1070","COD_POST_3":"100","COM_INT_ID":48,"COD_ACT_ECON":"52504","DESC_ACT_ECON":"GELATARIA - 3ª CATEGORIA","ANO":1991,"TIPO":"Restauração e Bebidas","LOCALIZACAO":"Integrado - outro","C_INTEGRADO":"SHOPPING CENTER AMOREIRAS","EMPRESA":"MARIA ISABEL SILVEIRA MENDES RODRIGUES MOURA","GlobalID":"91fc2109-a919-4016-a536-757d68c59db6"}},{"type":"Feature","id":25214,"geometry":{"type":"Point","coordinates":[-9.14037312557921,38.7159280293619]},"properties":{"OBJECTID":25214,"COD_SIG":null,"IDTIPO":null,"NOME":"RESTAURANTE CERVEJARIA CAFREAL","REGEND":"002214","MORADA":"PORTAS DE ST ANTÃO (R DAS)","NUM_POLICIA":"71/73","FREGUESIA":"121","LOCALIDADE":null,"COD_POST_4":null,"COD_POST_3":null,"COM_INT_ID":null,"COD_ACT_ECON":"51107","DESC_ACT_ECON":"RESTAURANTE - 3ª CATEGORIA","ANO":1991,"TIPO":"Restauração e Bebidas","LOCALIZACAO":"Isolado","C_INTEGRADO":null,"EMPRESA":"MARIA ISABEL SILVEIRA MENDES RODRIGUES MOURA","GlobalID":"edcae82a-5761-448e-a077-418b98fb2c6c"}},{"type":"Feature","id":25238,"geometry":{"type":"Point","coordinates":[-9.19296931298787,38.6977169233865]},"properties":{"OBJECTID":25238,"COD_SIG":null,"IDTIPO":null,"NOME":"GRANDE MONTRA","REGEND":"002287","MORADA":"JUNQUEIRA (R DA)","NUM_POLICIA":"206 A","FREGUESIA":"108","LOCALIDADE":null,"COD_POST_4":null,"COD_POST_3":null,"COM_INT_ID":null,"COD_ACT_ECON":"52104","DESC_ACT_ECON":"CAFE/PASTELARIA - 3ª CATEGORIA","ANO":1991,"TIPO":"Restauração e Bebidas","LOCALIZACAO":"Isolado","C_INTEGRADO":null,"EMPRESA":"MARIA ISABEL SILVEIRA MENDES RODRIGUES MOURA","GlobalID":"377c3bba-55f6-4d9e-991c-9ffd3a7caff1"}},{"type":"Feature","id":25243,"geometry":{"type":"Point","coordinates":[-9.19425399906558,38.6975341042332]},"properties":{"OBJECTID":25243,"COD_SIG":null,"IDTIPO":null,"NOME":"MANUEL MOTA CALISTO","REGEND":"002291","MORADA":"Rua da Junqueira","NUM_POLICIA":"266A","FREGUESIA":"108","LOCALIDADE":"LISBOA","COD_POST_4":"1300","COD_POST_3":"346","COM_INT_ID":null,"COD_ACT_ECON":"52104","DESC_ACT_ECON":"CAFE/PASTELARIA - 3ª CATEGORIA","ANO":1991,"TIPO":"Restauração e Bebidas","LOCALIZACAO":"Isolado","C_INTEGRADO":null,"EMPRESA":"MARIA ISABEL SILVEIRA MENDES RODRIGUES MOURA","GlobalID":"b14c1417-79ab-44d5-a9dd-64dbe24b390a"}},{"type":"Feature","id":25273,"geometry":{"type":"Point","coordinates":[-9.1527066665451,38.7108486245939]},"properties":{"OBJECTID":25273,"COD_SIG":null,"IDTIPO":null,"NOME":"JOAQUIM GIL & MARIA ODETE CARVALHO GIL","REGEND":"001993","MORADA":"S BENTO (R DE)","NUM_POLICIA":"33","FREGUESIA":"116","LOCALIDADE":"LISBOA","COD_POST_4":"1200","COD_POST_3":"815","COM_INT_ID":null,"COD_ACT_ECON":"51109","DESC_ACT_ECON":"RESTAURANTE - CASA DE PASTO","ANO":1991,"TIPO":"Restauração e Bebidas","LOCALIZACAO":"Isolado","C_INTEGRADO":null,"EMPRESA":"MARIA ISABEL SILVEIRA MENDES RODRIGUES MOURA","GlobalID":"f8afaba5-c3d2-44f6-a740-c7cd36f3314e"}},{"type":"Feature","id":25287,"geometry":{"type":"Point","coordinates":[-9.16169395163661,38.723443767446]},"properties":{"OBJECTID":25287,"COD_SIG":null,"IDTIPO":null,"NOME":"ALFREDO NUNES VITORINO  TABERNA ESPANHOLA DON ALFREDO","REGEND":"002062","MORADA":"Avenida Engenheiro Duarte Pacheco","NUM_POLICIA":"Lote 7","FREGUESIA":"110","LOCALIDADE":"LISBOA                         ","COD_POST_4":"1070","COD_POST_3":"100","COM_INT_ID":null,"COD_ACT_ECON":"51105","DESC_ACT_ECON":"RESTAURANTE - 2ª CATEGORIA","ANO":1991,"TIPO":"Restauração e Bebidas","LOCALIZACAO":"Isolado","C_INTEGRADO":null,"EMPRESA":"MARIA ISABEL SILVEIRA MENDES RODRIGUES MOURA","GlobalID":"b3550d41-df2b-408c-8e04-89f53c370a4c"}},{"type":"Feature","id":25333,"geometry":{"type":"Point","coordinates":[-9.22483015402051,38.6998464325191]},"properties":{"OBJECTID":25333,"COD_SIG":null,"IDTIPO":null,"NOME":"RESTAURANTE CASA D'EL REI","REGEND":"002268","MORADA":"D JERONIMO OSORIO (R)","NUM_POLICIA":"10 C","FREGUESIA":"108","LOCALIDADE":"LISBOA","COD_POST_4":"1400","COD_POST_3":"121","COM_INT_ID":null,"COD_ACT_ECON":"51105","DESC_ACT_ECON":"RESTAURANTE - 2ª CATEGORIA","ANO":1991,"TIPO":"Restauração e Bebidas","LOCALIZACAO":"Isolado","C_INTEGRADO":null,"EMPRESA":"MARIA ISABEL SILVEIRA MENDES RODRIGUES MOURA","GlobalID":"f759c35d-f58e-4934-9c5e-b16f32378bfb"}},{"type":"Feature","id":25380,"geometry":{"type":"Point","coordinates":[-9.13853083095015,38.7149170204035]},"properties":{"OBJECTID":25380,"COD_SIG":null,"IDTIPO":null,"NOME":"RESTAURANTE TABUAS","REGEND":"002173","MORADA":"BARROS QUEIROS (R DE)","NUM_POLICIA":"45","FREGUESIA":"121","LOCALIDADE":"LISBOA","COD_POST_4":"1100","COD_POST_3":"076","COM_INT_ID":null,"COD_ACT_ECON":"51203","DESC_ACT_ECON":"\"SNACK-BAR\" - 3ª CATEGORIA","ANO":1991,"TIPO":"Restauração e Bebidas","LOCALIZACAO":"Isolado","C_INTEGRADO":null,"EMPRESA":"CHARCUTARIA TÁBUA, LDA","GlobalID":"b38a9d50-7689-458b-bfac-c3c240924c5e"}},{"type":"Feature","id":25411,"geometry":{"type":"Point","coordinates":[-9.17006117819649,38.7112632385916]},"properties":{"OBJECTID":25411,"COD_SIG":null,"IDTIPO":null,"NOME":"RESTAURANTE CHURRASQUEIRA BOM APETITE","REGEND":"001866","MORADA":"POSSIDÓNIO DA SILVA (R)","NUM_POLICIA":"19","FREGUESIA":"113","LOCALIDADE":"LISBOA","COD_POST_4":"1350","COD_POST_3":"246","COM_INT_ID":null,"COD_ACT_ECON":"51203","DESC_ACT_ECON":"\"SNACK-BAR\" - 3ª CATEGORIA","ANO":1991,"TIPO":"Restauração e Bebidas","LOCALIZACAO":"Isolado","C_INTEGRADO":null,"EMPRESA":"MARIA ISABEL SILVEIRA MENDES RODRIGUES MOURA","GlobalID":"884055af-0b37-46bc-a54e-6df84abcb36c"}},{"type":"Feature","id":25419,"geometry":{"type":"Point","coordinates":[-9.17310372175816,38.7062278245256]},"properties":{"OBJECTID":25419,"COD_SIG":null,"IDTIPO":null,"NOME":"RESTAURANTE O DAVID","REGEND":"001888","MORADA":"PRIOR DO CRATO (R) A ALCANTARA","NUM_POLICIA":"134","FREGUESIA":"113","LOCALIDADE":"LISBOA","COD_POST_4":"1350","COD_POST_3":"263","COM_INT_ID":null,"COD_ACT_ECON":"51107","DESC_ACT_ECON":"RESTAURANTE - 3ª CATEGORIA","ANO":1991,"TIPO":"Restauração e Bebidas","LOCALIZACAO":"Isolado","C_INTEGRADO":null,"EMPRESA":"FRUTUOSO & ANTUNES","GlobalID":"599f5c97-1329-4285-9e19-19d974e14217"}},{"type":"Feature","id":25565,"geometry":{"type":"Point","coordinates":[-9.14572440409976,38.7113958289617]},"properties":{"OBJECTID":25565,"COD_SIG":null,"IDTIPO":null,"NOME":"RESTAURANTE ATRÁS DA CAIXA","REGEND":"002013","MORADA":"MERCÊS (T DAS)","NUM_POLICIA":"16","FREGUESIA":"116","LOCALIDADE":"LISBOA","COD_POST_4":"1200","COD_POST_3":"269","COM_INT_ID":null,"COD_ACT_ECON":"51107","DESC_ACT_ECON":"RESTAURANTE - 3ª CATEGORIA","ANO":1991,"TIPO":"Restauração e Bebidas","LOCALIZACAO":"Isolado","C_INTEGRADO":null,"EMPRESA":"MARIA ISABEL SILVEIRA MENDES RODRIGUES MOURA","GlobalID":"a219350f-17c6-4152-a621-7517bcb91023"}},{"type":"Feature","id":25608,"geometry":{"type":"Point","coordinates":[-9.20263746357256,38.7033175286416]},"properties":{"OBJECTID":25608,"COD_SIG":null,"IDTIPO":null,"NOME":"CASA DA MEMORIA","REGEND":"002240","MORADA":"Calçada do Galvão","NUM_POLICIA":"121","FREGUESIA":"108","LOCALIDADE":null,"COD_POST_4":"1400","COD_POST_3":"176","COM_INT_ID":null,"COD_ACT_ECON":"51105","DESC_ACT_ECON":"RESTAURANTE - 2ª CATEGORIA","ANO":1991,"TIPO":"Restauração e Bebidas","LOCALIZACAO":"Isolado","C_INTEGRADO":null,"EMPRESA":"MARIA ISABEL SILVEIRA MENDES RODRIGUES MOURA","GlobalID":"d45aa323-7935-4d72-986b-969a37d07b81"}},{"type":"Feature","id":25667,"geometry":{"type":"Point","coordinates":[-9.12136224091813,38.7200832802047]},"properties":{"OBJECTID":25667,"COD_SIG":null,"IDTIPO":null,"NOME":"MARIA CARMO RIBEIRO DIAS","REGEND":"002018","MORADA":"BARÃO DO MONTE PEDRAL (R DO)","NUM_POLICIA":"1 A","FREGUESIA":"124","LOCALIDADE":null,"COD_POST_4":null,"COD_POST_3":null,"COM_INT_ID":null,"COD_ACT_ECON":"52104","DESC_ACT_ECON":"CAFE/PASTELARIA - 3ª CATEGORIA","ANO":1991,"TIPO":"Restauração e Bebidas","LOCALIZACAO":"Isolado","C_INTEGRADO":null,"EMPRESA":"MARIA ISABEL SILVEIRA MENDES RODRIGUES MOURA","GlobalID":"532a7aa7-f65d-4ffa-a6fa-c76ccd8c5a24"}},{"type":"Feature","id":25678,"geometry":{"type":"Point","coordinates":[-9.14650870610633,38.7128482359038]},"properties":{"OBJECTID":25678,"COD_SIG":"2801205003001001","IDTIPO":999,"NOME":"BAR BAIRRO ALTO","REGEND":"002012","MORADA":"INGLESINHOS (T DOS)","NUM_POLICIA":"48","FREGUESIA":"116","LOCALIDADE":null,"COD_POST_4":null,"COD_POST_3":null,"COM_INT_ID":null,"COD_ACT_ECON":"53103","DESC_ACT_ECON":"SALA DE DANÇA DISCOTECA - 2ª CATEGORIA","ANO":1991,"TIPO":"Restauração e Bebidas","LOCALIZACAO":"Isolado","C_INTEGRADO":null,"EMPRESA":"MARIA ISABEL SILVEIRA MENDES RODRIGUES MOURA","GlobalID":"244ac5f1-d44c-42a1-97aa-b78f46a14bbb"}},{"type":"Feature","id":25704,"geometry":{"type":"Point","coordinates":[-9.14017776895436,38.7142992976864]},"properties":{"OBJECTID":25704,"COD_SIG":null,"IDTIPO":null,"NOME":"ABRACADABRA","REGEND":"002157","MORADA":"Praça D. Pedro IV","NUM_POLICIA":"64","FREGUESIA":"121","LOCALIDADE":"LISBOA","COD_POST_4":"1100","COD_POST_3":"200","COM_INT_ID":null,"COD_ACT_ECON":"51202","DESC_ACT_ECON":"\"SNACK-BAR\" - 2ª CATEGORIA","ANO":1991,"TIPO":"Restauração e Bebidas","LOCALIZACAO":"Isolado","C_INTEGRADO":null,"EMPRESA":"JANUARIO & MATEUS BATISTA, LDA","GlobalID":"3c4d1843-304b-48ad-8074-40798a2f1808"}},{"type":"Feature","id":25725,"geometry":{"type":"Point","coordinates":[-9.13858610608618,38.7139062599962]},"properties":{"OBJECTID":25725,"COD_SIG":null,"IDTIPO":null,"NOME":"L PEREIRA","REGEND":"002160","MORADA":"Praça da Figueira","NUM_POLICIA":"3C","FREGUESIA":"121","LOCALIDADE":null,"COD_POST_4":"1100","COD_POST_3":"240","COM_INT_ID":null,"COD_ACT_ECON":"52503","DESC_ACT_ECON":"GELATARIA - 2ª CATEGORIA","ANO":1991,"TIPO":"Restauração e Bebidas","LOCALIZACAO":"Isolado","C_INTEGRADO":null,"EMPRESA":"MARIA ISABEL SILVEIRA MENDES RODRIGUES MOURA","GlobalID":"39ee1269-84a1-4746-802f-98a89f03902d"}},{"type":"Feature","id":25735,"geometry":{"type":"Point","coordinates":[-9.20532378649652,38.6991084157511]},"properties":{"OBJECTID":25735,"COD_SIG":null,"IDTIPO":null,"NOME":"CONSTANTINO CRUZ RODRIGUES","REGEND":"002282","MORADA":"Rua dos Jerónimos","NUM_POLICIA":"14D","FREGUESIA":"108","LOCALIDADE":"LISBOA","COD_POST_4":"1400","COD_POST_3":"211","COM_INT_ID":null,"COD_ACT_ECON":"52104","DESC_ACT_ECON":"CAFE/PASTELARIA - 3ª CATEGORIA","ANO":1991,"TIPO":"Restauração e Bebidas","LOCALIZACAO":"Isolado","C_INTEGRADO":null,"EMPRESA":"MARIA ISABEL SILVEIRA MENDES RODRIGUES MOURA","GlobalID":"5fd23ebc-10d4-4d2e-8475-8190540a09e7"}},{"type":"Feature","id":25751,"geometry":{"type":"Point","coordinates":[-9.2062369060165,38.7017483216247]},"properties":{"OBJECTID":25751,"COD_SIG":null,"IDTIPO":null,"NOME":"JOAO SILVA POEIRAS","REGEND":"002285","MORADA":"Rua dos Jerónimos","NUM_POLICIA":"54A","FREGUESIA":"108","LOCALIDADE":"LISBOA","COD_POST_4":"1400","COD_POST_3":"212","COM_INT_ID":null,"COD_ACT_ECON":"52104","DESC_ACT_ECON":"CAFE/PASTELARIA - 3ª CATEGORIA","ANO":1991,"TIPO":"Restauração e Bebidas","LOCALIZACAO":"Isolado","C_INTEGRADO":null,"EMPRESA":"MARIA ISABEL SILVEIRA MENDES RODRIGUES MOURA","GlobalID":"4112d408-3f3e-45d3-b518-737859e7db09"}},{"type":"Feature","id":25774,"geometry":{"type":"Point","coordinates":[-9.14767009571636,38.7156486428399]},"properties":{"OBJECTID":25774,"COD_SIG":null,"IDTIPO":null,"NOME":"CAFETARIA MINI MINI","REGEND":"002000","MORADA":"SECULO (R DO)","NUM_POLICIA":"224","FREGUESIA":"116","LOCALIDADE":null,"COD_POST_4":null,"COD_POST_3":null,"COM_INT_ID":null,"COD_ACT_ECON":"52104","DESC_ACT_ECON":"CAFE/PASTELARIA - 3ª CATEGORIA","ANO":1991,"TIPO":"Restauração e Bebidas","LOCALIZACAO":"Isolado","C_INTEGRADO":null,"EMPRESA":"MARIA ISABEL SILVEIRA MENDES RODRIGUES MOURA","GlobalID":"4259a66b-082c-44f8-adcb-8d3abd304c0f"}},{"type":"Feature","id":25812,"geometry":{"type":"Point","coordinates":[-9.16169395163661,38.723443767446]},"properties":{"OBJECTID":25812,"COD_SIG":null,"IDTIPO":null,"NOME":"A VENEZIANA","REGEND":"002065","MORADA":"Avenida Engenheiro Duarte Pacheco","NUM_POLICIA":"Lote 7","FREGUESIA":"110","LOCALIDADE":"LISBOA                         ","COD_POST_4":"1070","COD_POST_3":"100","COM_INT_ID":48,"COD_ACT_ECON":"52503","DESC_ACT_ECON":"GELATARIA - 2ª CATEGORIA","ANO":1991,"TIPO":"Restauração e Bebidas","LOCALIZACAO":"Integrado - outro","C_INTEGRADO":"SHOPPING CENTER AMOREIRAS","EMPRESA":"MARIA ISABEL SILVEIRA MENDES RODRIGUES MOURA","GlobalID":"07f907d1-8a2b-4774-815b-1ca24db8be4a"}},{"type":"Feature","id":25839,"geometry":{"type":"Point","coordinates":[-9.14115498596484,38.7168158227781]},"properties":{"OBJECTID":25839,"COD_SIG":null,"IDTIPO":null,"NOME":"CERVEJARIA BAR DERBY","REGEND":"002218","MORADA":"Rua das Portas de Santo Antão","NUM_POLICIA":"127","FREGUESIA":"121","LOCALIDADE":"LISBOA                         ","COD_POST_4":"1150","COD_POST_3":"266","COM_INT_ID":null,"COD_ACT_ECON":"51107","DESC_ACT_ECON":"RESTAURANTE - 3ª CATEGORIA","ANO":1991,"TIPO":"Restauração e Bebidas","LOCALIZACAO":"Isolado","C_INTEGRADO":null,"EMPRESA":"MARIA ISABEL SILVEIRA MENDES RODRIGUES MOURA","GlobalID":"9fa34f93-10d5-42cf-aea5-192b242e65f5"}},{"type":"Feature","id":25865,"geometry":{"type":"Point","coordinates":[-9.21429277380398,38.6947379811512]},"properties":{"OBJECTID":25865,"COD_SIG":null,"IDTIPO":null,"NOME":"ANTONIO JOAQUIM SARAIVA PAULINO","REGEND":"002321","MORADA":"SAÚDE (T DA)","NUM_POLICIA":"63","FREGUESIA":"108","LOCALIDADE":null,"COD_POST_4":null,"COD_POST_3":null,"COM_INT_ID":null,"COD_ACT_ECON":"52705","DESC_ACT_ECON":"Outros Estab. De Bebidas - Taberna","ANO":1991,"TIPO":"Restauração e Bebidas","LOCALIZACAO":"Isolado","C_INTEGRADO":null,"EMPRESA":"MARIA ISABEL SILVEIRA MENDES RODRIGUES MOURA","GlobalID":"e4ea9278-9ab7-49e5-b5dd-d448ff3c2d75"}},{"type":"Feature","id":25873,"geometry":{"type":"Point","coordinates":[-9.12893508278071,38.7722050412147]},"properties":{"OBJECTID":25873,"COD_SIG":null,"IDTIPO":null,"NOME":"COCKTAIL BAR","REGEND":"002330","MORADA":"AEROPORTO DE LISBOA OU DA PORTELA","NUM_POLICIA":null,"FREGUESIA":"117","LOCALIDADE":null,"COD_POST_4":null,"COD_POST_3":null,"COM_INT_ID":197,"COD_ACT_ECON":"52102","DESC_ACT_ECON":"CAFÉ/PASTELARIA - 1ª CATEGORIA","ANO":1991,"TIPO":"Restauração e Bebidas","LOCALIZACAO":"Integrado - outro","C_INTEGRADO":"AEROPORTO DE LISBOA","EMPRESA":"ESTA GESTAO HOTEIS SA","GlobalID":"64afdee4-c333-48bf-8f9e-7567043215b2"}},{"type":"Feature","id":25979,"geometry":{"type":"Point","coordinates":[-9.12280791317961,38.7627297003673]},"properties":{"OBJECTID":25979,"COD_SIG":null,"IDTIPO":null,"NOME":"FREDERICO TORDO","REGEND":"002348","MORADA":"CASTRO SOROMENHO (L)","NUM_POLICIA":"2 LJ 6","FREGUESIA":"117","LOCALIDADE":"LISBOA","COD_POST_4":"1800","COD_POST_3":"054","COM_INT_ID":null,"COD_ACT_ECON":"52104","DESC_ACT_ECON":"CAFE/PASTELARIA - 3ª CATEGORIA","ANO":1991,"TIPO":"Restauração e Bebidas","LOCALIZACAO":"Isolado","C_INTEGRADO":null,"EMPRESA":"MARIA ISABEL SILVEIRA MENDES RODRIGUES MOURA","GlobalID":"66bdf121-2758-4320-96f8-a23940d99cd6"}},{"type":"Feature","id":25993,"geometry":{"type":"Point","coordinates":[-9.136488611763,38.7142438434007]},"properties":{"OBJECTID":25993,"COD_SIG":null,"IDTIPO":null,"NOME":"RESTAURANTE PIRI PIRI","REGEND":"002168","MORADA":"ARCO MARQUES DO ALEGRETE (R DO)","NUM_POLICIA":"7","FREGUESIA":"121","LOCALIDADE":"LISBOA","COD_POST_4":"1100","COD_POST_3":"034","COM_INT_ID":null,"COD_ACT_ECON":"51107","DESC_ACT_ECON":"RESTAURANTE - 3ª CATEGORIA","ANO":1991,"TIPO":"Restauração e Bebidas","LOCALIZACAO":"Isolado","C_INTEGRADO":null,"EMPRESA":"CIMA VARELA & GARCIA, LDA","GlobalID":"5b631699-4e29-4d5f-909c-ade8da8a633e"}},{"type":"Feature","id":26006,"geometry":{"type":"Point","coordinates":[-9.16132443503435,38.7236969765544]},"properties":{"OBJECTID":26006,"COD_SIG":null,"IDTIPO":null,"NOME":"O PAGODE","REGEND":"002066","MORADA":"ENG DUARTE PACHECO (AV)","NUM_POLICIA":null,"FREGUESIA":"110","LOCALIDADE":null,"COD_POST_4":null,"COD_POST_3":null,"COM_INT_ID":48,"COD_ACT_ECON":"51107","DESC_ACT_ECON":"RESTAURANTE - 3ª CATEGORIA","ANO":1991,"TIPO":"Restauração e Bebidas","LOCALIZACAO":"Integrado - outro","C_INTEGRADO":"SHOPPING CENTER AMOREIRAS","EMPRESA":"MARIA ISABEL SILVEIRA MENDES RODRIGUES MOURA","GlobalID":"4cebf2c9-e6ee-4c8b-a2e2-fb7121951066"}},{"type":"Feature","id":26107,"geometry":{"type":"Point","coordinates":[-9.14139070569204,38.7166562378345]},"properties":{"OBJECTID":26107,"COD_SIG":null,"IDTIPO":null,"NOME":"BAR CINEMA OLIMPIA","REGEND":"002174","MORADA":"CONDES (R DOS)","NUM_POLICIA":"17","FREGUESIA":"121","LOCALIDADE":null,"COD_POST_4":null,"COD_POST_3":null,"COM_INT_ID":null,"COD_ACT_ECON":"52403","DESC_ACT_ECON":"BAR/\"PUB\" - 2ª CATEGORIA","ANO":1991,"TIPO":"Restauração e Bebidas","LOCALIZACAO":"Isolado","C_INTEGRADO":null,"EMPRESA":"MARIA ISABEL SILVEIRA MENDES RODRIGUES MOURA","GlobalID":"075b0a8f-0ee5-4365-b53b-6f4124244a39"}},{"type":"Feature","id":26138,"geometry":{"type":"Point","coordinates":[-9.16670827389069,38.7045553162865]},"properties":{"OBJECTID":26138,"COD_SIG":null,"IDTIPO":null,"NOME":"LAI SING","REGEND":"001880","MORADA":"PRES ARRIAGA (R)","NUM_POLICIA":"164","FREGUESIA":"113","LOCALIDADE":null,"COD_POST_4":null,"COD_POST_3":null,"COM_INT_ID":null,"COD_ACT_ECON":"51203","DESC_ACT_ECON":"\"SNACK-BAR\" - 3ª CATEGORIA","ANO":1991,"TIPO":"Restauração e Bebidas","LOCALIZACAO":"Isolado","C_INTEGRADO":null,"EMPRESA":"MARIA ISABEL SILVEIRA MENDES RODRIGUES MOURA","GlobalID":"373113ff-407d-46ea-b92b-3bfba070f49b"}},{"type":"Feature","id":26145,"geometry":{"type":"Point","coordinates":[-9.16366578243132,38.7046450786472]},"properties":{"OBJECTID":26145,"COD_SIG":null,"IDTIPO":null,"NOME":"O PRESIDENTE","REGEND":"001875","MORADA":"PRES ARRIAGA (R)","NUM_POLICIA":"30","FREGUESIA":"113","LOCALIDADE":"LISBOA","COD_POST_4":"1200","COD_POST_3":"773","COM_INT_ID":null,"COD_ACT_ECON":"51203","DESC_ACT_ECON":"\"SNACK-BAR\" - 3ª CATEGORIA","ANO":1991,"TIPO":"Restauração e Bebidas","LOCALIZACAO":"Isolado","C_INTEGRADO":null,"EMPRESA":"MARIJO, LDA","GlobalID":"14e2b706-712e-4b4e-accb-460de6585ce8"}},{"type":"Feature","id":26172,"geometry":{"type":"Point","coordinates":[-9.20295671853632,38.7022468333887]},"properties":{"OBJECTID":26172,"COD_SIG":null,"IDTIPO":null,"NOME":"FLORENTINO ALVES AMORIM","REGEND":"002274","MORADA":"DOMINGOS TENDEIRO (R DE)","NUM_POLICIA":"20","FREGUESIA":"108","LOCALIDADE":null,"COD_POST_4":null,"COD_POST_3":null,"COM_INT_ID":null,"COD_ACT_ECON":"52705","DESC_ACT_ECON":"Outros Estab. De Bebidas - Taberna","ANO":1991,"TIPO":"Restauração e Bebidas","LOCALIZACAO":"Isolado","C_INTEGRADO":null,"EMPRESA":"MARIA ISABEL SILVEIRA MENDES RODRIGUES MOURA","GlobalID":"82cf938f-6932-47f4-8988-df0d83e15901"}},{"type":"Feature","id":26199,"geometry":{"type":"Point","coordinates":[-9.10595824573472,38.7631146229805]},"properties":{"OBJECTID":26199,"COD_SIG":null,"IDTIPO":null,"NOME":"O BAR OITO MARÇO","REGEND":"002342","MORADA":"PADUA (AV DE)","NUM_POLICIA":"14","FREGUESIA":"117","LOCALIDADE":"LISBOA","COD_POST_4":"1800","COD_POST_3":"297","COM_INT_ID":null,"COD_ACT_ECON":"51203","DESC_ACT_ECON":"\"SNACK-BAR\" - 3ª CATEGORIA","ANO":1991,"TIPO":"Restauração e Bebidas","LOCALIZACAO":"Isolado","C_INTEGRADO":null,"EMPRESA":"MARIA ISABEL SILVEIRA MENDES RODRIGUES MOURA","GlobalID":"f185663f-f6d2-401f-9686-ba5c26ff7561"}},{"type":"Feature","id":26256,"geometry":{"type":"Point","coordinates":[-9.14313253094309,38.7128594839929]},"properties":{"OBJECTID":26256,"COD_SIG":null,"IDTIPO":null,"NOME":"RESTAURANTE CERVEJARIA GAMBA D'OURO","REGEND":"001938","MORADA":"Rua da Misericórdia","NUM_POLICIA":"118","FREGUESIA":"121","LOCALIDADE":"LISBOA","COD_POST_4":"1200","COD_POST_3":"273","COM_INT_ID":null,"COD_ACT_ECON":"51109","DESC_ACT_ECON":"RESTAURANTE - CASA DE PASTO","ANO":1991,"TIPO":"Restauração e Bebidas","LOCALIZACAO":"Isolado","C_INTEGRADO":null,"EMPRESA":"HOTEIS SULEMAN, LDA","GlobalID":"27e15fd9-0e81-4902-aa31-c9fabe36e081"}},{"type":"Feature","id":26282,"geometry":{"type":"Point","coordinates":[-9.12893508098408,38.7722050405143]},"properties":{"OBJECTID":26282,"COD_SIG":null,"IDTIPO":null,"NOME":"CAFE TRANSITO","REGEND":"002326","MORADA":"AEROPORTO DE LISBOA OU DA PORTELA","NUM_POLICIA":null,"FREGUESIA":"117","LOCALIDADE":"LISBOA","COD_POST_4":"1700","COD_POST_3":"008","COM_INT_ID":197,"COD_ACT_ECON":"52102","DESC_ACT_ECON":"CAFÉ/PASTELARIA - 1ª CATEGORIA","ANO":1991,"TIPO":"Restauração e Bebidas","LOCALIZACAO":"Integrado - outro","C_INTEGRADO":"AEROPORTO DE LISBOA","EMPRESA":"ESTA GESTAO HOTEIS SA","GlobalID":"820281e1-a9d2-4628-8687-d409b38bd725"}},{"type":"Feature","id":26289,"geometry":{"type":"Point","coordinates":[-9.12893508098408,38.7722050405143]},"properties":{"OBJECTID":26289,"COD_SIG":null,"IDTIPO":null,"NOME":"TAXI WAY","REGEND":"002334","MORADA":"AEROPORTO DE LISBOA OU DA PORTELA","NUM_POLICIA":null,"FREGUESIA":"117","LOCALIDADE":"LISBOA                         ","COD_POST_4":"1700","COD_POST_3":"007","COM_INT_ID":197,"COD_ACT_ECON":"51203","DESC_ACT_ECON":"\"SNACK-BAR\" - 3ª CATEGORIA","ANO":1991,"TIPO":"Restauração e Bebidas","LOCALIZACAO":"Integrado - outro","C_INTEGRADO":"AEROPORTO DE LISBOA","EMPRESA":"ESTA GESTAO HOTEIS SA","GlobalID":"bcd320a2-0e9a-401a-910e-de52d7b57a81"}},{"type":"Feature","id":26297,"geometry":{"type":"Point","coordinates":[-9.12893508098408,38.7722050405143]},"properties":{"OBJECTID":26297,"COD_SIG":null,"IDTIPO":null,"NOME":"RESTAURANTE PONTA OESTE","REGEND":"002328","MORADA":"AEROPORTO DE LISBOA OU DA PORTELA","NUM_POLICIA":null,"FREGUESIA":"117","LOCALIDADE":null,"COD_POST_4":null,"COD_POST_3":null,"COM_INT_ID":197,"COD_ACT_ECON":"51103","DESC_ACT_ECON":"Restaurante","ANO":1991,"TIPO":"Restauração e Bebidas","LOCALIZACAO":"Integrado - outro","C_INTEGRADO":"AEROPORTO DE LISBOA","EMPRESA":"ESTA GESTAO HOTEIS SA","GlobalID":"b01ce7db-8bb2-4187-843b-16f16480b734"}},{"type":"Feature","id":26375,"geometry":{"type":"Point","coordinates":[-9.12121165902201,38.719907018173]},"properties":{"OBJECTID":26375,"COD_SIG":null,"IDTIPO":null,"NOME":"LUZ MONTE PEDRAL","REGEND":"002019","MORADA":"BARÃO DO MONTE PEDRAL (R DO)","NUM_POLICIA":"2 A","FREGUESIA":"124","LOCALIDADE":"LISBOA","COD_POST_4":"1170","COD_POST_3":"038","COM_INT_ID":null,"COD_ACT_ECON":"51105","DESC_ACT_ECON":"RESTAURANTE - 2ª CATEGORIA","ANO":1991,"TIPO":"Restauração e Bebidas","LOCALIZACAO":"Isolado","C_INTEGRADO":null,"EMPRESA":"ABREU & ABREU, LDA","GlobalID":"d9e1c337-bb50-44d2-ba9a-1b96f6ee3ced"}},{"type":"Feature","id":26393,"geometry":{"type":"Point","coordinates":[-9.14830985430214,38.7104906031065]},"properties":{"OBJECTID":26393,"COD_SIG":null,"IDTIPO":null,"NOME":"RESTAURANTE FLOR ST CATARINA","REGEND":"002009","MORADA":"CDª DO RIO (T DA)","NUM_POLICIA":"8 A/B/C","FREGUESIA":"116","LOCALIDADE":null,"COD_POST_4":null,"COD_POST_3":null,"COM_INT_ID":null,"COD_ACT_ECON":"51107","DESC_ACT_ECON":"RESTAURANTE - 3ª CATEGORIA","ANO":1991,"TIPO":"Restauração e Bebidas","LOCALIZACAO":"Isolado","C_INTEGRADO":null,"EMPRESA":"MARIA ISABEL SILVEIRA MENDES RODRIGUES MOURA","GlobalID":"c9cd6a42-2ac1-43f9-9b50-5cee007e656e"}},{"type":"Feature","id":26427,"geometry":{"type":"Point","coordinates":[-9.13528928001033,38.7166113466855]},"properties":{"OBJECTID":26427,"COD_SIG":null,"IDTIPO":null,"NOME":"RESTAURANTE BAR ALES","REGEND":"002148","MORADA":"MARTIN MONIZ (L)","NUM_POLICIA":"C.C.MOURARIA","FREGUESIA":"121","LOCALIDADE":null,"COD_POST_4":null,"COD_POST_3":null,"COM_INT_ID":90,"COD_ACT_ECON":"51107","DESC_ACT_ECON":"RESTAURANTE - 3ª CATEGORIA","ANO":1991,"TIPO":"Restauração e Bebidas","LOCALIZACAO":"Integrado - outro","C_INTEGRADO":"CENTRO COMERCIAL MOURARIA","EMPRESA":"MARIA ISABEL SILVEIRA MENDES RODRIGUES MOURA","GlobalID":"104ef59f-6489-48fc-a2de-893b1955f484"}},{"type":"Feature","id":26484,"geometry":{"type":"Point","coordinates":[-9.16496164804275,38.7211667661648]},"properties":{"OBJECTID":26484,"COD_SIG":null,"IDTIPO":null,"NOME":"JOSE FREIRE BRITO","REGEND":"002101","MORADA":"Rua de Campo de Ourique","NUM_POLICIA":"186","FREGUESIA":"110","LOCALIDADE":"LISBOA                         ","COD_POST_4":"1350","COD_POST_3":"057","COM_INT_ID":null,"COD_ACT_ECON":"52705","DESC_ACT_ECON":"Outros Estab. De Bebidas - Taberna","ANO":1991,"TIPO":"Restauração e Bebidas","LOCALIZACAO":"Isolado","C_INTEGRADO":null,"EMPRESA":"MARIA ISABEL SILVEIRA MENDES RODRIGUES MOURA","GlobalID":"93bf92af-f402-49c3-81df-864edc71ea7f"}},{"type":"Feature","id":26492,"geometry":{"type":"Point","coordinates":[-9.15538960461705,38.7175900314055]},"properties":{"OBJECTID":26492,"COD_SIG":null,"IDTIPO":null,"NOME":"EDUARDO FRANCISCO LDA","REGEND":"002109","MORADA":"S BENTO (R DE)","NUM_POLICIA":"309 B","FREGUESIA":"110","LOCALIDADE":null,"COD_POST_4":null,"COD_POST_3":null,"COM_INT_ID":null,"COD_ACT_ECON":"52104","DESC_ACT_ECON":"CAFE/PASTELARIA - 3ª CATEGORIA","ANO":1991,"TIPO":"Restauração e Bebidas","LOCALIZACAO":"Isolado","C_INTEGRADO":null,"EMPRESA":"EDUARDO FRANCISCO LDA","GlobalID":"ce34649d-42d5-4858-9617-38de4911fd1b"}},{"type":"Feature","id":26516,"geometry":{"type":"Point","coordinates":[-9.16301184214214,38.7234853007732]},"properties":{"OBJECTID":26516,"COD_SIG":null,"IDTIPO":null,"NOME":"RESTAURADORZINHO","REGEND":"002059","MORADA":"Avenida Engenheiro Duarte Pacheco","NUM_POLICIA":"Lote 7","FREGUESIA":"110","LOCALIDADE":"LISBOA                         ","COD_POST_4":"1070","COD_POST_3":"100","COM_INT_ID":48,"COD_ACT_ECON":"51107","DESC_ACT_ECON":"RESTAURANTE - 3ª CATEGORIA","ANO":1991,"TIPO":"Restauração e Bebidas","LOCALIZACAO":"Integrado - outro","C_INTEGRADO":"SHOPPING CENTER AMOREIRAS","EMPRESA":"CEIA COMÉRCIO INDÚSTRIA DE ALIMENTOS, LDA","GlobalID":"c499dcc0-4a58-49b1-b5f1-37cdd2e2f59c"}},{"type":"Feature","id":26520,"geometry":{"type":"Point","coordinates":[-9.16169395163661,38.723443767446]},"properties":{"OBJECTID":26520,"COD_SIG":null,"IDTIPO":null,"NOME":"MOHANA","REGEND":"002061","MORADA":"Avenida Engenheiro Duarte Pacheco","NUM_POLICIA":"Lote 7","FREGUESIA":"110","LOCALIDADE":"LISBOA                         ","COD_POST_4":"1070","COD_POST_3":"100","COM_INT_ID":null,"COD_ACT_ECON":"51107","DESC_ACT_ECON":"RESTAURANTE - 3ª CATEGORIA","ANO":1991,"TIPO":"Restauração e Bebidas","LOCALIZACAO":"Isolado","C_INTEGRADO":null,"EMPRESA":"MARIA ISABEL SILVEIRA MENDES RODRIGUES MOURA","GlobalID":"7cee4ae8-c5a6-4119-8b06-681298764f9b"}},{"type":"Feature","id":26538,"geometry":{"type":"Point","coordinates":[-9.13985200300141,38.715662290435]},"properties":{"OBJECTID":26538,"COD_SIG":null,"IDTIPO":null,"NOME":"PIZZA PAZZA","REGEND":"002207","MORADA":"PORTAS DE ST ANTÃO (R DAS)","NUM_POLICIA":"42","FREGUESIA":"121","LOCALIDADE":null,"COD_POST_4":null,"COD_POST_3":null,"COM_INT_ID":null,"COD_ACT_ECON":"51105","DESC_ACT_ECON":"RESTAURANTE - 2ª CATEGORIA","ANO":1991,"TIPO":"Restauração e Bebidas","LOCALIZACAO":"Isolado","C_INTEGRADO":null,"EMPRESA":"BERGANA GOMEZ & ALONSO, LDA","GlobalID":"271510d4-b49d-4a38-b137-4f72fb68103b"}},{"type":"Feature","id":26623,"geometry":{"type":"Point","coordinates":[-9.16169395163661,38.723443767446]},"properties":{"OBJECTID":26623,"COD_SIG":null,"IDTIPO":null,"NOME":"MAD MESS","REGEND":"002068","MORADA":"Avenida Marquês de Tomar","NUM_POLICIA":"56","FREGUESIA":"110","LOCALIDADE":"LISBOA                         ","COD_POST_4":"1050","COD_POST_3":"238","COM_INT_ID":null,"COD_ACT_ECON":"51105","DESC_ACT_ECON":"RESTAURANTE - 2ª CATEGORIA","ANO":1991,"TIPO":"Restauração e Bebidas","LOCALIZACAO":"Isolado","C_INTEGRADO":null,"EMPRESA":"IBERESTE SOC IBERICA RESTAURANTES LDA","GlobalID":"b4af1249-ea73-4490-aead-d03af17a53fb"}},{"type":"Feature","id":26642,"geometry":{"type":"Point","coordinates":[-9.16666954662049,38.7044579721862]},"properties":{"OBJECTID":26642,"COD_SIG":null,"IDTIPO":null,"NOME":"ERNESTO AUGUSTO","REGEND":"001877","MORADA":"PRES ARRIAGA (R)","NUM_POLICIA":"67","FREGUESIA":"113","LOCALIDADE":null,"COD_POST_4":null,"COD_POST_3":null,"COM_INT_ID":null,"COD_ACT_ECON":"52104","DESC_ACT_ECON":"CAFE/PASTELARIA - 3ª CATEGORIA","ANO":1991,"TIPO":"Restauração e Bebidas","LOCALIZACAO":"Isolado","C_INTEGRADO":null,"EMPRESA":"MARIA ISABEL SILVEIRA MENDES RODRIGUES MOURA","GlobalID":"f84a2701-cd2c-4faa-89c7-f162d2048494"}},{"type":"Feature","id":26730,"geometry":{"type":"Point","coordinates":[-9.14125840451192,38.7167505009553]},"properties":{"OBJECTID":26730,"COD_SIG":null,"IDTIPO":null,"NOME":"SOLAR DOS CONDES CASA PASTO","REGEND":"002175","MORADA":"CONDES (R DOS)","NUM_POLICIA":"7 A","FREGUESIA":"121","LOCALIDADE":null,"COD_POST_4":null,"COD_POST_3":null,"COM_INT_ID":null,"COD_ACT_ECON":"51109","DESC_ACT_ECON":"RESTAURANTE - CASA DE PASTO","ANO":1991,"TIPO":"Restauração e Bebidas","LOCALIZACAO":"Isolado","C_INTEGRADO":null,"EMPRESA":"MARIA ISABEL SILVEIRA MENDES RODRIGUES MOURA","GlobalID":"bad1715a-70db-4f19-8d7e-d74540bd7573"}},{"type":"Feature","id":26866,"geometry":{"type":"Point","coordinates":[-9.21235312156106,38.694927076186]},"properties":{"OBJECTID":26866,"COD_SIG":null,"IDTIPO":null,"NOME":"LACTICINIA E GARANTIA","REGEND":"002309","MORADA":"PRAIA DO BOM SUCESSO (R DA)","NUM_POLICIA":"9","FREGUESIA":"108","LOCALIDADE":null,"COD_POST_4":null,"COD_POST_3":null,"COM_INT_ID":null,"COD_ACT_ECON":"51109","DESC_ACT_ECON":"RESTAURANTE - CASA DE PASTO","ANO":1991,"TIPO":"Restauração e Bebidas","LOCALIZACAO":"Isolado","C_INTEGRADO":null,"EMPRESA":"MARIA ISABEL SILVEIRA MENDES RODRIGUES MOURA","GlobalID":"18d6f3c5-eff3-4d71-ae1a-446aaeba071b"}},{"type":"Feature","id":26871,"geometry":{"type":"Point","coordinates":[-9.16729801967137,38.7165663307462]},"properties":{"OBJECTID":26871,"COD_SIG":null,"IDTIPO":null,"NOME":"ALBERTINA FERNANDA ANTUNES OLIVAL","REGEND":"002461","MORADA":"Rua Coelho da Rocha","NUM_POLICIA":"110","FREGUESIA":"110","LOCALIDADE":"LISBOA","COD_POST_4":"1350","COD_POST_3":"080","COM_INT_ID":null,"COD_ACT_ECON":"51203","DESC_ACT_ECON":"\"SNACK-BAR\" - 3ª CATEGORIA","ANO":1991,"TIPO":"Restauração e Bebidas","LOCALIZACAO":"Isolado","C_INTEGRADO":null,"EMPRESA":"MARIA ISABEL SILVEIRA MENDES RODRIGUES MOURA","GlobalID":"68de71c0-97e6-4650-89cc-3f2410d68620"}},{"type":"Feature","id":26879,"geometry":{"type":"Point","coordinates":[-9.16504532790811,38.7194092028648]},"properties":{"OBJECTID":26879,"COD_SIG":null,"IDTIPO":null,"NOME":"OKAPI","REGEND":"002522","MORADA":"Rua do Quatro de Infantaria","NUM_POLICIA":"47A","FREGUESIA":"110","LOCALIDADE":"LISBOA","COD_POST_4":"1350","COD_POST_3":"269","COM_INT_ID":null,"COD_ACT_ECON":"52104","DESC_ACT_ECON":"CAFE/PASTELARIA - 3ª CATEGORIA","ANO":1991,"TIPO":"Restauração e Bebidas","LOCALIZACAO":"Isolado","C_INTEGRADO":null,"EMPRESA":"MARIA ISABEL SILVEIRA MENDES RODRIGUES MOURA","GlobalID":"30c38615-4be3-491b-933a-e06931288bad"}},{"type":"Feature","id":26896,"geometry":{"type":"Point","coordinates":[-9.16983218954574,38.7198496653544]},"properties":{"OBJECTID":26896,"COD_SIG":null,"IDTIPO":null,"NOME":"DAVID HENRIQUES PEREIRA & HERDEIROS","REGEND":"002509","MORADA":"MARIA PIA (R)","NUM_POLICIA":"498 A","FREGUESIA":"110","LOCALIDADE":null,"COD_POST_4":null,"COD_POST_3":null,"COM_INT_ID":null,"COD_ACT_ECON":"52704","DESC_ACT_ECON":"OUTROS EST. DE BEBIDAS - 3ª CATEGORIA","ANO":1991,"TIPO":"Restauração e Bebidas","LOCALIZACAO":"Isolado","C_INTEGRADO":null,"EMPRESA":"MARIA ISABEL SILVEIRA MENDES RODRIGUES MOURA","GlobalID":"e1961415-31a3-498d-ae3f-2df1bcc1b8cc"}},{"type":"Feature","id":26912,"geometry":{"type":"Point","coordinates":[-9.21413120012204,38.694947663938]},"properties":{"OBJECTID":26912,"COD_SIG":null,"IDTIPO":null,"NOME":"AGOSTINHO & VALENTE LDA","REGEND":"002251","MORADA":"BARTOLOMEU DIAS (R)","NUM_POLICIA":"117","FREGUESIA":"108","LOCALIDADE":"LISBOA                         ","COD_POST_4":"1400","COD_POST_3":"127","COM_INT_ID":null,"COD_ACT_ECON":"52304","DESC_ACT_ECON":"CERVEJARIA - 3ª CATEGORIA","ANO":1991,"TIPO":"Restauração e Bebidas","LOCALIZACAO":"Isolado","C_INTEGRADO":null,"EMPRESA":"BARTOLOMEU DIAS - RESTAURANTE E SNACK BAR, LDA","GlobalID":"f29d67f7-ee64-4398-ac14-be3dae3c449c"}},{"type":"Feature","id":26939,"geometry":{"type":"Point","coordinates":[-9.20359981346508,38.6975082786292]},"properties":{"OBJECTID":26939,"COD_SIG":null,"IDTIPO":null,"NOME":"RESTAURANTE RAFAEL","REGEND":"002262","MORADA":"Rua de Belém","NUM_POLICIA":"100","FREGUESIA":"108","LOCALIDADE":"LISBOA","COD_POST_4":"1300","COD_POST_3":"265","COM_INT_ID":null,"COD_ACT_ECON":"51105","DESC_ACT_ECON":"RESTAURANTE - 2ª CATEGORIA","ANO":1991,"TIPO":"Restauração e Bebidas","LOCALIZACAO":"Isolado","C_INTEGRADO":null,"EMPRESA":"MIRANDO OLIVEIRA & RAMIREZ, LDA","GlobalID":"b05b237c-0c41-4bca-9048-cb23ff3d081f"}},{"type":"Feature","id":26968,"geometry":{"type":"Point","coordinates":[-9.13065611832117,38.7133361540514]},"properties":{"OBJECTID":26968,"COD_SIG":null,"IDTIPO":null,"NOME":"MIRANDA & SOUSA LDA","REGEND":"002441","MORADA":"S TOME (R DE)","NUM_POLICIA":"46","FREGUESIA":"121","LOCALIDADE":"LISBOA","COD_POST_4":"1100","COD_POST_3":"562","COM_INT_ID":null,"COD_ACT_ECON":"52104","DESC_ACT_ECON":"CAFE/PASTELARIA - 3ª CATEGORIA","ANO":1991,"TIPO":"Restauração e Bebidas","LOCALIZACAO":"Isolado","C_INTEGRADO":null,"EMPRESA":"MIRANDA & SOUSA, LDA","GlobalID":"2b7ca9a5-823c-446c-9cce-21e5408d3aa7"}},{"type":"Feature","id":26992,"geometry":{"type":"Point","coordinates":[-9.17393356385806,38.7134987429271]},"properties":{"OBJECTID":26992,"COD_SIG":null,"IDTIPO":null,"NOME":"JOAO LOPES","REGEND":"002496","MORADA":"MARIA PIA (R)","NUM_POLICIA":"102 A","FREGUESIA":"110","LOCALIDADE":"LISBOA","COD_POST_4":"1350","COD_POST_3":"211","COM_INT_ID":null,"COD_ACT_ECON":"52104","DESC_ACT_ECON":"CAFE/PASTELARIA - 3ª CATEGORIA","ANO":1991,"TIPO":"Restauração e Bebidas","LOCALIZACAO":"Isolado","C_INTEGRADO":null,"EMPRESA":"MARIA ISABEL SILVEIRA MENDES RODRIGUES MOURA","GlobalID":"442ee844-eaa5-430e-b037-0f3de605ecb7"}},{"type":"Feature","id":27005,"geometry":{"type":"Point","coordinates":[-9.17343759051496,38.7152468573396]},"properties":{"OBJECTID":27005,"COD_SIG":null,"IDTIPO":null,"NOME":"LEONARDO AUGUSTO PEREIRA","REGEND":"002503","MORADA":"MARIA PIA (R)","NUM_POLICIA":"349","FREGUESIA":"110","LOCALIDADE":null,"COD_POST_4":null,"COD_POST_3":null,"COM_INT_ID":null,"COD_ACT_ECON":"52104","DESC_ACT_ECON":"CAFE/PASTELARIA - 3ª CATEGORIA","ANO":1991,"TIPO":"Restauração e Bebidas","LOCALIZACAO":"Isolado","C_INTEGRADO":null,"EMPRESA":"MARIA ISABEL SILVEIRA MENDES RODRIGUES MOURA","GlobalID":"ac4820f4-6255-4b56-bd88-f437268f4948"}},{"type":"Feature","id":27009,"geometry":{"type":"Point","coordinates":[-9.17131222416343,38.7190528811471]},"properties":{"OBJECTID":27009,"COD_SIG":null,"IDTIPO":null,"NOME":"VICTOR MANUEL SILVA RELVAS","REGEND":"002508","MORADA":"MARIA PIA (R)","NUM_POLICIA":"473","FREGUESIA":"110","LOCALIDADE":null,"COD_POST_4":null,"COD_POST_3":null,"COM_INT_ID":null,"COD_ACT_ECON":"52104","DESC_ACT_ECON":"CAFE/PASTELARIA - 3ª CATEGORIA","ANO":1991,"TIPO":"Restauração e Bebidas","LOCALIZACAO":"Isolado","C_INTEGRADO":null,"EMPRESA":"MARIA ISABEL SILVEIRA MENDES RODRIGUES MOURA","GlobalID":"863165f6-cafa-4edb-b512-f70c8552fe80"}},{"type":"Feature","id":27058,"geometry":{"type":"Point","coordinates":[-9.2215868980783,38.6967059695839]},"properties":{"OBJECTID":27058,"COD_SIG":null,"IDTIPO":null,"NOME":"CARDOSO & SILVA LDA","REGEND":"002307","MORADA":"PEDROUÇOS (R DE)","NUM_POLICIA":"99 B","FREGUESIA":"108","LOCALIDADE":null,"COD_POST_4":null,"COD_POST_3":null,"COM_INT_ID":null,"COD_ACT_ECON":"52103","DESC_ACT_ECON":"CAFÉ/PASTELARIA - 2ª CATEGORIA","ANO":1991,"TIPO":"Restauração e Bebidas","LOCALIZACAO":"Isolado","C_INTEGRADO":null,"EMPRESA":"CARDOSO & SILVA LDA","GlobalID":"1b4d2d1a-a6a0-45a2-ba36-480a10a8453e"}},{"type":"Feature","id":27080,"geometry":{"type":"Point","coordinates":[-9.12893508278071,38.7722050412147]},"properties":{"OBJECTID":27080,"COD_SIG":null,"IDTIPO":null,"NOME":"RESTAURANTE TRANSITO","REGEND":"002329","MORADA":"AEROPORTO DE LISBOA OU DA PORTELA","NUM_POLICIA":null,"FREGUESIA":"117","LOCALIDADE":null,"COD_POST_4":null,"COD_POST_3":null,"COM_INT_ID":197,"COD_ACT_ECON":"51103","DESC_ACT_ECON":"Restaurante","ANO":1991,"TIPO":"Restauração e Bebidas","LOCALIZACAO":"Integrado - outro","C_INTEGRADO":"AEROPORTO DE LISBOA","EMPRESA":"ESTA GESTAO HOTEIS SA","GlobalID":"8b368c8c-a7cf-46a6-8c8a-e597dd12745f"}},{"type":"Feature","id":27090,"geometry":{"type":"Point","coordinates":[-9.12893508098408,38.7722050405143]},"properties":{"OBJECTID":27090,"COD_SIG":null,"IDTIPO":null,"NOME":"BAR NOBRE C","REGEND":"002324","MORADA":"AEROPORTO DE LISBOA OU DA PORTELA","NUM_POLICIA":null,"FREGUESIA":"117","LOCALIDADE":"LISBOA                         ","COD_POST_4":"1700","COD_POST_3":"007","COM_INT_ID":197,"COD_ACT_ECON":"52102","DESC_ACT_ECON":"CAFÉ/PASTELARIA - 1ª CATEGORIA","ANO":1991,"TIPO":"Restauração e Bebidas","LOCALIZACAO":"Integrado - outro","C_INTEGRADO":"AEROPORTO DE LISBOA","EMPRESA":"ESTA GESTAO HOTEIS SA","GlobalID":"4a151547-450f-4066-80c8-9b0a63864f83"}},{"type":"Feature","id":27096,"geometry":{"type":"Point","coordinates":[-9.17340727327245,38.7152599568897]},"properties":{"OBJECTID":27096,"COD_SIG":null,"IDTIPO":null,"NOME":"LEITARIA A BLAUDINA","REGEND":"002504","MORADA":"MARIA PIA (R)","NUM_POLICIA":"351/353","FREGUESIA":"110","LOCALIDADE":null,"COD_POST_4":null,"COD_POST_3":null,"COM_INT_ID":null,"COD_ACT_ECON":"52104","DESC_ACT_ECON":"CAFE/PASTELARIA - 3ª CATEGORIA","ANO":1991,"TIPO":"Restauração e Bebidas","LOCALIZACAO":"Isolado","C_INTEGRADO":null,"EMPRESA":"MARIA ISABEL SILVEIRA MENDES RODRIGUES MOURA","GlobalID":"405a103a-d240-4ee6-8b6c-c6d3a1ba9bd9"}},{"type":"Feature","id":27127,"geometry":{"type":"Point","coordinates":[-9.12806107950144,38.7135744913933]},"properties":{"OBJECTID":27127,"COD_SIG":null,"IDTIPO":null,"NOME":"JOAO CORREIA NEVES","REGEND":"002560","MORADA":"S VICENTE (C DE)","NUM_POLICIA":"41","FREGUESIA":"121","LOCALIDADE":null,"COD_POST_4":null,"COD_POST_3":null,"COM_INT_ID":null,"COD_ACT_ECON":"52199","DESC_ACT_ECON":"CAFÉ/PASTELARIA - (SEM CATEGORIA)","ANO":1991,"TIPO":"Restauração e Bebidas","LOCALIZACAO":"Isolado","C_INTEGRADO":null,"EMPRESA":"MARIA ISABEL SILVEIRA MENDES RODRIGUES MOURA","GlobalID":"bac10fff-d848-465a-802e-cb632004a979"}},{"type":"Feature","id":27157,"geometry":{"type":"Point","coordinates":[-9.13647598863662,38.7422283677436]},"properties":{"OBJECTID":27157,"COD_SIG":null,"IDTIPO":null,"NOME":"PRANDIO PRONTO A COMER LDA","REGEND":"002387","MORADA":"CID DE BISSAU (R)","NUM_POLICIA":"LT A","FREGUESIA":null,"LOCALIDADE":null,"COD_POST_4":null,"COD_POST_3":null,"COM_INT_ID":null,"COD_ACT_ECON":"51403","DESC_ACT_ECON":"OUTROS EST. COMIDAS REFEIÇÕES - 3ª CAT.","ANO":1991,"TIPO":"Restauração e Bebidas","LOCALIZACAO":"Isolado","C_INTEGRADO":null,"EMPRESA":"MARIA ISABEL SILVEIRA MENDES RODRIGUES MOURA","GlobalID":"5d4c3da6-267f-4125-8731-b92d91d39b74"}},{"type":"Feature","id":27171,"geometry":{"type":"Point","coordinates":[-9.21324709438908,38.6947566682105]},"properties":{"OBJECTID":27171,"COD_SIG":null,"IDTIPO":null,"NOME":"ANTONIO AUGUSTO CRUZ PORTA BANDEIRA","REGEND":"002310","MORADA":"Rua da Praia do Bom Sucesso","NUM_POLICIA":"24","FREGUESIA":"108","LOCALIDADE":"LISBOA","COD_POST_4":"1400","COD_POST_3":"035","COM_INT_ID":null,"COD_ACT_ECON":"51109","DESC_ACT_ECON":"RESTAURANTE - CASA DE PASTO","ANO":1991,"TIPO":"Restauração e Bebidas","LOCALIZACAO":"Isolado","C_INTEGRADO":null,"EMPRESA":"MARIA ISABEL SILVEIRA MENDES RODRIGUES MOURA","GlobalID":"4b9cb1d0-91b0-41a5-acc0-d62ea51d1cdb"}},{"type":"Feature","id":27232,"geometry":{"type":"Point","coordinates":[-9.12785750688503,38.7113332744883]},"properties":{"OBJECTID":27232,"COD_SIG":null,"IDTIPO":null,"NOME":"JACINTO CAÇADOR FERNANDES","REGEND":"002568","MORADA":"Largo do Chafariz de Dentro","NUM_POLICIA":"32","FREGUESIA":"121","LOCALIDADE":"LISBOA","COD_POST_4":"1100","COD_POST_3":"139","COM_INT_ID":null,"COD_ACT_ECON":"52705","DESC_ACT_ECON":"Outros Estab. De Bebidas - Taberna","ANO":1991,"TIPO":"Restauração e Bebidas","LOCALIZACAO":"Isolado","C_INTEGRADO":null,"EMPRESA":"MARIA ISABEL SILVEIRA MENDES RODRIGUES MOURA","GlobalID":"c252240e-5d4f-4159-acaf-59bea4391a45"}},{"type":"Feature","id":27295,"geometry":{"type":"Point","coordinates":[-9.16056218037981,38.722300737145]},"properties":{"OBJECTID":27295,"COD_SIG":null,"IDTIPO":null,"NOME":"RESTAURANTE O REGRESSO","REGEND":"002122","MORADA":"Rua Silva Carvalho","NUM_POLICIA":"319B","FREGUESIA":"110","LOCALIDADE":"LISBOA","COD_POST_4":"1250","COD_POST_3":"252","COM_INT_ID":null,"COD_ACT_ECON":"51107","DESC_ACT_ECON":"RESTAURANTE - 3ª CATEGORIA","ANO":1991,"TIPO":"Restauração e Bebidas","LOCALIZACAO":"Isolado","C_INTEGRADO":null,"EMPRESA":"PALHARES & IRMÃO, LDA","GlobalID":"74b148ab-180e-49ea-8120-8bf0661f50f8"}},{"type":"Feature","id":27301,"geometry":{"type":"Point","coordinates":[-9.15924871677197,38.7197090354598]},"properties":{"OBJECTID":27301,"COD_SIG":null,"IDTIPO":null,"NOME":"MANUEL SILVA LOPES","REGEND":"002127","MORADA":"SOL (R DO) AO RATO","NUM_POLICIA":"39 B/C","FREGUESIA":"110","LOCALIDADE":null,"COD_POST_4":null,"COD_POST_3":null,"COM_INT_ID":null,"COD_ACT_ECON":"52704","DESC_ACT_ECON":"OUTROS EST. DE BEBIDAS - 3ª CATEGORIA","ANO":1991,"TIPO":"Restauração e Bebidas","LOCALIZACAO":"Isolado","C_INTEGRADO":null,"EMPRESA":"MARIA ISABEL SILVEIRA MENDES RODRIGUES MOURA","GlobalID":"ef316a6d-fe3f-4f0d-9e11-bda62d03acda"}},{"type":"Feature","id":27354,"geometry":{"type":"Point","coordinates":[-9.11292323178052,38.7753810485586]},"properties":{"OBJECTID":27354,"COD_SIG":null,"IDTIPO":null,"NOME":"SOCIEDADE PANIFICADORA CENTRAL OLIVAIS","REGEND":"002361","MORADA":"ALFERES BARRILARO RUAS (R)","NUM_POLICIA":"7 K","FREGUESIA":"117","LOCALIDADE":"LISBOA","COD_POST_4":"1800","COD_POST_3":"006","COM_INT_ID":null,"COD_ACT_ECON":"52104","DESC_ACT_ECON":"CAFE/PASTELARIA - 3ª CATEGORIA","ANO":1991,"TIPO":"Restauração e Bebidas","LOCALIZACAO":"Isolado","C_INTEGRADO":null,"EMPRESA":"SOC PANIFICADORA CENTRAL OLIVAIS LDA","GlobalID":"d610e318-a424-4715-86f1-727365faf343"}},{"type":"Feature","id":27398,"geometry":{"type":"Point","coordinates":[-9.16841466329874,38.7174572128164]},"properties":{"OBJECTID":27398,"COD_SIG":null,"IDTIPO":null,"NOME":"RESTAURANTE OS MOSDESTOS","REGEND":"002452","MORADA":"Rua Almeida e Sousa","NUM_POLICIA":"58B","FREGUESIA":"110","LOCALIDADE":"LISBOA","COD_POST_4":"1350","COD_POST_3":"015","COM_INT_ID":null,"COD_ACT_ECON":"51107","DESC_ACT_ECON":"RESTAURANTE - 3ª CATEGORIA","ANO":1991,"TIPO":"Restauração e Bebidas","LOCALIZACAO":"Isolado","C_INTEGRADO":null,"EMPRESA":"MARIA ISABEL SILVEIRA MENDES RODRIGUES MOURA","GlobalID":"d3fb6e28-30b7-4d59-9167-c5202953c35e"}},{"type":"Feature","id":27446,"geometry":{"type":"Point","coordinates":[-9.14024882030345,38.716082235008]},"properties":{"OBJECTID":27446,"COD_SIG":null,"IDTIPO":null,"NOME":"MANUEL ANTONIO PIRES","REGEND":"002212","MORADA":"PORTAS DE ST ANTAO (R DAS)","NUM_POLICIA":"66","FREGUESIA":"121","LOCALIDADE":"LISBOA","COD_POST_4":"1150","COD_POST_3":"268","COM_INT_ID":null,"COD_ACT_ECON":"52104","DESC_ACT_ECON":"CAFE/PASTELARIA - 3ª CATEGORIA","ANO":1991,"TIPO":"Restauração e Bebidas","LOCALIZACAO":"Isolado","C_INTEGRADO":null,"EMPRESA":"MARIA ISABEL SILVEIRA MENDES RODRIGUES MOURA","GlobalID":"38cd5b0c-645e-47a2-ac2e-7e82b2d18fbd"}},{"type":"Feature","id":27448,"geometry":{"type":"Point","coordinates":[-9.14033800414656,38.715883293359]},"properties":{"OBJECTID":27448,"COD_SIG":null,"IDTIPO":null,"NOME":"MING'S BURGUER","REGEND":"002213","MORADA":"PORTAS DE ST ANTÃO (R DAS)","NUM_POLICIA":"67","FREGUESIA":"121","LOCALIDADE":null,"COD_POST_4":null,"COD_POST_3":null,"COM_INT_ID":null,"COD_ACT_ECON":"51403","DESC_ACT_ECON":"OUTROS EST. COMIDAS REFEIÇÕES - 3ª CAT.","ANO":1991,"TIPO":"Restauração e Bebidas","LOCALIZACAO":"Isolado","C_INTEGRADO":null,"EMPRESA":"MARIA ISABEL SILVEIRA MENDES RODRIGUES MOURA","GlobalID":"ee80d809-b5fa-461f-b0db-473ed0f9629e"}},{"type":"Feature","id":27501,"geometry":{"type":"Point","coordinates":[-9.13083856346044,38.7125768856436]},"properties":{"OBJECTID":27501,"COD_SIG":null,"IDTIPO":null,"NOME":"CANTINHO ESPLANADA BAR","REGEND":"002444","MORADA":"S TOME (R DE)","NUM_POLICIA":"86 D","FREGUESIA":"121","LOCALIDADE":null,"COD_POST_4":null,"COD_POST_3":null,"COM_INT_ID":null,"COD_ACT_ECON":"52404","DESC_ACT_ECON":"BAR/\"PUB\" - 3ª CATEGORIA","ANO":1991,"TIPO":"Restauração e Bebidas","LOCALIZACAO":"Isolado","C_INTEGRADO":null,"EMPRESA":"MARIA ISABEL SILVEIRA MENDES RODRIGUES MOURA","GlobalID":"09603f98-9839-495d-b4d9-914b2e73e023"}},{"type":"Feature","id":27512,"geometry":{"type":"Point","coordinates":[-9.16539254742667,38.7191774466595]},"properties":{"OBJECTID":27512,"COD_SIG":null,"IDTIPO":null,"NOME":"SAL & PEPE","REGEND":"002466","MORADA":"Rua Correia Teles","NUM_POLICIA":"23A","FREGUESIA":"110","LOCALIDADE":"LISBOA","COD_POST_4":"1350","COD_POST_3":"092","COM_INT_ID":null,"COD_ACT_ECON":"51107","DESC_ACT_ECON":"RESTAURANTE - 3ª CATEGORIA","ANO":1991,"TIPO":"Restauração e Bebidas","LOCALIZACAO":"Isolado","C_INTEGRADO":null,"EMPRESA":"MARIA ISABEL SILVEIRA MENDES RODRIGUES MOURA","GlobalID":"a75a5d7d-4ef1-4c51-94c4-b20d59ffc757"}},{"type":"Feature","id":27520,"geometry":{"type":"Point","coordinates":[-9.16519884460025,38.7200979558383]},"properties":{"OBJECTID":27520,"COD_SIG":null,"IDTIPO":null,"NOME":"LUCINDA & ALMEIDA  CAFE & TABACARIA","REGEND":"002517","MORADA":"PEREIRA E SOUSA (R)","NUM_POLICIA":"11 A","FREGUESIA":"110","LOCALIDADE":null,"COD_POST_4":null,"COD_POST_3":null,"COM_INT_ID":null,"COD_ACT_ECON":"51203","DESC_ACT_ECON":"\"SNACK-BAR\" - 3ª CATEGORIA","ANO":1991,"TIPO":"Restauração e Bebidas","LOCALIZACAO":"Isolado","C_INTEGRADO":null,"EMPRESA":"MARIA ISABEL SILVEIRA MENDES RODRIGUES MOURA","GlobalID":"84a9df4f-506a-4d67-9371-9eb3ace8ae6d"}},{"type":"Feature","id":27561,"geometry":{"type":"Point","coordinates":[-9.20323013965767,38.6974611796191]},"properties":{"OBJECTID":27561,"COD_SIG":null,"IDTIPO":null,"NOME":"ANTIGA CONFEITARIA BELEM LDA","REGEND":"002261","MORADA":"Rua de Belém","NUM_POLICIA":"84","FREGUESIA":"108","LOCALIDADE":"LISBOA","COD_POST_4":"1300","COD_POST_3":"085","COM_INT_ID":null,"COD_ACT_ECON":"52104","DESC_ACT_ECON":"CAFE/PASTELARIA - 3ª CATEGORIA","ANO":1991,"TIPO":"Restauração e Bebidas","LOCALIZACAO":"Isolado","C_INTEGRADO":null,"EMPRESA":"ANTIGA CONFEITARIA DE BELÉM, LDA","GlobalID":"4912bb2c-d18a-465d-a104-fa3f76952eba"}},{"type":"Feature","id":27614,"geometry":{"type":"Point","coordinates":[-9.1306658587538,38.7116191533337]},"properties":{"OBJECTID":27614,"COD_SIG":null,"IDTIPO":null,"NOME":"AIRES & DIAS","REGEND":"002439","MORADA":"LIMOEIRO (R DO)","NUM_POLICIA":"17","FREGUESIA":"121","LOCALIDADE":null,"COD_POST_4":null,"COD_POST_3":null,"COM_INT_ID":null,"COD_ACT_ECON":"51109","DESC_ACT_ECON":"RESTAURANTE - CASA DE PASTO","ANO":1991,"TIPO":"Restauração e Bebidas","LOCALIZACAO":"Isolado","C_INTEGRADO":null,"EMPRESA":"MARIA ISABEL SILVEIRA MENDES RODRIGUES MOURA","GlobalID":"01059488-84d4-416a-b8ab-6f20bd24a3a7"}},{"type":"Feature","id":27669,"geometry":{"type":"Point","coordinates":[-9.16708668291592,38.7201249577628]},"properties":{"OBJECTID":27669,"COD_SIG":null,"IDTIPO":null,"NOME":"FLOR CARNAVAL","REGEND":"002448","MORADA":"Praça Afonso do Paço","NUM_POLICIA":"2B","FREGUESIA":"110","LOCALIDADE":null,"COD_POST_4":"1350","COD_POST_3":"001","COM_INT_ID":null,"COD_ACT_ECON":"52104","DESC_ACT_ECON":"CAFE/PASTELARIA - 3ª CATEGORIA","ANO":1991,"TIPO":"Restauração e Bebidas","LOCALIZACAO":"Isolado","C_INTEGRADO":null,"EMPRESA":"MARIA ISABEL SILVEIRA MENDES RODRIGUES MOURA","GlobalID":"d36ae583-8f13-4aa6-9aff-a4a40fc93cc7"}},{"type":"Feature","id":27722,"geometry":{"type":"Point","coordinates":[-9.1599669881136,38.7174650972559]},"properties":{"OBJECTID":27722,"COD_SIG":null,"IDTIPO":null,"NOME":"PASTELARIA BLI BLA","REGEND":"002111","MORADA":"Rua Saraiva de Carvalho","NUM_POLICIA":"36A","FREGUESIA":"110","LOCALIDADE":"LISBOA","COD_POST_4":"1250","COD_POST_3":"244","COM_INT_ID":null,"COD_ACT_ECON":"52104","DESC_ACT_ECON":"CAFE/PASTELARIA - 3ª CATEGORIA","ANO":1991,"TIPO":"Restauração e Bebidas","LOCALIZACAO":"Isolado","C_INTEGRADO":null,"EMPRESA":"MANUEL DIAS GASPAR, LDA","GlobalID":"c36b3509-942a-495d-9440-b3b84c8611f0"}},{"type":"Feature","id":27731,"geometry":{"type":"Point","coordinates":[-9.16598418865255,38.72113591408]},"properties":{"OBJECTID":27731,"COD_SIG":null,"IDTIPO":null,"NOME":"ANTONIO VICENTE","REGEND":"002102","MORADA":"CAMPO DE OURIQUE (R DE)","NUM_POLICIA":"226","FREGUESIA":"110","LOCALIDADE":null,"COD_POST_4":null,"COD_POST_3":null,"COM_INT_ID":null,"COD_ACT_ECON":"52705","DESC_ACT_ECON":"Outros Estab. De Bebidas - Taberna","ANO":1991,"TIPO":"Restauração e Bebidas","LOCALIZACAO":"Isolado","C_INTEGRADO":null,"EMPRESA":"MARIA ISABEL SILVEIRA MENDES RODRIGUES MOURA","GlobalID":"e937c59b-5211-4768-9354-833c34ae7708"}},{"type":"Feature","id":27741,"geometry":{"type":"Point","coordinates":[-9.16468001182815,38.7168056848486]},"properties":{"OBJECTID":27741,"COD_SIG":null,"IDTIPO":null,"NOME":"RESTAURANTE O TACHINHO","REGEND":"002519","MORADA":"Rua do Quatro de Infantaria","NUM_POLICIA":"6D","FREGUESIA":"110","LOCALIDADE":null,"COD_POST_4":"1350","COD_POST_3":"271","COM_INT_ID":null,"COD_ACT_ECON":"51107","DESC_ACT_ECON":"RESTAURANTE - 3ª CATEGORIA","ANO":1991,"TIPO":"Restauração e Bebidas","LOCALIZACAO":"Isolado","C_INTEGRADO":null,"EMPRESA":"MARIA ISABEL SILVEIRA MENDES RODRIGUES MOURA","GlobalID":"10c65773-e88f-4725-90d9-c477d755fe83"}},{"type":"Feature","id":27781,"geometry":{"type":"Point","coordinates":[-9.16472803486491,38.7185437678395]},"properties":{"OBJECTID":27781,"COD_SIG":null,"IDTIPO":null,"NOME":"CAFETARIA GENÉVE","REGEND":"002521","MORADA":"Rua do Quatro de Infantaria","NUM_POLICIA":"32A","FREGUESIA":"110","LOCALIDADE":"LISBOA","COD_POST_4":"1350","COD_POST_3":"167","COM_INT_ID":null,"COD_ACT_ECON":"52104","DESC_ACT_ECON":"CAFE/PASTELARIA - 3ª CATEGORIA","ANO":1991,"TIPO":"Restauração e Bebidas","LOCALIZACAO":"Isolado","C_INTEGRADO":null,"EMPRESA":"FERNANDO DE ARAÚJO & PEREIRA, LDA","GlobalID":"7d96a634-a4c2-49b6-8fd0-68b735be1691"}},{"type":"Feature","id":27797,"geometry":{"type":"Point","coordinates":[-9.12869914027133,38.7120069352227]},"properties":{"OBJECTID":27797,"COD_SIG":null,"IDTIPO":null,"NOME":"PASTELARIA CARAVELA DE ALFAMA","REGEND":"002585","MORADA":"Rua da Regueira","NUM_POLICIA":"39","FREGUESIA":"121","LOCALIDADE":"LISBOA","COD_POST_4":"1100","COD_POST_3":"435","COM_INT_ID":null,"COD_ACT_ECON":"52104","DESC_ACT_ECON":"CAFE/PASTELARIA - 3ª CATEGORIA","ANO":1991,"TIPO":"Restauração e Bebidas","LOCALIZACAO":"Isolado","C_INTEGRADO":null,"EMPRESA":"PASTELARIA CARAVELA DE ALFAMA LDA","GlobalID":"9cb01479-0fcf-4f73-ad9b-32e789368038"}},{"type":"Feature","id":27801,"geometry":{"type":"Point","coordinates":[-9.12686989457008,38.7122424710836]},"properties":{"OBJECTID":27801,"COD_SIG":null,"IDTIPO":null,"NOME":"MARIA LURDES PASSOS CASTRO GOMES","REGEND":"002591","MORADA":"REMEDIOS (R DOS) A ALFAMA","NUM_POLICIA":"61","FREGUESIA":"121","LOCALIDADE":null,"COD_POST_4":null,"COD_POST_3":null,"COM_INT_ID":null,"COD_ACT_ECON":"52104","DESC_ACT_ECON":"CAFE/PASTELARIA - 3ª CATEGORIA","ANO":1991,"TIPO":"Restauração e Bebidas","LOCALIZACAO":"Isolado","C_INTEGRADO":null,"EMPRESA":"MARIA ISABEL SILVEIRA MENDES RODRIGUES MOURA","GlobalID":"24c591c2-bf1d-4c1c-a8d8-8b3d20124f23"}},{"type":"Feature","id":27824,"geometry":{"type":"Point","coordinates":[-9.14075408222657,38.7144024180809]},"properties":{"OBJECTID":27824,"COD_SIG":null,"IDTIPO":null,"NOME":"MARIA AMPARO PEREIRA COUTINHO NOZASCO","REGEND":"002140","MORADA":"D JOAO DA CAMARA (PR)","NUM_POLICIA":"427","FREGUESIA":"121","LOCALIDADE":null,"COD_POST_4":null,"COD_POST_3":null,"COM_INT_ID":null,"COD_ACT_ECON":"52404","DESC_ACT_ECON":"BAR/\"PUB\" - 3ª CATEGORIA","ANO":1991,"TIPO":"Restauração e Bebidas","LOCALIZACAO":"Isolado","C_INTEGRADO":null,"EMPRESA":"MARIA ISABEL SILVEIRA MENDES RODRIGUES MOURA","GlobalID":"aad45f9a-b0e9-421e-bd51-f453a96427ac"}},{"type":"Feature","id":27829,"geometry":{"type":"Point","coordinates":[-9.16183377980048,38.7196421371987]},"properties":{"OBJECTID":27829,"COD_SIG":null,"IDTIPO":null,"NOME":"QUARTINGA BOLAMA","REGEND":"002118","MORADA":"Rua Silva Carvalho","NUM_POLICIA":"167A","FREGUESIA":"110","LOCALIDADE":"LISBOA                         ","COD_POST_4":"1250","COD_POST_3":"250","COM_INT_ID":null,"COD_ACT_ECON":"51105","DESC_ACT_ECON":"RESTAURANTE - 2ª CATEGORIA","ANO":1991,"TIPO":"Restauração e Bebidas","LOCALIZACAO":"Isolado","C_INTEGRADO":null,"EMPRESA":"MARIA ISABEL SILVEIRA MENDES RODRIGUES MOURA","GlobalID":"7ca728ed-83cf-4b28-be69-3120c20bf3fe"}},{"type":"Feature","id":27864,"geometry":{"type":"Point","coordinates":[-9.1415346122073,38.7165644025424]},"properties":{"OBJECTID":27864,"COD_SIG":null,"IDTIPO":null,"NOME":"RESTAURANTE CERVEJARIA O RESTAURADOR","REGEND":"002176","MORADA":"CONDES (R DOS)","NUM_POLICIA":"29","FREGUESIA":"121","LOCALIDADE":null,"COD_POST_4":null,"COD_POST_3":null,"COM_INT_ID":null,"COD_ACT_ECON":"51105","DESC_ACT_ECON":"RESTAURANTE - 2ª CATEGORIA","ANO":1991,"TIPO":"Restauração e Bebidas","LOCALIZACAO":"Isolado","C_INTEGRADO":null,"EMPRESA":"MARIA ISABEL SILVEIRA MENDES RODRIGUES MOURA","GlobalID":"e2337b63-22cb-45c9-b99c-64268dd1312d"}},{"type":"Feature","id":27914,"geometry":{"type":"Point","coordinates":[-9.12857948287886,38.7119936997921]},"properties":{"OBJECTID":27914,"COD_SIG":null,"IDTIPO":null,"NOME":"MARTINS & CALHEIROS LDA","REGEND":"002588","MORADA":"REGUEIRA (R DA)","NUM_POLICIA":"48","FREGUESIA":"121","LOCALIDADE":null,"COD_POST_4":null,"COD_POST_3":null,"COM_INT_ID":null,"COD_ACT_ECON":"52705","DESC_ACT_ECON":"Outros Estab. De Bebidas - Taberna","ANO":1991,"TIPO":"Restauração e Bebidas","LOCALIZACAO":"Isolado","C_INTEGRADO":null,"EMPRESA":"MARIA ISABEL SILVEIRA MENDES RODRIGUES MOURA","GlobalID":"461f3b28-9205-488f-a5ba-9df99e7ed4b3"}},{"type":"Feature","id":27944,"geometry":{"type":"Point","coordinates":[-9.16129331290134,38.7195649331254]},"properties":{"OBJECTID":27944,"COD_SIG":null,"IDTIPO":null,"NOME":"MARIA LURDES DOMINGUEZ M FERNANDES","REGEND":"002115","MORADA":"Rua Silva Carvalho","NUM_POLICIA":"100B","FREGUESIA":"110","LOCALIDADE":"LISBOA","COD_POST_4":"1250","COD_POST_3":"257","COM_INT_ID":null,"COD_ACT_ECON":"52104","DESC_ACT_ECON":"CAFE/PASTELARIA - 3ª CATEGORIA","ANO":1991,"TIPO":"Restauração e Bebidas","LOCALIZACAO":"Isolado","C_INTEGRADO":null,"EMPRESA":"MARIA ISABEL SILVEIRA MENDES RODRIGUES MOURA","GlobalID":"3f6ff50a-6f18-49e0-b09d-7f8536aed617"}},{"type":"Feature","id":27954,"geometry":{"type":"Point","coordinates":[-9.15746900237884,38.7197517477335]},"properties":{"OBJECTID":27954,"COD_SIG":null,"IDTIPO":null,"NOME":"COLHER PAU","REGEND":"002128","MORADA":"SOL (R DO) AO RATO","NUM_POLICIA":"52","FREGUESIA":"110","LOCALIDADE":"LISBOA","COD_POST_4":"1250","COD_POST_3":"263","COM_INT_ID":null,"COD_ACT_ECON":"51107","DESC_ACT_ECON":"RESTAURANTE - 3ª CATEGORIA","ANO":1991,"TIPO":"Restauração e Bebidas","LOCALIZACAO":"Isolado","C_INTEGRADO":null,"EMPRESA":"MARIA ISABEL SILVEIRA MENDES RODRIGUES MOURA","GlobalID":"996c5c2e-f929-4710-b486-1bfd6d70ad87"}},{"type":"Feature","id":27990,"geometry":{"type":"Point","coordinates":[-9.20012905827884,38.7007143611557]},"properties":{"OBJECTID":27990,"COD_SIG":null,"IDTIPO":null,"NOME":"PAIVA & FILHOS LDA","REGEND":"002237","MORADA":"Calçada da Ajuda","NUM_POLICIA":"25","FREGUESIA":"108","LOCALIDADE":"LISBOA","COD_POST_4":"1300","COD_POST_3":"006","COM_INT_ID":null,"COD_ACT_ECON":"52705","DESC_ACT_ECON":"Outros Estab. De Bebidas - Taberna","ANO":1991,"TIPO":"Restauração e Bebidas","LOCALIZACAO":"Isolado","C_INTEGRADO":null,"EMPRESA":"PAIVA & FILHO, LDA","GlobalID":"cba16155-c03e-4ed2-acd1-a1d3e9ed916b"}},{"type":"Feature","id":27995,"geometry":{"type":"Point","coordinates":[-9.19855084947866,38.6950082857325]},"properties":{"OBJECTID":27995,"COD_SIG":null,"IDTIPO":null,"NOME":"AUGUSTO MARQUES ESTEVES & MANUEL JOSE MARQUES ESTEVES","REGEND":"002242","MORADA":"Avenida de Brasília","NUM_POLICIA":"Estação Fluvial","FREGUESIA":"108","LOCALIDADE":"LISBOA                         ","COD_POST_4":"1400","COD_POST_3":"298","COM_INT_ID":null,"COD_ACT_ECON":"52704","DESC_ACT_ECON":"OUTROS EST. DE BEBIDAS - 3ª CATEGORIA","ANO":1991,"TIPO":"Restauração e Bebidas","LOCALIZACAO":"Isolado","C_INTEGRADO":null,"EMPRESA":"MARIA ISABEL SILVEIRA MENDES RODRIGUES MOURA","GlobalID":"8500792e-047f-4e0e-a6b3-9afd48633c9f"}},{"type":"Feature","id":27998,"geometry":{"type":"Point","coordinates":[-9.12083843058101,38.7681091938642]},"properties":{"OBJECTID":27998,"COD_SIG":null,"IDTIPO":null,"NOME":"CAFÉ ONZE","REGEND":"002376","MORADA":"CID DA BEIRA (R)","NUM_POLICIA":"68 A/B","FREGUESIA":"117","LOCALIDADE":"LISBOA","COD_POST_4":"1800","COD_POST_3":"070","COM_INT_ID":null,"COD_ACT_ECON":"52104","DESC_ACT_ECON":"CAFE/PASTELARIA - 3ª CATEGORIA","ANO":1991,"TIPO":"Restauração e Bebidas","LOCALIZACAO":"Isolado","C_INTEGRADO":null,"EMPRESA":"MARIA ISABEL SILVEIRA MENDES RODRIGUES MOURA","GlobalID":"b80a3741-5e13-4547-8f9b-26d2f8d8f4d6"}},{"type":"Feature","id":28012,"geometry":{"type":"Point","coordinates":[-9.1120777967239,38.7680717551379]},"properties":{"OBJECTID":28012,"COD_SIG":null,"IDTIPO":null,"NOME":"LEITARIA PASTELARIA S/FABRICO","REGEND":"002391","MORADA":"CID DE CABINDA (R)","NUM_POLICIA":"16","FREGUESIA":"117","LOCALIDADE":null,"COD_POST_4":null,"COD_POST_3":null,"COM_INT_ID":null,"COD_ACT_ECON":"52104","DESC_ACT_ECON":"CAFE/PASTELARIA - 3ª CATEGORIA","ANO":1991,"TIPO":"Restauração e Bebidas","LOCALIZACAO":"Isolado","C_INTEGRADO":null,"EMPRESA":"MARIA ISABEL SILVEIRA MENDES RODRIGUES MOURA","GlobalID":"d2b4a31d-64c7-4e92-987a-3fe88da6bc79"}},{"type":"Feature","id":28052,"geometry":{"type":"Point","coordinates":[-9.16202933944454,38.7187747677383]},"properties":{"OBJECTID":28052,"COD_SIG":null,"IDTIPO":null,"NOME":"PASTELARIA S JOSE","REGEND":"002113","MORADA":"SILVA CARVALHO (R)","NUM_POLICIA":"64 A","FREGUESIA":"110","LOCALIDADE":null,"COD_POST_4":null,"COD_POST_3":null,"COM_INT_ID":null,"COD_ACT_ECON":"52104","DESC_ACT_ECON":"CAFE/PASTELARIA - 3ª CATEGORIA","ANO":1991,"TIPO":"Restauração e Bebidas","LOCALIZACAO":"Isolado","C_INTEGRADO":null,"EMPRESA":"MARIA ISABEL SILVEIRA MENDES RODRIGUES MOURA","GlobalID":"e3588e9e-cd4f-4295-a497-4302b28eaaa1"}},{"type":"Feature","id":28106,"geometry":{"type":"Point","coordinates":[-9.22581620147023,38.6989274201664]},"properties":{"OBJECTID":28106,"COD_SIG":null,"IDTIPO":null,"NOME":"A PARAGEM","REGEND":"002232","MORADA":"Avenida Dom Vasco da Gama","NUM_POLICIA":"43C","FREGUESIA":"108","LOCALIDADE":"LISBOA","COD_POST_4":"1400","COD_POST_3":"127","COM_INT_ID":null,"COD_ACT_ECON":"51107","DESC_ACT_ECON":"RESTAURANTE - 3ª CATEGORIA","ANO":1991,"TIPO":"Restauração e Bebidas","LOCALIZACAO":"Isolado","C_INTEGRADO":null,"EMPRESA":"JAIME CARDOSO & FREIRE, LDA","GlobalID":"3617bb17-66e8-465c-9c33-f92945396c63"}},{"type":"Feature","id":28145,"geometry":{"type":"Point","coordinates":[-9.13241790593449,38.7121131010638]},"properties":{"OBJECTID":28145,"COD_SIG":null,"IDTIPO":null,"NOME":"GELATARIA O ARABE","REGEND":"002445","MORADA":"S BARTOLOMEU (T DE)","NUM_POLICIA":"12","FREGUESIA":"121","LOCALIDADE":"LISBOA","COD_POST_4":"1100","COD_POST_3":"509","COM_INT_ID":null,"COD_ACT_ECON":"52599","DESC_ACT_ECON":"GELATARIA - (SEM CATEGORIA)","ANO":1991,"TIPO":"Restauração e Bebidas","LOCALIZACAO":"Isolado","C_INTEGRADO":null,"EMPRESA":"PARDAL & PARDAL, LDA","GlobalID":"00a3210c-482f-4981-88b8-3e92fe958929"}},{"type":"Feature","id":28147,"geometry":{"type":"Point","coordinates":[-9.16371920434294,38.7173607392809]},"properties":{"OBJECTID":28147,"COD_SIG":null,"IDTIPO":null,"NOME":"EMIVIC ALIMENTOS LDA","REGEND":"002449","MORADA":"ALMEIDA E SOUSA (R)","NUM_POLICIA":"17","FREGUESIA":"110","LOCALIDADE":"LISBOA","COD_POST_4":"1250","COD_POST_3":"064","COM_INT_ID":null,"COD_ACT_ECON":"52104","DESC_ACT_ECON":"CAFE/PASTELARIA - 3ª CATEGORIA","ANO":1991,"TIPO":"Restauração e Bebidas","LOCALIZACAO":"Isolado","C_INTEGRADO":null,"EMPRESA":"MARIA ISABEL SILVEIRA MENDES RODRIGUES MOURA","GlobalID":"36a92c65-d01c-43f9-8ff8-7d07b2a1065c"}},{"type":"Feature","id":28193,"geometry":{"type":"Point","coordinates":[-9.203127779326,38.7021551877975]},"properties":{"OBJECTID":28193,"COD_SIG":null,"IDTIPO":null,"NOME":"PASTELARIA JARDIM","REGEND":"002273","MORADA":"DOMINGOS TENDEIRO (R DE)","NUM_POLICIA":"11 A","FREGUESIA":"108","LOCALIDADE":null,"COD_POST_4":null,"COD_POST_3":null,"COM_INT_ID":null,"COD_ACT_ECON":"52104","DESC_ACT_ECON":"CAFE/PASTELARIA - 3ª CATEGORIA","ANO":1991,"TIPO":"Restauração e Bebidas","LOCALIZACAO":"Isolado","C_INTEGRADO":null,"EMPRESA":"MARIA ISABEL SILVEIRA MENDES RODRIGUES MOURA","GlobalID":"d80f9ae1-7bc0-4dba-a3cc-0e3307908fa4"}},{"type":"Feature","id":28301,"geometry":{"type":"Point","coordinates":[-9.19616461506359,38.7000299033675]},"properties":{"OBJECTID":28301,"COD_SIG":null,"IDTIPO":null,"NOME":"TANOEIRO","REGEND":"002249","MORADA":"Rua Alexandre de Sá Pinto","NUM_POLICIA":"123A","FREGUESIA":"108","LOCALIDADE":"LISBOA","COD_POST_4":"1300","COD_POST_3":"034","COM_INT_ID":null,"COD_ACT_ECON":"51203","DESC_ACT_ECON":"\"SNACK-BAR\" - 3ª CATEGORIA","ANO":1991,"TIPO":"Restauração e Bebidas","LOCALIZACAO":"Isolado","C_INTEGRADO":null,"EMPRESA":"MARIA ISABEL SILVEIRA MENDES RODRIGUES MOURA","GlobalID":"ed47981c-d65d-452a-b4be-f8aec6886a34"}},{"type":"Feature","id":28307,"geometry":{"type":"Point","coordinates":[-9.20178855383244,38.6971410956664]},"properties":{"OBJECTID":28307,"COD_SIG":null,"IDTIPO":null,"NOME":"MANJAR BELEM","REGEND":"002253","MORADA":"Rua de Belém","NUM_POLICIA":"1","FREGUESIA":"108","LOCALIDADE":"LISBOA","COD_POST_4":"1300","COD_POST_3":"004","COM_INT_ID":null,"COD_ACT_ECON":"51107","DESC_ACT_ECON":"RESTAURANTE - 3ª CATEGORIA","ANO":1991,"TIPO":"Restauração e Bebidas","LOCALIZACAO":"Isolado","C_INTEGRADO":null,"EMPRESA":"MARTEJO - RESTAURANTE MARISQUEIRA, LDA","GlobalID":"bf07cc17-0dd1-429b-8192-6d824fd02d3b"}},{"type":"Feature","id":28309,"geometry":{"type":"Point","coordinates":[-9.20184977761232,38.6973927538775]},"properties":{"OBJECTID":28309,"COD_SIG":null,"IDTIPO":null,"NOME":"RODRIGUES & LEMOS","REGEND":"002254","MORADA":"BELÉM (R DE)","NUM_POLICIA":"4","FREGUESIA":"108","LOCALIDADE":null,"COD_POST_4":null,"COD_POST_3":null,"COM_INT_ID":null,"COD_ACT_ECON":"51109","DESC_ACT_ECON":"RESTAURANTE - CASA DE PASTO","ANO":1991,"TIPO":"Restauração e Bebidas","LOCALIZACAO":"Isolado","C_INTEGRADO":null,"EMPRESA":"RODRIGUES & LEMOS, LDA","GlobalID":"d3fc63cb-66c8-45fb-b725-81e6bfc332d4"}},{"type":"Feature","id":28330,"geometry":{"type":"Point","coordinates":[-9.12893508278071,38.7722050412147]},"properties":{"OBJECTID":28330,"COD_SIG":null,"IDTIPO":null,"NOME":"PRE PAGAMENTO","REGEND":"002325","MORADA":"AEROPORTO DE LISBOA OU DA PORTELA","NUM_POLICIA":null,"FREGUESIA":"117","LOCALIDADE":null,"COD_POST_4":null,"COD_POST_3":null,"COM_INT_ID":197,"COD_ACT_ECON":"52104","DESC_ACT_ECON":"CAFE/PASTELARIA - 3ª CATEGORIA","ANO":1991,"TIPO":"Restauração e Bebidas","LOCALIZACAO":"Integrado - outro","C_INTEGRADO":"AEROPORTO DE LISBOA","EMPRESA":"ESTA GESTAO HOTEIS SA","GlobalID":"5914b576-f59a-4542-8667-c7c9f3cdd752"}},{"type":"Feature","id":28346,"geometry":{"type":"Point","coordinates":[-9.12893508278071,38.7722050412147]},"properties":{"OBJECTID":28346,"COD_SIG":null,"IDTIPO":null,"NOME":"TOQUE E ANDE","REGEND":"002323","MORADA":"AEROPORTO DE LISBOA OU DA PORTELA","NUM_POLICIA":null,"FREGUESIA":"117","LOCALIDADE":null,"COD_POST_4":null,"COD_POST_3":null,"COM_INT_ID":197,"COD_ACT_ECON":"52104","DESC_ACT_ECON":"CAFE/PASTELARIA - 3ª CATEGORIA","ANO":1991,"TIPO":"Restauração e Bebidas","LOCALIZACAO":"Integrado - outro","C_INTEGRADO":"AEROPORTO DE LISBOA","EMPRESA":"ESTA GESTAO HOTEIS SA","GlobalID":"3e163807-2363-427e-aaff-9d0261f7b4c2"}},{"type":"Feature","id":28366,"geometry":{"type":"Point","coordinates":[-9.15729753824563,38.7191496727029]},"properties":{"OBJECTID":28366,"COD_SIG":null,"IDTIPO":null,"NOME":"RESTAURANTE O GOLFINHO","REGEND":"002103","MORADA":"D DINIS (R) AO RATO","NUM_POLICIA":"43","FREGUESIA":"110","LOCALIDADE":null,"COD_POST_4":null,"COD_POST_3":null,"COM_INT_ID":null,"COD_ACT_ECON":"51107","DESC_ACT_ECON":"RESTAURANTE - 3ª CATEGORIA","ANO":1991,"TIPO":"Restauração e Bebidas","LOCALIZACAO":"Isolado","C_INTEGRADO":null,"EMPRESA":"MARIA ISABEL SILVEIRA MENDES RODRIGUES MOURA","GlobalID":"9cc67b0d-bb2c-4e06-9d26-1c62ed38a99a"}},{"type":"Feature","id":28394,"geometry":{"type":"Point","coordinates":[-9.16440829481089,38.7202941074931]},"properties":{"OBJECTID":28394,"COD_SIG":null,"IDTIPO":null,"NOME":"RESTAURANTE CHOUPAL","REGEND":"002516","MORADA":"PEREIRA E SOUSA (R)","NUM_POLICIA":"4 A","FREGUESIA":"110","LOCALIDADE":null,"COD_POST_4":null,"COD_POST_3":null,"COM_INT_ID":null,"COD_ACT_ECON":"51105","DESC_ACT_ECON":"RESTAURANTE - 2ª CATEGORIA","ANO":1991,"TIPO":"Restauração e Bebidas","LOCALIZACAO":"Isolado","C_INTEGRADO":null,"EMPRESA":"MARIA ISABEL SILVEIRA MENDES RODRIGUES MOURA","GlobalID":"f472ee38-821b-47c0-85df-02cbcc6c1819"}},{"type":"Feature","id":28408,"geometry":{"type":"Point","coordinates":[-9.12801377960847,38.7114106704039]},"properties":{"OBJECTID":28408,"COD_SIG":null,"IDTIPO":null,"NOME":"O CARTACHEIRO","REGEND":"002565","MORADA":"Largo do Chafariz de Dentro","NUM_POLICIA":"23","FREGUESIA":"121","LOCALIDADE":"LISBOA","COD_POST_4":"1100","COD_POST_3":"139","COM_INT_ID":null,"COD_ACT_ECON":"51109","DESC_ACT_ECON":"RESTAURANTE - CASA DE PASTO","ANO":1991,"TIPO":"Restauração e Bebidas","LOCALIZACAO":"Isolado","C_INTEGRADO":null,"EMPRESA":"MARIA ISABEL SILVEIRA MENDES RODRIGUES MOURA","GlobalID":"f7c992aa-7073-483e-9f6f-4a475e7192e4"}},{"type":"Feature","id":28451,"geometry":{"type":"Point","coordinates":[-9.12893508278071,38.7722050412147]},"properties":{"OBJECTID":28451,"COD_SIG":null,"IDTIPO":null,"NOME":"TERRAÇO LADO AR","REGEND":"002332","MORADA":"AEROPORTO DE LISBOA OU DA PORTELA","NUM_POLICIA":null,"FREGUESIA":"117","LOCALIDADE":null,"COD_POST_4":null,"COD_POST_3":null,"COM_INT_ID":197,"COD_ACT_ECON":"51403","DESC_ACT_ECON":"OUTROS EST. COMIDAS REFEIÇÕES - 3ª CAT.","ANO":1991,"TIPO":"Restauração e Bebidas","LOCALIZACAO":"Integrado - outro","C_INTEGRADO":"AEROPORTO DE LISBOA","EMPRESA":"ESTA GESTAO HOTEIS SA","GlobalID":"c2e5816b-6dac-4556-a550-ca46798f33fe"}},{"type":"Feature","id":28462,"geometry":{"type":"Point","coordinates":[-9.20290094573359,38.6969687670376]},"properties":{"OBJECTID":28462,"COD_SIG":null,"IDTIPO":null,"NOME":"JOAQUIM MANUEL DOMINGUES HERDEIROS","REGEND":"002318","MORADA":"Rua Vieira Portuense","NUM_POLICIA":"66","FREGUESIA":"108","LOCALIDADE":"LISBOA","COD_POST_4":"1300","COD_POST_3":"571","COM_INT_ID":null,"COD_ACT_ECON":"51107","DESC_ACT_ECON":"RESTAURANTE - 3ª CATEGORIA","ANO":1991,"TIPO":"Restauração e Bebidas","LOCALIZACAO":"Isolado","C_INTEGRADO":null,"EMPRESA":"MARIA ISABEL SILVEIRA MENDES RODRIGUES MOURA","GlobalID":"b7887530-d830-4eac-9c85-8caa2d4cba5f"}},{"type":"Feature","id":28472,"geometry":{"type":"Point","coordinates":[-9.13991511414172,38.7136079612454]},"properties":{"OBJECTID":28472,"COD_SIG":null,"IDTIPO":null,"NOME":"OSVALDO CORREIA & MONICA","REGEND":"002134","MORADA":"CARMO (C)","NUM_POLICIA":"1","FREGUESIA":"121","LOCALIDADE":null,"COD_POST_4":null,"COD_POST_3":null,"COM_INT_ID":null,"COD_ACT_ECON":"52104","DESC_ACT_ECON":"CAFE/PASTELARIA - 3ª CATEGORIA","ANO":1991,"TIPO":"Restauração e Bebidas","LOCALIZACAO":"Isolado","C_INTEGRADO":null,"EMPRESA":"MARIA ISABEL SILVEIRA MENDES RODRIGUES MOURA","GlobalID":"9bf59cbf-8b21-427c-921b-27037d68bd1d"}},{"type":"Feature","id":28588,"geometry":{"type":"Point","coordinates":[-9.13610341237255,38.7197390772436]},"properties":{"OBJECTID":28588,"COD_SIG":null,"IDTIPO":null,"NOME":"JOSE FERREIRA","REGEND":"002135","MORADA":"DESTERRO (C DO)","NUM_POLICIA":"3 A","FREGUESIA":"121","LOCALIDADE":"LISBOA","COD_POST_4":"1150","COD_POST_3":"125","COM_INT_ID":null,"COD_ACT_ECON":"52705","DESC_ACT_ECON":"Outros Estab. De Bebidas - Taberna","ANO":1991,"TIPO":"Restauração e Bebidas","LOCALIZACAO":"Isolado","C_INTEGRADO":null,"EMPRESA":"MARIA ISABEL SILVEIRA MENDES RODRIGUES MOURA","GlobalID":"e077fd3a-98e8-41c3-b282-c8145bc72d11"}},{"type":"Feature","id":28644,"geometry":{"type":"Point","coordinates":[-9.11096789135945,38.7643158162564]},"properties":{"OBJECTID":28644,"COD_SIG":null,"IDTIPO":null,"NOME":"MARIA CLEMENCIA SILVA COSTA","REGEND":"002384","MORADA":"CID DE BENGUELA (R)","NUM_POLICIA":"303 LJ A","FREGUESIA":"117","LOCALIDADE":"LISBOA                         ","COD_POST_4":"1800","COD_POST_3":"071","COM_INT_ID":null,"COD_ACT_ECON":"52104","DESC_ACT_ECON":"CAFE/PASTELARIA - 3ª CATEGORIA","ANO":1991,"TIPO":"Restauração e Bebidas","LOCALIZACAO":"Isolado","C_INTEGRADO":null,"EMPRESA":"MARIA ISABEL SILVEIRA MENDES RODRIGUES MOURA","GlobalID":"1a1390a0-fb5b-457f-8208-006968558440"}},{"type":"Feature","id":28646,"geometry":{"type":"Point","coordinates":[-9.11040519744527,38.7678426362612]},"properties":{"OBJECTID":28646,"COD_SIG":null,"IDTIPO":null,"NOME":"PASTELARIA CHAFARIZ","REGEND":"002389","MORADA":"CID DE CABINDA (R)","NUM_POLICIA":"LT D","FREGUESIA":"117","LOCALIDADE":"LISBOA","COD_POST_4":"1800","COD_POST_3":"080","COM_INT_ID":null,"COD_ACT_ECON":"52104","DESC_ACT_ECON":"CAFE/PASTELARIA - 3ª CATEGORIA","ANO":1991,"TIPO":"Restauração e Bebidas","LOCALIZACAO":"Isolado","C_INTEGRADO":null,"EMPRESA":"MARIA ISABEL SILVEIRA MENDES RODRIGUES MOURA","GlobalID":"61d6c9ec-5d19-4bdf-9aae-0b135ca32e59"}},{"type":"Feature","id":28674,"geometry":{"type":"Point","coordinates":[-9.16047343401626,38.72252671311]},"properties":{"OBJECTID":28674,"COD_SIG":null,"IDTIPO":null,"NOME":"RESTAURANTE A AMOREIRA","REGEND":"002123","MORADA":"SILVA CARVALHO (R)","NUM_POLICIA":"325","FREGUESIA":"110","LOCALIDADE":null,"COD_POST_4":null,"COD_POST_3":null,"COM_INT_ID":null,"COD_ACT_ECON":"51107","DESC_ACT_ECON":"RESTAURANTE - 3ª CATEGORIA","ANO":1991,"TIPO":"Restauração e Bebidas","LOCALIZACAO":"Isolado","C_INTEGRADO":null,"EMPRESA":"MARIA ISABEL SILVEIRA MENDES RODRIGUES MOURA","GlobalID":"b01d31ff-7eff-491f-85a1-02fa7e5b48bf"}},{"type":"Feature","id":28683,"geometry":{"type":"Point","coordinates":[-9.16133381703921,38.7199156634949]},"properties":{"OBJECTID":28683,"COD_SIG":null,"IDTIPO":null,"NOME":"PASTELARIA ECILA","REGEND":"002116","MORADA":"SILVA CARVALHO (R)","NUM_POLICIA":"114","FREGUESIA":"110","LOCALIDADE":null,"COD_POST_4":null,"COD_POST_3":null,"COM_INT_ID":null,"COD_ACT_ECON":"52103","DESC_ACT_ECON":"CAFÉ/PASTELARIA - 2ª CATEGORIA","ANO":1991,"TIPO":"Restauração e Bebidas","LOCALIZACAO":"Isolado","C_INTEGRADO":null,"EMPRESA":"MARIA ISABEL SILVEIRA MENDES RODRIGUES MOURA","GlobalID":"39558ee7-623f-432c-8922-0853ccaaa92d"}},{"type":"Feature","id":28702,"geometry":{"type":"Point","coordinates":[-9.13566580347177,38.717263093004]},"properties":{"OBJECTID":28702,"COD_SIG":null,"IDTIPO":null,"NOME":"CERVEJARIA PORTUGAL","REGEND":"002190","MORADA":"PALMA (R DA)","NUM_POLICIA":"206","FREGUESIA":"121","LOCALIDADE":"LISBOA","COD_POST_4":"1100","COD_POST_3":"394","COM_INT_ID":null,"COD_ACT_ECON":"52304","DESC_ACT_ECON":"CERVEJARIA - 3ª CATEGORIA","ANO":1991,"TIPO":"Restauração e Bebidas","LOCALIZACAO":"Isolado","C_INTEGRADO":null,"EMPRESA":"MONTEIRO & PINA LDA","GlobalID":"6bdd39a6-d211-47ab-b7ae-01de5f3e68b8"}},{"type":"Feature","id":28744,"geometry":{"type":"Point","coordinates":[-9.21129574428452,38.6956591618987]},"properties":{"OBJECTID":28744,"COD_SIG":null,"IDTIPO":null,"NOME":"IDEAL BELEM LDA","REGEND":"002250","MORADA":"BARTOLOMEU DIAS (R)","NUM_POLICIA":"86 A","FREGUESIA":"108","LOCALIDADE":null,"COD_POST_4":null,"COD_POST_3":null,"COM_INT_ID":null,"COD_ACT_ECON":"52705","DESC_ACT_ECON":"Outros Estab. De Bebidas - Taberna","ANO":1991,"TIPO":"Restauração e Bebidas","LOCALIZACAO":"Isolado","C_INTEGRADO":null,"EMPRESA":"MARIA ISABEL SILVEIRA MENDES RODRIGUES MOURA","GlobalID":"dbc6a161-cf54-41ae-91a3-8fa66ee51274"}},{"type":"Feature","id":28783,"geometry":{"type":"Point","coordinates":[-9.13080536801573,38.7125915670243]},"properties":{"OBJECTID":28783,"COD_SIG":null,"IDTIPO":null,"NOME":"BISCOITO GRENACHA & SILVA","REGEND":"002443","MORADA":"S TOMÉ (R DE)","NUM_POLICIA":"86 A/D","FREGUESIA":"121","LOCALIDADE":"LISBOA","COD_POST_4":"1100","COD_POST_3":"564","COM_INT_ID":null,"COD_ACT_ECON":"52403","DESC_ACT_ECON":"BAR/\"PUB\" - 2ª CATEGORIA","ANO":1991,"TIPO":"Restauração e Bebidas","LOCALIZACAO":"Isolado","C_INTEGRADO":null,"EMPRESA":"BISCOITO GRENACHA & SILVA, LDA","GlobalID":"1409fdd3-c921-49a6-9649-75296fc4eb2f"}},{"type":"Feature","id":28828,"geometry":{"type":"Point","coordinates":[-9.13586099570492,38.7188493856886]},"properties":{"OBJECTID":28828,"COD_SIG":null,"IDTIPO":null,"NOME":"BAR ASSOCIAÇÄO ANTONIO MARTINS ALVES","REGEND":"002191","MORADA":"PALMA (R DA)","NUM_POLICIA":"237","FREGUESIA":"121","LOCALIDADE":null,"COD_POST_4":null,"COD_POST_3":null,"COM_INT_ID":null,"COD_ACT_ECON":"51203","DESC_ACT_ECON":"\"SNACK-BAR\" - 3ª CATEGORIA","ANO":1991,"TIPO":"Restauração e Bebidas","LOCALIZACAO":"Isolado","C_INTEGRADO":null,"EMPRESA":"MARIA ISABEL SILVEIRA MENDES RODRIGUES MOURA","GlobalID":"b16dc406-ee20-433d-8ddd-56737c29bcb7"}},{"type":"Feature","id":28854,"geometry":{"type":"Point","coordinates":[-9.11965643092344,38.7679332450579]},"properties":{"OBJECTID":28854,"COD_SIG":null,"IDTIPO":null,"NOME":"GELADARIA PRIMAVERA","REGEND":"002379","MORADA":"CID DA BEIRA (R)","NUM_POLICIA":"148 E","FREGUESIA":"117","LOCALIDADE":null,"COD_POST_4":null,"COD_POST_3":null,"COM_INT_ID":null,"COD_ACT_ECON":"52304","DESC_ACT_ECON":"CERVEJARIA - 3ª CATEGORIA","ANO":1991,"TIPO":"Restauração e Bebidas","LOCALIZACAO":"Isolado","C_INTEGRADO":null,"EMPRESA":"MARIA ISABEL SILVEIRA MENDES RODRIGUES MOURA","GlobalID":"e4869936-1718-4fc9-8958-52cd7776adb0"}},{"type":"Feature","id":28940,"geometry":{"type":"Point","coordinates":[-9.16575103181887,38.7177240188469]},"properties":{"OBJECTID":28940,"COD_SIG":null,"IDTIPO":null,"NOME":"GALIPATO CONF VENDA GALINHAS PATOS","REGEND":"002546","MORADA":"TOMÁS DA ANUNCIAÇÃO (R)","NUM_POLICIA":"47 B","FREGUESIA":"110","LOCALIDADE":null,"COD_POST_4":null,"COD_POST_3":null,"COM_INT_ID":null,"COD_ACT_ECON":"51203","DESC_ACT_ECON":"\"SNACK-BAR\" - 3ª CATEGORIA","ANO":1991,"TIPO":"Restauração e Bebidas","LOCALIZACAO":"Isolado","C_INTEGRADO":null,"EMPRESA":"MARIA ISABEL SILVEIRA MENDES RODRIGUES MOURA","GlobalID":"d57caf19-438b-49e5-9422-8e2d67f0cb11"}},{"type":"Feature","id":28959,"geometry":{"type":"Point","coordinates":[-9.16548871387445,38.717284105381]},"properties":{"OBJECTID":28959,"COD_SIG":null,"IDTIPO":null,"NOME":"A TENDINHA CENTRAL CAMPO OURIQUE","REGEND":"002548","MORADA":"Rua Tomás de Anunciação","NUM_POLICIA":"60","FREGUESIA":"110","LOCALIDADE":"LISBOA                         ","COD_POST_4":"1350","COD_POST_3":"007","COM_INT_ID":null,"COD_ACT_ECON":"52704","DESC_ACT_ECON":"OUTROS EST. DE BEBIDAS - 3ª CATEGORIA","ANO":1991,"TIPO":"Restauração e Bebidas","LOCALIZACAO":"Isolado","C_INTEGRADO":null,"EMPRESA":"MARIA ISABEL SILVEIRA MENDES RODRIGUES MOURA","GlobalID":"8737b888-0a68-44fe-9278-9f4a2b9a2023"}},{"type":"Feature","id":28968,"geometry":{"type":"Point","coordinates":[-9.12402963005086,38.7645479065159]},"properties":{"OBJECTID":28968,"COD_SIG":null,"IDTIPO":null,"NOME":"MARIA HELENA CATARINA EMIDIO PEREIRA","REGEND":"002378","MORADA":"CID DA BEIRA (R)","NUM_POLICIA":"81 J","FREGUESIA":"117","LOCALIDADE":"LISBOA","COD_POST_4":"1800","COD_POST_3":"065","COM_INT_ID":null,"COD_ACT_ECON":"52104","DESC_ACT_ECON":"CAFE/PASTELARIA - 3ª CATEGORIA","ANO":1991,"TIPO":"Restauração e Bebidas","LOCALIZACAO":"Isolado","C_INTEGRADO":null,"EMPRESA":"MARIA ISABEL SILVEIRA MENDES RODRIGUES MOURA","GlobalID":"6e25d918-10df-42ed-a0b3-a76c372d3bf0"}},{"type":"Feature","id":28980,"geometry":{"type":"Point","coordinates":[-9.13131984126378,38.7106371357681]},"properties":{"OBJECTID":28980,"COD_SIG":null,"IDTIPO":null,"NOME":"BAR PE SUJO","REGEND":"002434","MORADA":"S MARTINHO (L DE)","NUM_POLICIA":"6","FREGUESIA":"121","LOCALIDADE":"LISBOA","COD_POST_4":"1100","COD_POST_3":"537","COM_INT_ID":null,"COD_ACT_ECON":"52404","DESC_ACT_ECON":"BAR/\"PUB\" - 3ª CATEGORIA","ANO":1991,"TIPO":"Restauração e Bebidas","LOCALIZACAO":"Isolado","C_INTEGRADO":null,"EMPRESA":"BOCA LIVRE INVESTIMENTOS HOTELEIROS, LDA","GlobalID":"daed1029-2342-4e76-974e-9a40e1f7706d"}},{"type":"Feature","id":28999,"geometry":{"type":"Point","coordinates":[-9.17369888168504,38.7440372332538]},"properties":{"OBJECTID":28999,"COD_SIG":null,"IDTIPO":null,"NOME":"BOTEQUIM O ENCONTRO","REGEND":"002779","MORADA":"Rua Padre Francisco Álvares","NUM_POLICIA":"10","FREGUESIA":"123","LOCALIDADE":"LISBOA","COD_POST_4":"1500","COD_POST_3":"478","COM_INT_ID":null,"COD_ACT_ECON":"51107","DESC_ACT_ECON":"RESTAURANTE - 3ª CATEGORIA","ANO":1991,"TIPO":"Restauração e Bebidas","LOCALIZACAO":"Isolado","C_INTEGRADO":null,"EMPRESA":"MARIA ISABEL SILVEIRA MENDES RODRIGUES MOURA","GlobalID":"70fa1be1-b787-4a40-9b03-2198f823a0df"}},{"type":"Feature","id":29139,"geometry":{"type":"Point","coordinates":[-9.1635826918608,38.716455065381]},"properties":{"OBJECTID":29139,"COD_SIG":null,"IDTIPO":null,"NOME":"PIP POP PRODUTOS ALIMENTARES LDA","REGEND":"002454","MORADA":"COELHO DA ROCHA (R)","NUM_POLICIA":"41 C","FREGUESIA":"110","LOCALIDADE":null,"COD_POST_4":null,"COD_POST_3":null,"COM_INT_ID":null,"COD_ACT_ECON":"51105","DESC_ACT_ECON":"RESTAURANTE - 2ª CATEGORIA","ANO":1991,"TIPO":"Restauração e Bebidas","LOCALIZACAO":"Isolado","C_INTEGRADO":null,"EMPRESA":"MARIA ISABEL SILVEIRA MENDES RODRIGUES MOURA","GlobalID":"eecbad8a-8101-4366-a096-2dd9fd99376f"}},{"type":"Feature","id":29163,"geometry":{"type":"Point","coordinates":[-9.16940760711491,38.7153585899977]},"properties":{"OBJECTID":29163,"COD_SIG":null,"IDTIPO":null,"NOME":"CENTRO DOS PRAZERES","REGEND":"002526","MORADA":"SAMPAIO BRUNO (R)","NUM_POLICIA":"2 B","FREGUESIA":"110","LOCALIDADE":null,"COD_POST_4":null,"COD_POST_3":null,"COM_INT_ID":null,"COD_ACT_ECON":"52104","DESC_ACT_ECON":"CAFE/PASTELARIA - 3ª CATEGORIA","ANO":1991,"TIPO":"Restauração e Bebidas","LOCALIZACAO":"Isolado","C_INTEGRADO":null,"EMPRESA":"MARIA ISABEL SILVEIRA MENDES RODRIGUES MOURA","GlobalID":"6c22d7e7-6572-4ef5-870d-71ee39ad3481"}},{"type":"Feature","id":29181,"geometry":{"type":"Point","coordinates":[-9.1280177124328,38.712935304633]},"properties":{"OBJECTID":29181,"COD_SIG":null,"IDTIPO":null,"NOME":"FERNANDO PEREIRA CARVALHO","REGEND":"002572","MORADA":"ESCOLAS GERAIS (R DAS)","NUM_POLICIA":"26","FREGUESIA":"121","LOCALIDADE":null,"COD_POST_4":null,"COD_POST_3":null,"COM_INT_ID":null,"COD_ACT_ECON":"52104","DESC_ACT_ECON":"CAFE/PASTELARIA - 3ª CATEGORIA","ANO":1991,"TIPO":"Restauração e Bebidas","LOCALIZACAO":"Isolado","C_INTEGRADO":null,"EMPRESA":"MARIA ISABEL SILVEIRA MENDES RODRIGUES MOURA","GlobalID":"c1ac55ea-921d-4cf5-8f6f-55be2c3974a9"}},{"type":"Feature","id":29301,"geometry":{"type":"Point","coordinates":[-9.12741798097942,38.7116744217987]},"properties":{"OBJECTID":29301,"COD_SIG":null,"IDTIPO":null,"NOME":"MARIA LURDES LOPES FARIA","REGEND":"002589","MORADA":"Rua dos Remédios (Santo Estevão)","NUM_POLICIA":"24","FREGUESIA":"121","LOCALIDADE":null,"COD_POST_4":"1100","COD_POST_3":"449","COM_INT_ID":null,"COD_ACT_ECON":"51403","DESC_ACT_ECON":"OUTROS EST. COMIDAS REFEIÇÕES - 3ª CAT.","ANO":1991,"TIPO":"Restauração e Bebidas","LOCALIZACAO":"Isolado","C_INTEGRADO":null,"EMPRESA":"MARIA LURDES LOPES FARIA","GlobalID":"f22fa31e-bc88-4ac9-b8e2-22d0009968b8"}},{"type":"Feature","id":29347,"geometry":{"type":"Point","coordinates":[-9.12782340683685,38.7130075868223]},"properties":{"OBJECTID":29347,"COD_SIG":null,"IDTIPO":null,"NOME":"DANIEL ADELIO PEREIRA","REGEND":"002559","MORADA":"Calçada de São Vicente","NUM_POLICIA":"10","FREGUESIA":"121","LOCALIDADE":null,"COD_POST_4":"1100","COD_POST_3":"569","COM_INT_ID":null,"COD_ACT_ECON":"52705","DESC_ACT_ECON":"Outros Estab. De Bebidas - Taberna","ANO":1991,"TIPO":"Restauração e Bebidas","LOCALIZACAO":"Isolado","C_INTEGRADO":null,"EMPRESA":"MARIA ISABEL SILVEIRA MENDES RODRIGUES MOURA","GlobalID":"70b37521-7f74-4f56-bc32-7d883d893c16"}},{"type":"Feature","id":29387,"geometry":{"type":"Point","coordinates":[-9.12532973481209,38.7122735898647]},"properties":{"OBJECTID":29387,"COD_SIG":null,"IDTIPO":null,"NOME":"MANUEL GUILHE ALVAREZ & AVELINO GUILHE IGLESIAS","REGEND":"002576","MORADA":"JARDIM DO TABACO (R DO)","NUM_POLICIA":"3","FREGUESIA":"121","LOCALIDADE":null,"COD_POST_4":null,"COD_POST_3":null,"COM_INT_ID":null,"COD_ACT_ECON":"52704","DESC_ACT_ECON":"OUTROS EST. DE BEBIDAS - 3ª CATEGORIA","ANO":1991,"TIPO":"Restauração e Bebidas","LOCALIZACAO":"Isolado","C_INTEGRADO":null,"EMPRESA":"MARIA ISABEL SILVEIRA MENDES RODRIGUES MOURA","GlobalID":"771ea033-7a51-41c8-b749-a104a15bcd51"}},{"type":"Feature","id":29405,"geometry":{"type":"Point","coordinates":[-9.12837818838999,38.7129870140826]},"properties":{"OBJECTID":29405,"COD_SIG":null,"IDTIPO":null,"NOME":"SNACK BAR PASTELARIA FONTE CARDENSE","REGEND":"002564","MORADA":"ESCOLAS GERAIS","NUM_POLICIA":"54","FREGUESIA":"121","LOCALIDADE":null,"COD_POST_4":null,"COD_POST_3":null,"COM_INT_ID":null,"COD_ACT_ECON":"51203","DESC_ACT_ECON":"\"SNACK-BAR\" - 3ª CATEGORIA","ANO":1991,"TIPO":"Restauração e Bebidas","LOCALIZACAO":"Isolado","C_INTEGRADO":null,"EMPRESA":"MARIA ISABEL SILVEIRA MENDES RODRIGUES MOURA","GlobalID":"48961b03-ca1d-4e08-9473-7ad32dcfccf4"}},{"type":"Feature","id":29419,"geometry":{"type":"Point","coordinates":[-9.12794709047841,38.7372702645391]},"properties":{"OBJECTID":29419,"COD_SIG":null,"IDTIPO":null,"NOME":"MARIA ALICE BRANCO RAMOS","REGEND":"002411","MORADA":"CONS FERREIRA DO AMARAL (R)","NUM_POLICIA":"27 C","FREGUESIA":"119","LOCALIDADE":null,"COD_POST_4":null,"COD_POST_3":null,"COM_INT_ID":null,"COD_ACT_ECON":"52104","DESC_ACT_ECON":"CAFE/PASTELARIA - 3ª CATEGORIA","ANO":1991,"TIPO":"Restauração e Bebidas","LOCALIZACAO":"Isolado","C_INTEGRADO":null,"EMPRESA":"MARIA ISABEL SILVEIRA MENDES RODRIGUES MOURA","GlobalID":"241103b5-ab4e-4e7b-9cbc-1e4318854a9e"}},{"type":"Feature","id":29473,"geometry":{"type":"Point","coordinates":[-9.12813339747507,38.7113309227626]},"properties":{"OBJECTID":29473,"COD_SIG":null,"IDTIPO":null,"NOME":"TAVERNA D'EL REY","REGEND":"002569","MORADA":"Largo do Chafariz de Dentro","NUM_POLICIA":"15","FREGUESIA":"121","LOCALIDADE":"LISBOA","COD_POST_4":"1100","COD_POST_3":"139","COM_INT_ID":null,"COD_ACT_ECON":"51103","DESC_ACT_ECON":"Restaurante","ANO":1991,"TIPO":"Restauração e Bebidas","LOCALIZACAO":"Isolado","C_INTEGRADO":null,"EMPRESA":"MARIA ISABEL SILVEIRA MENDES RODRIGUES MOURA","GlobalID":"4b2c9970-1bbf-4538-a76d-eb22310fdff4"}},{"type":"Feature","id":29510,"geometry":{"type":"Point","coordinates":[-9.12829398480683,38.7129599730122]},"properties":{"OBJECTID":29510,"COD_SIG":null,"IDTIPO":null,"NOME":"SALGADO & RODRIGUES LDA","REGEND":"002573","MORADA":"ESCOLAS GERAIS (R DAS)","NUM_POLICIA":"42","FREGUESIA":"121","LOCALIDADE":null,"COD_POST_4":null,"COD_POST_3":null,"COM_INT_ID":null,"COD_ACT_ECON":"52104","DESC_ACT_ECON":"CAFE/PASTELARIA - 3ª CATEGORIA","ANO":1991,"TIPO":"Restauração e Bebidas","LOCALIZACAO":"Isolado","C_INTEGRADO":null,"EMPRESA":"MARIA ISABEL SILVEIRA MENDES RODRIGUES MOURA","GlobalID":"9366b6ef-fe1e-48ee-910b-9e11af2dd7e6"}},{"type":"Feature","id":29574,"geometry":{"type":"Point","coordinates":[-9.16573354341695,38.7171556409424]},"properties":{"OBJECTID":29574,"COD_SIG":null,"IDTIPO":null,"NOME":"RESTAURANTE VELHA GOA","REGEND":"002544","MORADA":"TOMÁS DA ANUNCIAÇÃO (R)","NUM_POLICIA":"41 B","FREGUESIA":"110","LOCALIDADE":null,"COD_POST_4":null,"COD_POST_3":null,"COM_INT_ID":null,"COD_ACT_ECON":"51105","DESC_ACT_ECON":"RESTAURANTE - 2ª CATEGORIA","ANO":1991,"TIPO":"Restauração e Bebidas","LOCALIZACAO":"Isolado","C_INTEGRADO":null,"EMPRESA":"MARIA ISABEL SILVEIRA MENDES RODRIGUES MOURA","GlobalID":"dcb24896-560d-4f0f-8fb8-7999e044a956"}},{"type":"Feature","id":29593,"geometry":{"type":"Point","coordinates":[-9.16547467590151,38.7168977448218]},"properties":{"OBJECTID":29593,"COD_SIG":null,"IDTIPO":null,"NOME":"RESTAURANTE MISTURA FINA","REGEND":"002547","MORADA":"Rua Tomás de Anunciação","NUM_POLICIA":"52A","FREGUESIA":"110","LOCALIDADE":"LISBOA","COD_POST_4":"1350","COD_POST_3":"328","COM_INT_ID":null,"COD_ACT_ECON":"51105","DESC_ACT_ECON":"RESTAURANTE - 2ª CATEGORIA","ANO":1991,"TIPO":"Restauração e Bebidas","LOCALIZACAO":"Isolado","C_INTEGRADO":null,"EMPRESA":"COMITIL COMÉRCIO & IMPORTAÇÃO, LDA","GlobalID":"35afd41c-ca5b-4491-a694-7740e29db176"}},{"type":"Feature","id":29621,"geometry":{"type":"Point","coordinates":[-9.163604149918,38.7395238374184]},"properties":{"OBJECTID":29621,"COD_SIG":null,"IDTIPO":null,"NOME":"PETISQUEIRA ARCOS","REGEND":"002757","MORADA":"Rua Basílio Teles","NUM_POLICIA":"4A","FREGUESIA":"123","LOCALIDADE":"LISBOA","COD_POST_4":"1070","COD_POST_3":"021","COM_INT_ID":null,"COD_ACT_ECON":"51107","DESC_ACT_ECON":"RESTAURANTE - 3ª CATEGORIA","ANO":1991,"TIPO":"Restauração e Bebidas","LOCALIZACAO":"Isolado","C_INTEGRADO":null,"EMPRESA":"CARVOARIA MIMOSA, LDA","GlobalID":"4d37e1c0-27c8-4a4b-b607-49d95570c4aa"}},{"type":"Feature","id":29634,"geometry":{"type":"Point","coordinates":[-9.12084099347453,38.7659255138505]},"properties":{"OBJECTID":29634,"COD_SIG":null,"IDTIPO":null,"NOME":"SALAO LILLERES","REGEND":"002402","MORADA":"CID DE VILA CABRAL (R)","NUM_POLICIA":"42 A","FREGUESIA":"117","LOCALIDADE":null,"COD_POST_4":null,"COD_POST_3":null,"COM_INT_ID":null,"COD_ACT_ECON":"51107","DESC_ACT_ECON":"RESTAURANTE - 3ª CATEGORIA","ANO":1991,"TIPO":"Restauração e Bebidas","LOCALIZACAO":"Isolado","C_INTEGRADO":null,"EMPRESA":"MARIA ISABEL SILVEIRA MENDES RODRIGUES MOURA","GlobalID":"92ae44ed-81b2-4e61-bb11-384406966190"}},{"type":"Feature","id":29662,"geometry":{"type":"Point","coordinates":[-9.16422595657114,38.7164133534408]},"properties":{"OBJECTID":29662,"COD_SIG":null,"IDTIPO":null,"NOME":"JOSE PEREIRA","REGEND":"002457","MORADA":"Rua Coelho da Rocha","NUM_POLICIA":"61","FREGUESIA":"110","LOCALIDADE":"LISBOA","COD_POST_4":"1350","COD_POST_3":"073","COM_INT_ID":null,"COD_ACT_ECON":"51107","DESC_ACT_ECON":"RESTAURANTE - 3ª CATEGORIA","ANO":1991,"TIPO":"Restauração e Bebidas","LOCALIZACAO":"Isolado","C_INTEGRADO":null,"EMPRESA":"MARIA ISABEL SILVEIRA MENDES RODRIGUES MOURA","GlobalID":"1aeab791-9257-4f13-b629-2dca394b574e"}},{"type":"Feature","id":29672,"geometry":{"type":"Point","coordinates":[-9.16410700345786,38.7161294528244]},"properties":{"OBJECTID":29672,"COD_SIG":null,"IDTIPO":null,"NOME":"RESTAURANTE MADEIRA","REGEND":"002476","MORADA":"Rua Ferreira Borges","NUM_POLICIA":"31","FREGUESIA":"110","LOCALIDADE":"LISBOA                         ","COD_POST_4":"1350","COD_POST_3":"126","COM_INT_ID":null,"COD_ACT_ECON":"51107","DESC_ACT_ECON":"RESTAURANTE - 3ª CATEGORIA","ANO":1991,"TIPO":"Restauração e Bebidas","LOCALIZACAO":"Isolado","C_INTEGRADO":null,"EMPRESA":"MARIA ISABEL SILVEIRA MENDES RODRIGUES MOURA","GlobalID":"206d296f-391e-4bcc-8601-55170a861e03"}},{"type":"Feature","id":29707,"geometry":{"type":"Point","coordinates":[-9.11288016295254,38.7754063438819]},"properties":{"OBJECTID":29707,"COD_SIG":null,"IDTIPO":null,"NOME":"MARIA ROSA GARÇAO BARRETO","REGEND":"002363","MORADA":"ALFERES BARRILARO RUAS (R)","NUM_POLICIA":"7 A","FREGUESIA":"117","LOCALIDADE":null,"COD_POST_4":null,"COD_POST_3":null,"COM_INT_ID":39,"COD_ACT_ECON":"52104","DESC_ACT_ECON":"CAFE/PASTELARIA - 3ª CATEGORIA","ANO":1991,"TIPO":"Restauração e Bebidas","LOCALIZACAO":"Integrado - outro","C_INTEGRADO":"CENTRO COMERCIAL A. C. SANTOS","EMPRESA":"MARIA ISABEL SILVEIRA MENDES RODRIGUES MOURA","GlobalID":"c4641db6-8a9f-4a6f-b1f9-d7a9b4242f76"}},{"type":"Feature","id":29790,"geometry":{"type":"Point","coordinates":[-9.16251634131288,38.7179337856294]},"properties":{"OBJECTID":29790,"COD_SIG":null,"IDTIPO":null,"NOME":"MIGNON","REGEND":"002536","MORADA":"Rua Silva Carvalho","NUM_POLICIA":"85","FREGUESIA":"110","LOCALIDADE":null,"COD_POST_4":"1250","COD_POST_3":"247","COM_INT_ID":null,"COD_ACT_ECON":"51107","DESC_ACT_ECON":"RESTAURANTE - 3ª CATEGORIA","ANO":1991,"TIPO":"Restauração e Bebidas","LOCALIZACAO":"Isolado","C_INTEGRADO":null,"EMPRESA":"MARIA ISABEL SILVEIRA MENDES RODRIGUES MOURA","GlobalID":"71c65f0f-60dc-48ea-9c3d-b88ec1b34334"}},{"type":"Feature","id":29804,"geometry":{"type":"Point","coordinates":[-9.1673154963952,38.7169805351943]},"properties":{"OBJECTID":29804,"COD_SIG":null,"IDTIPO":null,"NOME":"RESTAURANTE CONDESTAVEL","REGEND":"002538","MORADA":"TEN FERREIRA DURÃO (R)","NUM_POLICIA":"52 D","FREGUESIA":"110","LOCALIDADE":null,"COD_POST_4":null,"COD_POST_3":null,"COM_INT_ID":null,"COD_ACT_ECON":"51107","DESC_ACT_ECON":"RESTAURANTE - 3ª CATEGORIA","ANO":1991,"TIPO":"Restauração e Bebidas","LOCALIZACAO":"Isolado","C_INTEGRADO":null,"EMPRESA":"MARIA ISABEL SILVEIRA MENDES RODRIGUES MOURA","GlobalID":"2fe4f87b-d0c9-4009-b765-a9a887eb9094"}},{"type":"Feature","id":29840,"geometry":{"type":"Point","coordinates":[-9.10463724526164,38.7742772479724]},"properties":{"OBJECTID":29840,"COD_SIG":null,"IDTIPO":null,"NOME":"CAFE NIKI","REGEND":"002422","MORADA":"PE JOAQUIM ALVES CORREIA (R)","NUM_POLICIA":"4","FREGUESIA":"118","LOCALIDADE":"LISBOA","COD_POST_4":"1800","COD_POST_3":"292","COM_INT_ID":null,"COD_ACT_ECON":"52104","DESC_ACT_ECON":"CAFE/PASTELARIA - 3ª CATEGORIA","ANO":1991,"TIPO":"Restauração e Bebidas","LOCALIZACAO":"Isolado","C_INTEGRADO":null,"EMPRESA":"MARIA ISABEL SILVEIRA MENDES RODRIGUES MOURA","GlobalID":"50ee096a-bec2-458a-893d-6c1904d72ce5"}},{"type":"Feature","id":29860,"geometry":{"type":"Point","coordinates":[-9.12035523217957,38.7233864013464]},"properties":{"OBJECTID":29860,"COD_SIG":null,"IDTIPO":null,"NOME":"LEITARIA REIS & PEREIRA LDA","REGEND":"002826","MORADA":"ALTO DO VAREJAO (AZ DO)","NUM_POLICIA":"2 A","FREGUESIA":"119","LOCALIDADE":null,"COD_POST_4":null,"COD_POST_3":null,"COM_INT_ID":null,"COD_ACT_ECON":"52104","DESC_ACT_ECON":"CAFE/PASTELARIA - 3ª CATEGORIA","ANO":1991,"TIPO":"Restauração e Bebidas","LOCALIZACAO":"Isolado","C_INTEGRADO":null,"EMPRESA":"LEITARIA REIS & PEREIRA LDA","GlobalID":"0a71ed7f-7eaf-4682-bc11-4e059bc35c87"}},{"type":"Feature","id":29881,"geometry":{"type":"Point","coordinates":[-9.12126061001847,38.728343791978]},"properties":{"OBJECTID":29881,"COD_SIG":null,"IDTIPO":null,"NOME":"SNACK-BAR AFONSO III","REGEND":"002821","MORADA":"Avenida Afonso III","NUM_POLICIA":"131A","FREGUESIA":"119","LOCALIDADE":"LISBOA","COD_POST_4":"1900","COD_POST_3":"044","COM_INT_ID":null,"COD_ACT_ECON":"51203","DESC_ACT_ECON":"\"SNACK-BAR\" - 3ª CATEGORIA","ANO":1991,"TIPO":"Restauração e Bebidas","LOCALIZACAO":"Isolado","C_INTEGRADO":null,"EMPRESA":"MARIA ISABEL SILVEIRA MENDES RODRIGUES MOURA","GlobalID":"71f8a437-6f9f-4fe3-98ff-6da5ee4ebb59"}},{"type":"Feature","id":29944,"geometry":{"type":"Point","coordinates":[-9.1197933090199,38.7760506849239]},"properties":{"OBJECTID":29944,"COD_SIG":null,"IDTIPO":null,"NOME":"MANUEL BORGES COSTA","REGEND":"002416","MORADA":"ESCOLAS (R DAS)","NUM_POLICIA":"24 A","FREGUESIA":"117","LOCALIDADE":"LISBOA","COD_POST_4":"1800","COD_POST_3":"197","COM_INT_ID":null,"COD_ACT_ECON":"51107","DESC_ACT_ECON":"RESTAURANTE - 3ª CATEGORIA","ANO":1991,"TIPO":"Restauração e Bebidas","LOCALIZACAO":"Isolado","C_INTEGRADO":null,"EMPRESA":"MARIA ISABEL SILVEIRA MENDES RODRIGUES MOURA","GlobalID":"ab2042a1-05d1-492b-be3d-ab3287362bbf"}},{"type":"Feature","id":30023,"geometry":{"type":"Point","coordinates":[-9.12641344260792,38.7124895683414]},"properties":{"OBJECTID":30023,"COD_SIG":null,"IDTIPO":null,"NOME":"FLAVIO","REGEND":"002594","MORADA":"REMEDIOS (R DOS) A ALFAMA","NUM_POLICIA":"106","FREGUESIA":"121","LOCALIDADE":null,"COD_POST_4":null,"COD_POST_3":null,"COM_INT_ID":null,"COD_ACT_ECON":"52199","DESC_ACT_ECON":"CAFÉ/PASTELARIA - (SEM CATEGORIA)","ANO":1991,"TIPO":"Restauração e Bebidas","LOCALIZACAO":"Isolado","C_INTEGRADO":null,"EMPRESA":"MARIA ISABEL SILVEIRA MENDES RODRIGUES MOURA","GlobalID":"7c4f79b0-60eb-422a-8fb5-97d0b7300354"}},{"type":"Feature","id":30031,"geometry":{"type":"Point","coordinates":[-9.12648353994616,38.7125700422757]},"properties":{"OBJECTID":30031,"COD_SIG":null,"IDTIPO":null,"NOME":"PATIO DOCE","REGEND":"002590","MORADA":"REMEDIOS (R DOS) A ALFAMA","NUM_POLICIA":"97","FREGUESIA":"121","LOCALIDADE":null,"COD_POST_4":null,"COD_POST_3":null,"COM_INT_ID":null,"COD_ACT_ECON":"51299","DESC_ACT_ECON":"\"SNACK-BAR\" - (SEM CATEGORIA)","ANO":1991,"TIPO":"Restauração e Bebidas","LOCALIZACAO":"Isolado","C_INTEGRADO":null,"EMPRESA":"MARIA ISABEL SILVEIRA MENDES RODRIGUES MOURA","GlobalID":"94207739-cf58-40d2-9b6d-055fdfe4ed25"}},{"type":"Feature","id":30056,"geometry":{"type":"Point","coordinates":[-9.10736975776088,38.7586259783249]},"properties":{"OBJECTID":30056,"COD_SIG":null,"IDTIPO":null,"NOME":"JORGE MANUEL FERREIRA","REGEND":"002418","MORADA":"MANHIÇA (R DE)","NUM_POLICIA":"464","FREGUESIA":"117","LOCALIDADE":null,"COD_POST_4":null,"COD_POST_3":null,"COM_INT_ID":null,"COD_ACT_ECON":"52705","DESC_ACT_ECON":"Outros Estab. De Bebidas - Taberna","ANO":1991,"TIPO":"Restauração e Bebidas","LOCALIZACAO":"Isolado","C_INTEGRADO":null,"EMPRESA":"MARIA ISABEL SILVEIRA MENDES RODRIGUES MOURA","GlobalID":"91a1929e-55b1-47a2-8fad-ddec9fe55b02"}},{"type":"Feature","id":30095,"geometry":{"type":"Point","coordinates":[-9.17219288306067,38.7187297713848]},"properties":{"OBJECTID":30095,"COD_SIG":null,"IDTIPO":null,"NOME":"MANUEL ALMEIDA FERREIRA","REGEND":"002489","MORADA":"GUILHERME ANJOS (R)","NUM_POLICIA":"LETRAS J S","FREGUESIA":"110","LOCALIDADE":null,"COD_POST_4":null,"COD_POST_3":null,"COM_INT_ID":null,"COD_ACT_ECON":"52704","DESC_ACT_ECON":"OUTROS EST. DE BEBIDAS - 3ª CATEGORIA","ANO":1991,"TIPO":"Restauração e Bebidas","LOCALIZACAO":"Isolado","C_INTEGRADO":null,"EMPRESA":"MARIA ISABEL SILVEIRA MENDES RODRIGUES MOURA","GlobalID":"3ae98a7a-0198-4327-a951-9ffd9b01d7d5"}},{"type":"Feature","id":30118,"geometry":{"type":"Point","coordinates":[-9.17261755083143,38.7424434877692]},"properties":{"OBJECTID":30118,"COD_SIG":null,"IDTIPO":null,"NOME":"JARDIM VOUZELA","REGEND":"002709","MORADA":"BENFICA (EST DE)","NUM_POLICIA":"261 A/B","FREGUESIA":"123","LOCALIDADE":"LISBOA","COD_POST_4":"1500","COD_POST_3":"072","COM_INT_ID":null,"COD_ACT_ECON":"51107","DESC_ACT_ECON":"RESTAURANTE - 3ª CATEGORIA","ANO":1991,"TIPO":"Restauração e Bebidas","LOCALIZACAO":"Isolado","C_INTEGRADO":null,"EMPRESA":"MERCEARIA JARDIM VOUZELA, LDA","GlobalID":"8b7b729d-46e2-4a24-a3ef-dc1fe8e3fe3d"}},{"type":"Feature","id":30145,"geometry":{"type":"Point","coordinates":[-9.12105172386714,38.7663566974949]},"properties":{"OBJECTID":30145,"COD_SIG":null,"IDTIPO":null,"NOME":"CAFE ENTRE AEROPORTOS","REGEND":"002403","MORADA":"Rua Cidade de Vila Cabral","NUM_POLICIA":"Lote 45","FREGUESIA":"117","LOCALIDADE":"LISBOA","COD_POST_4":"1800","COD_POST_3":"131","COM_INT_ID":null,"COD_ACT_ECON":"52703","DESC_ACT_ECON":"OUTROS EST. DE BEBIDAS - 2ª CATEGORIA","ANO":1991,"TIPO":"Restauração e Bebidas","LOCALIZACAO":"Isolado","C_INTEGRADO":null,"EMPRESA":"MARIA ISABEL SILVEIRA MENDES RODRIGUES MOURA","GlobalID":"7ffe0604-55b6-46cc-b6f8-95bd27024934"}},{"type":"Feature","id":30158,"geometry":{"type":"Point","coordinates":[-9.1173570914441,38.7612444886781]},"properties":{"OBJECTID":30158,"COD_SIG":null,"IDTIPO":null,"NOME":"RESTAURANTE ANDORINHA","REGEND":"002400","MORADA":"Rua Cidade da Praia","NUM_POLICIA":"Lote 365","FREGUESIA":"117","LOCALIDADE":"LISBOA                         ","COD_POST_4":"1800","COD_POST_3":"119","COM_INT_ID":null,"COD_ACT_ECON":"51107","DESC_ACT_ECON":"RESTAURANTE - 3ª CATEGORIA","ANO":1991,"TIPO":"Restauração e Bebidas","LOCALIZACAO":"Isolado","C_INTEGRADO":null,"EMPRESA":"MARIA ISABEL SILVEIRA MENDES RODRIGUES MOURA","GlobalID":"cfa72edd-66c5-42d2-b1a9-853a3a7ed9a0"}},{"type":"Feature","id":30210,"geometry":{"type":"Point","coordinates":[-9.16558407812668,38.7204999005003]},"properties":{"OBJECTID":30210,"COD_SIG":null,"IDTIPO":null,"NOME":"SNACK BAR OS VELHOTES","REGEND":"002551","MORADA":"TOMAS DA ANUNCIAÇAO (R)","NUM_POLICIA":"112 B","FREGUESIA":"110","LOCALIDADE":null,"COD_POST_4":null,"COD_POST_3":null,"COM_INT_ID":null,"COD_ACT_ECON":"52304","DESC_ACT_ECON":"CERVEJARIA - 3ª CATEGORIA","ANO":1991,"TIPO":"Restauração e Bebidas","LOCALIZACAO":"Isolado","C_INTEGRADO":null,"EMPRESA":"MARIA AUGUSTA SILVA SANTOS FREIRE","GlobalID":"aa1de622-d61e-4737-bf28-4d751afd7555"}},{"type":"Feature","id":30240,"geometry":{"type":"Point","coordinates":[-9.17741564769833,38.7441481564956]},"properties":{"OBJECTID":30240,"COD_SIG":null,"IDTIPO":null,"NOME":"CASA LORDE","REGEND":"002711","MORADA":"BENFICA (EST DE)","NUM_POLICIA":"264 A","FREGUESIA":"123","LOCALIDADE":null,"COD_POST_4":null,"COD_POST_3":null,"COM_INT_ID":null,"COD_ACT_ECON":"51107","DESC_ACT_ECON":"RESTAURANTE - 3ª CATEGORIA","ANO":1991,"TIPO":"Restauração e Bebidas","LOCALIZACAO":"Isolado","C_INTEGRADO":null,"EMPRESA":"MARIA ISABEL SILVEIRA MENDES RODRIGUES MOURA","GlobalID":"566baf54-86f1-4840-b5f1-f1c25af5462d"}},{"type":"Feature","id":30263,"geometry":{"type":"Point","coordinates":[-9.17838023529425,38.7447213747559]},"properties":{"OBJECTID":30263,"COD_SIG":null,"IDTIPO":null,"NOME":"TABERNA DO VALDEMAR","REGEND":"002768","MORADA":"Rua Francisco Pereira de Sousa","NUM_POLICIA":"11A","FREGUESIA":"123","LOCALIDADE":"LISBOA","COD_POST_4":"1500","COD_POST_3":"287","COM_INT_ID":null,"COD_ACT_ECON":"52705","DESC_ACT_ECON":"Outros Estab. De Bebidas - Taberna","ANO":1991,"TIPO":"Restauração e Bebidas","LOCALIZACAO":"Isolado","C_INTEGRADO":null,"EMPRESA":"MARIA ISABEL SILVEIRA MENDES RODRIGUES MOURA","GlobalID":"87730960-ae18-400a-ade1-06e621e010bd"}},{"type":"Feature","id":30287,"geometry":{"type":"Point","coordinates":[-9.16494534092541,38.7165985964361]},"properties":{"OBJECTID":30287,"COD_SIG":null,"IDTIPO":null,"NOME":"PAPO CHEIO","REGEND":"002458","MORADA":"COELHO DA ROCHA (R)","NUM_POLICIA":"72","FREGUESIA":"110","LOCALIDADE":null,"COD_POST_4":null,"COD_POST_3":null,"COM_INT_ID":null,"COD_ACT_ECON":"51403","DESC_ACT_ECON":"OUTROS EST. COMIDAS REFEIÇÕES - 3ª CAT.","ANO":1991,"TIPO":"Restauração e Bebidas","LOCALIZACAO":"Isolado","C_INTEGRADO":null,"EMPRESA":"MARIA ISABEL SILVEIRA MENDES RODRIGUES MOURA","GlobalID":"11dded9b-f504-4d9c-a414-6d70bb85ea8e"}},{"type":"Feature","id":30321,"geometry":{"type":"Point","coordinates":[-9.1627140102013,38.7160123404426]},"properties":{"OBJECTID":30321,"COD_SIG":null,"IDTIPO":null,"NOME":"RESTAURANTE FLA FLU","REGEND":"002534","MORADA":"Rua Saraiva de Carvalho","NUM_POLICIA":"184A","FREGUESIA":"110","LOCALIDADE":"LISBOA","COD_POST_4":"1250","COD_POST_3":"245","COM_INT_ID":null,"COD_ACT_ECON":"51105","DESC_ACT_ECON":"RESTAURANTE - 2ª CATEGORIA","ANO":1991,"TIPO":"Restauração e Bebidas","LOCALIZACAO":"Isolado","C_INTEGRADO":null,"EMPRESA":"MARIA ISABEL SILVEIRA MENDES RODRIGUES MOURA","GlobalID":"ce736256-07e4-401b-811c-31324a30dc83"}},{"type":"Feature","id":30328,"geometry":{"type":"Point","coordinates":[-9.16729398893066,38.7162871240501]},"properties":{"OBJECTID":30328,"COD_SIG":null,"IDTIPO":null,"NOME":"A PEQUENINA CAMPO OURIQUE","REGEND":"002540","MORADA":"TEN FERREIRA DURÃO (R)","NUM_POLICIA":"62 C","FREGUESIA":"110","LOCALIDADE":null,"COD_POST_4":null,"COD_POST_3":null,"COM_INT_ID":null,"COD_ACT_ECON":"51109","DESC_ACT_ECON":"RESTAURANTE - CASA DE PASTO","ANO":1991,"TIPO":"Restauração e Bebidas","LOCALIZACAO":"Isolado","C_INTEGRADO":null,"EMPRESA":"MARIA ISABEL SILVEIRA MENDES RODRIGUES MOURA","GlobalID":"0d383761-ae76-40fd-a1b9-ea8244844339"}},{"type":"Feature","id":30406,"geometry":{"type":"Point","coordinates":[-9.16945128230569,38.7175831303428]},"properties":{"OBJECTID":30406,"COD_SIG":null,"IDTIPO":null,"NOME":"JOSE DOMINGOS MARTINS NAVAIS","REGEND":"002528","MORADA":"SAMPAIO BRUNO (R)","NUM_POLICIA":"28 A","FREGUESIA":"110","LOCALIDADE":null,"COD_POST_4":null,"COD_POST_3":null,"COM_INT_ID":null,"COD_ACT_ECON":"52199","DESC_ACT_ECON":"CAFÉ/PASTELARIA - (SEM CATEGORIA)","ANO":1991,"TIPO":"Restauração e Bebidas","LOCALIZACAO":"Isolado","C_INTEGRADO":null,"EMPRESA":"MARIA ISABEL SILVEIRA MENDES RODRIGUES MOURA","GlobalID":"5806b141-d176-4bfa-87d4-03dbd6539dde"}},{"type":"Feature","id":30423,"geometry":{"type":"Point","coordinates":[-9.16970237580065,38.7174547919029]},"properties":{"OBJECTID":30423,"COD_SIG":null,"IDTIPO":null,"NOME":"LUCIANO & CALDAS","REGEND":"002527","MORADA":"SAMPAIO BRUNO (R)","NUM_POLICIA":"25","FREGUESIA":"110","LOCALIDADE":null,"COD_POST_4":null,"COD_POST_3":null,"COM_INT_ID":null,"COD_ACT_ECON":"52705","DESC_ACT_ECON":"Outros Estab. De Bebidas - Taberna","ANO":1991,"TIPO":"Restauração e Bebidas","LOCALIZACAO":"Isolado","C_INTEGRADO":null,"EMPRESA":"MARIA ISABEL SILVEIRA MENDES RODRIGUES MOURA","GlobalID":"a4e0bb4f-0f25-4b68-ae86-b46c66ed26b4"}},{"type":"Feature","id":30549,"geometry":{"type":"Point","coordinates":[-9.12580141321831,38.7131253237616]},"properties":{"OBJECTID":30549,"COD_SIG":null,"IDTIPO":null,"NOME":"CAFE ZE MATO","REGEND":"002599","MORADA":"REMÉDIOS (R DOS) A ALFAMA","NUM_POLICIA":"147","FREGUESIA":"124","LOCALIDADE":null,"COD_POST_4":null,"COD_POST_3":null,"COM_INT_ID":null,"COD_ACT_ECON":"52104","DESC_ACT_ECON":"CAFE/PASTELARIA - 3ª CATEGORIA","ANO":1991,"TIPO":"Restauração e Bebidas","LOCALIZACAO":"Isolado","C_INTEGRADO":null,"EMPRESA":"MARIA ISABEL SILVEIRA MENDES RODRIGUES MOURA","GlobalID":"d5b13c8e-0919-477c-ba2c-e0d07fd58d04"}},{"type":"Feature","id":30616,"geometry":{"type":"Point","coordinates":[-9.16003046666483,38.7076677150042]},"properties":{"OBJECTID":30616,"COD_SIG":null,"IDTIPO":null,"NOME":"DOM GARFO","REGEND":"002648","MORADA":"S FÉLIX (R DE)","NUM_POLICIA":"3","FREGUESIA":"113","LOCALIDADE":"LISBOA","COD_POST_4":"1200","COD_POST_3":"838","COM_INT_ID":null,"COD_ACT_ECON":"51107","DESC_ACT_ECON":"RESTAURANTE - 3ª CATEGORIA","ANO":1991,"TIPO":"Restauração e Bebidas","LOCALIZACAO":"Isolado","C_INTEGRADO":null,"EMPRESA":"DOM GARFO ALIMENTAÇAO COMÉRCIO, LDA","GlobalID":"df2a9fc3-a94e-4053-a9c7-917fa54b2128"}},{"type":"Feature","id":30659,"geometry":{"type":"Point","coordinates":[-9.12515151894119,38.7135181863051]},"properties":{"OBJECTID":30659,"COD_SIG":null,"IDTIPO":null,"NOME":"RESTAURANTE GARITA","REGEND":"002602","MORADA":"REMÉDIOS (R DOS) A ALFAMA","NUM_POLICIA":"197","FREGUESIA":"124","LOCALIDADE":null,"COD_POST_4":null,"COD_POST_3":null,"COM_INT_ID":null,"COD_ACT_ECON":"51107","DESC_ACT_ECON":"RESTAURANTE - 3ª CATEGORIA","ANO":1991,"TIPO":"Restauração e Bebidas","LOCALIZACAO":"Isolado","C_INTEGRADO":null,"EMPRESA":"MARIA ISABEL SILVEIRA MENDES RODRIGUES MOURA","GlobalID":"904079d9-21fe-4b2b-85cb-09af7e117a06"}},{"type":"Feature","id":30674,"geometry":{"type":"Point","coordinates":[-9.10268997350847,38.7683230066953]},"properties":{"OBJECTID":30674,"COD_SIG":null,"IDTIPO":null,"NOME":"APIO MENDES DIAS & JOSE DUARTE VARELA","REGEND":"002409","MORADA":"CONS FERREIRA DO AMARAL (R)","NUM_POLICIA":"3","FREGUESIA":"118","LOCALIDADE":null,"COD_POST_4":null,"COD_POST_3":null,"COM_INT_ID":null,"COD_ACT_ECON":"52705","DESC_ACT_ECON":"Outros Estab. De Bebidas - Taberna","ANO":1991,"TIPO":"Restauração e Bebidas","LOCALIZACAO":"Isolado","C_INTEGRADO":null,"EMPRESA":"MARIA ISABEL SILVEIRA MENDES RODRIGUES MOURA","GlobalID":"77c52515-7c94-4a51-bc41-c145a932c9e8"}},{"type":"Feature","id":30678,"geometry":{"type":"Point","coordinates":[-9.10268161468474,38.7683759809033]},"properties":{"OBJECTID":30678,"COD_SIG":null,"IDTIPO":null,"NOME":"MARIA IDALINA RATO FONSECA DAMAS","REGEND":"002410","MORADA":"CONS FERREIRA DO AMARAL (R)","NUM_POLICIA":"5","FREGUESIA":"118","LOCALIDADE":null,"COD_POST_4":null,"COD_POST_3":null,"COM_INT_ID":null,"COD_ACT_ECON":"52104","DESC_ACT_ECON":"CAFE/PASTELARIA - 3ª CATEGORIA","ANO":1991,"TIPO":"Restauração e Bebidas","LOCALIZACAO":"Isolado","C_INTEGRADO":null,"EMPRESA":"MARIA ISABEL SILVEIRA MENDES RODRIGUES MOURA","GlobalID":"b2b5b258-128e-416d-ab93-f7ffb3889b88"}},{"type":"Feature","id":30686,"geometry":{"type":"Point","coordinates":[-9.10806113983109,38.7585614638778]},"properties":{"OBJECTID":30686,"COD_SIG":null,"IDTIPO":null,"NOME":"CAFÉ SELF SERVISE BRISA TEJO","REGEND":"002419","MORADA":"MANHIÇA (R DE)","NUM_POLICIA":"LT 466 E","FREGUESIA":"117","LOCALIDADE":"LISBOA","COD_POST_4":"1800","COD_POST_3":"245","COM_INT_ID":null,"COD_ACT_ECON":"51203","DESC_ACT_ECON":"\"SNACK-BAR\" - 3ª CATEGORIA","ANO":1991,"TIPO":"Restauração e Bebidas","LOCALIZACAO":"Isolado","C_INTEGRADO":null,"EMPRESA":"MARIA ISABEL SILVEIRA MENDES RODRIGUES MOURA","GlobalID":"a31c9f48-ed90-4cd2-b1d9-f11f149a6ee3"}},{"type":"Feature","id":30724,"geometry":{"type":"Point","coordinates":[-9.16326195018525,38.717577356327]},"properties":{"OBJECTID":30724,"COD_SIG":null,"IDTIPO":null,"NOME":"VANITA","REGEND":"002494","MORADA":"LUÍS DEROUET (R)","NUM_POLICIA":"15","FREGUESIA":"110","LOCALIDADE":null,"COD_POST_4":null,"COD_POST_3":null,"COM_INT_ID":null,"COD_ACT_ECON":"51203","DESC_ACT_ECON":"\"SNACK-BAR\" - 3ª CATEGORIA","ANO":1991,"TIPO":"Restauração e Bebidas","LOCALIZACAO":"Isolado","C_INTEGRADO":null,"EMPRESA":"MARIA ISABEL SILVEIRA MENDES RODRIGUES MOURA","GlobalID":"c9465501-6ff7-48bc-9abd-1df052d214e3"}},{"type":"Feature","id":30735,"geometry":{"type":"Point","coordinates":[-9.16650686441747,38.7166439466888]},"properties":{"OBJECTID":30735,"COD_SIG":null,"IDTIPO":null,"NOME":"SANTOS COUTO & ANTUNES","REGEND":"002482","MORADA":"Rua Francisco Metrass","NUM_POLICIA":"41A","FREGUESIA":"110","LOCALIDADE":null,"COD_POST_4":"1350","COD_POST_3":"079","COM_INT_ID":null,"COD_ACT_ECON":"52104","DESC_ACT_ECON":"CAFE/PASTELARIA - 3ª CATEGORIA","ANO":1991,"TIPO":"Restauração e Bebidas","LOCALIZACAO":"Isolado","C_INTEGRADO":null,"EMPRESA":"MARIA ISABEL SILVEIRA MENDES RODRIGUES MOURA","GlobalID":"3db3d3c3-9fab-41df-9a74-5b424c8c4bce"}},{"type":"Feature","id":30767,"geometry":{"type":"Point","coordinates":[-9.17245672364951,38.7423802892435]},"properties":{"OBJECTID":30767,"COD_SIG":null,"IDTIPO":null,"NOME":"RESTAURANTE 200","REGEND":"002707","MORADA":"BENFICA (EST DE)","NUM_POLICIA":"257","FREGUESIA":"123","LOCALIDADE":"LISBOA","COD_POST_4":"1500","COD_POST_3":"072","COM_INT_ID":null,"COD_ACT_ECON":"51107","DESC_ACT_ECON":"RESTAURANTE - 3ª CATEGORIA","ANO":1991,"TIPO":"Restauração e Bebidas","LOCALIZACAO":"Isolado","C_INTEGRADO":null,"EMPRESA":"MANUEL MARIA DE JESUS, LDA","GlobalID":"2531629d-1d87-4acb-8ec0-5aa395e39974"}},{"type":"Feature","id":30825,"geometry":{"type":"Point","coordinates":[-9.17085010383182,38.7190922730181]},"properties":{"OBJECTID":30825,"COD_SIG":null,"IDTIPO":null,"NOME":"RESTAURANTE SNACK BAR O BEM ME SABE","REGEND":"002472","MORADA":"Rua Correia Teles","NUM_POLICIA":"107A","FREGUESIA":"110","LOCALIDADE":null,"COD_POST_4":"1350","COD_POST_3":"097","COM_INT_ID":null,"COD_ACT_ECON":"51107","DESC_ACT_ECON":"RESTAURANTE - 3ª CATEGORIA","ANO":1991,"TIPO":"Restauração e Bebidas","LOCALIZACAO":"Isolado","C_INTEGRADO":null,"EMPRESA":"MARIA ISABEL SILVEIRA MENDES RODRIGUES MOURA","GlobalID":"7bc29dce-7e5c-4807-a7b4-055d9bbceb02"}},{"type":"Feature","id":30858,"geometry":{"type":"Point","coordinates":[-9.12753151365832,38.7118675151681]},"properties":{"OBJECTID":30858,"COD_SIG":null,"IDTIPO":null,"NOME":"RESTAURANTE MESTRE ANDRE","REGEND":"002561","MORADA":"Calçadinha de Santo Estêvão","NUM_POLICIA":"6","FREGUESIA":"121","LOCALIDADE":"LISBOA                         ","COD_POST_4":"1100","COD_POST_3":"503","COM_INT_ID":null,"COD_ACT_ECON":"51107","DESC_ACT_ECON":"RESTAURANTE - 3ª CATEGORIA","ANO":1991,"TIPO":"Restauração e Bebidas","LOCALIZACAO":"Isolado","C_INTEGRADO":null,"EMPRESA":"ANDRE & BATISTA LDA","GlobalID":"09e819ca-8644-4c12-a5a6-78351b656264"}},{"type":"Feature","id":30906,"geometry":{"type":"Point","coordinates":[-9.20543462333119,38.7072864842677]},"properties":{"OBJECTID":30906,"COD_SIG":null,"IDTIPO":null,"NOME":"O GRUMETE","REGEND":"002812","MORADA":"TRISTÃO VAZ (R) NO BAIR RES. DO RESTELO","NUM_POLICIA":"16 D","FREGUESIA":"108","LOCALIDADE":"LISBOA                         ","COD_POST_4":"1400","COD_POST_3":"352","COM_INT_ID":null,"COD_ACT_ECON":"52104","DESC_ACT_ECON":"CAFE/PASTELARIA - 3ª CATEGORIA","ANO":1991,"TIPO":"Restauração e Bebidas","LOCALIZACAO":"Isolado","C_INTEGRADO":null,"EMPRESA":"MARIA ISABEL SILVEIRA MENDES RODRIGUES MOURA","GlobalID":"e3804f5a-1703-4653-b90e-04ac55b9ef8d"}},{"type":"Feature","id":30919,"geometry":{"type":"Point","coordinates":[-9.20657219770474,38.7103206640132]},"properties":{"OBJECTID":30919,"COD_SIG":null,"IDTIPO":null,"NOME":"FERNANDES & MOREIRA","REGEND":"002800","MORADA":"CASELAS (EST DE)","NUM_POLICIA":"144 C","FREGUESIA":"108","LOCALIDADE":null,"COD_POST_4":null,"COD_POST_3":null,"COM_INT_ID":null,"COD_ACT_ECON":"51109","DESC_ACT_ECON":"RESTAURANTE - CASA DE PASTO","ANO":1991,"TIPO":"Restauração e Bebidas","LOCALIZACAO":"Isolado","C_INTEGRADO":null,"EMPRESA":"MARIA ISABEL SILVEIRA MENDES RODRIGUES MOURA","GlobalID":"dccb0599-1f4f-4030-af0a-7bfbbed02195"}},{"type":"Feature","id":30928,"geometry":{"type":"Point","coordinates":[-9.20600025114313,38.7051374306651]},"properties":{"OBJECTID":30928,"COD_SIG":null,"IDTIPO":null,"NOME":"MANUELA COTTA MESQUITA","REGEND":"002807","MORADA":"Rua João de Paiva","NUM_POLICIA":"1A","FREGUESIA":"108","LOCALIDADE":"LISBOA","COD_POST_4":"1400","COD_POST_3":"225","COM_INT_ID":null,"COD_ACT_ECON":"52104","DESC_ACT_ECON":"CAFE/PASTELARIA - 3ª CATEGORIA","ANO":1991,"TIPO":"Restauração e Bebidas","LOCALIZACAO":"Isolado","C_INTEGRADO":null,"EMPRESA":"MARIA ISABEL SILVEIRA MENDES RODRIGUES MOURA","GlobalID":"a3e2b9c7-439f-4413-a071-ec06d9b1ce6f"}},{"type":"Feature","id":30954,"geometry":{"type":"Point","coordinates":[-9.1828848453713,38.7461078170932]},"properties":{"OBJECTID":30954,"COD_SIG":null,"IDTIPO":null,"NOME":"409 BENFICA","REGEND":"002723","MORADA":"Estrada de Benfica","NUM_POLICIA":"409C","FREGUESIA":"123","LOCALIDADE":"LISBOA","COD_POST_4":"1500","COD_POST_3":"077","COM_INT_ID":null,"COD_ACT_ECON":"51109","DESC_ACT_ECON":"RESTAURANTE - CASA DE PASTO","ANO":1991,"TIPO":"Restauração e Bebidas","LOCALIZACAO":"Isolado","C_INTEGRADO":null,"EMPRESA":"EMIDIO & EMIDIO, LDA","GlobalID":"9fffad71-be0b-4ded-bb0a-0dd0da72e914"}},{"type":"Feature","id":30957,"geometry":{"type":"Point","coordinates":[-9.18601203089394,38.7467912570588]},"properties":{"OBJECTID":30957,"COD_SIG":null,"IDTIPO":null,"NOME":"CARLOS ALBERTO COSTA MIRA (PIGUIM)","REGEND":"002725","MORADA":"Estrada de Benfica","NUM_POLICIA":"445A","FREGUESIA":"123","LOCALIDADE":"LISBOA","COD_POST_4":"1500","COD_POST_3":"079","COM_INT_ID":null,"COD_ACT_ECON":"51403","DESC_ACT_ECON":"OUTROS EST. COMIDAS REFEIÇÕES - 3ª CAT.","ANO":1991,"TIPO":"Restauração e Bebidas","LOCALIZACAO":"Isolado","C_INTEGRADO":null,"EMPRESA":"MARIA ISABEL SILVEIRA MENDES RODRIGUES MOURA","GlobalID":"2ec71dd7-c5d1-49cb-bd06-dbcb54bc4871"}},{"type":"Feature","id":31029,"geometry":{"type":"Point","coordinates":[-9.21482564275243,38.7154959460414]},"properties":{"OBJECTID":31029,"COD_SIG":null,"IDTIPO":null,"NOME":"MARIA LEONTINA GOMES JESUS","REGEND":"002799","MORADA":"CASELAS (EST DE)","NUM_POLICIA":"45 A","FREGUESIA":"108","LOCALIDADE":"LISBOA                         ","COD_POST_4":"1400","COD_POST_3":"056","COM_INT_ID":null,"COD_ACT_ECON":"52705","DESC_ACT_ECON":"Outros Estab. De Bebidas - Taberna","ANO":1991,"TIPO":"Restauração e Bebidas","LOCALIZACAO":"Isolado","C_INTEGRADO":null,"EMPRESA":"MARIA ISABEL SILVEIRA MENDES RODRIGUES MOURA","GlobalID":"1c4be6fe-7c17-4720-b3a2-cd0308536869"}},{"type":"Feature","id":31034,"geometry":{"type":"Point","coordinates":[-9.14624075303012,38.7053713011023]},"properties":{"OBJECTID":31034,"COD_SIG":null,"IDTIPO":null,"NOME":"MAMEDE & LEITAO LDA","REGEND":"002620","MORADA":"CAIS DE SANTOS OU DA INSULANA","NUM_POLICIA":null,"FREGUESIA":"116","LOCALIDADE":null,"COD_POST_4":null,"COD_POST_3":null,"COM_INT_ID":null,"COD_ACT_ECON":"52104","DESC_ACT_ECON":"CAFE/PASTELARIA - 3ª CATEGORIA","ANO":1991,"TIPO":"Restauração e Bebidas","LOCALIZACAO":"Isolado","C_INTEGRADO":null,"EMPRESA":"MARIA ISABEL SILVEIRA MENDES RODRIGUES MOURA","GlobalID":"c89a3ed1-fefd-49ac-8272-f63b0bb6f638"}},{"type":"Feature","id":31082,"geometry":{"type":"Point","coordinates":[-9.17364714052128,38.7444340357871]},"properties":{"OBJECTID":31082,"COD_SIG":null,"IDTIPO":null,"NOME":"FAISAO AZUL","REGEND":"002781","MORADA":"Rua Padre Francisco Álvares","NUM_POLICIA":"16B","FREGUESIA":"123","LOCALIDADE":"LISBOA","COD_POST_4":"1500","COD_POST_3":"000","COM_INT_ID":null,"COD_ACT_ECON":"51107","DESC_ACT_ECON":"RESTAURANTE - 3ª CATEGORIA","ANO":1991,"TIPO":"Restauração e Bebidas","LOCALIZACAO":"Isolado","C_INTEGRADO":null,"EMPRESA":"MARIA ISABEL SILVEIRA MENDES RODRIGUES MOURA","GlobalID":"02dc6645-d8c3-49e2-ac78-e74561f8e9d1"}},{"type":"Feature","id":31135,"geometry":{"type":"Point","coordinates":[-9.16226540861637,38.7039908541003]},"properties":{"OBJECTID":31135,"COD_SIG":null,"IDTIPO":null,"NOME":"FLOR MAR","REGEND":"002616","MORADA":"Avenida Vinte e Quatro de Julho","NUM_POLICIA":"114","FREGUESIA":"113","LOCALIDADE":"LISBOA                         ","COD_POST_4":"1200","COD_POST_3":"871","COM_INT_ID":null,"COD_ACT_ECON":"51107","DESC_ACT_ECON":"RESTAURANTE - 3ª CATEGORIA","ANO":1991,"TIPO":"Restauração e Bebidas","LOCALIZACAO":"Isolado","C_INTEGRADO":null,"EMPRESA":"MARIA ISABEL SILVEIRA MENDES RODRIGUES MOURA","GlobalID":"01ca04b2-a9c0-4456-be2c-64ffc2826270"}},{"type":"Feature","id":31147,"geometry":{"type":"Point","coordinates":[-9.15940605849062,38.7050068889962]},"properties":{"OBJECTID":31147,"COD_SIG":null,"IDTIPO":null,"NOME":"RESTAURANTE A PAULINHA","REGEND":"002611","MORADA":"Avenida Vinte e Quatro de Julho","NUM_POLICIA":"82A","FREGUESIA":"113","LOCALIDADE":"LISBOA                         ","COD_POST_4":"1200","COD_POST_3":"869","COM_INT_ID":null,"COD_ACT_ECON":"51107","DESC_ACT_ECON":"RESTAURANTE - 3ª CATEGORIA","ANO":1991,"TIPO":"Restauração e Bebidas","LOCALIZACAO":"Isolado","C_INTEGRADO":null,"EMPRESA":"SOUSA & MATOS, LDA","GlobalID":"6a27f22b-965c-4572-88e2-47632d87a1f8"}},{"type":"Feature","id":31198,"geometry":{"type":"Point","coordinates":[-9.17436401857591,38.7423198246276]},"properties":{"OBJECTID":31198,"COD_SIG":null,"IDTIPO":null,"NOME":"NELSON CARVALHO BRITO","REGEND":"002790","MORADA":"Rua de São Domingos de Benfica","NUM_POLICIA":"12A","FREGUESIA":"123","LOCALIDADE":"LISBOA","COD_POST_4":"1500","COD_POST_3":"559","COM_INT_ID":null,"COD_ACT_ECON":"52104","DESC_ACT_ECON":"CAFE/PASTELARIA - 3ª CATEGORIA","ANO":1991,"TIPO":"Restauração e Bebidas","LOCALIZACAO":"Isolado","C_INTEGRADO":null,"EMPRESA":"MARIA ISABEL SILVEIRA MENDES RODRIGUES MOURA","GlobalID":"2cf65a3b-a9b0-4ba2-beb1-62c2629d4967"}},{"type":"Feature","id":31229,"geometry":{"type":"Point","coordinates":[-9.12698921509434,38.7126831705003]},"properties":{"OBJECTID":31229,"COD_SIG":null,"IDTIPO":null,"NOME":"COELHO & GOMES LDA","REGEND":"002608","MORADA":"Rua do Vigário","NUM_POLICIA":"44","FREGUESIA":"121","LOCALIDADE":"LISBOA","COD_POST_4":"1100","COD_POST_3":"616","COM_INT_ID":null,"COD_ACT_ECON":"52104","DESC_ACT_ECON":"CAFE/PASTELARIA - 3ª CATEGORIA","ANO":1991,"TIPO":"Restauração e Bebidas","LOCALIZACAO":"Isolado","C_INTEGRADO":null,"EMPRESA":"COELHO & GOMES, LDA","GlobalID":"a38c0304-2c9e-4550-9911-e469cde3dea7"}},{"type":"Feature","id":31239,"geometry":{"type":"Point","coordinates":[-9.15609972554408,38.7085399572322]},"properties":{"OBJECTID":31239,"COD_SIG":null,"IDTIPO":null,"NOME":"O PIQUINHO","REGEND":"002617","MORADA":"CASTELO PICÃO (C DO)","NUM_POLICIA":"7","FREGUESIA":"113","LOCALIDADE":null,"COD_POST_4":null,"COD_POST_3":null,"COM_INT_ID":null,"COD_ACT_ECON":"52104","DESC_ACT_ECON":"CAFE/PASTELARIA - 3ª CATEGORIA","ANO":1991,"TIPO":"Restauração e Bebidas","LOCALIZACAO":"Isolado","C_INTEGRADO":null,"EMPRESA":"MARIA ISABEL SILVEIRA MENDES RODRIGUES MOURA","GlobalID":"6bece57b-ace5-4024-a5d0-7d4675d85b39"}},{"type":"Feature","id":31273,"geometry":{"type":"Point","coordinates":[-9.13578334263679,38.7133012296171]},"properties":{"OBJECTID":31273,"COD_SIG":null,"IDTIPO":null,"NOME":"LEITARIA MODERNA","REGEND":"002685","MORADA":"S CRISTOVAO (R DE)","NUM_POLICIA":"37","FREGUESIA":"121","LOCALIDADE":"LISBOA","COD_POST_4":"1100","COD_POST_3":"514","COM_INT_ID":null,"COD_ACT_ECON":"52104","DESC_ACT_ECON":"CAFE/PASTELARIA - 3ª CATEGORIA","ANO":1991,"TIPO":"Restauração e Bebidas","LOCALIZACAO":"Isolado","C_INTEGRADO":null,"EMPRESA":"MARIA ISABEL SILVEIRA MENDES RODRIGUES MOURA","GlobalID":"c8afc09f-e87f-4fa1-9e4d-dd3cf1caf820"}},{"type":"Feature","id":31292,"geometry":{"type":"Point","coordinates":[-9.16197490692821,38.738997745106]},"properties":{"OBJECTID":31292,"COD_SIG":null,"IDTIPO":null,"NOME":"OVO ESTRELADO","REGEND":"002697","MORADA":"MADAME CURIE (AV)","NUM_POLICIA":"16 C","FREGUESIA":"123","LOCALIDADE":null,"COD_POST_4":null,"COD_POST_3":null,"COM_INT_ID":null,"COD_ACT_ECON":"51203","DESC_ACT_ECON":"\"SNACK-BAR\" - 3ª CATEGORIA","ANO":1991,"TIPO":"Restauração e Bebidas","LOCALIZACAO":"Isolado","C_INTEGRADO":null,"EMPRESA":"José Martins & Almeida Ribeiro, Lda","GlobalID":"75bdf545-482a-4b4d-9021-d2048c09a3ba"}},{"type":"Feature","id":31293,"geometry":{"type":"Point","coordinates":[-9.16250803908304,38.7392812928097]},"properties":{"OBJECTID":31293,"COD_SIG":null,"IDTIPO":null,"NOME":"CAFE CACHIDO","REGEND":"002699","MORADA":"Avenida Madame Curie","NUM_POLICIA":"17B","FREGUESIA":"123","LOCALIDADE":"LISBOA","COD_POST_4":"1070","COD_POST_3":"166","COM_INT_ID":null,"COD_ACT_ECON":"52104","DESC_ACT_ECON":"CAFE/PASTELARIA - 3ª CATEGORIA","ANO":1991,"TIPO":"Restauração e Bebidas","LOCALIZACAO":"Isolado","C_INTEGRADO":null,"EMPRESA":"AFONSO & SOUSA, LDA","GlobalID":"9cbf92fe-b4e5-4e6b-ad08-0db3cb567b8d"}},{"type":"Feature","id":31343,"geometry":{"type":"Point","coordinates":[-9.12842339341173,38.711664836196]},"properties":{"OBJECTID":31343,"COD_SIG":null,"IDTIPO":null,"NOME":"SOUSA AZEVEDO & RIBEIRO LDA","REGEND":"002604","MORADA":"S MIGUEL (R DE)","NUM_POLICIA":"76","FREGUESIA":"121","LOCALIDADE":null,"COD_POST_4":null,"COD_POST_3":null,"COM_INT_ID":null,"COD_ACT_ECON":"52705","DESC_ACT_ECON":"Outros Estab. De Bebidas - Taberna","ANO":1991,"TIPO":"Restauração e Bebidas","LOCALIZACAO":"Isolado","C_INTEGRADO":null,"EMPRESA":"MARIA ISABEL SILVEIRA MENDES RODRIGUES MOURA","GlobalID":"51c23716-6998-4028-b650-6190364f2d08"}},{"type":"Feature","id":31348,"geometry":{"type":"Point","coordinates":[-9.15320147297663,38.7084572271825]},"properties":{"OBJECTID":31348,"COD_SIG":null,"IDTIPO":null,"NOME":"HORTELA","REGEND":"002609","MORADA":"Avenida Dom Carlos I","NUM_POLICIA":"55A","FREGUESIA":"113","LOCALIDADE":"LISBOA","COD_POST_4":"1200","COD_POST_3":"647","COM_INT_ID":null,"COD_ACT_ECON":"51107","DESC_ACT_ECON":"RESTAURANTE - 3ª CATEGORIA","ANO":1991,"TIPO":"Restauração e Bebidas","LOCALIZACAO":"Isolado","C_INTEGRADO":null,"EMPRESA":"S.O.S BAR RESTAURANTE, LDA","GlobalID":"89e5367f-54a3-4fdf-8406-617bfcf6210e"}},{"type":"Feature","id":31367,"geometry":{"type":"Point","coordinates":[-9.13605679070762,38.7146082196418]},"properties":{"OBJECTID":31367,"COD_SIG":null,"IDTIPO":null,"NOME":"ESPLANADA MOURARIA","REGEND":"002676","MORADA":"ARCO MARQUÊS DO ALEGRETE (R DO)","NUM_POLICIA":"E/F","FREGUESIA":"121","LOCALIDADE":null,"COD_POST_4":null,"COD_POST_3":null,"COM_INT_ID":null,"COD_ACT_ECON":"51107","DESC_ACT_ECON":"RESTAURANTE - 3ª CATEGORIA","ANO":1991,"TIPO":"Restauração e Bebidas","LOCALIZACAO":"Isolado","C_INTEGRADO":null,"EMPRESA":"MARIA ISABEL SILVEIRA MENDES RODRIGUES MOURA","GlobalID":"8c01e541-3646-4569-8c83-a0c68f399a7a"}},{"type":"Feature","id":31370,"geometry":{"type":"Point","coordinates":[-9.13535444290271,38.7138724068715]},"properties":{"OBJECTID":31370,"COD_SIG":null,"IDTIPO":null,"NOME":"RESTAURANTE SOLAR S CRISTOVÃO","REGEND":"002680","MORADA":"FARINHAS (R DAS)","NUM_POLICIA":"42 A/B","FREGUESIA":"121","LOCALIDADE":"LISBOA","COD_POST_4":"1100","COD_POST_3":"237","COM_INT_ID":null,"COD_ACT_ECON":"52104","DESC_ACT_ECON":"CAFE/PASTELARIA - 3ª CATEGORIA","ANO":1991,"TIPO":"Restauração e Bebidas","LOCALIZACAO":"Isolado","C_INTEGRADO":null,"EMPRESA":"MARIA ISABEL SILVEIRA MENDES RODRIGUES MOURA","GlobalID":"293c5f98-5fde-4534-bc8d-945cd4e693e6"}},{"type":"Feature","id":31393,"geometry":{"type":"Point","coordinates":[-9.1344308301619,38.7121248869001]},"properties":{"OBJECTID":31393,"COD_SIG":null,"IDTIPO":null,"NOME":"LOURENÇO & FRANCO LDA","REGEND":"002677","MORADA":"COSTA DO CASTELO","NUM_POLICIA":"26","FREGUESIA":"121","LOCALIDADE":"LISBOA                         ","COD_POST_4":"1100","COD_POST_3":"179","COM_INT_ID":null,"COD_ACT_ECON":"52104","DESC_ACT_ECON":"CAFE/PASTELARIA - 3ª CATEGORIA","ANO":1991,"TIPO":"Restauração e Bebidas","LOCALIZACAO":"Isolado","C_INTEGRADO":null,"EMPRESA":"MARIA ISABEL SILVEIRA MENDES RODRIGUES MOURA","GlobalID":"62006c87-bd58-43ef-a585-40a07202981a"}},{"type":"Feature","id":31405,"geometry":{"type":"Point","coordinates":[-9.18234303998239,38.7601467561849]},"properties":{"OBJECTID":31405,"COD_SIG":null,"IDTIPO":null,"NOME":"O ARANHA","REGEND":"002744","MORADA":"LUZ (EST DA)","NUM_POLICIA":"236 B","FREGUESIA":"112","LOCALIDADE":"LISBOA","COD_POST_4":"1600","COD_POST_3":"165","COM_INT_ID":null,"COD_ACT_ECON":"52104","DESC_ACT_ECON":"CAFE/PASTELARIA - 3ª CATEGORIA","ANO":1991,"TIPO":"Restauração e Bebidas","LOCALIZACAO":"Isolado","C_INTEGRADO":null,"EMPRESA":"ANTONIO ANTUNES LEAL, LDA","GlobalID":"3c88b027-3a23-436e-bb41-5cfdb428100b"}},{"type":"Feature","id":31408,"geometry":{"type":"Point","coordinates":[-9.17835351131283,38.7464276509659]},"properties":{"OBJECTID":31408,"COD_SIG":null,"IDTIPO":null,"NOME":"BENFIMNOBRE","REGEND":"002752","MORADA":"ANTÓNIO NOBRE (R)","NUM_POLICIA":"43 A","FREGUESIA":"123","LOCALIDADE":"LISBOA                         ","COD_POST_4":"1500","COD_POST_3":"046","COM_INT_ID":null,"COD_ACT_ECON":"52103","DESC_ACT_ECON":"CAFÉ/PASTELARIA - 2ª CATEGORIA","ANO":1991,"TIPO":"Restauração e Bebidas","LOCALIZACAO":"Isolado","C_INTEGRADO":null,"EMPRESA":"MARIA ISABEL SILVEIRA MENDES RODRIGUES MOURA","GlobalID":"63952bba-8bf5-4ed4-8076-47641c1edf67"}},{"type":"Feature","id":31416,"geometry":{"type":"Point","coordinates":[-9.16677616586493,38.7464034138101]},"properties":{"OBJECTID":31416,"COD_SIG":null,"IDTIPO":null,"NOME":"CASA VOVO GULOSA","REGEND":"002758","MORADA":"CARLOS DE OLIVEIRA (R)","NUM_POLICIA":"3 D","FREGUESIA":"123","LOCALIDADE":"LISBOA","COD_POST_4":"1600","COD_POST_3":"028","COM_INT_ID":null,"COD_ACT_ECON":"52104","DESC_ACT_ECON":"CAFE/PASTELARIA - 3ª CATEGORIA","ANO":1991,"TIPO":"Restauração e Bebidas","LOCALIZACAO":"Isolado","C_INTEGRADO":null,"EMPRESA":"MARIA EMILIA FERREIRA PINTO","GlobalID":"99b6971e-d03f-443c-bb29-6a1e4eae6301"}},{"type":"Feature","id":31463,"geometry":{"type":"Point","coordinates":[-9.15699066206647,38.7086526256775]},"properties":{"OBJECTID":31463,"COD_SIG":null,"IDTIPO":null,"NOME":"MANUEL ANTONIO PEREIRA BASTOS","REGEND":"002661","MORADA":"Rua das Trinas","NUM_POLICIA":"26A","FREGUESIA":"113","LOCALIDADE":"LISBOA","COD_POST_4":"1200","COD_POST_3":"858","COM_INT_ID":null,"COD_ACT_ECON":"52705","DESC_ACT_ECON":"Outros Estab. De Bebidas - Taberna","ANO":1991,"TIPO":"Restauração e Bebidas","LOCALIZACAO":"Isolado","C_INTEGRADO":null,"EMPRESA":"MARIA ISABEL SILVEIRA MENDES RODRIGUES MOURA","GlobalID":"b8b694d5-170b-4957-85a1-b3868bc33077"}},{"type":"Feature","id":31528,"geometry":{"type":"Point","coordinates":[-9.1406559125357,38.7474709142109]},"properties":{"OBJECTID":31528,"COD_SIG":null,"IDTIPO":null,"NOME":"CAFE A TORRE","REGEND":"002748","MORADA":"CALOUSTE GULBENKIAN (L)","NUM_POLICIA":"25","FREGUESIA":null,"LOCALIDADE":null,"COD_POST_4":null,"COD_POST_3":null,"COM_INT_ID":null,"COD_ACT_ECON":"52104","DESC_ACT_ECON":"CAFE/PASTELARIA - 3ª CATEGORIA","ANO":1991,"TIPO":"Restauração e Bebidas","LOCALIZACAO":"Isolado","C_INTEGRADO":null,"EMPRESA":"MARIA ISABEL SILVEIRA MENDES RODRIGUES MOURA","GlobalID":"924194a8-141b-478d-9149-dd826ee08b90"}},{"type":"Feature","id":31535,"geometry":{"type":"Point","coordinates":[-9.21507320766496,38.7152234871586]},"properties":{"OBJECTID":31535,"COD_SIG":null,"IDTIPO":null,"NOME":"PASTELARIA MIMOSA","REGEND":"002804","MORADA":"GRAVATO (R DO)","NUM_POLICIA":"5 B","FREGUESIA":"108","LOCALIDADE":"LISBOA","COD_POST_4":"1400","COD_POST_3":"193","COM_INT_ID":null,"COD_ACT_ECON":"52104","DESC_ACT_ECON":"CAFE/PASTELARIA - 3ª CATEGORIA","ANO":1991,"TIPO":"Restauração e Bebidas","LOCALIZACAO":"Isolado","C_INTEGRADO":null,"EMPRESA":"MARIA ISABEL SILVEIRA MENDES RODRIGUES MOURA","GlobalID":"907ab77d-71b6-43dd-b218-47ab5d26f809"}},{"type":"Feature","id":31548,"geometry":{"type":"Point","coordinates":[-9.11897291450185,38.7257130978773]},"properties":{"OBJECTID":31548,"COD_SIG":null,"IDTIPO":null,"NOME":"PEREIRA & FONSECA LDA","REGEND":"002814","MORADA":"Avenida Afonso III","NUM_POLICIA":"67A","FREGUESIA":"119","LOCALIDADE":"LISBOA","COD_POST_4":"1900","COD_POST_3":"041","COM_INT_ID":null,"COD_ACT_ECON":"52704","DESC_ACT_ECON":"OUTROS EST. DE BEBIDAS - 3ª CATEGORIA","ANO":1991,"TIPO":"Restauração e Bebidas","LOCALIZACAO":"Isolado","C_INTEGRADO":null,"EMPRESA":"MARIA ISABEL SILVEIRA MENDES RODRIGUES MOURA","GlobalID":"568537d9-f02a-4baa-a6cd-8571bf8db77e"}},{"type":"Feature","id":31578,"geometry":{"type":"Point","coordinates":[-9.16684656952868,38.7434405658727]},"properties":{"OBJECTID":31578,"COD_SIG":null,"IDTIPO":null,"NOME":"RESTAURANTE A CASA DA DULCE","REGEND":"002734","MORADA":"LARANJEIRAS (EST DAS)","NUM_POLICIA":"174","FREGUESIA":"123","LOCALIDADE":null,"COD_POST_4":null,"COD_POST_3":null,"COM_INT_ID":null,"COD_ACT_ECON":"51105","DESC_ACT_ECON":"RESTAURANTE - 2ª CATEGORIA","ANO":1991,"TIPO":"Restauração e Bebidas","LOCALIZACAO":"Isolado","C_INTEGRADO":null,"EMPRESA":"MARIA ISABEL SILVEIRA MENDES RODRIGUES MOURA","GlobalID":"177a901b-f58b-459a-a6cc-968e71b7ce91"}},{"type":"Feature","id":31625,"geometry":{"type":"Point","coordinates":[-9.17113345493032,38.7479694489766]},"properties":{"OBJECTID":31625,"COD_SIG":null,"IDTIPO":null,"NOME":"MARIA ALDA MONIZ","REGEND":"002739","MORADA":"LUZ (EST DA)","NUM_POLICIA":"40","FREGUESIA":"123","LOCALIDADE":null,"COD_POST_4":null,"COD_POST_3":null,"COM_INT_ID":null,"COD_ACT_ECON":"51109","DESC_ACT_ECON":"RESTAURANTE - CASA DE PASTO","ANO":1991,"TIPO":"Restauração e Bebidas","LOCALIZACAO":"Isolado","C_INTEGRADO":null,"EMPRESA":"MARIA ISABEL SILVEIRA MENDES RODRIGUES MOURA","GlobalID":"a178ed74-6699-4880-a454-e7a53eb9af74"}},{"type":"Feature","id":31673,"geometry":{"type":"Point","coordinates":[-9.1359945293736,38.714425394607]},"properties":{"OBJECTID":31673,"COD_SIG":null,"IDTIPO":null,"NOME":"RESTAURANTE MARTINS","REGEND":"002689","MORADA":"S PEDRO MÁRTIR (R DE)","NUM_POLICIA":"23","FREGUESIA":"121","LOCALIDADE":"LISBOA","COD_POST_4":"1100","COD_POST_3":"555","COM_INT_ID":null,"COD_ACT_ECON":"51107","DESC_ACT_ECON":"RESTAURANTE - 3ª CATEGORIA","ANO":1991,"TIPO":"Restauração e Bebidas","LOCALIZACAO":"Isolado","C_INTEGRADO":null,"EMPRESA":"MARIA ISABEL SILVEIRA MENDES RODRIGUES MOURA","GlobalID":"99f90157-6cc2-44bb-a02b-a41651d52dfb"}},{"type":"Feature","id":31700,"geometry":{"type":"Point","coordinates":[-9.17728944068911,38.7559944808641]},"properties":{"OBJECTID":31700,"COD_SIG":null,"IDTIPO":null,"NOME":"A COZINHA","REGEND":"002794","MORADA":"SOEIROS (R DOS)","NUM_POLICIA":"339 A","FREGUESIA":"123","LOCALIDADE":"LISBOA","COD_POST_4":"1500","COD_POST_3":"580","COM_INT_ID":null,"COD_ACT_ECON":"51403","DESC_ACT_ECON":"OUTROS EST. COMIDAS REFEIÇÕES - 3ª CAT.","ANO":1991,"TIPO":"Restauração e Bebidas","LOCALIZACAO":"Isolado","C_INTEGRADO":null,"EMPRESA":"A COZINHA - PRODUTOS ALIMENTARES CONFECCIONADOS, LDA","GlobalID":"f6a808cb-9c39-4c4e-99fe-abc7184df9bf"}},{"type":"Feature","id":31703,"geometry":{"type":"Point","coordinates":[-9.18049343576185,38.7438233182306]},"properties":{"OBJECTID":31703,"COD_SIG":null,"IDTIPO":null,"NOME":"LEITARIA CASTOR LDA","REGEND":"002796","MORADA":"S DOMINGOS DE BENFICA (T DE)","NUM_POLICIA":"12 A","FREGUESIA":"123","LOCALIDADE":"LISBOA","COD_POST_4":"1500","COD_POST_3":"564","COM_INT_ID":null,"COD_ACT_ECON":"52104","DESC_ACT_ECON":"CAFE/PASTELARIA - 3ª CATEGORIA","ANO":1991,"TIPO":"Restauração e Bebidas","LOCALIZACAO":"Isolado","C_INTEGRADO":null,"EMPRESA":"LEITARIA CASTOR, LDA","GlobalID":"82c1feb8-aac7-4848-958d-3aec9e464cc6"}},{"type":"Feature","id":31786,"geometry":{"type":"Point","coordinates":[-9.16221943284012,38.7039912592976]},"properties":{"OBJECTID":31786,"COD_SIG":null,"IDTIPO":null,"NOME":"CASA MILITAO","REGEND":"002615","MORADA":"Avenida Vinte e Quatro de Julho","NUM_POLICIA":"112","FREGUESIA":"113","LOCALIDADE":"LISBOA                         ","COD_POST_4":"1200","COD_POST_3":"871","COM_INT_ID":null,"COD_ACT_ECON":"51109","DESC_ACT_ECON":"RESTAURANTE - CASA DE PASTO","ANO":1991,"TIPO":"Restauração e Bebidas","LOCALIZACAO":"Isolado","C_INTEGRADO":null,"EMPRESA":"JOSÉ PARADA & IRMÃO, LDA","GlobalID":"32106f5b-15df-43b3-9fe1-3346596e2f62"}},{"type":"Feature","id":31814,"geometry":{"type":"Point","coordinates":[-9.15552902314915,38.7080225036244]},"properties":{"OBJECTID":31814,"COD_SIG":null,"IDTIPO":null,"NOME":"O CANTINHO FILIPE","REGEND":"002633","MORADA":"ESPERANÇA (R DA)","NUM_POLICIA":"140","FREGUESIA":"113","LOCALIDADE":null,"COD_POST_4":null,"COD_POST_3":null,"COM_INT_ID":null,"COD_ACT_ECON":"51107","DESC_ACT_ECON":"RESTAURANTE - 3ª CATEGORIA","ANO":1991,"TIPO":"Restauração e Bebidas","LOCALIZACAO":"Isolado","C_INTEGRADO":null,"EMPRESA":"MARIA ISABEL SILVEIRA MENDES RODRIGUES MOURA","GlobalID":"846f7467-ce8c-40be-946a-ed319a8d2ddf"}},{"type":"Feature","id":31877,"geometry":{"type":"Point","coordinates":[-9.15523035308011,38.7088448313489]},"properties":{"OBJECTID":31877,"COD_SIG":null,"IDTIPO":null,"NOME":"CANUDO & CANUDO","REGEND":"002665","MORADA":"VICENTE BORGA (R)","NUM_POLICIA":"49","FREGUESIA":"113","LOCALIDADE":null,"COD_POST_4":null,"COD_POST_3":null,"COM_INT_ID":null,"COD_ACT_ECON":"52705","DESC_ACT_ECON":"Outros Estab. De Bebidas - Taberna","ANO":1991,"TIPO":"Restauração e Bebidas","LOCALIZACAO":"Isolado","C_INTEGRADO":null,"EMPRESA":"MARIA ISABEL SILVEIRA MENDES RODRIGUES MOURA","GlobalID":"1e5c4720-2e9a-440a-ac6e-9feb870072c7"}},{"type":"Feature","id":31892,"geometry":{"type":"Point","coordinates":[-9.15562527493688,38.7069572863698]},"properties":{"OBJECTID":31892,"COD_SIG":null,"IDTIPO":null,"NOME":"DOMINGOS & SOARES LDA","REGEND":"002622","MORADA":"Largo de Santos","NUM_POLICIA":"1A","FREGUESIA":"113","LOCALIDADE":"LISBOA","COD_POST_4":"1200","COD_POST_3":"808","COM_INT_ID":null,"COD_ACT_ECON":"51109","DESC_ACT_ECON":"RESTAURANTE - CASA DE PASTO","ANO":1991,"TIPO":"Restauração e Bebidas","LOCALIZACAO":"Isolado","C_INTEGRADO":null,"EMPRESA":"DOMINGOS & SOARES, LDA","GlobalID":"f508ef7f-7fb2-4ed5-b2dd-c036381afba4"}},{"type":"Feature","id":31975,"geometry":{"type":"Point","coordinates":[-9.13425525354127,38.7117289675338]},"properties":{"OBJECTID":31975,"COD_SIG":null,"IDTIPO":null,"NOME":"GARGALHADA GERAL","REGEND":"002673","MORADA":"COSTA DO CASTELO","NUM_POLICIA":"7","FREGUESIA":"121","LOCALIDADE":"LISBOA","COD_POST_4":"1100","COD_POST_3":"176","COM_INT_ID":null,"COD_ACT_ECON":"51199","DESC_ACT_ECON":"RESTAURANTE - (SEM CATEGORIA)","ANO":1991,"TIPO":"Restauração e Bebidas","LOCALIZACAO":"Isolado","C_INTEGRADO":null,"EMPRESA":"MARIA ISABEL SILVEIRA MENDES RODRIGUES MOURA","GlobalID":"1c51dc88-638b-4540-ad27-6155254351ab"}},{"type":"Feature","id":32035,"geometry":{"type":"Point","coordinates":[-9.17756075076955,38.746209635373]},"properties":{"OBJECTID":32035,"COD_SIG":null,"IDTIPO":null,"NOME":"CAFÉ DORIJO","REGEND":"002753","MORADA":"ANTÓNIO NOBRE (R)","NUM_POLICIA":"55 A","FREGUESIA":"123","LOCALIDADE":null,"COD_POST_4":null,"COD_POST_3":null,"COM_INT_ID":null,"COD_ACT_ECON":"52104","DESC_ACT_ECON":"CAFE/PASTELARIA - 3ª CATEGORIA","ANO":1991,"TIPO":"Restauração e Bebidas","LOCALIZACAO":"Isolado","C_INTEGRADO":null,"EMPRESA":"MARIA ISABEL SILVEIRA MENDES RODRIGUES MOURA","GlobalID":"37472562-a674-4ec7-8c31-e980d2c976d9"}},{"type":"Feature","id":32066,"geometry":{"type":"Point","coordinates":[-9.12589534735264,38.7331759431791]},"properties":{"OBJECTID":32066,"COD_SIG":null,"IDTIPO":null,"NOME":"LEANDRO JOSE PIMENTA SANTOS","REGEND":"002841","MORADA":"CURRALEIRA (Q DA) R ANTÓNIO LUÍS INÁCIO 22","NUM_POLICIA":"14","FREGUESIA":"119","LOCALIDADE":null,"COD_POST_4":null,"COD_POST_3":null,"COM_INT_ID":null,"COD_ACT_ECON":"52104","DESC_ACT_ECON":"CAFE/PASTELARIA - 3ª CATEGORIA","ANO":1991,"TIPO":"Restauração e Bebidas","LOCALIZACAO":"Isolado","C_INTEGRADO":null,"EMPRESA":"MARIA ISABEL SILVEIRA MENDES RODRIGUES MOURA","GlobalID":"57ff49c0-77c7-4d45-9f33-d4638c2e8b0f"}},{"type":"Feature","id":32081,"geometry":{"type":"Point","coordinates":[-9.15541388607916,38.7088162009782]},"properties":{"OBJECTID":32081,"COD_SIG":null,"IDTIPO":null,"NOME":"CAFE BONFIM","REGEND":"002666","MORADA":"VICENTE BORGA (R)","NUM_POLICIA":"66","FREGUESIA":"113","LOCALIDADE":"LISBOA","COD_POST_4":"1200","COD_POST_3":"865","COM_INT_ID":null,"COD_ACT_ECON":"52104","DESC_ACT_ECON":"CAFE/PASTELARIA - 3ª CATEGORIA","ANO":1991,"TIPO":"Restauração e Bebidas","LOCALIZACAO":"Isolado","C_INTEGRADO":null,"EMPRESA":"MARIA ISABEL SILVEIRA MENDES RODRIGUES MOURA","GlobalID":"625c4ce9-1c5a-4cf0-9ab5-e9cadf082be7"}},{"type":"Feature","id":32139,"geometry":{"type":"Point","coordinates":[-9.16823056795431,38.7429058472636]},"properties":{"OBJECTID":32139,"COD_SIG":null,"IDTIPO":null,"NOME":"LEITARIA MING","REGEND":"002749","MORADA":"BENFICA (EST DE)","NUM_POLICIA":"158","FREGUESIA":"123","LOCALIDADE":null,"COD_POST_4":null,"COD_POST_3":null,"COM_INT_ID":null,"COD_ACT_ECON":"51203","DESC_ACT_ECON":"\"SNACK-BAR\" - 3ª CATEGORIA","ANO":1991,"TIPO":"Restauração e Bebidas","LOCALIZACAO":"Isolado","C_INTEGRADO":null,"EMPRESA":"MARIA ISABEL SILVEIRA MENDES RODRIGUES MOURA","GlobalID":"7ecb76a2-4bc7-460a-bfb6-cdf5e2e3b663"}},{"type":"Feature","id":32157,"geometry":{"type":"Point","coordinates":[-9.16804606297813,38.7476455683087]},"properties":{"OBJECTID":32157,"COD_SIG":null,"IDTIPO":null,"NOME":"CANTINHO DE PALMA","REGEND":"002754","MORADA":"ANTONINO E SÁ (R)","NUM_POLICIA":"7 A","FREGUESIA":"123","LOCALIDADE":"LISBOA                         ","COD_POST_4":"1600","COD_POST_3":"009","COM_INT_ID":null,"COD_ACT_ECON":"51203","DESC_ACT_ECON":"\"SNACK-BAR\" - 3ª CATEGORIA","ANO":1991,"TIPO":"Restauração e Bebidas","LOCALIZACAO":"Isolado","C_INTEGRADO":null,"EMPRESA":"MARIA ISABEL SILVEIRA MENDES RODRIGUES MOURA","GlobalID":"7d56b0ee-6065-419c-b3ea-c91e93378213"}},{"type":"Feature","id":32177,"geometry":{"type":"Point","coordinates":[-9.15796144534288,38.7068842017213]},"properties":{"OBJECTID":32177,"COD_SIG":null,"IDTIPO":null,"NOME":"JOSE LOURENÇO BATISTA VIUVA HERDEIROS","REGEND":"002658","MORADA":"SANTOS-O-VELHO (R DE)","NUM_POLICIA":"92","FREGUESIA":"113","LOCALIDADE":"LISBOA","COD_POST_4":"1200","COD_POST_3":"813","COM_INT_ID":null,"COD_ACT_ECON":"51203","DESC_ACT_ECON":"\"SNACK-BAR\" - 3ª CATEGORIA","ANO":1991,"TIPO":"Restauração e Bebidas","LOCALIZACAO":"Isolado","C_INTEGRADO":null,"EMPRESA":"MARIA ISABEL SILVEIRA MENDES RODRIGUES MOURA","GlobalID":"578d1632-0f36-4a58-ab4b-f009f2c6fda6"}},{"type":"Feature","id":32182,"geometry":{"type":"Point","coordinates":[-9.1582202957903,38.709710386613]},"properties":{"OBJECTID":32182,"COD_SIG":null,"IDTIPO":null,"NOME":"ARLINDO TAVARES BASTO","REGEND":"002663","MORADA":"Rua das Trinas","NUM_POLICIA":"72","FREGUESIA":"113","LOCALIDADE":"LISBOA","COD_POST_4":"1200","COD_POST_3":"859","COM_INT_ID":null,"COD_ACT_ECON":"52104","DESC_ACT_ECON":"CAFE/PASTELARIA - 3ª CATEGORIA","ANO":1991,"TIPO":"Restauração e Bebidas","LOCALIZACAO":"Isolado","C_INTEGRADO":null,"EMPRESA":"MARIA ISABEL SILVEIRA MENDES RODRIGUES MOURA","GlobalID":"f410093f-05ed-41a2-8d4b-701fad03727a"}},{"type":"Feature","id":32187,"geometry":{"type":"Point","coordinates":[-9.15808981819023,38.7070181924064]},"properties":{"OBJECTID":32187,"COD_SIG":null,"IDTIPO":null,"NOME":"RESTAURANTE PATO DOURADO","REGEND":"002649","MORADA":"S JOÃO DA MATA (R DE)","NUM_POLICIA":"12","FREGUESIA":"113","LOCALIDADE":null,"COD_POST_4":null,"COD_POST_3":null,"COM_INT_ID":null,"COD_ACT_ECON":"51107","DESC_ACT_ECON":"RESTAURANTE - 3ª CATEGORIA","ANO":1991,"TIPO":"Restauração e Bebidas","LOCALIZACAO":"Isolado","C_INTEGRADO":null,"EMPRESA":"MARIA ISABEL SILVEIRA MENDES RODRIGUES MOURA","GlobalID":"6802805c-26d9-4d20-a2bb-896387a0897a"}},{"type":"Feature","id":32190,"geometry":{"type":"Point","coordinates":[-9.15959106023516,38.7090948164856]},"properties":{"OBJECTID":32190,"COD_SIG":null,"IDTIPO":null,"NOME":"BERINGELA","REGEND":"002652","MORADA":"S JOAO DA MATA (R DE)","NUM_POLICIA":"135","FREGUESIA":"113","LOCALIDADE":null,"COD_POST_4":null,"COD_POST_3":null,"COM_INT_ID":null,"COD_ACT_ECON":"52704","DESC_ACT_ECON":"OUTROS EST. DE BEBIDAS - 3ª CATEGORIA","ANO":1991,"TIPO":"Restauração e Bebidas","LOCALIZACAO":"Isolado","C_INTEGRADO":null,"EMPRESA":"MARIA ISABEL SILVEIRA MENDES RODRIGUES MOURA","GlobalID":"0829bc7f-919f-41a9-bb9a-928e693f4d9d"}},{"type":"Feature","id":32221,"geometry":{"type":"Point","coordinates":[-9.16823056795431,38.7429058472636]},"properties":{"OBJECTID":32221,"COD_SIG":null,"IDTIPO":null,"NOME":"RESTAURANTE O ROSEIRAL","REGEND":"002730","MORADA":"BENFICA (EST DE)","NUM_POLICIA":"158","FREGUESIA":"123","LOCALIDADE":"LISBOA","COD_POST_4":"1549","COD_POST_3":"004","COM_INT_ID":null,"COD_ACT_ECON":"51105","DESC_ACT_ECON":"RESTAURANTE - 2ª CATEGORIA","ANO":1991,"TIPO":"Restauração e Bebidas","LOCALIZACAO":"Isolado","C_INTEGRADO":null,"EMPRESA":"MARIA ISABEL SILVEIRA MENDES RODRIGUES MOURA","GlobalID":"e0ec9903-dcfd-4381-aa2c-a5545c0037c8"}},{"type":"Feature","id":32279,"geometry":{"type":"Point","coordinates":[-9.21532249913944,38.7146272821135]},"properties":{"OBJECTID":32279,"COD_SIG":null,"IDTIPO":null,"NOME":"CASA SANTOS","REGEND":"002801","MORADA":"MACHADO (PT DO) SIT DE CASELAS 42","NUM_POLICIA":"42 C","FREGUESIA":"108","LOCALIDADE":"LISBOA                         ","COD_POST_4":"1400","COD_POST_3":"051","COM_INT_ID":null,"COD_ACT_ECON":"51109","DESC_ACT_ECON":"RESTAURANTE - CASA DE PASTO","ANO":1991,"TIPO":"Restauração e Bebidas","LOCALIZACAO":"Isolado","C_INTEGRADO":null,"EMPRESA":"MARIA ISABEL SILVEIRA MENDES RODRIGUES MOURA","GlobalID":"b7c5e9fd-3b6e-405e-8359-9441ab4b1d27"}},{"type":"Feature","id":32310,"geometry":{"type":"Point","coordinates":[-9.18878733643839,38.7470093934827]},"properties":{"OBJECTID":32310,"COD_SIG":null,"IDTIPO":null,"NOME":"ACTIVIDADES HOTELEIRAS CALIFA LDA","REGEND":"002727","MORADA":"BENFICA (EST DE)","NUM_POLICIA":"463 A/C","FREGUESIA":"123","LOCALIDADE":"LISBOA","COD_POST_4":"1500","COD_POST_3":"081","COM_INT_ID":null,"COD_ACT_ECON":"52103","DESC_ACT_ECON":"CAFÉ/PASTELARIA - 2ª CATEGORIA","ANO":1991,"TIPO":"Restauração e Bebidas","LOCALIZACAO":"Isolado","C_INTEGRADO":null,"EMPRESA":"ACTIVIDADES HOTELEIRAS CALIFA, LDA","GlobalID":"e8441988-27e4-4736-b7ce-bc31d2371543"}},{"type":"Feature","id":32332,"geometry":{"type":"Point","coordinates":[-9.1879861200533,38.7472778631006]},"properties":{"OBJECTID":32332,"COD_SIG":null,"IDTIPO":null,"NOME":"A CULINARIA DIAS & ALVES LDA","REGEND":"002728","MORADA":"BENFICA (EST DE)","NUM_POLICIA":"418 D","FREGUESIA":"123","LOCALIDADE":null,"COD_POST_4":null,"COD_POST_3":null,"COM_INT_ID":null,"COD_ACT_ECON":"51499","DESC_ACT_ECON":"OUTROS EST. COMIDA/REF.-(SEM CATEGORIA)","ANO":1991,"TIPO":"Restauração e Bebidas","LOCALIZACAO":"Isolado","C_INTEGRADO":null,"EMPRESA":"MARIA ISABEL SILVEIRA MENDES RODRIGUES MOURA","GlobalID":"7dc1d91d-06f9-47f6-945c-bc6f82997f3b"}},{"type":"Feature","id":32431,"geometry":{"type":"Point","coordinates":[-9.18687579337897,38.7468645299981]},"properties":{"OBJECTID":32431,"COD_SIG":null,"IDTIPO":null,"NOME":"PASTELARIA BALALAICA LDA","REGEND":"002726","MORADA":"Estrada de Benfica","NUM_POLICIA":"447A","FREGUESIA":"123","LOCALIDADE":"LISBOA","COD_POST_4":"1500","COD_POST_3":"080","COM_INT_ID":null,"COD_ACT_ECON":"52103","DESC_ACT_ECON":"CAFÉ/PASTELARIA - 2ª CATEGORIA","ANO":1991,"TIPO":"Restauração e Bebidas","LOCALIZACAO":"Isolado","C_INTEGRADO":null,"EMPRESA":"PASTELARIA BALALAICA, LDA","GlobalID":"1b625c1f-fa71-4406-89df-1fcfe63b7ec1"}},{"type":"Feature","id":32450,"geometry":{"type":"Point","coordinates":[-9.1745586915828,38.743398597134]},"properties":{"OBJECTID":32450,"COD_SIG":null,"IDTIPO":null,"NOME":"BAR OASIS","REGEND":"002782","MORADA":"PE FRANCISCO ÁLVARES (R)","NUM_POLICIA":"1 C","FREGUESIA":"123","LOCALIDADE":null,"COD_POST_4":null,"COD_POST_3":null,"COM_INT_ID":40,"COD_ACT_ECON":"51203","DESC_ACT_ECON":"\"SNACK-BAR\" - 3ª CATEGORIA","ANO":1991,"TIPO":"Restauração e Bebidas","LOCALIZACAO":"Integrado - outro","C_INTEGRADO":"CENTRO COMERCIAL A. C. SANTOS","EMPRESA":"MARIA ISABEL SILVEIRA MENDES RODRIGUES MOURA","GlobalID":"6bbd97dd-0341-4636-9f66-61c4a4b315c6"}},{"type":"Feature","id":32474,"geometry":{"type":"Point","coordinates":[-9.12827659611788,38.7117080313301]},"properties":{"OBJECTID":32474,"COD_SIG":null,"IDTIPO":null,"NOME":"FARINHA COSTA & PEREIRA LDA","REGEND":"002605","MORADA":"S MIGUEL (R DE)","NUM_POLICIA":"80","FREGUESIA":"121","LOCALIDADE":null,"COD_POST_4":null,"COD_POST_3":null,"COM_INT_ID":null,"COD_ACT_ECON":"51203","DESC_ACT_ECON":"\"SNACK-BAR\" - 3ª CATEGORIA","ANO":1991,"TIPO":"Restauração e Bebidas","LOCALIZACAO":"Isolado","C_INTEGRADO":null,"EMPRESA":"MARIA ISABEL SILVEIRA MENDES RODRIGUES MOURA","GlobalID":"82656d64-a662-4a56-9a03-6f6e5d8c2cbb"}},{"type":"Feature","id":32504,"geometry":{"type":"Point","coordinates":[-9.15648150055669,38.7087077597435]},"properties":{"OBJECTID":32504,"COD_SIG":null,"IDTIPO":null,"NOME":"CARVOARIA MACHADINHO","REGEND":"002642","MORADA":"MACHADINHO (R DO)","NUM_POLICIA":"56/56 A","FREGUESIA":"113","LOCALIDADE":null,"COD_POST_4":null,"COD_POST_3":null,"COM_INT_ID":null,"COD_ACT_ECON":"52704","DESC_ACT_ECON":"OUTROS EST. DE BEBIDAS - 3ª CATEGORIA","ANO":1991,"TIPO":"Restauração e Bebidas","LOCALIZACAO":"Isolado","C_INTEGRADO":null,"EMPRESA":"MARIA ISABEL SILVEIRA MENDES RODRIGUES MOURA","GlobalID":"0b43f8da-73fd-48e2-870c-edde7ced4e6c"}},{"type":"Feature","id":32544,"geometry":{"type":"Point","coordinates":[-9.13576173815423,38.7134005011816]},"properties":{"OBJECTID":32544,"COD_SIG":null,"IDTIPO":null,"NOME":"FLORESTA S. CRISTOVÃO","REGEND":"002678","MORADA":"FARINHAS (R DAS)","NUM_POLICIA":"1","FREGUESIA":"121","LOCALIDADE":null,"COD_POST_4":null,"COD_POST_3":null,"COM_INT_ID":null,"COD_ACT_ECON":"51109","DESC_ACT_ECON":"RESTAURANTE - CASA DE PASTO","ANO":1991,"TIPO":"Restauração e Bebidas","LOCALIZACAO":"Isolado","C_INTEGRADO":null,"EMPRESA":"MARIA ISABEL SILVEIRA MENDES RODRIGUES MOURA","GlobalID":"67091cc9-0896-4e27-8e90-65884fc74dfc"}},{"type":"Feature","id":32579,"geometry":{"type":"Point","coordinates":[-9.12884626545025,38.7353216830428]},"properties":{"OBJECTID":32579,"COD_SIG":null,"IDTIPO":null,"NOME":"KIKAS","REGEND":"002853","MORADA":"BARÃO DE SABROSA (R DO)","NUM_POLICIA":"142 A","FREGUESIA":"119","LOCALIDADE":null,"COD_POST_4":null,"COD_POST_3":null,"COM_INT_ID":null,"COD_ACT_ECON":"52104","DESC_ACT_ECON":"CAFE/PASTELARIA - 3ª CATEGORIA","ANO":1991,"TIPO":"Restauração e Bebidas","LOCALIZACAO":"Isolado","C_INTEGRADO":null,"EMPRESA":"MARIA ISABEL SILVEIRA MENDES RODRIGUES MOURA","GlobalID":"5ce8f303-d13c-40ad-8a3a-c896abe827bf"}},{"type":"Feature","id":32673,"geometry":{"type":"Point","coordinates":[-9.16809402133617,38.7477802595421]},"properties":{"OBJECTID":32673,"COD_SIG":null,"IDTIPO":null,"NOME":"MARIO SEQUEIRA DIAS","REGEND":"002755","MORADA":"Rua Antonino e Sá","NUM_POLICIA":"9","FREGUESIA":"123","LOCALIDADE":"LISBOA                         ","COD_POST_4":"1600","COD_POST_3":"009","COM_INT_ID":null,"COD_ACT_ECON":"52705","DESC_ACT_ECON":"Outros Estab. De Bebidas - Taberna","ANO":1991,"TIPO":"Restauração e Bebidas","LOCALIZACAO":"Isolado","C_INTEGRADO":null,"EMPRESA":"MARIA ISABEL SILVEIRA MENDES RODRIGUES MOURA","GlobalID":"6772cef7-6296-4486-981c-215d9d75c01a"}},{"type":"Feature","id":32691,"geometry":{"type":"Point","coordinates":[-9.1247385589135,38.7293664654687]},"properties":{"OBJECTID":32691,"COD_SIG":null,"IDTIPO":null,"NOME":"SERGIO NASCIMENTO CONCEIÇAO","REGEND":"002838","MORADA":"Praça Aires de Ornelas","NUM_POLICIA":"3A","FREGUESIA":"119","LOCALIDADE":"LISBOA","COD_POST_4":"1170","COD_POST_3":"007","COM_INT_ID":null,"COD_ACT_ECON":"52104","DESC_ACT_ECON":"CAFE/PASTELARIA - 3ª CATEGORIA","ANO":1991,"TIPO":"Restauração e Bebidas","LOCALIZACAO":"Isolado","C_INTEGRADO":null,"EMPRESA":"MARIA ISABEL SILVEIRA MENDES RODRIGUES MOURA","GlobalID":"9e2687a0-c54e-450a-b29a-a2d6ce287266"}},{"type":"Feature","id":32740,"geometry":{"type":"Point","coordinates":[-9.16823056795431,38.7429058472636]},"properties":{"OBJECTID":32740,"COD_SIG":null,"IDTIPO":null,"NOME":"RESTAURANTE JARDIM ZOOLOGICO","REGEND":"002729","MORADA":"BENFICA (EST DE)","NUM_POLICIA":"158","FREGUESIA":"123","LOCALIDADE":"LISBOA","COD_POST_4":"1549","COD_POST_3":"004","COM_INT_ID":null,"COD_ACT_ECON":"51107","DESC_ACT_ECON":"RESTAURANTE - 3ª CATEGORIA","ANO":1991,"TIPO":"Restauração e Bebidas","LOCALIZACAO":"Isolado","C_INTEGRADO":null,"EMPRESA":"MARIA ISABEL SILVEIRA MENDES RODRIGUES MOURA","GlobalID":"2931ab44-eaf6-4e3f-8c90-68dece437b26"}},{"type":"Feature","id":32748,"geometry":{"type":"Point","coordinates":[-9.17889060952964,38.7443331194987]},"properties":{"OBJECTID":32748,"COD_SIG":null,"IDTIPO":null,"NOME":"HOME","REGEND":"002720","MORADA":"Estrada de Benfica","NUM_POLICIA":"331A","FREGUESIA":"123","LOCALIDADE":"LISBOA","COD_POST_4":"1500","COD_POST_3":"075","COM_INT_ID":null,"COD_ACT_ECON":"52104","DESC_ACT_ECON":"CAFE/PASTELARIA - 3ª CATEGORIA","ANO":1991,"TIPO":"Restauração e Bebidas","LOCALIZACAO":"Isolado","C_INTEGRADO":null,"EMPRESA":"MARIA ISABEL SILVEIRA MENDES RODRIGUES MOURA","GlobalID":"53ee51ec-1353-49b1-a0ba-c34b9a179b12"}},{"type":"Feature","id":32782,"geometry":{"type":"Point","coordinates":[-9.16976055249507,38.7460990313136]},"properties":{"OBJECTID":32782,"COD_SIG":null,"IDTIPO":null,"NOME":"CUSTODIO PALMA DIAS","REGEND":"002737","MORADA":"LARANJEIRAS (EST DAS)","NUM_POLICIA":"227","FREGUESIA":"123","LOCALIDADE":"LISBOA","COD_POST_4":"1600","COD_POST_3":"134","COM_INT_ID":null,"COD_ACT_ECON":"52705","DESC_ACT_ECON":"Outros Estab. De Bebidas - Taberna","ANO":1991,"TIPO":"Restauração e Bebidas","LOCALIZACAO":"Isolado","C_INTEGRADO":null,"EMPRESA":"CUSTÓDIO PALMA DIAS & CA","GlobalID":"59892227-082a-4005-ae64-5d28001ddc15"}},{"type":"Feature","id":32808,"geometry":{"type":"Point","coordinates":[-9.15789392616947,38.7093979785451]},"properties":{"OBJECTID":32808,"COD_SIG":null,"IDTIPO":null,"NOME":"SNACK BAR NIDA","REGEND":"002662","MORADA":"TRINAS (R DAS)","NUM_POLICIA":"67","FREGUESIA":"113","LOCALIDADE":null,"COD_POST_4":null,"COD_POST_3":null,"COM_INT_ID":null,"COD_ACT_ECON":"51203","DESC_ACT_ECON":"\"SNACK-BAR\" - 3ª CATEGORIA","ANO":1991,"TIPO":"Restauração e Bebidas","LOCALIZACAO":"Isolado","C_INTEGRADO":null,"EMPRESA":"MARIA ISABEL SILVEIRA MENDES RODRIGUES MOURA","GlobalID":"79f865c3-4918-472f-86c4-6809fe0ae411"}},{"type":"Feature","id":32815,"geometry":{"type":"Point","coordinates":[-9.1550861851551,38.7092154149698]},"properties":{"OBJECTID":32815,"COD_SIG":null,"IDTIPO":null,"NOME":"A TRAVESSA","REGEND":"002669","MORADA":"INGLESINHAS (T DAS)","NUM_POLICIA":"28","FREGUESIA":"113","LOCALIDADE":null,"COD_POST_4":null,"COD_POST_3":null,"COM_INT_ID":null,"COD_ACT_ECON":"51107","DESC_ACT_ECON":"RESTAURANTE - 3ª CATEGORIA","ANO":1991,"TIPO":"Restauração e Bebidas","LOCALIZACAO":"Isolado","C_INTEGRADO":null,"EMPRESA":"LAFFON, AVELAR & BANDEIRA, LDA","GlobalID":"3c416bf7-1567-4558-bce7-a68627efdc9f"}},{"type":"Feature","id":32818,"geometry":{"type":"Point","coordinates":[-9.1361510581169,38.7141087749032]},"properties":{"OBJECTID":32818,"COD_SIG":null,"IDTIPO":null,"NOME":"JOSE CARVOEIRO","REGEND":"002672","MORADA":"SURRADORES (B DOS)","NUM_POLICIA":"1","FREGUESIA":"121","LOCALIDADE":"LISBOA","COD_POST_4":"1100","COD_POST_3":"591","COM_INT_ID":null,"COD_ACT_ECON":"52704","DESC_ACT_ECON":"OUTROS EST. DE BEBIDAS - 3ª CATEGORIA","ANO":1991,"TIPO":"Restauração e Bebidas","LOCALIZACAO":"Isolado","C_INTEGRADO":null,"EMPRESA":"MARIA ISABEL SILVEIRA MENDES RODRIGUES MOURA","GlobalID":"93d006b7-466c-497d-9e1f-738f898d2138"}},{"type":"Feature","id":32885,"geometry":{"type":"Point","coordinates":[-9.13134933924277,38.7350300654396]},"properties":{"OBJECTID":32885,"COD_SIG":null,"IDTIPO":null,"NOME":"LEITARIA PASTELARIA FONTE LUMINOSA","REGEND":"002862","MORADA":"CARVALHO ARAÚJO (R)","NUM_POLICIA":"51 A","FREGUESIA":"105","LOCALIDADE":null,"COD_POST_4":null,"COD_POST_3":null,"COM_INT_ID":null,"COD_ACT_ECON":"52104","DESC_ACT_ECON":"CAFE/PASTELARIA - 3ª CATEGORIA","ANO":1991,"TIPO":"Restauração e Bebidas","LOCALIZACAO":"Isolado","C_INTEGRADO":null,"EMPRESA":"MARIA ISABEL SILVEIRA MENDES RODRIGUES MOURA","GlobalID":"2dde2805-dfb3-463f-9e75-b4688ed0a267"}},{"type":"Feature","id":32955,"geometry":{"type":"Point","coordinates":[-9.1391511401117,38.7607073039475]},"properties":{"OBJECTID":32955,"COD_SIG":null,"IDTIPO":null,"NOME":"MARTINS & TADEU","REGEND":"002947","MORADA":"JORGE COLAÇO (R)","NUM_POLICIA":"40 A","FREGUESIA":"103","LOCALIDADE":null,"COD_POST_4":null,"COD_POST_3":null,"COM_INT_ID":null,"COD_ACT_ECON":"51107","DESC_ACT_ECON":"RESTAURANTE - 3ª CATEGORIA","ANO":1991,"TIPO":"Restauração e Bebidas","LOCALIZACAO":"Isolado","C_INTEGRADO":null,"EMPRESA":"MARIA ISABEL SILVEIRA MENDES RODRIGUES MOURA","GlobalID":"f53d96ca-92fd-4f1f-82b7-095ef7e4dd6f"}},{"type":"Feature","id":32988,"geometry":{"type":"Point","coordinates":[-9.14120982182473,38.7444140669357]},"properties":{"OBJECTID":32988,"COD_SIG":null,"IDTIPO":null,"NOME":"PASTELARIA OFIR","REGEND":"003062","MORADA":"AUGUSTO GIL (R)","NUM_POLICIA":"33 B","FREGUESIA":"104","LOCALIDADE":null,"COD_POST_4":null,"COD_POST_3":null,"COM_INT_ID":null,"COD_ACT_ECON":"52104","DESC_ACT_ECON":"CAFE/PASTELARIA - 3ª CATEGORIA","ANO":1991,"TIPO":"Restauração e Bebidas","LOCALIZACAO":"Isolado","C_INTEGRADO":null,"EMPRESA":"MARIA ISABEL SILVEIRA MENDES RODRIGUES MOURA","GlobalID":"7eb746dc-0b96-4052-a179-4a7370c325bc"}},{"type":"Feature","id":33135,"geometry":{"type":"Point","coordinates":[-9.16480506450219,38.739855521984]},"properties":{"OBJECTID":33135,"COD_SIG":null,"IDTIPO":null,"NOME":"POLYDER & POLYDER","REGEND":"002761","MORADA":"DR ANTÓNIO GRANJO (R) A PALHAVÃ","NUM_POLICIA":"3 A","FREGUESIA":"123","LOCALIDADE":null,"COD_POST_4":null,"COD_POST_3":null,"COM_INT_ID":null,"COD_ACT_ECON":"52104","DESC_ACT_ECON":"CAFE/PASTELARIA - 3ª CATEGORIA","ANO":1991,"TIPO":"Restauração e Bebidas","LOCALIZACAO":"Isolado","C_INTEGRADO":null,"EMPRESA":"MARIA ISABEL SILVEIRA MENDES RODRIGUES MOURA","GlobalID":"dcd8531f-4120-416e-bdf1-f4afd9cb4d50"}},{"type":"Feature","id":33200,"geometry":{"type":"Point","coordinates":[-9.14084455066052,38.7437130404779]},"properties":{"OBJECTID":33200,"COD_SIG":null,"IDTIPO":null,"NOME":"CLINICA BAR","REGEND":"003061","MORADA":"AUGUSTO GIL (R)","NUM_POLICIA":"19 B","FREGUESIA":"104","LOCALIDADE":"LISBOA","COD_POST_4":"1000","COD_POST_3":"063","COM_INT_ID":null,"COD_ACT_ECON":"52403","DESC_ACT_ECON":"BAR/\"PUB\" - 2ª CATEGORIA","ANO":1991,"TIPO":"Restauração e Bebidas","LOCALIZACAO":"Isolado","C_INTEGRADO":null,"EMPRESA":"NOGUEIRA & ROCHA, LDA","GlobalID":"8e80bf95-a7b4-483f-b905-191c2abfd9a1"}},{"type":"Feature","id":33225,"geometry":{"type":"Point","coordinates":[-9.126359039736,38.7309243578085]},"properties":{"OBJECTID":33225,"COD_SIG":null,"IDTIPO":null,"NOME":"CASA VENTINENSE LAGE & LAGE","REGEND":"002889","MORADA":"Rua Morais Soares","NUM_POLICIA":"37C","FREGUESIA":"119","LOCALIDADE":"LISBOA","COD_POST_4":"1900","COD_POST_3":"339","COM_INT_ID":null,"COD_ACT_ECON":"51109","DESC_ACT_ECON":"RESTAURANTE - CASA DE PASTO","ANO":1991,"TIPO":"Restauração e Bebidas","LOCALIZACAO":"Isolado","C_INTEGRADO":null,"EMPRESA":"MARIA ISABEL SILVEIRA MENDES RODRIGUES MOURA","GlobalID":"bb5c6ea6-020e-476c-a382-cafa51c27991"}},{"type":"Feature","id":33284,"geometry":{"type":"Point","coordinates":[-9.11563213924903,38.7244351354899]},"properties":{"OBJECTID":33284,"COD_SIG":null,"IDTIPO":null,"NOME":"CAFETARIA BAR AV AFONSO III","REGEND":"002813","MORADA":"AFONSO III (AV)","NUM_POLICIA":"QUIOSQUE","FREGUESIA":"119","LOCALIDADE":null,"COD_POST_4":null,"COD_POST_3":null,"COM_INT_ID":null,"COD_ACT_ECON":"52104","DESC_ACT_ECON":"CAFE/PASTELARIA - 3ª CATEGORIA","ANO":1991,"TIPO":"Restauração e Bebidas","LOCALIZACAO":"Isolado","C_INTEGRADO":null,"EMPRESA":"MARIA ISABEL SILVEIRA MENDES RODRIGUES MOURA","GlobalID":"bc06f00a-cfc1-4551-b3da-a1183896cfaa"}},{"type":"Feature","id":33345,"geometry":{"type":"Point","coordinates":[-9.12744086556131,38.7319087434032]},"properties":{"OBJECTID":33345,"COD_SIG":null,"IDTIPO":null,"NOME":"MARIA CANDIDA GOMES ROCHA","REGEND":"002898","MORADA":"SOL (R DO) A CHELAS","NUM_POLICIA":"74/76","FREGUESIA":"119","LOCALIDADE":null,"COD_POST_4":null,"COD_POST_3":null,"COM_INT_ID":null,"COD_ACT_ECON":"52703","DESC_ACT_ECON":"OUTROS EST. DE BEBIDAS - 2ª CATEGORIA","ANO":1991,"TIPO":"Restauração e Bebidas","LOCALIZACAO":"Isolado","C_INTEGRADO":null,"EMPRESA":"MARIA ISABEL SILVEIRA MENDES RODRIGUES MOURA","GlobalID":"bc2c57e0-f951-420c-8f98-de6147ba0d7c"}},{"type":"Feature","id":33370,"geometry":{"type":"Point","coordinates":[-9.13430765586509,38.7409768925706]},"properties":{"OBJECTID":33370,"COD_SIG":null,"IDTIPO":null,"NOME":"BAR APOIO A SALA BINGO PANDA","REGEND":"003025","MORADA":"PARIS (AV DE)","NUM_POLICIA":"5 A","FREGUESIA":"104","LOCALIDADE":null,"COD_POST_4":null,"COD_POST_3":null,"COM_INT_ID":null,"COD_ACT_ECON":"52703","DESC_ACT_ECON":"OUTROS EST. DE BEBIDAS - 2ª CATEGORIA","ANO":1991,"TIPO":"Restauração e Bebidas","LOCALIZACAO":"Isolado","C_INTEGRADO":null,"EMPRESA":"MARIA ISABEL SILVEIRA MENDES RODRIGUES MOURA","GlobalID":"c86b5ffd-e69d-4510-b8f2-8d76094db5c9"}},{"type":"Feature","id":33394,"geometry":{"type":"Point","coordinates":[-9.15689274390386,38.7085239971165]},"properties":{"OBJECTID":33394,"COD_SIG":null,"IDTIPO":null,"NOME":"JOSE ANTONIO PATATAS","REGEND":"002643","MORADA":"MACHADINHO (R DO)","NUM_POLICIA":"92","FREGUESIA":"113","LOCALIDADE":null,"COD_POST_4":null,"COD_POST_3":null,"COM_INT_ID":null,"COD_ACT_ECON":"52103","DESC_ACT_ECON":"CAFÉ/PASTELARIA - 2ª CATEGORIA","ANO":1991,"TIPO":"Restauração e Bebidas","LOCALIZACAO":"Isolado","C_INTEGRADO":null,"EMPRESA":"MARIA ISABEL SILVEIRA MENDES RODRIGUES MOURA","GlobalID":"78aeb974-c0c7-4954-adaf-f3b5a3e2ca2a"}},{"type":"Feature","id":33413,"geometry":{"type":"Point","coordinates":[-9.15615201737509,38.7087868268493]},"properties":{"OBJECTID":33413,"COD_SIG":null,"IDTIPO":null,"NOME":"TERESA JESUS BONITO FLORINDO MARTINS","REGEND":"002641","MORADA":"Rua do Machadinho","NUM_POLICIA":"44","FREGUESIA":"113","LOCALIDADE":"LISBOA","COD_POST_4":"1200","COD_POST_3":"705","COM_INT_ID":null,"COD_ACT_ECON":"52104","DESC_ACT_ECON":"CAFE/PASTELARIA - 3ª CATEGORIA","ANO":1991,"TIPO":"Restauração e Bebidas","LOCALIZACAO":"Isolado","C_INTEGRADO":null,"EMPRESA":"MARIA ISABEL SILVEIRA MENDES RODRIGUES MOURA","GlobalID":"630cf804-0271-4e71-ace1-d5c01fa11f76"}},{"type":"Feature","id":33472,"geometry":{"type":"Point","coordinates":[-9.14140371419564,38.7556435129143]},"properties":{"OBJECTID":33472,"COD_SIG":null,"IDTIPO":null,"NOME":"O PALMEIRIM LDA","REGEND":"002957","MORADA":"Rua Luís Augusto Palmeirim","NUM_POLICIA":"4C","FREGUESIA":"103","LOCALIDADE":"LISBOA","COD_POST_4":"1700","COD_POST_3":"274","COM_INT_ID":null,"COD_ACT_ECON":"51107","DESC_ACT_ECON":"RESTAURANTE - 3ª CATEGORIA","ANO":1991,"TIPO":"Restauração e Bebidas","LOCALIZACAO":"Isolado","C_INTEGRADO":null,"EMPRESA":"MARIA ISABEL SILVEIRA MENDES RODRIGUES MOURA","GlobalID":"b711ce8b-dfe8-4153-b552-ef1c1f1a9c13"}},{"type":"Feature","id":33515,"geometry":{"type":"Point","coordinates":[-9.15510448563407,38.7080802683034]},"properties":{"OBJECTID":33515,"COD_SIG":null,"IDTIPO":null,"NOME":"CASA CARACOIS","REGEND":"002632","MORADA":"ESPERANÇA (R DA)","NUM_POLICIA":"118","FREGUESIA":"113","LOCALIDADE":null,"COD_POST_4":null,"COD_POST_3":null,"COM_INT_ID":null,"COD_ACT_ECON":"51107","DESC_ACT_ECON":"RESTAURANTE - 3ª CATEGORIA","ANO":1991,"TIPO":"Restauração e Bebidas","LOCALIZACAO":"Isolado","C_INTEGRADO":null,"EMPRESA":"MARIA ISABEL SILVEIRA MENDES RODRIGUES MOURA","GlobalID":"82efd460-7bc6-4a05-bb19-997c5bbe09ad"}},{"type":"Feature","id":33615,"geometry":{"type":"Point","coordinates":[-9.11905208482447,38.7234411070471]},"properties":{"OBJECTID":33615,"COD_SIG":null,"IDTIPO":null,"NOME":"CARLOS TEIXEIRA FONSECA","REGEND":"002831","MORADA":"VAREJÃO (Aº DO)","NUM_POLICIA":"20 C/D","FREGUESIA":"119","LOCALIDADE":null,"COD_POST_4":null,"COD_POST_3":null,"COM_INT_ID":null,"COD_ACT_ECON":"52704","DESC_ACT_ECON":"OUTROS EST. DE BEBIDAS - 3ª CATEGORIA","ANO":1991,"TIPO":"Restauração e Bebidas","LOCALIZACAO":"Isolado","C_INTEGRADO":null,"EMPRESA":"MARIA ISABEL SILVEIRA MENDES RODRIGUES MOURA","GlobalID":"4dbce1b9-8a5f-43f9-8747-12efb673d630"}},{"type":"Feature","id":33660,"geometry":{"type":"Point","coordinates":[-9.16203240539463,38.738997238507]},"properties":{"OBJECTID":33660,"COD_SIG":null,"IDTIPO":null,"NOME":"HIPO BAR","REGEND":"002698","MORADA":"MADAME CURIE (AV)","NUM_POLICIA":"16 D","FREGUESIA":"123","LOCALIDADE":null,"COD_POST_4":null,"COD_POST_3":null,"COM_INT_ID":null,"COD_ACT_ECON":"52404","DESC_ACT_ECON":"BAR/\"PUB\" - 3ª CATEGORIA","ANO":1991,"TIPO":"Restauração e Bebidas","LOCALIZACAO":"Isolado","C_INTEGRADO":null,"EMPRESA":"José Martins & Almeida Ribeiro, Lda","GlobalID":"45669f1d-da3a-43ac-8487-1e6e9aa18ff6"}},{"type":"Feature","id":33678,"geometry":{"type":"Point","coordinates":[-9.14234984859899,38.7542121059186]},"properties":{"OBJECTID":33678,"COD_SIG":null,"IDTIPO":null,"NOME":"4 A","REGEND":"002937","MORADA":"Rua Acácio de Paiva","NUM_POLICIA":"4A","FREGUESIA":"103","LOCALIDADE":"LISBOA","COD_POST_4":"1700","COD_POST_3":"005","COM_INT_ID":null,"COD_ACT_ECON":"52705","DESC_ACT_ECON":"Outros Estab. De Bebidas - Taberna","ANO":1991,"TIPO":"Restauração e Bebidas","LOCALIZACAO":"Isolado","C_INTEGRADO":null,"EMPRESA":"MARIA ISABEL SILVEIRA MENDES RODRIGUES MOURA","GlobalID":"bc131b4b-5fa6-40c7-a115-dfe625d25910"}},{"type":"Feature","id":33681,"geometry":{"type":"Point","coordinates":[-9.14230256936725,38.7541224373387]},"properties":{"OBJECTID":33681,"COD_SIG":null,"IDTIPO":null,"NOME":"RESTAURANTE ESTRELA ALVALADE","REGEND":"002939","MORADA":"ACÁCIO DE PAIVA (R)","NUM_POLICIA":"4 E","FREGUESIA":"103","LOCALIDADE":"LISBOA","COD_POST_4":"1700","COD_POST_3":"005","COM_INT_ID":null,"COD_ACT_ECON":"52705","DESC_ACT_ECON":"Outros Estab. De Bebidas - Taberna","ANO":1991,"TIPO":"Restauração e Bebidas","LOCALIZACAO":"Isolado","C_INTEGRADO":null,"EMPRESA":"MARIA ISABEL SILVEIRA MENDES RODRIGUES MOURA","GlobalID":"7701b75c-2d7c-4827-a288-22cdce93b42d"}},{"type":"Feature","id":33688,"geometry":{"type":"Point","coordinates":[-9.13910081379454,38.7571861206278]},"properties":{"OBJECTID":33688,"COD_SIG":null,"IDTIPO":null,"NOME":"PASTELARIA RESTAURANTE CABANA ALVALADE","REGEND":"002944","MORADA":"COR MARQUES LEITÃO (R)","NUM_POLICIA":"14","FREGUESIA":"103","LOCALIDADE":null,"COD_POST_4":null,"COD_POST_3":null,"COM_INT_ID":null,"COD_ACT_ECON":"52104","DESC_ACT_ECON":"CAFE/PASTELARIA - 3ª CATEGORIA","ANO":1991,"TIPO":"Restauração e Bebidas","LOCALIZACAO":"Isolado","C_INTEGRADO":null,"EMPRESA":"MARIA ISABEL SILVEIRA MENDES RODRIGUES MOURA","GlobalID":"65f2455b-1b43-4553-b55c-ade3670e6278"}},{"type":"Feature","id":33695,"geometry":{"type":"Point","coordinates":[-9.14153057966996,38.7377079269287]},"properties":{"OBJECTID":33695,"COD_SIG":null,"IDTIPO":null,"NOME":"BEBINCA","REGEND":"002991","MORADA":"ANTÓNIO JOSÉ DE ALMEIDA (AV DE)","NUM_POLICIA":"5 D/E","FREGUESIA":"104","LOCALIDADE":null,"COD_POST_4":null,"COD_POST_3":null,"COM_INT_ID":108,"COD_ACT_ECON":"51105","DESC_ACT_ECON":"RESTAURANTE - 2ª CATEGORIA","ANO":1991,"TIPO":"Restauração e Bebidas","LOCALIZACAO":"Integrado - outro","C_INTEGRADO":"CENTRO COMERCIAL S. JOÃO DEUS","EMPRESA":"BEBINCA - RESTAURANTES E SNACK BAR, LDA","GlobalID":"35d96ac4-2dbe-4f81-8e53-ae379bd3089e"}},{"type":"Feature","id":33730,"geometry":{"type":"Point","coordinates":[-9.13714486521405,38.7425966587796]},"properties":{"OBJECTID":33730,"COD_SIG":null,"IDTIPO":null,"NOME":"NEW PACHA","REGEND":"003005","MORADA":"JOAO XXI (AV)","NUM_POLICIA":"18","FREGUESIA":"104","LOCALIDADE":"LISBOA","COD_POST_4":"1000","COD_POST_3":"302","COM_INT_ID":null,"COD_ACT_ECON":"51107","DESC_ACT_ECON":"RESTAURANTE - 3ª CATEGORIA","ANO":1991,"TIPO":"Restauração e Bebidas","LOCALIZACAO":"Isolado","C_INTEGRADO":null,"EMPRESA":"MARIA ISABEL SILVEIRA MENDES RODRIGUES MOURA","GlobalID":"cf5b8000-1fbc-4c4d-81c4-d18872e1792a"}},{"type":"Feature","id":33761,"geometry":{"type":"Point","coordinates":[-9.14112449265253,38.7578708436383]},"properties":{"OBJECTID":33761,"COD_SIG":null,"IDTIPO":null,"NOME":"RESTAURANTE PINOS","REGEND":"002905","MORADA":"BRASIL (AV DO)","NUM_POLICIA":"158 B","FREGUESIA":"103","LOCALIDADE":"LISBOA","COD_POST_4":"1700","COD_POST_3":"076","COM_INT_ID":null,"COD_ACT_ECON":"51105","DESC_ACT_ECON":"RESTAURANTE - 2ª CATEGORIA","ANO":1991,"TIPO":"Restauração e Bebidas","LOCALIZACAO":"Isolado","C_INTEGRADO":null,"EMPRESA":"MARIA ISABEL SILVEIRA MENDES RODRIGUES MOURA","GlobalID":"42debb45-991d-49b8-919a-559a7dd591bf"}},{"type":"Feature","id":33784,"geometry":{"type":"Point","coordinates":[-9.14210130182786,38.7501946911365]},"properties":{"OBJECTID":33784,"COD_SIG":null,"IDTIPO":null,"NOME":"AVALANCHE","REGEND":"002928","MORADA":"ROMA (AV)","NUM_POLICIA":"64 B","FREGUESIA":"103","LOCALIDADE":"LISBOA","COD_POST_4":"1700","COD_POST_3":"349","COM_INT_ID":null,"COD_ACT_ECON":"52199","DESC_ACT_ECON":"CAFÉ/PASTELARIA - (SEM CATEGORIA)","ANO":1991,"TIPO":"Restauração e Bebidas","LOCALIZACAO":"Isolado","C_INTEGRADO":null,"EMPRESA":"GASPAR & CARDOSO, LDA","GlobalID":"33665ecc-66e7-45fb-a7f9-0048d755c94f"}},{"type":"Feature","id":33803,"geometry":{"type":"Point","coordinates":[-9.14137915156084,38.7506354051891]},"properties":{"OBJECTID":33803,"COD_SIG":null,"IDTIPO":null,"NOME":"AKI SIKOME","REGEND":"002978","MORADA":"SILVA E ALBUQUERQUE (R)","NUM_POLICIA":"23 D","FREGUESIA":"103","LOCALIDADE":null,"COD_POST_4":null,"COD_POST_3":null,"COM_INT_ID":null,"COD_ACT_ECON":"51203","DESC_ACT_ECON":"\"SNACK-BAR\" - 3ª CATEGORIA","ANO":1991,"TIPO":"Restauração e Bebidas","LOCALIZACAO":"Isolado","C_INTEGRADO":null,"EMPRESA":"MARIA ISABEL SILVEIRA MENDES RODRIGUES MOURA","GlobalID":"3ca364c7-2ded-47fc-9cb5-7a088a01add2"}},{"type":"Feature","id":33810,"geometry":{"type":"Point","coordinates":[-9.1347220406208,38.7377125151302]},"properties":{"OBJECTID":33810,"COD_SIG":null,"IDTIPO":null,"NOME":"RESTAURANTE MISTER COOK","REGEND":"002994","MORADA":"GUERRA JUNQUEIRO (AV)","NUM_POLICIA":"1 B","FREGUESIA":"104","LOCALIDADE":"LISBOA","COD_POST_4":"1000","COD_POST_3":"166","COM_INT_ID":null,"COD_ACT_ECON":"51201","DESC_ACT_ECON":"Snack-Bar","ANO":1991,"TIPO":"Restauração e Bebidas","LOCALIZACAO":"Isolado","C_INTEGRADO":null,"EMPRESA":"GALERIAS GUERRA, SA","GlobalID":"9ce1ffe1-21a3-43f2-ba54-8155873bb912"}},{"type":"Feature","id":33813,"geometry":{"type":"Point","coordinates":[-9.13536837577276,38.7421187895885]},"properties":{"OBJECTID":33813,"COD_SIG":null,"IDTIPO":null,"NOME":"PASTELARIA ZURIQUE","REGEND":"003002","MORADA":"JOÃO XXI (AV)","NUM_POLICIA":"7 E","FREGUESIA":"104","LOCALIDADE":"LISBOA","COD_POST_4":"1000","COD_POST_3":"297","COM_INT_ID":null,"COD_ACT_ECON":"52103","DESC_ACT_ECON":"CAFÉ/PASTELARIA - 2ª CATEGORIA","ANO":1991,"TIPO":"Restauração e Bebidas","LOCALIZACAO":"Isolado","C_INTEGRADO":null,"EMPRESA":"BARROS & ALVES, LDA","GlobalID":"c398a758-1cf3-4418-b356-5e9b5c38bdc9"}},{"type":"Feature","id":33839,"geometry":{"type":"Point","coordinates":[-9.14190232499241,38.737155238478]},"properties":{"OBJECTID":33839,"COD_SIG":null,"IDTIPO":null,"NOME":"BAGO D'UVA","REGEND":"003070","MORADA":"D FILIPA DE VILHENA (R)","NUM_POLICIA":"16 A","FREGUESIA":"104","LOCALIDADE":null,"COD_POST_4":null,"COD_POST_3":null,"COM_INT_ID":null,"COD_ACT_ECON":"51403","DESC_ACT_ECON":"OUTROS EST. COMIDAS REFEIÇÕES - 3ª CAT.","ANO":1991,"TIPO":"Restauração e Bebidas","LOCALIZACAO":"Isolado","C_INTEGRADO":null,"EMPRESA":"MARIA ISABEL SILVEIRA MENDES RODRIGUES MOURA","GlobalID":"9a7155e3-4391-489b-82ce-302f85ce11ba"}},{"type":"Feature","id":33880,"geometry":{"type":"Point","coordinates":[-9.14124491630793,38.7549873180712]},"properties":{"OBJECTID":33880,"COD_SIG":null,"IDTIPO":null,"NOME":"COZINHA MINHOTA","REGEND":"002954","MORADA":"JOSE DURO (R)","NUM_POLICIA":"27 D","FREGUESIA":"103","LOCALIDADE":"LISBOA","COD_POST_4":"1700","COD_POST_3":"259","COM_INT_ID":null,"COD_ACT_ECON":"51105","DESC_ACT_ECON":"RESTAURANTE - 2ª CATEGORIA","ANO":1991,"TIPO":"Restauração e Bebidas","LOCALIZACAO":"Isolado","C_INTEGRADO":null,"EMPRESA":"MARIA ISABEL SILVEIRA MENDES RODRIGUES MOURA","GlobalID":"12ad6586-0499-47cb-a7c1-49df27fea033"}},{"type":"Feature","id":33897,"geometry":{"type":"Point","coordinates":[-9.14291072432304,38.7531983839385]},"properties":{"OBJECTID":33897,"COD_SIG":null,"IDTIPO":null,"NOME":"SUGESTAO","REGEND":"002962","MORADA":"MARQª DE ALORNA (R) A ALVALADE","NUM_POLICIA":"17","FREGUESIA":"103","LOCALIDADE":"LISBOA                         ","COD_POST_4":"1700","COD_POST_3":"299","COM_INT_ID":null,"COD_ACT_ECON":"52104","DESC_ACT_ECON":"CAFE/PASTELARIA - 3ª CATEGORIA","ANO":1991,"TIPO":"Restauração e Bebidas","LOCALIZACAO":"Isolado","C_INTEGRADO":null,"EMPRESA":"O VELEIRO AZUL ACTIVIDADES HOTELEIRAS, LDA","GlobalID":"eea8b803-fa3e-44a6-a69a-7f929c6366f1"}},{"type":"Feature","id":33905,"geometry":{"type":"Point","coordinates":[-9.13387203313939,38.7386115790281]},"properties":{"OBJECTID":33905,"COD_SIG":null,"IDTIPO":null,"NOME":"RESTAURANTE PONTE NOVA","REGEND":"002982","MORADA":"ALM REIS (AV)","NUM_POLICIA":"225 A","FREGUESIA":"104","LOCALIDADE":"LISBOA","COD_POST_4":"1000","COD_POST_3":"049","COM_INT_ID":null,"COD_ACT_ECON":"51107","DESC_ACT_ECON":"RESTAURANTE - 3ª CATEGORIA","ANO":1991,"TIPO":"Restauração e Bebidas","LOCALIZACAO":"Isolado","C_INTEGRADO":null,"EMPRESA":"ZIP RESTAURAÇÃO E HOTELARIA, LDA","GlobalID":"1efa9d0f-87e1-48fb-8270-7510caaa63cd"}},{"type":"Feature","id":33929,"geometry":{"type":"Point","coordinates":[-9.1414503358606,38.73772663569]},"properties":{"OBJECTID":33929,"COD_SIG":null,"IDTIPO":null,"NOME":"HAITI","REGEND":"002988","MORADA":"ANTÓNIO JOSÉ DE ALMEIDA (AV DE)","NUM_POLICIA":"5 D/E","FREGUESIA":"104","LOCALIDADE":"LISBOA","COD_POST_4":"1049","COD_POST_3":"012","COM_INT_ID":108,"COD_ACT_ECON":"51203","DESC_ACT_ECON":"\"SNACK-BAR\" - 3ª CATEGORIA","ANO":1991,"TIPO":"Restauração e Bebidas","LOCALIZACAO":"Integrado - outro","C_INTEGRADO":"CENTRO COMERCIAL S. JOÃO DEUS","EMPRESA":"ISABEL SILVA & TEIXEIRA, LDA","GlobalID":"f2bd6a7b-318e-41e4-abe2-8ed06a9e5069"}},{"type":"Feature","id":33969,"geometry":{"type":"Point","coordinates":[-9.1281793489968,38.734365529471]},"properties":{"OBJECTID":33969,"COD_SIG":null,"IDTIPO":null,"NOME":"ROSADO & PREIETOS","REGEND":"002893","MORADA":"QUATRO DE AGOSTO (R)","NUM_POLICIA":"10 A","FREGUESIA":"119","LOCALIDADE":"LISBOA","COD_POST_4":"1900","COD_POST_3":"387","COM_INT_ID":null,"COD_ACT_ECON":"52705","DESC_ACT_ECON":"Outros Estab. De Bebidas - Taberna","ANO":1991,"TIPO":"Restauração e Bebidas","LOCALIZACAO":"Isolado","C_INTEGRADO":null,"EMPRESA":"ROZADA & PRIETOS, LDA","GlobalID":"ba2fac47-d4b6-4f27-99a6-3cc3a0969303"}},{"type":"Feature","id":34009,"geometry":{"type":"Point","coordinates":[-9.13458718912362,38.7412267120645]},"properties":{"OBJECTID":34009,"COD_SIG":null,"IDTIPO":null,"NOME":"SINDRAL","REGEND":"003026","MORADA":"PARIS (AV DE)","NUM_POLICIA":"6 F","FREGUESIA":"104","LOCALIDADE":null,"COD_POST_4":null,"COD_POST_3":null,"COM_INT_ID":null,"COD_ACT_ECON":"51105","DESC_ACT_ECON":"RESTAURANTE - 2ª CATEGORIA","ANO":1991,"TIPO":"Restauração e Bebidas","LOCALIZACAO":"Isolado","C_INTEGRADO":null,"EMPRESA":"MARIA ISABEL SILVEIRA MENDES RODRIGUES MOURA","GlobalID":"fe4b8f65-7010-4b48-8ae5-5c7ca4af0005"}},{"type":"Feature","id":34036,"geometry":{"type":"Point","coordinates":[-9.13940119874744,38.7449505545557]},"properties":{"OBJECTID":34036,"COD_SIG":null,"IDTIPO":null,"NOME":"MARISQUEIRA ROMA","REGEND":"003041","MORADA":"ROMA (AV)","NUM_POLICIA":"30 A","FREGUESIA":"104","LOCALIDADE":"LISBOA","COD_POST_4":"1000","COD_POST_3":"266","COM_INT_ID":null,"COD_ACT_ECON":"52304","DESC_ACT_ECON":"CERVEJARIA - 3ª CATEGORIA","ANO":1991,"TIPO":"Restauração e Bebidas","LOCALIZACAO":"Isolado","C_INTEGRADO":null,"EMPRESA":"MARIA ISABEL SILVEIRA MENDES RODRIGUES MOURA","GlobalID":"be02b80f-d087-4562-9069-62214d712dc9"}},{"type":"Feature","id":34050,"geometry":{"type":"Point","coordinates":[-9.14206176068399,38.7443871141272]},"properties":{"OBJECTID":34050,"COD_SIG":null,"IDTIPO":null,"NOME":"CAFETARIA SNACK BAR TRES MAIS UM","REGEND":"003046","MORADA":"SACADURA CABRAL (AV)","NUM_POLICIA":"30 C","FREGUESIA":"104","LOCALIDADE":"LISBOA","COD_POST_4":"1000","COD_POST_3":"275","COM_INT_ID":null,"COD_ACT_ECON":"52104","DESC_ACT_ECON":"CAFE/PASTELARIA - 3ª CATEGORIA","ANO":1991,"TIPO":"Restauração e Bebidas","LOCALIZACAO":"Isolado","C_INTEGRADO":null,"EMPRESA":"MERCEARIA PARADELENSE, LDA","GlobalID":"4cb698c7-2179-4c0f-bd6a-b29a45042e62"}},{"type":"Feature","id":34066,"geometry":{"type":"Point","coordinates":[-9.12216950566001,38.7281992340187]},"properties":{"OBJECTID":34066,"COD_SIG":null,"IDTIPO":null,"NOME":"J PIRES & NUNES","REGEND":"002880","MORADA":"LOPES (R)","NUM_POLICIA":"124","FREGUESIA":"119","LOCALIDADE":null,"COD_POST_4":null,"COD_POST_3":null,"COM_INT_ID":null,"COD_ACT_ECON":"52704","DESC_ACT_ECON":"OUTROS EST. DE BEBIDAS - 3ª CATEGORIA","ANO":1991,"TIPO":"Restauração e Bebidas","LOCALIZACAO":"Isolado","C_INTEGRADO":null,"EMPRESA":"MARIA ISABEL SILVEIRA MENDES RODRIGUES MOURA","GlobalID":"0ff43e3c-ba5b-4a66-ba0b-bf87316383c4"}},{"type":"Feature","id":34133,"geometry":{"type":"Point","coordinates":[-9.14200854268995,38.7422437212697]},"properties":{"OBJECTID":34133,"COD_SIG":null,"IDTIPO":null,"NOME":"INTERVALO","REGEND":"003010","MORADA":"JOAO XXI (AV)","NUM_POLICIA":"72","FREGUESIA":"104","LOCALIDADE":null,"COD_POST_4":null,"COD_POST_3":null,"COM_INT_ID":118,"COD_ACT_ECON":"52103","DESC_ACT_ECON":"CAFÉ/PASTELARIA - 2ª CATEGORIA","ANO":1991,"TIPO":"Restauração e Bebidas","LOCALIZACAO":"Integrado - outro","C_INTEGRADO":"GALERIA VIA VENETO - G. V. V.","EMPRESA":"MARIA ISABEL SILVEIRA MENDES RODRIGUES MOURA","GlobalID":"159226e2-603a-4772-98c7-f079749bd6ec"}},{"type":"Feature","id":34147,"geometry":{"type":"Point","coordinates":[-9.12696273365807,38.7307224630812]},"properties":{"OBJECTID":34147,"COD_SIG":null,"IDTIPO":null,"NOME":"CERVEJARIA BAR SOLAR BARRIGAS","REGEND":"002839","MORADA":"Praça Paiva Couceiro","NUM_POLICIA":"10A","FREGUESIA":"119","LOCALIDADE":null,"COD_POST_4":"1170","COD_POST_3":"284","COM_INT_ID":null,"COD_ACT_ECON":"51107","DESC_ACT_ECON":"RESTAURANTE - 3ª CATEGORIA","ANO":1991,"TIPO":"Restauração e Bebidas","LOCALIZACAO":"Isolado","C_INTEGRADO":null,"EMPRESA":"MARIA ISABEL SILVEIRA MENDES RODRIGUES MOURA","GlobalID":"a143564b-600b-4403-8a2f-f5ab67d518e6"}},{"type":"Feature","id":34192,"geometry":{"type":"Point","coordinates":[-9.11633728620433,38.7249715720519]},"properties":{"OBJECTID":34192,"COD_SIG":null,"IDTIPO":null,"NOME":"MANUEL HENRIQUE SAMPAIO","REGEND":"002892","MORADA":"CRUZADO OSBERNO (R DO)","NUM_POLICIA":"1 LJ A","FREGUESIA":"119","LOCALIDADE":"LISBOA","COD_POST_4":"1900","COD_POST_3":"174","COM_INT_ID":null,"COD_ACT_ECON":"52104","DESC_ACT_ECON":"CAFE/PASTELARIA - 3ª CATEGORIA","ANO":1991,"TIPO":"Restauração e Bebidas","LOCALIZACAO":"Isolado","C_INTEGRADO":null,"EMPRESA":"MARIA ISABEL SILVEIRA MENDES RODRIGUES MOURA","GlobalID":"9fe440f5-a366-4744-8350-1936bb57723d"}},{"type":"Feature","id":34324,"geometry":{"type":"Point","coordinates":[-9.13924734698368,38.7610037305144]},"properties":{"OBJECTID":34324,"COD_SIG":null,"IDTIPO":null,"NOME":"TRANCINHA","REGEND":"002949","MORADA":"JORGE COLAÇO (R)","NUM_POLICIA":"46 A","FREGUESIA":"103","LOCALIDADE":null,"COD_POST_4":null,"COD_POST_3":null,"COM_INT_ID":null,"COD_ACT_ECON":"52104","DESC_ACT_ECON":"CAFE/PASTELARIA - 3ª CATEGORIA","ANO":1991,"TIPO":"Restauração e Bebidas","LOCALIZACAO":"Isolado","C_INTEGRADO":null,"EMPRESA":"MARIA ISABEL SILVEIRA MENDES RODRIGUES MOURA","GlobalID":"c09d047d-1242-4577-93fe-b417d217bebc"}},{"type":"Feature","id":34338,"geometry":{"type":"Point","coordinates":[-9.13778879827093,38.7423431817427]},"properties":{"OBJECTID":34338,"COD_SIG":null,"IDTIPO":null,"NOME":"ROMA DOIS","REGEND":"003006","MORADA":"JOAO XXI (AV)","NUM_POLICIA":"21 B","FREGUESIA":"104","LOCALIDADE":"LISBOA","COD_POST_4":"1000","COD_POST_3":"298","COM_INT_ID":null,"COD_ACT_ECON":"52104","DESC_ACT_ECON":"CAFE/PASTELARIA - 3ª CATEGORIA","ANO":1991,"TIPO":"Restauração e Bebidas","LOCALIZACAO":"Isolado","C_INTEGRADO":null,"EMPRESA":"PAVILHÃO DO ARIEIRO, LDA","GlobalID":"77682bad-b1b1-4d4d-9139-e538048d45d2"}},{"type":"Feature","id":34363,"geometry":{"type":"Point","coordinates":[-9.13427455923506,38.7435443967066]},"properties":{"OBJECTID":34363,"COD_SIG":null,"IDTIPO":null,"NOME":"BAIRRADA","REGEND":"003013","MORADA":"MADRID (AV DE)","NUM_POLICIA":"2 B","FREGUESIA":"104","LOCALIDADE":"LISBOA","COD_POST_4":"1000","COD_POST_3":"196","COM_INT_ID":null,"COD_ACT_ECON":"51107","DESC_ACT_ECON":"RESTAURANTE - 3ª CATEGORIA","ANO":1991,"TIPO":"Restauração e Bebidas","LOCALIZACAO":"Isolado","C_INTEGRADO":null,"EMPRESA":"POMAR MIMOSO DA BAIRRADA, LDA","GlobalID":"7752e123-25d0-4726-b34d-428d9d5b0f8d"}},{"type":"Feature","id":34381,"geometry":{"type":"Point","coordinates":[-9.13960147454679,38.7436517060894]},"properties":{"OBJECTID":34381,"COD_SIG":null,"IDTIPO":null,"NOME":"BIPI BIPI","REGEND":"003076","MORADA":"OLIVEIRA MARTINS (R)","NUM_POLICIA":"6 E","FREGUESIA":"104","LOCALIDADE":"LISBOA","COD_POST_4":"1000","COD_POST_3":"212","COM_INT_ID":null,"COD_ACT_ECON":"52403","DESC_ACT_ECON":"BAR/\"PUB\" - 2ª CATEGORIA","ANO":1991,"TIPO":"Restauração e Bebidas","LOCALIZACAO":"Isolado","C_INTEGRADO":null,"EMPRESA":"CLUBE DE CONVIVIO BIPI - BIPI - RIO LISBOA, LDA","GlobalID":"9cf2b23a-9d30-423c-aec4-5cd4c6cf5e35"}},{"type":"Feature","id":34495,"geometry":{"type":"Point","coordinates":[-9.14484594338005,38.7444350713282]},"properties":{"OBJECTID":34495,"COD_SIG":null,"IDTIPO":null,"NOME":"ANA MARIA GONÇALVES REIS CUNHA","REGEND":"003073","MORADA":"ENTRECAMPOS (R DE)","NUM_POLICIA":"14 F","FREGUESIA":"104","LOCALIDADE":null,"COD_POST_4":null,"COD_POST_3":null,"COM_INT_ID":null,"COD_ACT_ECON":"51203","DESC_ACT_ECON":"\"SNACK-BAR\" - 3ª CATEGORIA","ANO":1991,"TIPO":"Restauração e Bebidas","LOCALIZACAO":"Isolado","C_INTEGRADO":null,"EMPRESA":"ANA MARIA GONÇALVES REIS CUNHA","GlobalID":"58f697f8-f095-41d4-819f-ad4be79fbb1c"}},{"type":"Feature","id":34528,"geometry":{"type":"Point","coordinates":[-9.13765050173465,38.7578917957368]},"properties":{"OBJECTID":34528,"COD_SIG":null,"IDTIPO":null,"NOME":"MANUEL MARTINS ROCHA HERDEIROS","REGEND":"002972","MORADA":"Rua Reinaldo Ferreira","NUM_POLICIA":"14A","FREGUESIA":"103","LOCALIDADE":"LISBOA","COD_POST_4":"1700","COD_POST_3":"323","COM_INT_ID":null,"COD_ACT_ECON":"51109","DESC_ACT_ECON":"RESTAURANTE - CASA DE PASTO","ANO":1991,"TIPO":"Restauração e Bebidas","LOCALIZACAO":"Isolado","C_INTEGRADO":null,"EMPRESA":"MARIA ISABEL SILVEIRA MENDES RODRIGUES MOURA","GlobalID":"f2eee065-f708-4324-935c-2ce37e668b25"}},{"type":"Feature","id":34555,"geometry":{"type":"Point","coordinates":[-9.14145020919815,38.7377176288585]},"properties":{"OBJECTID":34555,"COD_SIG":null,"IDTIPO":null,"NOME":"BAR BREEPING","REGEND":"002990","MORADA":"ANTÓNIO JOSE DE ALMEIDA (AV DE)","NUM_POLICIA":"5 D/E","FREGUESIA":"104","LOCALIDADE":null,"COD_POST_4":null,"COD_POST_3":null,"COM_INT_ID":108,"COD_ACT_ECON":"52403","DESC_ACT_ECON":"BAR/\"PUB\" - 2ª CATEGORIA","ANO":1991,"TIPO":"Restauração e Bebidas","LOCALIZACAO":"Integrado - outro","C_INTEGRADO":"CENTRO COMERCIAL S. JOÃO DEUS","EMPRESA":"MARIA ISABEL SILVEIRA MENDES RODRIGUES MOURA","GlobalID":"59352357-f6c8-4429-bdcb-b4f7394f4fac"}},{"type":"Feature","id":34616,"geometry":{"type":"Point","coordinates":[-9.12763281307964,38.7332422198209]},"properties":{"OBJECTID":34616,"COD_SIG":null,"IDTIPO":null,"NOME":"SIMOES & SIMOES & FILHOS LDA","REGEND":"002897","MORADA":"SABINO DE SOUSA (R)","NUM_POLICIA":"56","FREGUESIA":"119","LOCALIDADE":null,"COD_POST_4":null,"COD_POST_3":null,"COM_INT_ID":null,"COD_ACT_ECON":"51109","DESC_ACT_ECON":"RESTAURANTE - CASA DE PASTO","ANO":1991,"TIPO":"Restauração e Bebidas","LOCALIZACAO":"Isolado","C_INTEGRADO":null,"EMPRESA":"MARIA ISABEL SILVEIRA MENDES RODRIGUES MOURA","GlobalID":"a0db5275-273c-439c-ab74-eecc45bd806d"}},{"type":"Feature","id":34684,"geometry":{"type":"Point","coordinates":[-9.13572331900614,38.7451431229192]},"properties":{"OBJECTID":34684,"COD_SIG":null,"IDTIPO":null,"NOME":"PRONTO COMER NENUXA","REGEND":"003051","MORADA":"AFRANIO PEIXOTO (PR DE)","NUM_POLICIA":"1 D","FREGUESIA":"104","LOCALIDADE":null,"COD_POST_4":null,"COD_POST_3":null,"COM_INT_ID":null,"COD_ACT_ECON":"52104","DESC_ACT_ECON":"CAFE/PASTELARIA - 3ª CATEGORIA","ANO":1991,"TIPO":"Restauração e Bebidas","LOCALIZACAO":"Isolado","C_INTEGRADO":null,"EMPRESA":"MARIA ISABEL SILVEIRA MENDES RODRIGUES MOURA","GlobalID":"b156ff1d-03f0-413a-a18e-baf6921b97be"}},{"type":"Feature","id":34697,"geometry":{"type":"Point","coordinates":[-9.13161899552475,38.7428195030919]},"properties":{"OBJECTID":34697,"COD_SIG":null,"IDTIPO":null,"NOME":"PASTELARIA LILIANA","REGEND":"003050","MORADA":"CASAL VISTOSO (L DO)","NUM_POLICIA":"2","FREGUESIA":"104","LOCALIDADE":"LISBOA","COD_POST_4":"1900","COD_POST_3":"142","COM_INT_ID":null,"COD_ACT_ECON":"51107","DESC_ACT_ECON":"RESTAURANTE - 3ª CATEGORIA","ANO":1991,"TIPO":"Restauração e Bebidas","LOCALIZACAO":"Isolado","C_INTEGRADO":null,"EMPRESA":"MARIA ISABEL SILVEIRA MENDES RODRIGUES MOURA","GlobalID":"11dcbd45-7810-48bf-ab1c-ed1a5bec8f03"}},{"type":"Feature","id":34740,"geometry":{"type":"Point","coordinates":[-9.13069243002158,38.7547357176246]},"properties":{"OBJECTID":34740,"COD_SIG":null,"IDTIPO":null,"NOME":"RESTAURANTE 101","REGEND":"002902","MORADA":"Avenida Almirante Gago Coutinho","NUM_POLICIA":"101C","FREGUESIA":"103","LOCALIDADE":"LISBOA","COD_POST_4":"1700","COD_POST_3":"029","COM_INT_ID":null,"COD_ACT_ECON":"51107","DESC_ACT_ECON":"RESTAURANTE - 3ª CATEGORIA","ANO":1991,"TIPO":"Restauração e Bebidas","LOCALIZACAO":"Isolado","C_INTEGRADO":null,"EMPRESA":"101 - SNACK-BAR, RESTAURANTE E GELATARIA, LDA","GlobalID":"9ece66b7-1ab1-4227-a84a-b23f07f83d6e"}},{"type":"Feature","id":34754,"geometry":{"type":"Point","coordinates":[-9.13922320026883,38.7609228691334]},"properties":{"OBJECTID":34754,"COD_SIG":null,"IDTIPO":null,"NOME":"PASTELARIA PANQUECA","REGEND":"002948","MORADA":"JORGE COLAÇO (R)","NUM_POLICIA":"44 A","FREGUESIA":"103","LOCALIDADE":null,"COD_POST_4":null,"COD_POST_3":null,"COM_INT_ID":null,"COD_ACT_ECON":"52104","DESC_ACT_ECON":"CAFE/PASTELARIA - 3ª CATEGORIA","ANO":1991,"TIPO":"Restauração e Bebidas","LOCALIZACAO":"Isolado","C_INTEGRADO":null,"EMPRESA":"MARIA ISABEL SILVEIRA MENDES RODRIGUES MOURA","GlobalID":"6f8e3fcc-1c4a-4d96-a3d7-27d088070f40"}},{"type":"Feature","id":34778,"geometry":{"type":"Point","coordinates":[-9.13395077316901,38.7409529303296]},"properties":{"OBJECTID":34778,"COD_SIG":null,"IDTIPO":null,"NOME":"PASTELARIA S. JOÃO","REGEND":"003023","MORADA":"PARIS (AV DE)","NUM_POLICIA":"3 A","FREGUESIA":"104","LOCALIDADE":"LISBOA","COD_POST_4":"1000","COD_POST_3":"226","COM_INT_ID":null,"COD_ACT_ECON":"52104","DESC_ACT_ECON":"CAFE/PASTELARIA - 3ª CATEGORIA","ANO":1991,"TIPO":"Restauração e Bebidas","LOCALIZACAO":"Isolado","C_INTEGRADO":null,"EMPRESA":"PASTELARIA S JOÃO, LDA","GlobalID":"52314882-dd64-40aa-804f-792864c733e9"}},{"type":"Feature","id":34791,"geometry":{"type":"Point","coordinates":[-9.12877737095616,38.7345025609803]},"properties":{"OBJECTID":34791,"COD_SIG":null,"IDTIPO":null,"NOME":"CASTILHO & LOURENÇO","REGEND":"002852","MORADA":"BARÃO DE SABROSA (R DO)","NUM_POLICIA":"87 A","FREGUESIA":"119","LOCALIDADE":null,"COD_POST_4":null,"COD_POST_3":null,"COM_INT_ID":null,"COD_ACT_ECON":"52704","DESC_ACT_ECON":"OUTROS EST. DE BEBIDAS - 3ª CATEGORIA","ANO":1991,"TIPO":"Restauração e Bebidas","LOCALIZACAO":"Isolado","C_INTEGRADO":null,"EMPRESA":"MARIA ISABEL SILVEIRA MENDES RODRIGUES MOURA","GlobalID":"1767fa66-8e5f-492e-8d68-8a201638a892"}},{"type":"Feature","id":34817,"geometry":{"type":"Point","coordinates":[-9.12583738355892,38.7306542485694]},"properties":{"OBJECTID":34817,"COD_SIG":null,"IDTIPO":null,"NOME":"SOC VINHOS VALBOM","REGEND":"002886","MORADA":"MORAIS SOARES (R)","NUM_POLICIA":"31 C","FREGUESIA":"119","LOCALIDADE":"LISBOA","COD_POST_4":"1900","COD_POST_3":"339","COM_INT_ID":null,"COD_ACT_ECON":"51107","DESC_ACT_ECON":"RESTAURANTE - 3ª CATEGORIA","ANO":1991,"TIPO":"Restauração e Bebidas","LOCALIZACAO":"Isolado","C_INTEGRADO":null,"EMPRESA":"MARIA ISABEL SILVEIRA MENDES RODRIGUES MOURA","GlobalID":"ccebe2c2-0df0-4135-b2fd-cd5bf9c16e22"}},{"type":"Feature","id":34922,"geometry":{"type":"Point","coordinates":[-9.14098581163726,38.7578392123323]},"properties":{"OBJECTID":34922,"COD_SIG":null,"IDTIPO":null,"NOME":"ARCADAS","REGEND":"002924","MORADA":"RIO DE JANEIRO (AV DO)","NUM_POLICIA":"39 B/C","FREGUESIA":"103","LOCALIDADE":"LISBOA","COD_POST_4":"1700","COD_POST_3":"332","COM_INT_ID":null,"COD_ACT_ECON":"52103","DESC_ACT_ECON":"CAFÉ/PASTELARIA - 2ª CATEGORIA","ANO":1991,"TIPO":"Restauração e Bebidas","LOCALIZACAO":"Isolado","C_INTEGRADO":null,"EMPRESA":"ERNESTO SOUSA, LDA","GlobalID":"91434226-e385-4d2f-aa38-f5f544b1ddd7"}},{"type":"Feature","id":34962,"geometry":{"type":"Point","coordinates":[-9.13531062667642,38.7343516577086]},"properties":{"OBJECTID":34962,"COD_SIG":null,"IDTIPO":null,"NOME":"LEITARIA DINIZ LDA","REGEND":"003268","MORADA":"QUIRINO DA FONSECA (R)","NUM_POLICIA":"7 B","FREGUESIA":"105","LOCALIDADE":"LISBOA","COD_POST_4":"1000","COD_POST_3":"250","COM_INT_ID":null,"COD_ACT_ECON":"52104","DESC_ACT_ECON":"CAFE/PASTELARIA - 3ª CATEGORIA","ANO":1991,"TIPO":"Restauração e Bebidas","LOCALIZACAO":"Isolado","C_INTEGRADO":null,"EMPRESA":"MARIA ISABEL SILVEIRA MENDES RODRIGUES MOURA","GlobalID":"e3e2bc56-742a-4584-b79c-6d8d740bb834"}},{"type":"Feature","id":35004,"geometry":{"type":"Point","coordinates":[-9.14111654885047,38.7314421186379]},"properties":{"OBJECTID":35004,"COD_SIG":null,"IDTIPO":null,"NOME":"MANUEL FRANCISCO & CA LDA","REGEND":"003123","MORADA":"Largo de Dona Estefânia","NUM_POLICIA":"6D","FREGUESIA":"105","LOCALIDADE":null,"COD_POST_4":"1000","COD_POST_3":"126","COM_INT_ID":null,"COD_ACT_ECON":"52304","DESC_ACT_ECON":"CERVEJARIA - 3ª CATEGORIA","ANO":1991,"TIPO":"Restauração e Bebidas","LOCALIZACAO":"Isolado","C_INTEGRADO":null,"EMPRESA":"MARIA ISABEL SILVEIRA MENDES RODRIGUES MOURA","GlobalID":"a4390815-29ed-4651-9f02-983779dc819c"}},{"type":"Feature","id":35016,"geometry":{"type":"Point","coordinates":[-9.13342483112972,38.7337692164407]},"properties":{"OBJECTID":35016,"COD_SIG":null,"IDTIPO":null,"NOME":"CASA PESSOAL HOSPITAIS CIVIS LISBOA","REGEND":"003184","MORADA":"CARLOS MARDEL (R)","NUM_POLICIA":"5","FREGUESIA":"105","LOCALIDADE":null,"COD_POST_4":null,"COD_POST_3":null,"COM_INT_ID":null,"COD_ACT_ECON":"51107","DESC_ACT_ECON":"RESTAURANTE - 3ª CATEGORIA","ANO":1991,"TIPO":"Restauração e Bebidas","LOCALIZACAO":"Isolado","C_INTEGRADO":null,"EMPRESA":"MARIA ISABEL SILVEIRA MENDES RODRIGUES MOURA","GlobalID":"bd170da5-643d-4294-91e3-a2bd933f2b9b"}},{"type":"Feature","id":35136,"geometry":{"type":"Point","coordinates":[-9.14252948470633,38.7277997181874]},"properties":{"OBJECTID":35136,"COD_SIG":null,"IDTIPO":null,"NOME":"LINCHEN ACTIVIDADES HOTELEIRAS LDA","REGEND":"003192","MORADA":"Rua do Conde de Redondo","NUM_POLICIA":"2","FREGUESIA":"105","LOCALIDADE":"LISBOA","COD_POST_4":"1150","COD_POST_3":"150","COM_INT_ID":null,"COD_ACT_ECON":"51105","DESC_ACT_ECON":"RESTAURANTE - 2ª CATEGORIA","ANO":1991,"TIPO":"Restauração e Bebidas","LOCALIZACAO":"Isolado","C_INTEGRADO":null,"EMPRESA":"LINCHEN - ACTIVIDADES HOTELEIRAS, LDA","GlobalID":"1f93ede6-5f6c-4333-b2cf-e6d9354b6367"}},{"type":"Feature","id":35146,"geometry":{"type":"Point","coordinates":[-9.14128118309258,38.7277973880276]},"properties":{"OBJECTID":35146,"COD_SIG":null,"IDTIPO":null,"NOME":"SNACK BAR COSTAS","REGEND":"003237","MORADA":"JOAQUIM BONIFACIO (R)","NUM_POLICIA":"34","FREGUESIA":"105","LOCALIDADE":"LISBOA","COD_POST_4":"1150","COD_POST_3":"196","COM_INT_ID":null,"COD_ACT_ECON":"51203","DESC_ACT_ECON":"\"SNACK-BAR\" - 3ª CATEGORIA","ANO":1991,"TIPO":"Restauração e Bebidas","LOCALIZACAO":"Isolado","C_INTEGRADO":null,"EMPRESA":"J. FERNANDEZ GOMEZ, LDA","GlobalID":"e2b0ebe7-2e80-4f99-a48b-7da161c00b89"}},{"type":"Feature","id":35236,"geometry":{"type":"Point","coordinates":[-9.13905614416871,38.7318561969211]},"properties":{"OBJECTID":35236,"COD_SIG":null,"IDTIPO":null,"NOME":"RESTAURANTE MORCELAS","REGEND":"003230","MORADA":"Rua da Ilha do Pico","NUM_POLICIA":"14","FREGUESIA":"105","LOCALIDADE":"LISBOA                         ","COD_POST_4":"1000","COD_POST_3":"170","COM_INT_ID":null,"COD_ACT_ECON":"51107","DESC_ACT_ECON":"RESTAURANTE - 3ª CATEGORIA","ANO":1991,"TIPO":"Restauração e Bebidas","LOCALIZACAO":"Isolado","C_INTEGRADO":null,"EMPRESA":"ALVES & FERRÃO, LDA","GlobalID":"7206dc01-7614-4a9e-9caa-542852c1861f"}},{"type":"Feature","id":35275,"geometry":{"type":"Point","coordinates":[-9.13482231506437,38.7313724493246]},"properties":{"OBJECTID":35275,"COD_SIG":null,"IDTIPO":null,"NOME":"O JAVALI","REGEND":"003255","MORADA":"Rua de Pascoal de Melo","NUM_POLICIA":"36","FREGUESIA":"105","LOCALIDADE":"LISBOA","COD_POST_4":"1000","COD_POST_3":"233","COM_INT_ID":null,"COD_ACT_ECON":"51107","DESC_ACT_ECON":"RESTAURANTE - 3ª CATEGORIA","ANO":1991,"TIPO":"Restauração e Bebidas","LOCALIZACAO":"Isolado","C_INTEGRADO":null,"EMPRESA":"MARIA ISABEL SILVEIRA MENDES RODRIGUES MOURA","GlobalID":"d1e24b88-b4b8-4415-9b17-7cc91b1f2413"}}]}