{
"type": "FeatureCollection",
"name": "arctic_settlements",
"crs": { "type": "name", "properties": { "name": "urn:ogc:def:crs:OGC:1.3:CRS84" } },
"features": [
{ "type": "Feature", "properties": { "settlement_name": "Borgarnes", "country_code": "IS", "feature_code": "PPL", "population": 1783, "pop_class": "<2,000", "ADMIN_NAME": "Iceland", "Country_name": "Iceland", "CNTRY": "IS" }, "geometry": { "type": "Point", "coordinates": [ -21.8623222, 64.5695028 ] } },
{ "type": "Feature", "properties": { "settlement_name": "Klaksvík", "country_code": "FO", "feature_code": "PPL", "population": 4664, "pop_class": "2,000–5,000", "ADMIN_NAME": "Faroe Islands", "Country_name": "Faroe Islands", "CNTRY": "FO" }, "geometry": { "type": "Point", "coordinates": [ -6.5390115, 62.2374783 ] } },
{ "type": "Feature", "properties": { "settlement_name": "Sand Point", "country_code": "US", "feature_code": "PPL", "population": 667, "pop_class": "<2,000", "ADMIN_NAME": "Alaska", "Country_name": "United States", "CNTRY": "US" }, "geometry": { "type": "Point", "coordinates": [ -160.4971908, 55.3397087 ] } },
{ "type": "Feature", "properties": { "settlement_name": "Hydaburg", "country_code": "US", "feature_code": "PPL", "population": 382, "pop_class": "<2,000", "ADMIN_NAME": "Alaska", "Country_name": "United States", "CNTRY": "US" }, "geometry": { "type": "Point", "coordinates": [ -132.8006385, 55.2139799 ] } },
{ "type": "Feature", "properties": { "settlement_name": "Mekoryuk", "country_code": "US", "feature_code": "PPL", "population": 99, "pop_class": "<2,000", "ADMIN_NAME": "Alaska", "Country_name": "United States", "CNTRY": "US" }, "geometry": { "type": "Point", "coordinates": [ -166.1899372, 60.3886467 ] } },
{ "type": "Feature", "properties": { "settlement_name": "Atqasuk", "country_code": "US", "feature_code": "PPL", "population": 201, "pop_class": "<2,000", "ADMIN_NAME": "Alaska", "Country_name": "United States", "CNTRY": "US" }, "geometry": { "type": "Point", "coordinates": [ -157.395778, 70.4693795 ] } },
{ "type": "Feature", "properties": { "settlement_name": "Port Heiden", "country_code": "US", "feature_code": "PPL", "population": 102, "pop_class": "<2,000", "ADMIN_NAME": "Alaska", "Country_name": "United States", "CNTRY": "US" }, "geometry": { "type": "Point", "coordinates": [ -158.6268915, 56.9490936 ] } },
{ "type": "Feature", "properties": { "settlement_name": "Perryville", "country_code": "US", "feature_code": "PPL", "population": 113, "pop_class": "<2,000", "ADMIN_NAME": "Alaska", "Country_name": "United States", "CNTRY": "US" }, "geometry": { "type": "Point", "coordinates": [ -159.15114890000001, 55.9186139 ] } },
{ "type": "Feature", "properties": { "settlement_name": "Dillingham", "country_code": "US", "feature_code": "PPL", "population": 2488, "pop_class": "2,000–5,000", "ADMIN_NAME": "Alaska", "Country_name": "United States", "CNTRY": "US" }, "geometry": { "type": "Point", "coordinates": [ -158.4803121, 59.0565603 ] } },
{ "type": "Feature", "properties": { "settlement_name": "Goodnews Bay", "country_code": "US", "feature_code": "PPL", "population": 230, "pop_class": "<2,000", "ADMIN_NAME": "Alaska", "Country_name": "United States", "CNTRY": "US" }, "geometry": { "type": "Point", "coordinates": [ -161.5871302, 59.1209927 ] } },
{ "type": "Feature", "properties": { "settlement_name": "Nyac", "country_code": "US", "feature_code": "PPL", "population": 100, "pop_class": "<2,000", "ADMIN_NAME": "Alaska", "Country_name": "United States", "CNTRY": "US" }, "geometry": { "type": "Point", "coordinates": [ -159.9404806, 61.0041433 ] } },
{ "type": "Feature", "properties": { "settlement_name": "Tununak", "country_code": "US", "feature_code": "PPL", "population": 352, "pop_class": "<2,000", "ADMIN_NAME": "Alaska", "Country_name": "United States", "CNTRY": "US" }, "geometry": { "type": "Point", "coordinates": [ -165.2557892, 60.5854867 ] } },
{ "type": "Feature", "properties": { "settlement_name": "Mountain Village", "country_code": "US", "feature_code": "PPL", "population": 755, "pop_class": "<2,000", "ADMIN_NAME": "Alaska", "Country_name": "United States", "CNTRY": "US" }, "geometry": { "type": "Point", "coordinates": [ -163.729009, 62.0855243 ] } },
{ "type": "Feature", "properties": { "settlement_name": "Emmonak", "country_code": "US", "feature_code": "PPL", "population": 100, "pop_class": "<2,000", "ADMIN_NAME": "Alaska", "Country_name": "United States", "CNTRY": "US" }, "geometry": { "type": "Point", "coordinates": [ -164.522991600000012, 62.7769808 ] } },
{ "type": "Feature", "properties": { "settlement_name": "Kaltag", "country_code": "US", "feature_code": "PPL", "population": 190, "pop_class": "<2,000", "ADMIN_NAME": "Alaska", "Country_name": "United States", "CNTRY": "US" }, "geometry": { "type": "Point", "coordinates": [ -158.7218986, 64.3271963 ] } },
{ "type": "Feature", "properties": { "settlement_name": "Teller", "country_code": "US", "feature_code": "PPL", "population": 83, "pop_class": "<2,000", "ADMIN_NAME": "Alaska", "Country_name": "United States", "CNTRY": "US" }, "geometry": { "type": "Point", "coordinates": [ -166.3607864, 65.2635991 ] } },
{ "type": "Feature", "properties": { "settlement_name": "Koyukuk", "country_code": "US", "feature_code": "PPL", "population": 101, "pop_class": "<2,000", "ADMIN_NAME": "Alaska", "Country_name": "United States", "CNTRY": "US" }, "geometry": { "type": "Point", "coordinates": [ -157.7008499, 64.8802891 ] } },
{ "type": "Feature", "properties": { "settlement_name": "Kobuk", "country_code": "US", "feature_code": "PPL", "population": 151, "pop_class": "<2,000", "ADMIN_NAME": "Alaska", "Country_name": "United States", "CNTRY": "US" }, "geometry": { "type": "Point", "coordinates": [ -156.8809774, 66.9072455 ] } },
{ "type": "Feature", "properties": { "settlement_name": "Selawik", "country_code": "US", "feature_code": "PPL", "population": 832, "pop_class": "<2,000", "ADMIN_NAME": "Alaska", "Country_name": "United States", "CNTRY": "US" }, "geometry": { "type": "Point", "coordinates": [ -160.009391099999988, 66.603879 ] } },
{ "type": "Feature", "properties": { "settlement_name": "Talkeetna", "country_code": "US", "feature_code": "PPL", "population": 1078, "pop_class": "<2,000", "ADMIN_NAME": "Alaska", "Country_name": "United States", "CNTRY": "US" }, "geometry": { "type": "Point", "coordinates": [ -150.109426899999988, 62.3237785 ] } },
{ "type": "Feature", "properties": { "settlement_name": "Whittier", "country_code": "US", "feature_code": "PPL", "population": 177, "pop_class": "<2,000", "ADMIN_NAME": "Alaska", "Country_name": "United States", "CNTRY": "US" }, "geometry": { "type": "Point", "coordinates": [ -148.6776797, 60.7841567 ] } },
{ "type": "Feature", "properties": { "settlement_name": "Montana", "country_code": "US", "feature_code": "PPL", "population": 10, "pop_class": "<2,000", "ADMIN_NAME": "Alaska", "Country_name": "United States", "CNTRY": "US" }, "geometry": { "type": "Point", "coordinates": [ -150.07276250000001, 62.0796849 ] } },
{ "type": "Feature", "properties": { "settlement_name": "Lake Minchumina", "country_code": "US", "feature_code": "PPL", "population": 32, "pop_class": "<2,000", "ADMIN_NAME": "Alaska", "Country_name": "United States", "CNTRY": "US" }, "geometry": { "type": "Point", "coordinates": [ -152.3121865, 63.8828306 ] } },
{ "type": "Feature", "properties": { "settlement_name": "Cantwell", "country_code": "US", "feature_code": "PPL", "population": 222, "pop_class": "<2,000", "ADMIN_NAME": "Alaska", "Country_name": "United States", "CNTRY": "US" }, "geometry": { "type": "Point", "coordinates": [ -148.9507896, 63.3915945 ] } },
{ "type": "Feature", "properties": { "settlement_name": "Gulkana", "country_code": "US", "feature_code": "PPL", "population": 119, "pop_class": "<2,000", "ADMIN_NAME": "Alaska", "Country_name": "United States", "CNTRY": "US" }, "geometry": { "type": "Point", "coordinates": [ -145.382196099999987, 62.2713528 ] } },
{ "type": "Feature", "properties": { "settlement_name": "Eagle", "country_code": "US", "feature_code": "PPL", "population": 104, "pop_class": "<2,000", "ADMIN_NAME": "Alaska", "Country_name": "United States", "CNTRY": "US" }, "geometry": { "type": "Point", "coordinates": [ -141.1999966, 64.787995 ] } },
{ "type": "Feature", "properties": { "settlement_name": "Nenana", "country_code": "US", "feature_code": "PPL", "population": 75, "pop_class": "<2,000", "ADMIN_NAME": "Alaska", "Country_name": "United States", "CNTRY": "US" }, "geometry": { "type": "Point", "coordinates": [ -149.0930032, 64.5637968 ] } },
{ "type": "Feature", "properties": { "settlement_name": "Big Delta", "country_code": "US", "feature_code": "PPL", "population": 591, "pop_class": "<2,000", "ADMIN_NAME": "Alaska", "Country_name": "United States", "CNTRY": "US" }, "geometry": { "type": "Point", "coordinates": [ -145.8421938, 64.1525299 ] } },
{ "type": "Feature", "properties": { "settlement_name": "Allakaket", "country_code": "US", "feature_code": "PPL", "population": 97, "pop_class": "<2,000", "ADMIN_NAME": "Alaska", "Country_name": "United States", "CNTRY": "US" }, "geometry": { "type": "Point", "coordinates": [ -152.6454995, 66.5654834 ] } },
{ "type": "Feature", "properties": { "settlement_name": "Tanana", "country_code": "US", "feature_code": "PPL", "population": 308, "pop_class": "<2,000", "ADMIN_NAME": "Alaska", "Country_name": "United States", "CNTRY": "US" }, "geometry": { "type": "Point", "coordinates": [ -152.0787899, 65.1718734 ] } },
{ "type": "Feature", "properties": { "settlement_name": "Finnsnes", "country_code": "NO", "feature_code": "PPL", "population": 3907, "pop_class": "2,000–5,000", "ADMIN_NAME": "Troms", "Country_name": "Norway", "CNTRY": "NO" }, "geometry": { "type": "Point", "coordinates": [ 18.0086059, 69.2406173 ] } },
{ "type": "Feature", "properties": { "settlement_name": "Enurmino", "country_code": "RU", "feature_code": "PPL", "population": 297, "pop_class": "<2,000", "ADMIN_NAME": "Chukotka Okrug", "Country_name": "Russia", "CNTRY": "RUS" }, "geometry": { "type": "Point", "coordinates": [ -171.8166032, 66.9500078 ] } },
{ "type": "Feature", "properties": { "settlement_name": "Lavrentiya", "country_code": "RU", "feature_code": "PPL", "population": 1242, "pop_class": "<2,000", "ADMIN_NAME": "Chukotka Okrug", "Country_name": "Russia", "CNTRY": "RUS" }, "geometry": { "type": "Point", "coordinates": [ -171.0249978, 65.5832695 ] } },
{ "type": "Feature", "properties": { "settlement_name": "Zvëzdnyj", "country_code": "RU", "feature_code": "PPL", "population": 10, "pop_class": "<2,000", "ADMIN_NAME": "Chukotka Okrug", "Country_name": "Russia", "CNTRY": "RUS" }, "geometry": { "type": "Point", "coordinates": [ -179.5899789, 70.9565849 ] } },
{ "type": "Feature", "properties": { "settlement_name": "Mikhalkino", "country_code": "RU", "feature_code": "PPL", "population": 570, "pop_class": "<2,000", "ADMIN_NAME": "Sakha Republic (Yakutia)", "Country_name": "Russia", "CNTRY": "RUS" }, "geometry": { "type": "Point", "coordinates": [ 161.4811431, 69.4244404 ] } },
{ "type": "Feature", "properties": { "settlement_name": "Severomorsk", "country_code": "RU", "feature_code": "PPL", "population": 53921, "pop_class": ">50,000", "ADMIN_NAME": "Murmansk Oblast", "Country_name": "Russia", "CNTRY": "RUS" }, "geometry": { "type": "Point", "coordinates": [ 33.4230656, 69.0730565 ] } },
{ "type": "Feature", "properties": { "settlement_name": "Apatity", "country_code": "RU", "feature_code": "PPL", "population": 66907, "pop_class": ">50,000", "ADMIN_NAME": "Murmansk Oblast", "Country_name": "Russia", "CNTRY": "RUS" }, "geometry": { "type": "Point", "coordinates": [ 33.3930415, 67.5730705 ] } },
{ "type": "Feature", "properties": { "settlement_name": "Polyarnyy", "country_code": "RU", "feature_code": "PPL", "population": 19200, "pop_class": "10,000–50,000", "ADMIN_NAME": "Murmansk Oblast", "Country_name": "Russia", "CNTRY": "RUS" }, "geometry": { "type": "Point", "coordinates": [ 33.4502474, 69.2052189 ] } },
{ "type": "Feature", "properties": { "settlement_name": "Severnyy", "country_code": "RU", "feature_code": "PPL", "population": 11562, "pop_class": "10,000–50,000", "ADMIN_NAME": "Respublika Komi", "Country_name": "Russia", "CNTRY": "RUS" }, "geometry": { "type": "Point", "coordinates": [ 64.1232588, 67.608288 ] } },
{ "type": "Feature", "properties": { "settlement_name": "Nefteyugansk", "country_code": "RU", "feature_code": "PPL", "population": 112632, "pop_class": ">50,000", "ADMIN_NAME": "Khanty-Mansiy Okrug", "Country_name": "Russia", "CNTRY": "RUS" }, "geometry": { "type": "Point", "coordinates": [ 72.608007931087869, 61.092018157697126 ] } },
{ "type": "Feature", "properties": { "settlement_name": "Zaozernyy", "country_code": "RU", "feature_code": "PPL", "population": 33865, "pop_class": "10,000–50,000", "ADMIN_NAME": "Krasnoyarsk kray", "Country_name": "Russia", "CNTRY": "RUS" }, "geometry": { "type": "Point", "coordinates": [ 94.7027876, 55.9619704 ] } },
{ "type": "Feature", "properties": { "settlement_name": "Bogotol", "country_code": "RU", "feature_code": "PPL", "population": 23622, "pop_class": "10,000–50,000", "ADMIN_NAME": "Krasnoyarsk kray", "Country_name": "Russia", "CNTRY": "RUS" }, "geometry": { "type": "Point", "coordinates": [ 89.5184012, 56.2164769 ] } },
{ "type": "Feature", "properties": { "settlement_name": "Zemlya Bunge", "country_code": "RU", "feature_code": "PPL", "population": 10, "pop_class": "<2,000", "ADMIN_NAME": "Sakha Republic (Yakutia)", "Country_name": "Russia", "CNTRY": "RUS" }, "geometry": { "type": "Point", "coordinates": [ 142.1050105, 74.8983081 ] } },
{ "type": "Feature", "properties": { "settlement_name": "Khorgo", "country_code": "RU", "feature_code": "PPL", "population": 10, "pop_class": "<2,000", "ADMIN_NAME": "Sakha Republic (Yakutia)", "Country_name": "Russia", "CNTRY": "RUS" }, "geometry": { "type": "Point", "coordinates": [ 113.6300044, 73.4833041 ] } },
{ "type": "Feature", "properties": { "settlement_name": "Put Lenina", "country_code": "RU", "feature_code": "PPL", "population": 298, "pop_class": "<2,000", "ADMIN_NAME": "Sakha Republic (Yakutia)", "Country_name": "Russia", "CNTRY": "RUS" }, "geometry": { "type": "Point", "coordinates": [ 107.7999727, 68.5166305 ] } },
{ "type": "Feature", "properties": { "settlement_name": "Omchak", "country_code": "RU", "feature_code": "PPL", "population": 10, "pop_class": "<2,000", "ADMIN_NAME": "Magadan Oblast", "Country_name": "Russia", "CNTRY": "RUS" }, "geometry": { "type": "Point", "coordinates": [ 147.9166971, 61.633278 ] } },
{ "type": "Feature", "properties": { "settlement_name": "Uglegorsk", "country_code": "RU", "feature_code": "PPL", "population": 12669, "pop_class": "10,000–50,000", "ADMIN_NAME": "Sakha Republic (Yakutia)", "Country_name": "Russia", "CNTRY": "RUS" }, "geometry": { "type": "Point", "coordinates": [ 142.0333353, 49.0833464 ] } },
{ "type": "Feature", "properties": { "settlement_name": "Kholmsk", "country_code": "RU", "feature_code": "PPL", "population": 32911, "pop_class": "10,000–50,000", "ADMIN_NAME": "Sakha Republic (Yakutia)", "Country_name": "Russia", "CNTRY": "RUS" }, "geometry": { "type": "Point", "coordinates": [ 142.0623775, 47.0473208 ] } },
{ "type": "Feature", "properties": { "settlement_name": "Pakhachi", "country_code": "RU", "feature_code": "PPL", "population": 10, "pop_class": "<2,000", "ADMIN_NAME": "KoryakOkrg a Kamchatka", "Country_name": "Russia", "CNTRY": "RUS" }, "geometry": { "type": "Point", "coordinates": [ 169.049980799999986, 60.5815851 ] } },
{ "type": "Feature", "properties": { "settlement_name": "Hall Beach", "country_code": "CA", "feature_code": "PPL", "population": 654, "pop_class": "<2,000", "ADMIN_NAME": "Nunavut", "Country_name": "Canada", "CNTRY": "CA" }, "geometry": { "type": "Point", "coordinates": [ -81.236083, 68.7674668 ] } },
{ "type": "Feature", "properties": { "settlement_name": "Lutselke", "country_code": "CA", "feature_code": "PPL", "population": 102, "pop_class": "<2,000", "ADMIN_NAME": "Northwest Territories", "Country_name": "Canada", "CNTRY": "CA" }, "geometry": { "type": "Point", "coordinates": [ -110.7333291, 62.4000529 ] } },
{ "type": "Feature", "properties": { "settlement_name": "Hay River", "country_code": "CA", "feature_code": "PPL", "population": 3900, "pop_class": "2,000–5,000", "ADMIN_NAME": "Northwest Territories", "Country_name": "Canada", "CNTRY": "CA" }, "geometry": { "type": "Point", "coordinates": [ -115.788340155512145, 60.814275868154972 ] } },
{ "type": "Feature", "properties": { "settlement_name": "Doline", "country_code": "CA", "feature_code": "PPL", "population": 525, "pop_class": "<2,000", "ADMIN_NAME": "Northwest Territories", "Country_name": "Canada", "CNTRY": "CA" }, "geometry": { "type": "Point", "coordinates": [ -123.4166635, 65.1833456 ] } },
{ "type": "Feature", "properties": { "settlement_name": "Paulatuk", "country_code": "CA", "feature_code": "PPL", "population": 294, "pop_class": "<2,000", "ADMIN_NAME": "Northwest Territories", "Country_name": "Canada", "CNTRY": "CA" }, "geometry": { "type": "Point", "coordinates": [ -123.9833214, 69.3833218 ] } },
{ "type": "Feature", "properties": { "settlement_name": "Tsiigehtchic", "country_code": "CA", "feature_code": "PPL", "population": 175, "pop_class": "<2,000", "ADMIN_NAME": "Northwest Territories", "Country_name": "Canada", "CNTRY": "CA" }, "geometry": { "type": "Point", "coordinates": [ -133.7499862, 67.4332857 ] } },
{ "type": "Feature", "properties": { "settlement_name": "Salluit", "country_code": "CA", "feature_code": "PPL", "population": 106, "pop_class": "<2,000", "ADMIN_NAME": "Nunavik", "Country_name": "Canada", "CNTRY": "CA" }, "geometry": { "type": "Point", "coordinates": [ -75.659501, 62.1825985 ] } },
{ "type": "Feature", "properties": { "settlement_name": "Happy Valley - Goose Bay", "country_code": "CA", "feature_code": "PPL", "population": 7572, "pop_class": "5,000–10,000", "ADMIN_NAME": "Labrador", "Country_name": "Canada", "CNTRY": "CA" }, "geometry": { "type": "Point", "coordinates": [ -60.2999992, 53.2999882 ] } },
{ "type": "Feature", "properties": { "settlement_name": "Port Hope Simpson", "country_code": "CA", "feature_code": "PPL", "population": 197, "pop_class": "<2,000", "ADMIN_NAME": "Labrador", "Country_name": "Canada", "CNTRY": "CA" }, "geometry": { "type": "Point", "coordinates": [ -56.3000108, 52.5332908 ] } },
{ "type": "Feature", "properties": { "settlement_name": "Oymyakon", "country_code": "RU", "feature_code": "PPL", "population": 500, "pop_class": "<2,000", "ADMIN_NAME": "Sakha Republic (Yakutia)", "Country_name": "Russia", "CNTRY": "RUS" }, "geometry": { "type": "Point", "coordinates": [ 142.7697679, 63.4214462 ] } },
{ "type": "Feature", "properties": { "settlement_name": "Wrangell", "country_code": "US", "feature_code": "PPL", "population": 2070, "pop_class": "2,000–5,000", "ADMIN_NAME": "Alaska", "Country_name": "United States", "CNTRY": "US" }, "geometry": { "type": "Point", "coordinates": [ -132.3715949, 56.4712675 ] } },
{ "type": "Feature", "properties": { "settlement_name": "Shishmaref", "country_code": "US", "feature_code": "PPL", "population": 254, "pop_class": "<2,000", "ADMIN_NAME": "Alaska", "Country_name": "United States", "CNTRY": "US" }, "geometry": { "type": "Point", "coordinates": [ -166.0718893, 66.2569751 ] } },
{ "type": "Feature", "properties": { "settlement_name": "Hoonah", "country_code": "US", "feature_code": "PPL", "population": 361, "pop_class": "<2,000", "ADMIN_NAME": "Alaska", "Country_name": "United States", "CNTRY": "US" }, "geometry": { "type": "Point", "coordinates": [ -135.438617, 58.1154049 ] } },
{ "type": "Feature", "properties": { "settlement_name": "Atka", "country_code": "US", "feature_code": "PPL", "population": 61, "pop_class": "<2,000", "ADMIN_NAME": "Alaska", "Country_name": "United States", "CNTRY": "US" }, "geometry": { "type": "Point", "coordinates": [ -174.2004887, 52.1964897 ] } },
{ "type": "Feature", "properties": { "settlement_name": "Nikolski", "country_code": "US", "feature_code": "PPL", "population": 18, "pop_class": "<2,000", "ADMIN_NAME": "Alaska", "Country_name": "United States", "CNTRY": "US" }, "geometry": { "type": "Point", "coordinates": [ -168.867687600000011, 52.9384341 ] } },
{ "type": "Feature", "properties": { "settlement_name": "Karluk", "country_code": "US", "feature_code": "PPL", "population": 96, "pop_class": "<2,000", "ADMIN_NAME": "Alaska", "Country_name": "United States", "CNTRY": "US" }, "geometry": { "type": "Point", "coordinates": [ -154.455027300000012, 57.5722856 ] } },
{ "type": "Feature", "properties": { "settlement_name": "False Pass", "country_code": "US", "feature_code": "PPL", "population": 35, "pop_class": "<2,000", "ADMIN_NAME": "Alaska", "Country_name": "United States", "CNTRY": "US" }, "geometry": { "type": "Point", "coordinates": [ -163.415023, 54.8512114 ] } },
{ "type": "Feature", "properties": { "settlement_name": "Kivalina", "country_code": "US", "feature_code": "PPL", "population": 374, "pop_class": "<2,000", "ADMIN_NAME": "Alaska", "Country_name": "United States", "CNTRY": "US" }, "geometry": { "type": "Point", "coordinates": [ -164.485903400000012, 67.7314922 ] } },
{ "type": "Feature", "properties": { "settlement_name": "Newhalen", "country_code": "US", "feature_code": "PPL", "population": 160, "pop_class": "<2,000", "ADMIN_NAME": "Alaska", "Country_name": "United States", "CNTRY": "US" }, "geometry": { "type": "Point", "coordinates": [ -154.8971967, 59.7203457 ] } },
{ "type": "Feature", "properties": { "settlement_name": "Pilot Point", "country_code": "US", "feature_code": "PPL", "population": 68, "pop_class": "<2,000", "ADMIN_NAME": "Alaska", "Country_name": "United States", "CNTRY": "US" }, "geometry": { "type": "Point", "coordinates": [ -157.5691266, 57.56456 ] } },
{ "type": "Feature", "properties": { "settlement_name": "Chignik", "country_code": "US", "feature_code": "PPL", "population": 118, "pop_class": "<2,000", "ADMIN_NAME": "Alaska", "Country_name": "United States", "CNTRY": "US" }, "geometry": { "type": "Point", "coordinates": [ -158.4022282, 56.295671 ] } },
{ "type": "Feature", "properties": { "settlement_name": "King Salmon", "country_code": "US", "feature_code": "PPL", "population": 292, "pop_class": "<2,000", "ADMIN_NAME": "Alaska", "Country_name": "United States", "CNTRY": "US" }, "geometry": { "type": "Point", "coordinates": [ -156.6613784, 58.6887032 ] } },
{ "type": "Feature", "properties": { "settlement_name": "Quinhagak", "country_code": "US", "feature_code": "PPL", "population": 250, "pop_class": "<2,000", "ADMIN_NAME": "Alaska", "Country_name": "United States", "CNTRY": "US" }, "geometry": { "type": "Point", "coordinates": [ -161.9157864, 59.7492328 ] } },
{ "type": "Feature", "properties": { "settlement_name": "Aniak", "country_code": "US", "feature_code": "PPL", "population": 501, "pop_class": "<2,000", "ADMIN_NAME": "Alaska", "Country_name": "United States", "CNTRY": "US" }, "geometry": { "type": "Point", "coordinates": [ -159.5221857, 61.5787077 ] } },
{ "type": "Feature", "properties": { "settlement_name": "Kotlit", "country_code": "US", "feature_code": "PPL", "population": 1002, "pop_class": "<2,000", "ADMIN_NAME": "Alaska", "Country_name": "United States", "CNTRY": "US" }, "geometry": { "type": "Point", "coordinates": [ -163.5532833, 63.0345878 ] } },
{ "type": "Feature", "properties": { "settlement_name": "Unalakleet", "country_code": "US", "feature_code": "PPL", "population": 741, "pop_class": "<2,000", "ADMIN_NAME": "Alaska", "Country_name": "United States", "CNTRY": "US" }, "geometry": { "type": "Point", "coordinates": [ -160.788051599999989, 63.8734255 ] } },
{ "type": "Feature", "properties": { "settlement_name": "Koyuk", "country_code": "US", "feature_code": "PPL", "population": 254, "pop_class": "<2,000", "ADMIN_NAME": "Alaska", "Country_name": "United States", "CNTRY": "US" }, "geometry": { "type": "Point", "coordinates": [ -161.1574717, 64.9402687 ] } },
{ "type": "Feature", "properties": { "settlement_name": "McGrath", "country_code": "US", "feature_code": "PPL", "population": 138, "pop_class": "<2,000", "ADMIN_NAME": "Alaska", "Country_name": "United States", "CNTRY": "US" }, "geometry": { "type": "Point", "coordinates": [ -155.5957845, 62.9568148 ] } },
{ "type": "Feature", "properties": { "settlement_name": "Hughes", "country_code": "US", "feature_code": "PPL", "population": 78, "pop_class": "<2,000", "ADMIN_NAME": "Alaska", "Country_name": "United States", "CNTRY": "US" }, "geometry": { "type": "Point", "coordinates": [ -154.2549878, 66.0491842 ] } },
{ "type": "Feature", "properties": { "settlement_name": "Ambler", "country_code": "US", "feature_code": "PPL", "population": 258, "pop_class": "<2,000", "ADMIN_NAME": "Alaska", "Country_name": "United States", "CNTRY": "US" }, "geometry": { "type": "Point", "coordinates": [ -157.851409100000012, 67.0864852 ] } },
{ "type": "Feature", "properties": { "settlement_name": "Wales", "country_code": "US", "feature_code": "PPL", "population": 99, "pop_class": "<2,000", "ADMIN_NAME": "Alaska", "Country_name": "United States", "CNTRY": "US" }, "geometry": { "type": "Point", "coordinates": [ -168.087502699999987, 65.6095986 ] } },
{ "type": "Feature", "properties": { "settlement_name": "Kotzebue", "country_code": "US", "feature_code": "PPL", "population": 3194, "pop_class": "2,000–5,000", "ADMIN_NAME": "Alaska", "Country_name": "United States", "CNTRY": "US" }, "geometry": { "type": "Point", "coordinates": [ -162.5965975, 66.8986931 ] } },
{ "type": "Feature", "properties": { "settlement_name": "Wasilla", "country_code": "US", "feature_code": "PPL", "population": 8521, "pop_class": "5,000–10,000", "ADMIN_NAME": "Alaska", "Country_name": "United States", "CNTRY": "US" }, "geometry": { "type": "Point", "coordinates": [ -149.439442, 61.5817308 ] } },
{ "type": "Feature", "properties": { "settlement_name": "Circle", "country_code": "US", "feature_code": "PPL", "population": 100, "pop_class": "<2,000", "ADMIN_NAME": "Alaska", "Country_name": "United States", "CNTRY": "US" }, "geometry": { "type": "Point", "coordinates": [ -144.060519699999986, 65.8258903 ] } },
{ "type": "Feature", "properties": { "settlement_name": "Denali Park", "country_code": "US", "feature_code": "PPL", "population": 1826, "pop_class": "<2,000", "ADMIN_NAME": "Alaska", "Country_name": "United States", "CNTRY": "US" }, "geometry": { "type": "Point", "coordinates": [ -148.9140994, 63.7330982 ] } },
{ "type": "Feature", "properties": { "settlement_name": "Yakutat", "country_code": "US", "feature_code": "PPL", "population": 109, "pop_class": "<2,000", "ADMIN_NAME": "Alaska", "Country_name": "United States", "CNTRY": "US" }, "geometry": { "type": "Point", "coordinates": [ -139.7272183, 59.5473071 ] } },
{ "type": "Feature", "properties": { "settlement_name": "Homer", "country_code": "US", "feature_code": "PPL", "population": 6560, "pop_class": "5,000–10,000", "ADMIN_NAME": "Alaska", "Country_name": "United States", "CNTRY": "US" }, "geometry": { "type": "Point", "coordinates": [ -151.5482797, 59.6429344 ] } },
{ "type": "Feature", "properties": { "settlement_name": "Tanacross", "country_code": "US", "feature_code": "PPL", "population": 136, "pop_class": "<2,000", "ADMIN_NAME": "Alaska", "Country_name": "United States", "CNTRY": "US" }, "geometry": { "type": "Point", "coordinates": [ -143.346403, 63.3857033 ] } },
{ "type": "Feature", "properties": { "settlement_name": "Wiseman", "country_code": "US", "feature_code": "PPL", "population": 14, "pop_class": "<2,000", "ADMIN_NAME": "Alaska", "Country_name": "United States", "CNTRY": "US" }, "geometry": { "type": "Point", "coordinates": [ -150.1074891, 67.4104706 ] } },
{ "type": "Feature", "properties": { "settlement_name": "Skellefteå", "country_code": "SE", "feature_code": "PPL", "population": 31311, "pop_class": "10,000–50,000", "ADMIN_NAME": "Västerbotten", "Country_name": "Sweden", "CNTRY": "SE" }, "geometry": { "type": "Point", "coordinates": [ 20.9500284, 64.7720787 ] } },
{ "type": "Feature", "properties": { "settlement_name": "Egilsstaðir", "country_code": "IS", "feature_code": "PPL", "population": 2265, "pop_class": "2,000–5,000", "ADMIN_NAME": "Iceland", "Country_name": "Iceland", "CNTRY": "IS" }, "geometry": { "type": "Point", "coordinates": [ -14.3949976, 65.2674231 ] } },
{ "type": "Feature", "properties": { "settlement_name": "Sauðárkrókur", "country_code": "IS", "feature_code": "PPL", "population": 2682, "pop_class": "2,000–5,000", "ADMIN_NAME": "Iceland", "Country_name": "Iceland", "CNTRY": "IS" }, "geometry": { "type": "Point", "coordinates": [ -19.6389928, 65.746412 ] } },
{ "type": "Feature", "properties": { "settlement_name": "Selfoss", "country_code": "IS", "feature_code": "PPL", "population": 6275, "pop_class": "5,000–10,000", "ADMIN_NAME": "Iceland", "Country_name": "Iceland", "CNTRY": "IS" }, "geometry": { "type": "Point", "coordinates": [ -20.996946, 63.9334219 ] } },
{ "type": "Feature", "properties": { "settlement_name": "Harstad", "country_code": "NO", "feature_code": "PPL", "population": 19433, "pop_class": "10,000–50,000", "ADMIN_NAME": "Troms", "Country_name": "Norway", "CNTRY": "NO" }, "geometry": { "type": "Point", "coordinates": [ 16.5155704, 68.7879059 ] } },
{ "type": "Feature", "properties": { "settlement_name": "Mukhomornoye", "country_code": "RU", "feature_code": "PPL", "population": 100, "pop_class": "<2,000", "ADMIN_NAME": "Chukotka Okrug", "Country_name": "Russia", "CNTRY": "RUS" }, "geometry": { "type": "Point", "coordinates": [ 173.333337, 66.4170687 ] } },
{ "type": "Feature", "properties": { "settlement_name": "Beringovskiy", "country_code": "RU", "feature_code": "PPL", "population": 1861, "pop_class": "<2,000", "ADMIN_NAME": "Chukotka Okrug", "Country_name": "Russia", "CNTRY": "RUS" }, "geometry": { "type": "Point", "coordinates": [ 179.3066674, 63.0654645 ] } },
{ "type": "Feature", "properties": { "settlement_name": "Bilibino", "country_code": "RU", "feature_code": "PPL", "population": 5757, "pop_class": "5,000–10,000", "ADMIN_NAME": "Chukotka Okrug", "Country_name": "Russia", "CNTRY": "RUS" }, "geometry": { "type": "Point", "coordinates": [ 166.448573537461982, 68.052626650908735 ] } },
{ "type": "Feature", "properties": { "settlement_name": "Mys Shmidta", "country_code": "RU", "feature_code": "PPL", "population": 492, "pop_class": "<2,000", "ADMIN_NAME": "Chukotka Okrug", "Country_name": "Russia", "CNTRY": "RUS" }, "geometry": { "type": "Point", "coordinates": [ -179.499984399999988, 68.933711 ] } },
{ "type": "Feature", "properties": { "settlement_name": "Egvekinot", "country_code": "RU", "feature_code": "PPL", "population": 2248, "pop_class": "2,000–5,000", "ADMIN_NAME": "Chukotka Okrug", "Country_name": "Russia", "CNTRY": "RUS" }, "geometry": { "type": "Point", "coordinates": [ -179.183722499999988, 66.3221317 ] } },
{ "type": "Feature", "properties": { "settlement_name": "Nikel", "country_code": "RU", "feature_code": "PPL", "population": 15866, "pop_class": "10,000–50,000", "ADMIN_NAME": "Murmansk Oblast", "Country_name": "Russia", "CNTRY": "RUS" }, "geometry": { "type": "Point", "coordinates": [ 30.2188167, 69.4125706 ] } },
{ "type": "Feature", "properties": { "settlement_name": "Monchegorsk", "country_code": "RU", "feature_code": "PPL", "population": 49868, "pop_class": "10,000–50,000", "ADMIN_NAME": "Murmansk Oblast", "Country_name": "Russia", "CNTRY": "RUS" }, "geometry": { "type": "Point", "coordinates": [ 32.8287349, 67.9291211 ] } },
{ "type": "Feature", "properties": { "settlement_name": "Kirovsk", "country_code": "RU", "feature_code": "PPL", "population": 29605, "pop_class": "10,000–50,000", "ADMIN_NAME": "Murmansk Oblast", "Country_name": "Russia", "CNTRY": "RUS" }, "geometry": { "type": "Point", "coordinates": [ 33.6687353, 67.609089 ] } },
{ "type": "Feature", "properties": { "settlement_name": "Segezha", "country_code": "RU", "feature_code": "PPL", "population": 33354, "pop_class": "10,000–50,000", "ADMIN_NAME": "Karelian Republic", "Country_name": "Russia", "CNTRY": "RUS" }, "geometry": { "type": "Point", "coordinates": [ 34.3243025, 63.7547764 ] } },
{ "type": "Feature", "properties": { "settlement_name": "Varnek", "country_code": "RU", "feature_code": "PPL", "population": 10, "pop_class": "<2,000", "ADMIN_NAME": "Nenets Okrug", "Country_name": "Russia", "CNTRY": "RUS" }, "geometry": { "type": "Point", "coordinates": [ 60.0635583, 69.7301481 ] } },
{ "type": "Feature", "properties": { "settlement_name": "Bugrino", "country_code": "RU", "feature_code": "PPL", "population": 300, "pop_class": "<2,000", "ADMIN_NAME": "Nenets Okrug", "Country_name": "Russia", "CNTRY": "RUS" }, "geometry": { "type": "Point", "coordinates": [ 49.3041634, 68.8078788 ] } },
{ "type": "Feature", "properties": { "settlement_name": "Yamburg", "country_code": "RU", "feature_code": "PPL", "population": 48488, "pop_class": "10,000–50,000", "ADMIN_NAME": "Nenets Okrug", "Country_name": "Russia", "CNTRY": "RUS" }, "geometry": { "type": "Point", "coordinates": [ 74.925313017242161, 67.922117382880614 ] } },
{ "type": "Feature", "properties": { "settlement_name": "Yamburg", "country_code": "RU", "feature_code": "PPL", "population": 48488, "pop_class": "10,000–50,000", "ADMIN_NAME": "Yamal-Nenets Okrug", "Country_name": "Russia", "CNTRY": "RUS" }, "geometry": { "type": "Point", "coordinates": [ 74.925313017242161, 67.922117382880614 ] } },
{ "type": "Feature", "properties": { "settlement_name": "Nakhodka", "country_code": "RU", "feature_code": "PPL", "population": 159551, "pop_class": ">50,000", "ADMIN_NAME": "Nenets Okrug", "Country_name": "Russia", "CNTRY": "RUS" }, "geometry": { "type": "Point", "coordinates": [ 77.5199605, 67.7503982 ] } },
{ "type": "Feature", "properties": { "settlement_name": "Nakhodka", "country_code": "RU", "feature_code": "PPL", "population": 159551, "pop_class": ">50,000", "ADMIN_NAME": "Yamal-Nenets Okrug", "Country_name": "Russia", "CNTRY": "RUS" }, "geometry": { "type": "Point", "coordinates": [ 77.5199605, 67.7503982 ] } },
{ "type": "Feature", "properties": { "settlement_name": "Sosnogorsk", "country_code": "RU", "feature_code": "PPL", "population": 29343, "pop_class": "10,000–50,000", "ADMIN_NAME": "Respublika Komi", "Country_name": "Russia", "CNTRY": "RUS" }, "geometry": { "type": "Point", "coordinates": [ 53.8943225, 63.5947604 ] } },
{ "type": "Feature", "properties": { "settlement_name": "Peregrebnoye", "country_code": "RU", "feature_code": "PPL", "population": 10, "pop_class": "<2,000", "ADMIN_NAME": "Khanty-Mansiy Okrug", "Country_name": "Russia", "CNTRY": "RUS" }, "geometry": { "type": "Point", "coordinates": [ 65.0859391, 62.9669951 ] } },
{ "type": "Feature", "properties": { "settlement_name": "Saranpaul", "country_code": "RU", "feature_code": "PPL", "population": 2985, "pop_class": "2,000–5,000", "ADMIN_NAME": "Khanty-Mansiy Okrug", "Country_name": "Russia", "CNTRY": "RUS" }, "geometry": { "type": "Point", "coordinates": [ 60.9700146, 64.2504568 ] } },
{ "type": "Feature", "properties": { "settlement_name": "Uray", "country_code": "RU", "feature_code": "PPL", "population": 39878, "pop_class": "10,000–50,000", "ADMIN_NAME": "Khanty-Mansiy Okrug", "Country_name": "Russia", "CNTRY": "RUS" }, "geometry": { "type": "Point", "coordinates": [ 64.7547965, 60.1401392 ] } },
{ "type": "Feature", "properties": { "settlement_name": "Laryak", "country_code": "RU", "feature_code": "PPL", "population": 10, "pop_class": "<2,000", "ADMIN_NAME": "Khanty-Mansiy Okrug", "Country_name": "Russia", "CNTRY": "RUS" }, "geometry": { "type": "Point", "coordinates": [ 80.25137, 61.1011916 ] } },
{ "type": "Feature", "properties": { "settlement_name": "Kogalym", "country_code": "RU", "feature_code": "PPL", "population": 58192, "pop_class": ">50,000", "ADMIN_NAME": "Khanty-Mansiy Okrug", "Country_name": "Russia", "CNTRY": "RUS" }, "geometry": { "type": "Point", "coordinates": [ 74.4940987, 62.0446224 ] } },
{ "type": "Feature", "properties": { "settlement_name": "Megion", "country_code": "RU", "feature_code": "PPL", "population": 48691, "pop_class": "10,000–50,000", "ADMIN_NAME": "Khanty-Mansiy Okrug", "Country_name": "Russia", "CNTRY": "RUS" }, "geometry": { "type": "Point", "coordinates": [ 76.0953446, 61.0607548 ] } },
{ "type": "Feature", "properties": { "settlement_name": "Yessey", "country_code": "RU", "feature_code": "PPL", "population": 10, "pop_class": "<2,000", "ADMIN_NAME": "Evenki Okrug", "Country_name": "Russia", "CNTRY": "RUS" }, "geometry": { "type": "Point", "coordinates": [ 102.1666215, 68.4837384 ] } },
{ "type": "Feature", "properties": { "settlement_name": "Kodinskiy", "country_code": "RU", "feature_code": "PPL", "population": 15670, "pop_class": "10,000–50,000", "ADMIN_NAME": "Krasnoyarsk kray", "Country_name": "Russia", "CNTRY": "RUS" }, "geometry": { "type": "Point", "coordinates": [ 99.099618578762801, 58.694557759916158 ] } },
{ "type": "Feature", "properties": { "settlement_name": "Artemovsk", "country_code": "RU", "feature_code": "PPL", "population": 4948, "pop_class": "2,000–5,000", "ADMIN_NAME": "Krasnoyarsk kray", "Country_name": "Russia", "CNTRY": "RUS" }, "geometry": { "type": "Point", "coordinates": [ 93.4355265, 54.3487356 ] } },
{ "type": "Feature", "properties": { "settlement_name": "Uyar", "country_code": "RU", "feature_code": "PPL", "population": 13167, "pop_class": "10,000–50,000", "ADMIN_NAME": "Krasnoyarsk kray", "Country_name": "Russia", "CNTRY": "RUS" }, "geometry": { "type": "Point", "coordinates": [ 94.3153177, 55.8103776 ] } },
{ "type": "Feature", "properties": { "settlement_name": "Uzhur", "country_code": "RU", "feature_code": "PPL", "population": 19212, "pop_class": "10,000–50,000", "ADMIN_NAME": "Krasnoyarsk kray", "Country_name": "Russia", "CNTRY": "RUS" }, "geometry": { "type": "Point", "coordinates": [ 89.8207084, 55.3291667 ] } },
{ "type": "Feature", "properties": { "settlement_name": "Sayanogorsk", "country_code": "RU", "feature_code": "PPL", "population": 55642, "pop_class": ">50,000", "ADMIN_NAME": "Krasnoyarsk kray", "Country_name": "Russia", "CNTRY": "RUS" }, "geometry": { "type": "Point", "coordinates": [ 91.4004052, 53.0894326 ] } },
{ "type": "Feature", "properties": { "settlement_name": "Podkamennaya Tunguska", "country_code": "RU", "feature_code": "PPL", "population": 10, "pop_class": "<2,000", "ADMIN_NAME": "Krasnoyarsk kray", "Country_name": "Russia", "CNTRY": "RUS" }, "geometry": { "type": "Point", "coordinates": [ 90.1236356, 61.5995075 ] } },
{ "type": "Feature", "properties": { "settlement_name": "Igarka", "country_code": "RU", "feature_code": "PPL", "population": 7470, "pop_class": "5,000–10,000", "ADMIN_NAME": "Krasnoyarsk kray", "Country_name": "Russia", "CNTRY": "RUS" }, "geometry": { "type": "Point", "coordinates": [ 86.5833349, 67.467108 ] } },
{ "type": "Feature", "properties": { "settlement_name": "Agapa", "country_code": "RU", "feature_code": "PPL", "population": 10, "pop_class": "<2,000", "ADMIN_NAME": "Taymyr Okrug", "Country_name": "Russia", "CNTRY": "RUS" }, "geometry": { "type": "Point", "coordinates": [ 89.2499939, 71.450379 ] } },
{ "type": "Feature", "properties": { "settlement_name": "Boyarka", "country_code": "RU", "feature_code": "PPL", "population": 35968, "pop_class": "10,000–50,000", "ADMIN_NAME": "Taymyr Okrug", "Country_name": "Russia", "CNTRY": "RUS" }, "geometry": { "type": "Point", "coordinates": [ 97.5000329, 70.7669841 ] } },
{ "type": "Feature", "properties": { "settlement_name": "Nordvik", "country_code": "RU", "feature_code": "PPL", "population": 0, "pop_class": "<2,000", "ADMIN_NAME": "Taymyr Okrug", "Country_name": "Russia", "CNTRY": "RUS" }, "geometry": { "type": "Point", "coordinates": [ 111.5100305, 74.0165015 ] } },
{ "type": "Feature", "properties": { "settlement_name": "Shalaurova", "country_code": "RU", "feature_code": "PPL", "population": 10, "pop_class": "<2,000", "ADMIN_NAME": "Sakha Republic (Yakutia)", "Country_name": "Russia", "CNTRY": "RUS" }, "geometry": { "type": "Point", "coordinates": [ 143.1833427, 73.2203744 ] } },
{ "type": "Feature", "properties": { "settlement_name": "Logashkino", "country_code": "RU", "feature_code": "PPL", "population": 0, "pop_class": "<2,000", "ADMIN_NAME": "Sakha Republic (Yakutia)", "Country_name": "Russia", "CNTRY": "RUS" }, "geometry": { "type": "Point", "coordinates": [ 153.9000012, 70.8503898 ] } },
{ "type": "Feature", "properties": { "settlement_name": "Ust Kuyga", "country_code": "RU", "feature_code": "PPL", "population": 1517, "pop_class": "<2,000", "ADMIN_NAME": "Sakha Republic (Yakutia)", "Country_name": "Russia", "CNTRY": "RUS" }, "geometry": { "type": "Point", "coordinates": [ 135.6000329, 70.0170557 ] } },
{ "type": "Feature", "properties": { "settlement_name": "Pokrovsk", "country_code": "RU", "feature_code": "PPL", "population": 9763, "pop_class": "5,000–10,000", "ADMIN_NAME": "Sakha Republic (Yakutia)", "Country_name": "Russia", "CNTRY": "RUS" }, "geometry": { "type": "Point", "coordinates": [ 129.1272497, 61.4934416 ] } },
{ "type": "Feature", "properties": { "settlement_name": "Verkhnevilyuysk", "country_code": "RU", "feature_code": "PPL", "population": 6341, "pop_class": "5,000–10,000", "ADMIN_NAME": "Sakha Republic (Yakutia)", "Country_name": "Russia", "CNTRY": "RUS" }, "geometry": { "type": "Point", "coordinates": [ 120.3167281, 63.4456997 ] } },
{ "type": "Feature", "properties": { "settlement_name": "Vitim", "country_code": "RU", "feature_code": "PPL", "population": 3843, "pop_class": "2,000–5,000", "ADMIN_NAME": "Sakha Republic (Yakutia)", "Country_name": "Russia", "CNTRY": "RUS" }, "geometry": { "type": "Point", "coordinates": [ 112.5578218, 59.451499 ] } },
{ "type": "Feature", "properties": { "settlement_name": "Olyokminsk", "country_code": "RU", "feature_code": "PPL", "population": 10000, "pop_class": "10,000–50,000", "ADMIN_NAME": "Sakha Republic (Yakutia)", "Country_name": "Russia", "CNTRY": "RUS" }, "geometry": { "type": "Point", "coordinates": [ 120.3925891, 60.503192 ] } },
{ "type": "Feature", "properties": { "settlement_name": "Tunguskhaya", "country_code": "RU", "feature_code": "PPL", "population": 10, "pop_class": "<2,000", "ADMIN_NAME": "Sakha Republic (Yakutia)", "Country_name": "Russia", "CNTRY": "RUS" }, "geometry": { "type": "Point", "coordinates": [ 125.2500187, 64.9004429 ] } },
{ "type": "Feature", "properties": { "settlement_name": "Natara", "country_code": "RU", "feature_code": "PPL", "population": 10, "pop_class": "<2,000", "ADMIN_NAME": "Sakha Republic (Yakutia)", "Country_name": "Russia", "CNTRY": "RUS" }, "geometry": { "type": "Point", "coordinates": [ 123.9255, 68.4106163 ] } },
{ "type": "Feature", "properties": { "settlement_name": "Zhilinda", "country_code": "RU", "feature_code": "PPL", "population": 10, "pop_class": "<2,000", "ADMIN_NAME": "Sakha Republic (Yakutia)", "Country_name": "Russia", "CNTRY": "RUS" }, "geometry": { "type": "Point", "coordinates": [ 114.0000077, 70.1336894 ] } },
{ "type": "Feature", "properties": { "settlement_name": "Trofimovsk", "country_code": "RU", "feature_code": "PPL", "population": 10, "pop_class": "<2,000", "ADMIN_NAME": "Sakha Republic (Yakutia)", "Country_name": "Russia", "CNTRY": "RUS" }, "geometry": { "type": "Point", "coordinates": [ 127.0336824, 72.5996887 ] } },
{ "type": "Feature", "properties": { "settlement_name": "Siglan", "country_code": "RU", "feature_code": "PPL", "population": 10, "pop_class": "<2,000", "ADMIN_NAME": "Magadan Oblast", "Country_name": "Russia", "CNTRY": "RUS" }, "geometry": { "type": "Point", "coordinates": [ 152.416577499999988, 59.0337209 ] } },
{ "type": "Feature", "properties": { "settlement_name": "Karamken", "country_code": "RU", "feature_code": "PPL", "population": 10, "pop_class": "<2,000", "ADMIN_NAME": "Magadan Oblast", "Country_name": "Russia", "CNTRY": "RUS" }, "geometry": { "type": "Point", "coordinates": [ 151.166628, 60.2004197 ] } },
{ "type": "Feature", "properties": { "settlement_name": "Strelka", "country_code": "RU", "feature_code": "PPL", "population": 10, "pop_class": "<2,000", "ADMIN_NAME": "Magadan Oblast", "Country_name": "Russia", "CNTRY": "RUS" }, "geometry": { "type": "Point", "coordinates": [ 152.2501794, 61.8669847 ] } },
{ "type": "Feature", "properties": { "settlement_name": "Severo Kurilsk", "country_code": "RU", "feature_code": "PPL", "population": 2422, "pop_class": "2,000–5,000", "ADMIN_NAME": "Sakha Republic (Yakutia)", "Country_name": "Russia", "CNTRY": "RUS" }, "geometry": { "type": "Point", "coordinates": [ 156.085035800000014, 50.6904834 ] } },
{ "type": "Feature", "properties": { "settlement_name": "Krasnogorsk", "country_code": "RU", "feature_code": "PPL", "population": 3304, "pop_class": "2,000–5,000", "ADMIN_NAME": "Sakha Republic (Yakutia)", "Country_name": "Russia", "CNTRY": "RUS" }, "geometry": { "type": "Point", "coordinates": [ 142.0899727, 48.4615497 ] } },
{ "type": "Feature", "properties": { "settlement_name": "Poronaysk", "country_code": "RU", "feature_code": "PPL", "population": 16677, "pop_class": "10,000–50,000", "ADMIN_NAME": "Sakha Republic (Yakutia)", "Country_name": "Russia", "CNTRY": "RUS" }, "geometry": { "type": "Point", "coordinates": [ 143.0850024, 49.2415538 ] } },
{ "type": "Feature", "properties": { "settlement_name": "Makarov", "country_code": "RU", "feature_code": "PPL", "population": 6663, "pop_class": "5,000–10,000", "ADMIN_NAME": "Sakha Republic (Yakutia)", "Country_name": "Russia", "CNTRY": "RUS" }, "geometry": { "type": "Point", "coordinates": [ 142.8000069, 48.6337356 ] } },
{ "type": "Feature", "properties": { "settlement_name": "Dolinsk", "country_code": "RU", "feature_code": "PPL", "population": 11989, "pop_class": "10,000–50,000", "ADMIN_NAME": "Sakha Republic (Yakutia)", "Country_name": "Russia", "CNTRY": "RUS" }, "geometry": { "type": "Point", "coordinates": [ 142.8000069, 47.3504289 ] } },
{ "type": "Feature", "properties": { "settlement_name": "Nevelsk", "country_code": "RU", "feature_code": "PPL", "population": 17000, "pop_class": "10,000–50,000", "ADMIN_NAME": "Sakha Republic (Yakutia)", "Country_name": "Russia", "CNTRY": "RUS" }, "geometry": { "type": "Point", "coordinates": [ 141.8699344, 46.6802889 ] } },
{ "type": "Feature", "properties": { "settlement_name": "Utkholok", "country_code": "RU", "feature_code": "PPL", "population": 10, "pop_class": "<2,000", "ADMIN_NAME": "KoryakOkrg a Kamchatka", "Country_name": "Russia", "CNTRY": "RUS" }, "geometry": { "type": "Point", "coordinates": [ 157.233337799999987, 57.5504006 ] } },
{ "type": "Feature", "properties": { "settlement_name": "Bol'sheretsk", "country_code": "RU", "feature_code": "PPL", "population": 10, "pop_class": "<2,000", "ADMIN_NAME": "KoryakOkrg a Kamchatka", "Country_name": "Russia", "CNTRY": "RUS" }, "geometry": { "type": "Point", "coordinates": [ 156.3593859, 52.4389813 ] } },
{ "type": "Feature", "properties": { "settlement_name": "Il'pyrskiy", "country_code": "RU", "feature_code": "PPL", "population": 10, "pop_class": "<2,000", "ADMIN_NAME": "KoryakOkrg a Kamchatka", "Country_name": "Russia", "CNTRY": "RUS" }, "geometry": { "type": "Point", "coordinates": [ 164.1720053, 59.9673883 ] } },
{ "type": "Feature", "properties": { "settlement_name": "Korf", "country_code": "RU", "feature_code": "PPL", "population": 400, "pop_class": "<2,000", "ADMIN_NAME": "KoryakOkrg a Kamchatka", "Country_name": "Russia", "CNTRY": "RUS" }, "geometry": { "type": "Point", "coordinates": [ 165.8183435, 60.3320654 ] } },
{ "type": "Feature", "properties": { "settlement_name": "Sodankylä", "country_code": "FI", "feature_code": "PPL", "population": 8942, "pop_class": "5,000–10,000", "ADMIN_NAME": "Lappi", "Country_name": "Finland", "CNTRY": "FI" }, "geometry": { "type": "Point", "coordinates": [ 26.6000195, 67.4170593 ] } },
{ "type": "Feature", "properties": { "settlement_name": "Coral Harbour", "country_code": "CA", "feature_code": "PPL", "population": 834, "pop_class": "<2,000", "ADMIN_NAME": "Nunavut", "Country_name": "Canada", "CNTRY": "CA" }, "geometry": { "type": "Point", "coordinates": [ -83.1765874, 64.1537702 ] } },
{ "type": "Feature", "properties": { "settlement_name": "Baker Lake", "country_code": "CA", "feature_code": "PPL", "population": 1584, "pop_class": "<2,000", "ADMIN_NAME": "Nunavut", "Country_name": "Canada", "CNTRY": "CA" }, "geometry": { "type": "Point", "coordinates": [ -96.0166563, 64.3169902 ] } },
{ "type": "Feature", "properties": { "settlement_name": "Norman Wells", "country_code": "CA", "feature_code": "PPL", "population": 1027, "pop_class": "<2,000", "ADMIN_NAME": "Northwest Territories", "Country_name": "Canada", "CNTRY": "CA" }, "geometry": { "type": "Point", "coordinates": [ -126.8499681, 65.283727 ] } },
{ "type": "Feature", "properties": { "settlement_name": "Fort McPherson", "country_code": "CA", "feature_code": "PPL", "population": 1069, "pop_class": "<2,000", "ADMIN_NAME": "Northwest Territories", "Country_name": "Canada", "CNTRY": "CA" }, "geometry": { "type": "Point", "coordinates": [ -134.8949809, 67.4915251 ] } },
{ "type": "Feature", "properties": { "settlement_name": "Burwash Landing", "country_code": "CA", "feature_code": "PPL", "population": 73, "pop_class": "<2,000", "ADMIN_NAME": "Yukon", "Country_name": "Canada", "CNTRY": "CA" }, "geometry": { "type": "Point", "coordinates": [ -139.000001700000013, 61.3503754 ] } },
{ "type": "Feature", "properties": { "settlement_name": "Kangirsuk", "country_code": "CA", "feature_code": "PPL", "population": 549, "pop_class": "<2,000", "ADMIN_NAME": "Nunavik", "Country_name": "Canada", "CNTRY": "CA" }, "geometry": { "type": "Point", "coordinates": [ -69.9990971, 60.0248232 ] } },
{ "type": "Feature", "properties": { "settlement_name": "Churchill Falls", "country_code": "CA", "feature_code": "PPL", "population": 100, "pop_class": "<2,000", "ADMIN_NAME": "Labrador", "Country_name": "Canada", "CNTRY": "CA" }, "geometry": { "type": "Point", "coordinates": [ -63.980679, 53.5264085 ] } },
{ "type": "Feature", "properties": { "settlement_name": "Gambell", "country_code": "US", "feature_code": "PPL", "population": 681, "pop_class": "<2,000", "ADMIN_NAME": "Alaska", "Country_name": "United States", "CNTRY": "US" }, "geometry": { "type": "Point", "coordinates": [ -171.731078700000012, 63.7797103 ] } },
{ "type": "Feature", "properties": { "settlement_name": "Palmer", "country_code": "US", "feature_code": "PPL", "population": 13111, "pop_class": "10,000–50,000", "ADMIN_NAME": "Alaska", "Country_name": "United States", "CNTRY": "US" }, "geometry": { "type": "Point", "coordinates": [ -149.112691899999987, 61.5997142 ] } },
{ "type": "Feature", "properties": { "settlement_name": "Seward", "country_code": "US", "feature_code": "PPL", "population": 2900, "pop_class": "2,000–5,000", "ADMIN_NAME": "Alaska", "Country_name": "United States", "CNTRY": "US" }, "geometry": { "type": "Point", "coordinates": [ -149.4699827, 60.1261607 ] } },
{ "type": "Feature", "properties": { "settlement_name": "Höfn", "country_code": "IS", "feature_code": "PPL", "population": 1695, "pop_class": "<2,000", "ADMIN_NAME": "Iceland", "Country_name": "Iceland", "CNTRY": "IS" }, "geometry": { "type": "Point", "coordinates": [ -15.2138595, 64.2723151 ] } },
{ "type": "Feature", "properties": { "settlement_name": "Svolvær", "country_code": "NO", "feature_code": "PPL", "population": 4197, "pop_class": "2,000–5,000", "ADMIN_NAME": "Nordland", "Country_name": "Norway", "CNTRY": "NO" }, "geometry": { "type": "Point", "coordinates": [ 14.5666971, 68.2332886 ] } },
{ "type": "Feature", "properties": { "settlement_name": "Mo i Rana", "country_code": "NO", "feature_code": "PPL", "population": 20409, "pop_class": "10,000–50,000", "ADMIN_NAME": "Nordland", "Country_name": "Norway", "CNTRY": "NO" }, "geometry": { "type": "Point", "coordinates": [ 14.1666699, 66.3166097 ] } },
{ "type": "Feature", "properties": { "settlement_name": "Narvik", "country_code": "NO", "feature_code": "PPL", "population": 20000, "pop_class": "10,000–50,000", "ADMIN_NAME": "Nordland", "Country_name": "Norway", "CNTRY": "NO" }, "geometry": { "type": "Point", "coordinates": [ 17.2899934, 68.3831502 ] } },
{ "type": "Feature", "properties": { "settlement_name": "Bodø", "country_code": "NO", "feature_code": "PPL", "population": 34073, "pop_class": "10,000–50,000", "ADMIN_NAME": "Nordland", "Country_name": "Norway", "CNTRY": "NO" }, "geometry": { "type": "Point", "coordinates": [ 14.4292849, 67.2764346 ] } },
{ "type": "Feature", "properties": { "settlement_name": "Alta", "country_code": "NO", "feature_code": "PPL", "population": 12077, "pop_class": "10,000–50,000", "ADMIN_NAME": "Finnmark", "Country_name": "Norway", "CNTRY": "NO" }, "geometry": { "type": "Point", "coordinates": [ 23.2416715, 69.9666453 ] } },
{ "type": "Feature", "properties": { "settlement_name": "Vadsø", "country_code": "NO", "feature_code": "PPL", "population": 5139, "pop_class": "5,000–10,000", "ADMIN_NAME": "Finnmark", "Country_name": "Norway", "CNTRY": "NO" }, "geometry": { "type": "Point", "coordinates": [ 29.7657493, 70.0965968 ] } },
{ "type": "Feature", "properties": { "settlement_name": "Omolon", "country_code": "RU", "feature_code": "PPL", "population": 1050, "pop_class": "<2,000", "ADMIN_NAME": "Chukotka Okrug", "Country_name": "Russia", "CNTRY": "RUS" }, "geometry": { "type": "Point", "coordinates": [ 160.50001180000001, 65.2499823 ] } },
{ "type": "Feature", "properties": { "settlement_name": "Pevek", "country_code": "RU", "feature_code": "PPL", "population": 4837, "pop_class": "2,000–5,000", "ADMIN_NAME": "Chukotka Okrug", "Country_name": "Russia", "CNTRY": "RUS" }, "geometry": { "type": "Point", "coordinates": [ 170.313314600000012, 69.7008218 ] } },
{ "type": "Feature", "properties": { "settlement_name": "Umba", "country_code": "RU", "feature_code": "PPL", "population": 6128, "pop_class": "5,000–10,000", "ADMIN_NAME": "Murmansk Oblast", "Country_name": "Russia", "CNTRY": "RUS" }, "geometry": { "type": "Point", "coordinates": [ 34.3455415, 66.6813937 ] } },
{ "type": "Feature", "properties": { "settlement_name": "Kovda", "country_code": "RU", "feature_code": "PPL", "population": 20, "pop_class": "<2,000", "ADMIN_NAME": "Murmansk Oblast", "Country_name": "Russia", "CNTRY": "RUS" }, "geometry": { "type": "Point", "coordinates": [ 32.8702311, 66.690282 ] } },
{ "type": "Feature", "properties": { "settlement_name": "Belomorsk", "country_code": "RU", "feature_code": "PPL", "population": 12165, "pop_class": "10,000–50,000", "ADMIN_NAME": "Karelian Republic", "Country_name": "Russia", "CNTRY": "RUS" }, "geometry": { "type": "Point", "coordinates": [ 34.765826, 64.5252204 ] } },
{ "type": "Feature", "properties": { "settlement_name": "Kem", "country_code": "RU", "feature_code": "PPL", "population": 13829, "pop_class": "10,000–50,000", "ADMIN_NAME": "Karelian Republic", "Country_name": "Russia", "CNTRY": "RUS" }, "geometry": { "type": "Point", "coordinates": [ 34.5683703, 64.9535921 ] } },
{ "type": "Feature", "properties": { "settlement_name": "Krasino", "country_code": "RU", "feature_code": "PPL", "population": 10, "pop_class": "<2,000", "ADMIN_NAME": "Arkhangel'sk Oblast", "Country_name": "Russia", "CNTRY": "RUS" }, "geometry": { "type": "Point", "coordinates": [ 54.420799, 70.7314484 ] } },
{ "type": "Feature", "properties": { "settlement_name": "Matočkin Šar", "country_code": "RU", "feature_code": "PPL", "population": 10, "pop_class": "<2,000", "ADMIN_NAME": "Arkhangel'sk Oblast", "Country_name": "Russia", "CNTRY": "RUS" }, "geometry": { "type": "Point", "coordinates": [ 56.4496968, 73.2699916 ] } },
{ "type": "Feature", "properties": { "settlement_name": "Severodvinsk", "country_code": "RU", "feature_code": "PPL", "population": 194292, "pop_class": ">50,000", "ADMIN_NAME": "Arkhangel'sk Oblast", "Country_name": "Russia", "CNTRY": "RUS" }, "geometry": { "type": "Point", "coordinates": [ 39.830013, 64.5700238 ] } },
{ "type": "Feature", "properties": { "settlement_name": "Indiga", "country_code": "RU", "feature_code": "PPL", "population": 10, "pop_class": "<2,000", "ADMIN_NAME": "Nenets Okrug", "Country_name": "Russia", "CNTRY": "RUS" }, "geometry": { "type": "Point", "coordinates": [ 49.0165948, 67.689754 ] } },
{ "type": "Feature", "properties": { "settlement_name": "Shoyna", "country_code": "RU", "feature_code": "PPL", "population": 300, "pop_class": "<2,000", "ADMIN_NAME": "Nenets Okrug", "Country_name": "Russia", "CNTRY": "RUS" }, "geometry": { "type": "Point", "coordinates": [ 44.1333679, 67.8666443 ] } },
{ "type": "Feature", "properties": { "settlement_name": "Novy Port", "country_code": "RU", "feature_code": "PPL", "population": 1790, "pop_class": "<2,000", "ADMIN_NAME": "Nenets Okrug", "Country_name": "Russia", "CNTRY": "RUS" }, "geometry": { "type": "Point", "coordinates": [ 72.9283028, 67.6983342 ] } },
{ "type": "Feature", "properties": { "settlement_name": "Novy Port", "country_code": "RU", "feature_code": "PPL", "population": 1790, "pop_class": "<2,000", "ADMIN_NAME": "Yamal-Nenets Okrug", "Country_name": "Russia", "CNTRY": "RUS" }, "geometry": { "type": "Point", "coordinates": [ 72.9283028, 67.6983342 ] } },
{ "type": "Feature", "properties": { "settlement_name": "Salekhard", "country_code": "RU", "feature_code": "PPL", "population": 38025, "pop_class": "10,000–50,000", "ADMIN_NAME": "Nenets Okrug", "Country_name": "Russia", "CNTRY": "RUS" }, "geometry": { "type": "Point", "coordinates": [ 66.6099804, 66.5350202 ] } },
{ "type": "Feature", "properties": { "settlement_name": "Salekhard", "country_code": "RU", "feature_code": "PPL", "population": 38025, "pop_class": "10,000–50,000", "ADMIN_NAME": "Yamal-Nenets Okrug", "Country_name": "Russia", "CNTRY": "RUS" }, "geometry": { "type": "Point", "coordinates": [ 66.6099804, 66.5350202 ] } },
{ "type": "Feature", "properties": { "settlement_name": "Gyda", "country_code": "RU", "feature_code": "PPL", "population": 10, "pop_class": "<2,000", "ADMIN_NAME": "Nenets Okrug", "Country_name": "Russia", "CNTRY": "RUS" }, "geometry": { "type": "Point", "coordinates": [ 78.4661043, 70.8814215 ] } },
{ "type": "Feature", "properties": { "settlement_name": "Gyda", "country_code": "RU", "feature_code": "PPL", "population": 10, "pop_class": "<2,000", "ADMIN_NAME": "Yamal-Nenets Okrug", "Country_name": "Russia", "CNTRY": "RUS" }, "geometry": { "type": "Point", "coordinates": [ 78.4661043, 70.8814215 ] } },
{ "type": "Feature", "properties": { "settlement_name": "Tazovsky", "country_code": "RU", "feature_code": "PPL", "population": 5981, "pop_class": "5,000–10,000", "ADMIN_NAME": "Nenets Okrug", "Country_name": "Russia", "CNTRY": "RUS" }, "geometry": { "type": "Point", "coordinates": [ 78.6999918, 67.4666687 ] } },
{ "type": "Feature", "properties": { "settlement_name": "Tazovsky", "country_code": "RU", "feature_code": "PPL", "population": 5981, "pop_class": "5,000–10,000", "ADMIN_NAME": "Yamal-Nenets Okrug", "Country_name": "Russia", "CNTRY": "RUS" }, "geometry": { "type": "Point", "coordinates": [ 78.6999918, 67.4666687 ] } },
{ "type": "Feature", "properties": { "settlement_name": "Novy Urengoy", "country_code": "RU", "feature_code": "PPL", "population": 94212, "pop_class": ">50,000", "ADMIN_NAME": "Nenets Okrug", "Country_name": "Russia", "CNTRY": "RUS" }, "geometry": { "type": "Point", "coordinates": [ 76.6332446, 66.0833165 ] } },
{ "type": "Feature", "properties": { "settlement_name": "Novy Urengoy", "country_code": "RU", "feature_code": "PPL", "population": 94212, "pop_class": ">50,000", "ADMIN_NAME": "Yamal-Nenets Okrug", "Country_name": "Russia", "CNTRY": "RUS" }, "geometry": { "type": "Point", "coordinates": [ 76.6332446, 66.0833165 ] } },
{ "type": "Feature", "properties": { "settlement_name": "Nadym", "country_code": "RU", "feature_code": "PPL", "population": 46339, "pop_class": "10,000–50,000", "ADMIN_NAME": "Nenets Okrug", "Country_name": "Russia", "CNTRY": "RUS" }, "geometry": { "type": "Point", "coordinates": [ 72.514788, 65.5298102 ] } },
{ "type": "Feature", "properties": { "settlement_name": "Nadym", "country_code": "RU", "feature_code": "PPL", "population": 46339, "pop_class": "10,000–50,000", "ADMIN_NAME": "Yamal-Nenets Okrug", "Country_name": "Russia", "CNTRY": "RUS" }, "geometry": { "type": "Point", "coordinates": [ 72.514788, 65.5298102 ] } },
{ "type": "Feature", "properties": { "settlement_name": "Noyabrsk", "country_code": "RU", "feature_code": "PPL", "population": 110572, "pop_class": ">50,000", "ADMIN_NAME": "Nenets Okrug", "Country_name": "Russia", "CNTRY": "RUS" }, "geometry": { "type": "Point", "coordinates": [ 75.6165108, 63.1665436 ] } },
{ "type": "Feature", "properties": { "settlement_name": "Noyabrsk", "country_code": "RU", "feature_code": "PPL", "population": 110572, "pop_class": ">50,000", "ADMIN_NAME": "Yamal-Nenets Okrug", "Country_name": "Russia", "CNTRY": "RUS" }, "geometry": { "type": "Point", "coordinates": [ 75.6165108, 63.1665436 ] } },
{ "type": "Feature", "properties": { "settlement_name": "Syktyvkar", "country_code": "RU", "feature_code": "PPL", "population": 230910, "pop_class": ">50,000", "ADMIN_NAME": "Respublika Komi", "Country_name": "Russia", "CNTRY": "RUS" }, "geometry": { "type": "Point", "coordinates": [ 50.8199882, 61.6599947 ] } },
{ "type": "Feature", "properties": { "settlement_name": "Ukhta", "country_code": "RU", "feature_code": "PPL", "population": 102187, "pop_class": ">50,000", "ADMIN_NAME": "Respublika Komi", "Country_name": "Russia", "CNTRY": "RUS" }, "geometry": { "type": "Point", "coordinates": [ 53.6899939, 63.5599821 ] } },
{ "type": "Feature", "properties": { "settlement_name": "Igrim", "country_code": "RU", "feature_code": "PPL", "population": 9545, "pop_class": "5,000–10,000", "ADMIN_NAME": "Khanty-Mansiy Okrug", "Country_name": "Russia", "CNTRY": "RUS" }, "geometry": { "type": "Point", "coordinates": [ 64.4194165, 63.193312 ] } },
{ "type": "Feature", "properties": { "settlement_name": "Nyagan", "country_code": "RU", "feature_code": "PPL", "population": 52137, "pop_class": ">50,000", "ADMIN_NAME": "Khanty-Mansiy Okrug", "Country_name": "Russia", "CNTRY": "RUS" }, "geometry": { "type": "Point", "coordinates": [ 65.3814249, 62.1465283 ] } },
{ "type": "Feature", "properties": { "settlement_name": "Khanty Mansiysk", "country_code": "RU", "feature_code": "PPL", "population": 67800, "pop_class": ">50,000", "ADMIN_NAME": "Khanty-Mansiy Okrug", "Country_name": "Russia", "CNTRY": "RUS" }, "geometry": { "type": "Point", "coordinates": [ 69.001514, 61.0015336 ] } },
{ "type": "Feature", "properties": { "settlement_name": "Nizhenvartovsk", "country_code": "RU", "feature_code": "PPL", "population": 244937, "pop_class": ">50,000", "ADMIN_NAME": "Khanty-Mansiy Okrug", "Country_name": "Russia", "CNTRY": "RUS" }, "geometry": { "type": "Point", "coordinates": [ 76.5800179, 60.9349744 ] } },
{ "type": "Feature", "properties": { "settlement_name": "Numto", "country_code": "RU", "feature_code": "PPL", "population": 10, "pop_class": "<2,000", "ADMIN_NAME": "Khanty-Mansiy Okrug", "Country_name": "Russia", "CNTRY": "RUS" }, "geometry": { "type": "Point", "coordinates": [ 71.3333097, 63.6667198 ] } },
{ "type": "Feature", "properties": { "settlement_name": "Tura", "country_code": "RU", "feature_code": "PPL", "population": 5444, "pop_class": "5,000–10,000", "ADMIN_NAME": "Evenki Okrug", "Country_name": "Russia", "CNTRY": "RUS" }, "geometry": { "type": "Point", "coordinates": [ 100.2500459, 64.2832971 ] } },
{ "type": "Feature", "properties": { "settlement_name": "Noginsk", "country_code": "RU", "feature_code": "PPL", "population": 229731, "pop_class": ">50,000", "ADMIN_NAME": "Evenki Okrug", "Country_name": "Russia", "CNTRY": "RUS" }, "geometry": { "type": "Point", "coordinates": [ 91.2333353, 64.4833108 ] } },
{ "type": "Feature", "properties": { "settlement_name": "Komsa", "country_code": "RU", "feature_code": "PPL", "population": 10, "pop_class": "<2,000", "ADMIN_NAME": "Krasnoyarsk kray", "Country_name": "Russia", "CNTRY": "RUS" }, "geometry": { "type": "Point", "coordinates": [ 89.2577453, 61.868044 ] } },
{ "type": "Feature", "properties": { "settlement_name": "Kansk", "country_code": "RU", "feature_code": "PPL", "population": 101502, "pop_class": ">50,000", "ADMIN_NAME": "Krasnoyarsk kray", "Country_name": "Russia", "CNTRY": "RUS" }, "geometry": { "type": "Point", "coordinates": [ 95.710013, 56.1900185 ] } },
{ "type": "Feature", "properties": { "settlement_name": "Achinsk", "country_code": "RU", "feature_code": "PPL", "population": 117634, "pop_class": ">50,000", "ADMIN_NAME": "Krasnoyarsk kray", "Country_name": "Russia", "CNTRY": "RUS" }, "geometry": { "type": "Point", "coordinates": [ 90.4999951, 56.2699878 ] } },
{ "type": "Feature", "properties": { "settlement_name": "Yeniseysk", "country_code": "RU", "feature_code": "PPL", "population": 19920, "pop_class": "10,000–50,000", "ADMIN_NAME": "Krasnoyarsk kray", "Country_name": "Russia", "CNTRY": "RUS" }, "geometry": { "type": "Point", "coordinates": [ 92.1565348, 58.4515084 ] } },
{ "type": "Feature", "properties": { "settlement_name": "Lesosibirsk", "country_code": "RU", "feature_code": "PPL", "population": 65945, "pop_class": ">50,000", "ADMIN_NAME": "Krasnoyarsk kray", "Country_name": "Russia", "CNTRY": "RUS" }, "geometry": { "type": "Point", "coordinates": [ 92.4832849, 58.2432524 ] } },
{ "type": "Feature", "properties": { "settlement_name": "Turukhansk", "country_code": "RU", "feature_code": "PPL", "population": 4774, "pop_class": "2,000–5,000", "ADMIN_NAME": "Krasnoyarsk kray", "Country_name": "Russia", "CNTRY": "RUS" }, "geometry": { "type": "Point", "coordinates": [ 87.9549825, 65.8381635 ] } },
{ "type": "Feature", "properties": { "settlement_name": "Vorontsovo", "country_code": "RU", "feature_code": "PPL", "population": 100, "pop_class": "<2,000", "ADMIN_NAME": "Taymyr Okrug", "Country_name": "Russia", "CNTRY": "RUS" }, "geometry": { "type": "Point", "coordinates": [ 83.564191, 71.6983226 ] } },
{ "type": "Feature", "properties": { "settlement_name": "Starorybnoye", "country_code": "RU", "feature_code": "PPL", "population": 10, "pop_class": "<2,000", "ADMIN_NAME": "Taymyr Okrug", "Country_name": "Russia", "CNTRY": "RUS" }, "geometry": { "type": "Point", "coordinates": [ 104.8000008, 72.7666036 ] } },
{ "type": "Feature", "properties": { "settlement_name": "Mikhaylova", "country_code": "RU", "feature_code": "PPL", "population": 10, "pop_class": "<2,000", "ADMIN_NAME": "Taymyr Okrug", "Country_name": "Russia", "CNTRY": "RUS" }, "geometry": { "type": "Point", "coordinates": [ 86.982432, 75.0949886 ] } },
{ "type": "Feature", "properties": { "settlement_name": "Dudinka", "country_code": "RU", "feature_code": "PPL", "population": 23619, "pop_class": "10,000–50,000", "ADMIN_NAME": "Taymyr Okrug", "Country_name": "Russia", "CNTRY": "RUS" }, "geometry": { "type": "Point", "coordinates": [ 86.2250105, 69.4182033 ] } },
{ "type": "Feature", "properties": { "settlement_name": "Kazachye", "country_code": "RU", "feature_code": "PPL", "population": -99, "pop_class": "<2,000", "ADMIN_NAME": "Sakha Republic (Yakutia)", "Country_name": "Russia", "CNTRY": "RUS" }, "geometry": { "type": "Point", "coordinates": [ 136.216636099999988, 70.733291 ] } },
{ "type": "Feature", "properties": { "settlement_name": "Verkhoyansk", "country_code": "RU", "feature_code": "PPL", "population": 1388, "pop_class": "<2,000", "ADMIN_NAME": "Sakha Republic (Yakutia)", "Country_name": "Russia", "CNTRY": "RUS" }, "geometry": { "type": "Point", "coordinates": [ 133.38497430000001, 67.5447001 ] } },
{ "type": "Feature", "properties": { "settlement_name": "Chersky", "country_code": "RU", "feature_code": "PPL", "population": 3707, "pop_class": "2,000–5,000", "ADMIN_NAME": "Sakha Republic (Yakutia)", "Country_name": "Russia", "CNTRY": "RUS" }, "geometry": { "type": "Point", "coordinates": [ 161.3300386, 68.7500529 ] } },
{ "type": "Feature", "properties": { "settlement_name": "Srednekolymsk", "country_code": "RU", "feature_code": "PPL", "population": 3459, "pop_class": "2,000–5,000", "ADMIN_NAME": "Sakha Republic (Yakutia)", "Country_name": "Russia", "CNTRY": "RUS" }, "geometry": { "type": "Point", "coordinates": [ 153.7100386, 67.4500031 ] } },
{ "type": "Feature", "properties": { "settlement_name": "Zyryanka", "country_code": "RU", "feature_code": "PPL", "population": 3627, "pop_class": "2,000–5,000", "ADMIN_NAME": "Sakha Republic (Yakutia)", "Country_name": "Russia", "CNTRY": "RUS" }, "geometry": { "type": "Point", "coordinates": [ 150.890004, 65.7359733 ] } },
{ "type": "Feature", "properties": { "settlement_name": "Eldikan", "country_code": "RU", "feature_code": "PPL", "population": 1516, "pop_class": "<2,000", "ADMIN_NAME": "Sakha Republic (Yakutia)", "Country_name": "Russia", "CNTRY": "RUS" }, "geometry": { "type": "Point", "coordinates": [ 135.183314200000012, 60.8000214 ] } },
{ "type": "Feature", "properties": { "settlement_name": "Chagda", "country_code": "RU", "feature_code": "PPL", "population": 10, "pop_class": "<2,000", "ADMIN_NAME": "Sakha Republic (Yakutia)", "Country_name": "Russia", "CNTRY": "RUS" }, "geometry": { "type": "Point", "coordinates": [ 133.8999816, 60.1000124 ] } },
{ "type": "Feature", "properties": { "settlement_name": "Khandyga", "country_code": "RU", "feature_code": "PPL", "population": 6796, "pop_class": "5,000–10,000", "ADMIN_NAME": "Sakha Republic (Yakutia)", "Country_name": "Russia", "CNTRY": "RUS" }, "geometry": { "type": "Point", "coordinates": [ 135.6000329, 62.6660057 ] } },
{ "type": "Feature", "properties": { "settlement_name": "Ust-Maya", "country_code": "RU", "feature_code": "PPL", "population": 3062, "pop_class": "2,000–5,000", "ADMIN_NAME": "Sakha Republic (Yakutia)", "Country_name": "Russia", "CNTRY": "RUS" }, "geometry": { "type": "Point", "coordinates": [ 134.5433016, 60.4565798 ] } },
{ "type": "Feature", "properties": { "settlement_name": "Neryungri", "country_code": "RU", "feature_code": "PPL", "population": 66320, "pop_class": ">50,000", "ADMIN_NAME": "Sakha Republic (Yakutia)", "Country_name": "Russia", "CNTRY": "RUS" }, "geometry": { "type": "Point", "coordinates": [ 124.7103617, 56.6740458 ] } },
{ "type": "Feature", "properties": { "settlement_name": "Chernyshevsky", "country_code": "RU", "feature_code": "PPL", "population": 5137, "pop_class": "5,000–10,000", "ADMIN_NAME": "Sakha Republic (Yakutia)", "Country_name": "Russia", "CNTRY": "RUS" }, "geometry": { "type": "Point", "coordinates": [ 112.4714188, 63.0127545 ] } },
{ "type": "Feature", "properties": { "settlement_name": "Terbyas", "country_code": "RU", "feature_code": "PPL", "population": 10, "pop_class": "<2,000", "ADMIN_NAME": "Sakha Republic (Yakutia)", "Country_name": "Russia", "CNTRY": "RUS" }, "geometry": { "type": "Point", "coordinates": [ 120.5468949, 64.3760822 ] } },
{ "type": "Feature", "properties": { "settlement_name": "Vilyuysk", "country_code": "RU", "feature_code": "PPL", "population": 9948, "pop_class": "5,000–10,000", "ADMIN_NAME": "Sakha Republic (Yakutia)", "Country_name": "Russia", "CNTRY": "RUS" }, "geometry": { "type": "Point", "coordinates": [ 121.6247619, 63.7552674 ] } },
{ "type": "Feature", "properties": { "settlement_name": "Sangar", "country_code": "RU", "feature_code": "PPL", "population": 4633, "pop_class": "2,000–5,000", "ADMIN_NAME": "Sakha Republic (Yakutia)", "Country_name": "Russia", "CNTRY": "RUS" }, "geometry": { "type": "Point", "coordinates": [ 127.4739139, 63.9241459 ] } },
{ "type": "Feature", "properties": { "settlement_name": "Menkere", "country_code": "RU", "feature_code": "PPL", "population": 10, "pop_class": "<2,000", "ADMIN_NAME": "Sakha Republic (Yakutia)", "Country_name": "Russia", "CNTRY": "RUS" }, "geometry": { "type": "Point", "coordinates": [ 123.3504964, 67.9886007 ] } },
{ "type": "Feature", "properties": { "settlement_name": "Saskylakh", "country_code": "RU", "feature_code": "PPL", "population": 1920, "pop_class": "<2,000", "ADMIN_NAME": "Sakha Republic (Yakutia)", "Country_name": "Russia", "CNTRY": "RUS" }, "geometry": { "type": "Point", "coordinates": [ 114.0833101, 71.9166297 ] } },
{ "type": "Feature", "properties": { "settlement_name": "Govorovo", "country_code": "RU", "feature_code": "PPL", "population": 943, "pop_class": "<2,000", "ADMIN_NAME": "Sakha Republic (Yakutia)", "Country_name": "Russia", "CNTRY": "RUS" }, "geometry": { "type": "Point", "coordinates": [ 125.9932808, 70.2113591 ] } },
{ "type": "Feature", "properties": { "settlement_name": "Sagastyr", "country_code": "RU", "feature_code": "PPL", "population": 10, "pop_class": "<2,000", "ADMIN_NAME": "Sakha Republic (Yakutia)", "Country_name": "Russia", "CNTRY": "RUS" }, "geometry": { "type": "Point", "coordinates": [ 126.5923521, 73.3779331 ] } },
{ "type": "Feature", "properties": { "settlement_name": "Ust-Olenyok", "country_code": "RU", "feature_code": "PPL", "population": 10, "pop_class": "<2,000", "ADMIN_NAME": "Sakha Republic (Yakutia)", "Country_name": "Russia", "CNTRY": "RUS" }, "geometry": { "type": "Point", "coordinates": [ 119.7729295, 72.997783 ] } },
{ "type": "Feature", "properties": { "settlement_name": "Suntar", "country_code": "RU", "feature_code": "PPL", "population": 8639, "pop_class": "5,000–10,000", "ADMIN_NAME": "Sakha Republic (Yakutia)", "Country_name": "Russia", "CNTRY": "RUS" }, "geometry": { "type": "Point", "coordinates": [ 117.6319307, 62.1444096 ] } },
{ "type": "Feature", "properties": { "settlement_name": "Olenyok", "country_code": "RU", "feature_code": "PPL", "population": 10, "pop_class": "<2,000", "ADMIN_NAME": "Sakha Republic (Yakutia)", "Country_name": "Russia", "CNTRY": "RUS" }, "geometry": { "type": "Point", "coordinates": [ 112.4500248, 68.5250021 ] } },
{ "type": "Feature", "properties": { "settlement_name": "Udachny", "country_code": "RU", "feature_code": "PPL", "population": 15266, "pop_class": "10,000–50,000", "ADMIN_NAME": "Sakha Republic (Yakutia)", "Country_name": "Russia", "CNTRY": "RUS" }, "geometry": { "type": "Point", "coordinates": [ 112.3965397, 66.4231665 ] } },
{ "type": "Feature", "properties": { "settlement_name": "Evensk", "country_code": "RU", "feature_code": "PPL", "population": 2024, "pop_class": "2,000–5,000", "ADMIN_NAME": "Magadan Oblast", "Country_name": "Russia", "CNTRY": "RUS" }, "geometry": { "type": "Point", "coordinates": [ 159.233319099999989, 61.949977 ] } },
{ "type": "Feature", "properties": { "settlement_name": "Palatka", "country_code": "RU", "feature_code": "PPL", "population": 21452, "pop_class": "10,000–50,000", "ADMIN_NAME": "Magadan Oblast", "Country_name": "Russia", "CNTRY": "RUS" }, "geometry": { "type": "Point", "coordinates": [ 150.8999776, 60.1000124 ] } },
{ "type": "Feature", "properties": { "settlement_name": "Omsukchan", "country_code": "RU", "feature_code": "PPL", "population": 4201, "pop_class": "2,000–5,000", "ADMIN_NAME": "Magadan Oblast", "Country_name": "Russia", "CNTRY": "RUS" }, "geometry": { "type": "Point", "coordinates": [ 155.800040200000012, 62.5332748 ] } },
{ "type": "Feature", "properties": { "settlement_name": "Susuman", "country_code": "RU", "feature_code": "PPL", "population": 7367, "pop_class": "5,000–10,000", "ADMIN_NAME": "Magadan Oblast", "Country_name": "Russia", "CNTRY": "RUS" }, "geometry": { "type": "Point", "coordinates": [ 148.166759399999989, 62.783337 ] } },
{ "type": "Feature", "properties": { "settlement_name": "Nogliki", "country_code": "RU", "feature_code": "PPL", "population": 10098, "pop_class": "10,000–50,000", "ADMIN_NAME": "Sakha Republic (Yakutia)", "Country_name": "Russia", "CNTRY": "RUS" }, "geometry": { "type": "Point", "coordinates": [ 143.1667028, 51.8332819 ] } },
{ "type": "Feature", "properties": { "settlement_name": "Aleksandrovsk Sakhalinskiy", "country_code": "RU", "feature_code": "PPL", "population": 12024, "pop_class": "10,000–50,000", "ADMIN_NAME": "Sakha Republic (Yakutia)", "Country_name": "Russia", "CNTRY": "RUS" }, "geometry": { "type": "Point", "coordinates": [ 142.1561185, 50.8974992 ] } },
{ "type": "Feature", "properties": { "settlement_name": "Korsakov", "country_code": "RU", "feature_code": "PPL", "population": 35091, "pop_class": "10,000–50,000", "ADMIN_NAME": "Sakha Republic (Yakutia)", "Country_name": "Russia", "CNTRY": "RUS" }, "geometry": { "type": "Point", "coordinates": [ 142.777476, 46.6424359 ] } },
{ "type": "Feature", "properties": { "settlement_name": "Manily", "country_code": "RU", "feature_code": "PPL", "population": 10, "pop_class": "<2,000", "ADMIN_NAME": "KoryakOkrg a Kamchatka", "Country_name": "Russia", "CNTRY": "RUS" }, "geometry": { "type": "Point", "coordinates": [ 165.3000288, 62.5499921 ] } },
{ "type": "Feature", "properties": { "settlement_name": "Oktyabrsky", "country_code": "RU", "feature_code": "PPL", "population": 1534, "pop_class": "<2,000", "ADMIN_NAME": "KoryakOkrg a Kamchatka", "Country_name": "Russia", "CNTRY": "RUS" }, "geometry": { "type": "Point", "coordinates": [ 156.2387215, 52.663593 ] } },
{ "type": "Feature", "properties": { "settlement_name": "Klyuchi", "country_code": "RU", "feature_code": "PPL", "population": 1089, "pop_class": "<2,000", "ADMIN_NAME": "KoryakOkrg a Kamchatka", "Country_name": "Russia", "CNTRY": "RUS" }, "geometry": { "type": "Point", "coordinates": [ 160.8500162, 56.2999601 ] } },
{ "type": "Feature", "properties": { "settlement_name": "Ust-Kamchatsk", "country_code": "RU", "feature_code": "PPL", "population": 4939, "pop_class": "2,000–5,000", "ADMIN_NAME": "KoryakOkrg a Kamchatka", "Country_name": "Russia", "CNTRY": "RUS" }, "geometry": { "type": "Point", "coordinates": [ 162.4349841, 56.2135055 ] } },
{ "type": "Feature", "properties": { "settlement_name": "Tórshavn", "country_code": "FO", "feature_code": "PPL", "population": 14398, "pop_class": "10,000–50,000", "ADMIN_NAME": "Faroe Islands", "Country_name": "Faroe Islands", "CNTRY": "FO" }, "geometry": { "type": "Point", "coordinates": [ -6.8200336, 62.0300238 ] } },
{ "type": "Feature", "properties": { "settlement_name": "Nord", "country_code": "GL", "feature_code": "PPL", "population": 10, "pop_class": "<2,000", "ADMIN_NAME": "Greenland", "Country_name": "Greenland", "CNTRY": "GL" }, "geometry": { "type": "Point", "coordinates": [ -17.8000352, 81.7166258 ] } },
{ "type": "Feature", "properties": { "settlement_name": "Kemijärvi", "country_code": "FI", "feature_code": "PPL", "population": 8883, "pop_class": "5,000–10,000", "ADMIN_NAME": "Lappi", "Country_name": "Finland", "CNTRY": "FI" }, "geometry": { "type": "Point", "coordinates": [ 27.4166621, 66.6666659 ] } },
{ "type": "Feature", "properties": { "settlement_name": "Ketchikan", "country_code": "US", "feature_code": "PPL", "population": 9070, "pop_class": "5,000–10,000", "ADMIN_NAME": "Alaska", "Country_name": "United States", "CNTRY": "US" }, "geometry": { "type": "Point", "coordinates": [ -131.663989500000014, 55.3562193 ] } },
{ "type": "Feature", "properties": { "settlement_name": "Unalaska", "country_code": "US", "feature_code": "PPL", "population": 3571, "pop_class": "2,000–5,000", "ADMIN_NAME": "Alaska", "Country_name": "United States", "CNTRY": "US" }, "geometry": { "type": "Point", "coordinates": [ -166.5316028, 53.868584 ] } },
{ "type": "Feature", "properties": { "settlement_name": "Togiak", "country_code": "US", "feature_code": "PPL", "population": 236, "pop_class": "<2,000", "ADMIN_NAME": "Alaska", "Country_name": "United States", "CNTRY": "US" }, "geometry": { "type": "Point", "coordinates": [ -160.3783234, 59.070361 ] } },
{ "type": "Feature", "properties": { "settlement_name": "Red Devil", "country_code": "US", "feature_code": "PPL", "population": 25, "pop_class": "<2,000", "ADMIN_NAME": "Alaska", "Country_name": "United States", "CNTRY": "US" }, "geometry": { "type": "Point", "coordinates": [ -157.3125273, 61.7609963 ] } },
{ "type": "Feature", "properties": { "settlement_name": "Hooper Bay", "country_code": "US", "feature_code": "PPL", "population": 1079, "pop_class": "<2,000", "ADMIN_NAME": "Alaska", "Country_name": "United States", "CNTRY": "US" }, "geometry": { "type": "Point", "coordinates": [ -166.09656480000001, 61.5310879 ] } },
{ "type": "Feature", "properties": { "settlement_name": "Wainwright", "country_code": "US", "feature_code": "PPL", "population": 174, "pop_class": "<2,000", "ADMIN_NAME": "Alaska", "Country_name": "United States", "CNTRY": "US" }, "geometry": { "type": "Point", "coordinates": [ -160.0383041, 70.6368887 ] } },
{ "type": "Feature", "properties": { "settlement_name": "Galena", "country_code": "US", "feature_code": "PPL", "population": 500, "pop_class": "<2,000", "ADMIN_NAME": "Alaska", "Country_name": "United States", "CNTRY": "US" }, "geometry": { "type": "Point", "coordinates": [ -156.926995299999987, 64.7332955 ] } },
{ "type": "Feature", "properties": { "settlement_name": "Kaktovik", "country_code": "US", "feature_code": "PPL", "population": 101, "pop_class": "<2,000", "ADMIN_NAME": "Alaska", "Country_name": "United States", "CNTRY": "US" }, "geometry": { "type": "Point", "coordinates": [ -143.602913199999989, 70.0878555 ] } },
{ "type": "Feature", "properties": { "settlement_name": "Skagway", "country_code": "US", "feature_code": "PPL", "population": 955, "pop_class": "<2,000", "ADMIN_NAME": "Alaska", "Country_name": "United States", "CNTRY": "US" }, "geometry": { "type": "Point", "coordinates": [ -135.3138959, 59.4583203 ] } },
{ "type": "Feature", "properties": { "settlement_name": "Cordova", "country_code": "US", "feature_code": "PPL", "population": 2257, "pop_class": "2,000–5,000", "ADMIN_NAME": "Alaska", "Country_name": "United States", "CNTRY": "US" }, "geometry": { "type": "Point", "coordinates": [ -145.7574962, 60.5427761 ] } },
{ "type": "Feature", "properties": { "settlement_name": "Kenai", "country_code": "US", "feature_code": "PPL", "population": 7610, "pop_class": "5,000–10,000", "ADMIN_NAME": "Alaska", "Country_name": "United States", "CNTRY": "US" }, "geometry": { "type": "Point", "coordinates": [ -151.2580131, 60.5543516 ] } },
{ "type": "Feature", "properties": { "settlement_name": "Fort Yukon", "country_code": "US", "feature_code": "PPL", "population": 833, "pop_class": "<2,000", "ADMIN_NAME": "Alaska", "Country_name": "United States", "CNTRY": "US" }, "geometry": { "type": "Point", "coordinates": [ -145.2737789, 66.5646824 ] } },
{ "type": "Feature", "properties": { "settlement_name": "Pangnirtung", "country_code": "CA", "feature_code": "PPL", "population": 1320, "pop_class": "<2,000", "ADMIN_NAME": "Nunavut", "Country_name": "Canada", "CNTRY": "CA" }, "geometry": { "type": "Point", "coordinates": [ -65.7500283, 66.1333134 ] } },
{ "type": "Feature", "properties": { "settlement_name": "Holman", "country_code": "CA", "feature_code": "PPL", "population": 500, "pop_class": "<2,000", "ADMIN_NAME": "Northwest Territories", "Country_name": "Canada", "CNTRY": "CA" }, "geometry": { "type": "Point", "coordinates": [ -117.7499809, 70.7333685 ] } },
{ "type": "Feature", "properties": { "settlement_name": "Ísafjörður", "country_code": "IS", "feature_code": "PPL", "population": 2534, "pop_class": "2,000–5,000", "ADMIN_NAME": "Iceland", "Country_name": "Iceland", "CNTRY": "IS" }, "geometry": { "type": "Point", "coordinates": [ -23.1499671, 66.0833165 ] } },
{ "type": "Feature", "properties": { "settlement_name": "Akureyri", "country_code": "IS", "feature_code": "PPL", "population": 16563, "pop_class": "10,000–50,000", "ADMIN_NAME": "Iceland", "Country_name": "Iceland", "CNTRY": "IS" }, "geometry": { "type": "Point", "coordinates": [ -18.1000169, 65.6665719 ] } },
{ "type": "Feature", "properties": { "settlement_name": "Keflavík", "country_code": "IS", "feature_code": "PPL", "population": 7930, "pop_class": "5,000–10,000", "ADMIN_NAME": "Iceland", "Country_name": "Iceland", "CNTRY": "IS" }, "geometry": { "type": "Point", "coordinates": [ -22.5665918, 64.0166467 ] } },
{ "type": "Feature", "properties": { "settlement_name": "Kiruna", "country_code": "SE", "feature_code": "PPL", "population": 18154, "pop_class": "10,000–50,000", "ADMIN_NAME": "Norrbotten", "Country_name": "Sweden", "CNTRY": "SE" }, "geometry": { "type": "Point", "coordinates": [ 20.2166365, 67.8500045 ] } },
{ "type": "Feature", "properties": { "settlement_name": "Umeå", "country_code": "SE", "feature_code": "PPL", "population": 78197, "pop_class": ">50,000", "ADMIN_NAME": "Västerbotten", "Country_name": "Sweden", "CNTRY": "SE" }, "geometry": { "type": "Point", "coordinates": [ 20.2399943, 63.8299915 ] } },
{ "type": "Feature", "properties": { "settlement_name": "Kirkenes", "country_code": "NO", "feature_code": "PPL", "population": 3282, "pop_class": "2,000–5,000", "ADMIN_NAME": "Finnmark", "Country_name": "Norway", "CNTRY": "NO" }, "geometry": { "type": "Point", "coordinates": [ 30.0516434, 69.7250063 ] } },
{ "type": "Feature", "properties": { "settlement_name": "Provideniya", "country_code": "RU", "feature_code": "PPL", "population": 2536, "pop_class": "2,000–5,000", "ADMIN_NAME": "Chukotka Okrug", "Country_name": "Russia", "CNTRY": "RUS" }, "geometry": { "type": "Point", "coordinates": [ -173.2257937, 64.4234953 ] } },
{ "type": "Feature", "properties": { "settlement_name": "Uelen", "country_code": "RU", "feature_code": "PPL", "population": 776, "pop_class": "<2,000", "ADMIN_NAME": "Chukotka Okrug", "Country_name": "Russia", "CNTRY": "RUS" }, "geometry": { "type": "Point", "coordinates": [ -169.8105835, 66.1541393 ] } },
{ "type": "Feature", "properties": { "settlement_name": "Kandalaksha", "country_code": "RU", "feature_code": "PPL", "population": 38126, "pop_class": "10,000–50,000", "ADMIN_NAME": "Murmansk Oblast", "Country_name": "Russia", "CNTRY": "RUS" }, "geometry": { "type": "Point", "coordinates": [ 32.4143933, 67.1643358 ] } },
{ "type": "Feature", "properties": { "settlement_name": "Kondopoga", "country_code": "RU", "feature_code": "PPL", "population": 34360, "pop_class": "10,000–50,000", "ADMIN_NAME": "Karelian Republic", "Country_name": "Russia", "CNTRY": "RUS" }, "geometry": { "type": "Point", "coordinates": [ 34.2886975, 62.2087209 ] } },
{ "type": "Feature", "properties": { "settlement_name": "Rusanovo", "country_code": "RU", "feature_code": "PPL", "population": 10, "pop_class": "<2,000", "ADMIN_NAME": "Arkhangel'sk Oblast", "Country_name": "Russia", "CNTRY": "RUS" }, "geometry": { "type": "Point", "coordinates": [ 56.372291, 70.5980736 ] } },
{ "type": "Feature", "properties": { "settlement_name": "Mezen", "country_code": "RU", "feature_code": "PPL", "population": 3672, "pop_class": "2,000–5,000", "ADMIN_NAME": "Arkhangel'sk Oblast", "Country_name": "Russia", "CNTRY": "RUS" }, "geometry": { "type": "Point", "coordinates": [ 44.240028, 65.8522195 ] } },
{ "type": "Feature", "properties": { "settlement_name": "Velsk", "country_code": "RU", "feature_code": "PPL", "population": 26300, "pop_class": "10,000–50,000", "ADMIN_NAME": "Arkhangel'sk Oblast", "Country_name": "Russia", "CNTRY": "RUS" }, "geometry": { "type": "Point", "coordinates": [ 42.0974198, 61.0673952 ] } },
{ "type": "Feature", "properties": { "settlement_name": "Kotlas", "country_code": "RU", "feature_code": "PPL", "population": 59879, "pop_class": ">50,000", "ADMIN_NAME": "Arkhangel'sk Oblast", "Country_name": "Russia", "CNTRY": "RUS" }, "geometry": { "type": "Point", "coordinates": [ 46.6630843, 61.2630681 ] } },
{ "type": "Feature", "properties": { "settlement_name": "Onega", "country_code": "RU", "feature_code": "PPL", "population": 22693, "pop_class": "10,000–50,000", "ADMIN_NAME": "Arkhangel'sk Oblast", "Country_name": "Russia", "CNTRY": "RUS" }, "geometry": { "type": "Point", "coordinates": [ 38.0771484, 63.9271432 ] } },
{ "type": "Feature", "properties": { "settlement_name": "Amderma", "country_code": "RU", "feature_code": "PPL", "population": 282, "pop_class": "<2,000", "ADMIN_NAME": "Nenets Okrug", "Country_name": "Russia", "CNTRY": "RUS" }, "geometry": { "type": "Point", "coordinates": [ 61.6676981, 69.7630143 ] } },
{ "type": "Feature", "properties": { "settlement_name": "Naryan Mar", "country_code": "RU", "feature_code": "PPL", "population": 21658, "pop_class": "10,000–50,000", "ADMIN_NAME": "Nenets Okrug", "Country_name": "Russia", "CNTRY": "RUS" }, "geometry": { "type": "Point", "coordinates": [ 53.0574226, 67.647407 ] } },
{ "type": "Feature", "properties": { "settlement_name": "Inta", "country_code": "RU", "feature_code": "PPL", "population": 22921, "pop_class": "10,000–50,000", "ADMIN_NAME": "Respublika Komi", "Country_name": "Russia", "CNTRY": "RUS" }, "geometry": { "type": "Point", "coordinates": [ 60.1674279, 66.0374278 ] } },
{ "type": "Feature", "properties": { "settlement_name": "Usinsk", "country_code": "RU", "feature_code": "PPL", "population": 45000, "pop_class": "10,000–50,000", "ADMIN_NAME": "Respublika Komi", "Country_name": "Russia", "CNTRY": "RUS" }, "geometry": { "type": "Point", "coordinates": [ 57.4029972, 65.923042 ] } },
{ "type": "Feature", "properties": { "settlement_name": "Pechora", "country_code": "RU", "feature_code": "PPL", "population": 46113, "pop_class": "10,000–50,000", "ADMIN_NAME": "Respublika Komi", "Country_name": "Russia", "CNTRY": "RUS" }, "geometry": { "type": "Point", "coordinates": [ 57.2087455, 65.1587476 ] } },
{ "type": "Feature", "properties": { "settlement_name": "Kemi", "country_code": "FI", "feature_code": "PPL", "population": 22641, "pop_class": "10,000–50,000", "ADMIN_NAME": "Lappi", "Country_name": "Finland", "CNTRY": "FI" }, "geometry": { "type": "Point", "coordinates": [ 24.5816931, 65.733312 ] } },
{ "type": "Feature", "properties": { "settlement_name": "Oulu", "country_code": "FI", "feature_code": "PPL", "population": 136752, "pop_class": ">50,000", "ADMIN_NAME": "Norra Österbotten", "Country_name": "Finland", "CNTRY": "FI" }, "geometry": { "type": "Point", "coordinates": [ 25.4700109, 64.9999976 ] } },
{ "type": "Feature", "properties": { "settlement_name": "Pond Inlet", "country_code": "CA", "feature_code": "PPL", "population": 1549, "pop_class": "<2,000", "ADMIN_NAME": "Nunavut", "Country_name": "Canada", "CNTRY": "CA" }, "geometry": { "type": "Point", "coordinates": [ -78.0000558, 72.6849807 ] } },
{ "type": "Feature", "properties": { "settlement_name": "Cape Dorset", "country_code": "CA", "feature_code": "PPL", "population": 1326, "pop_class": "<2,000", "ADMIN_NAME": "Nunavut", "Country_name": "Canada", "CNTRY": "CA" }, "geometry": { "type": "Point", "coordinates": [ -76.5385786, 64.3125197 ] } },
{ "type": "Feature", "properties": { "settlement_name": "Kimmirut", "country_code": "CA", "feature_code": "PPL", "population": 385, "pop_class": "<2,000", "ADMIN_NAME": "Nunavut", "Country_name": "Canada", "CNTRY": "CA" }, "geometry": { "type": "Point", "coordinates": [ -69.8833161, 62.8500255 ] } },
{ "type": "Feature", "properties": { "settlement_name": "Gjoa Haven", "country_code": "CA", "feature_code": "PPL", "population": 1109, "pop_class": "<2,000", "ADMIN_NAME": "Nunavut", "Country_name": "Canada", "CNTRY": "CA" }, "geometry": { "type": "Point", "coordinates": [ -95.9166624, 68.63329 ] } },
{ "type": "Feature", "properties": { "settlement_name": "Grise Fiord", "country_code": "CA", "feature_code": "PPL", "population": 23, "pop_class": "<2,000", "ADMIN_NAME": "Nunavut", "Country_name": "Canada", "CNTRY": "CA" }, "geometry": { "type": "Point", "coordinates": [ -82.9499862, 76.4416506 ] } },
{ "type": "Feature", "properties": { "settlement_name": "Alert", "country_code": "CA", "feature_code": "PPL", "population": 125, "pop_class": "<2,000", "ADMIN_NAME": "Nunavut", "Country_name": "Canada", "CNTRY": "CA" }, "geometry": { "type": "Point", "coordinates": [ -62.2499836, 82.4833232 ] } },
{ "type": "Feature", "properties": { "settlement_name": "Ennadai", "country_code": "CA", "feature_code": "PPL", "population": 0, "pop_class": "<2,000", "ADMIN_NAME": "Nunavut", "Country_name": "Canada", "CNTRY": "CA" }, "geometry": { "type": "Point", "coordinates": [ -100.883336, 61.1332827 ] } },
{ "type": "Feature", "properties": { "settlement_name": "Rankin Inlet", "country_code": "CA", "feature_code": "PPL", "population": 2472, "pop_class": "2,000–5,000", "ADMIN_NAME": "Nunavut", "Country_name": "Canada", "CNTRY": "CA" }, "geometry": { "type": "Point", "coordinates": [ -92.0953195, 62.8166683 ] } },
{ "type": "Feature", "properties": { "settlement_name": "Fort Resolution", "country_code": "CA", "feature_code": "PPL", "population": 448, "pop_class": "<2,000", "ADMIN_NAME": "Northwest Territories", "Country_name": "Canada", "CNTRY": "CA" }, "geometry": { "type": "Point", "coordinates": [ -113.682994, 61.1665882 ] } },
{ "type": "Feature", "properties": { "settlement_name": "Fort Simpson", "country_code": "CA", "feature_code": "PPL", "population": 283, "pop_class": "<2,000", "ADMIN_NAME": "Northwest Territories", "Country_name": "Canada", "CNTRY": "CA" }, "geometry": { "type": "Point", "coordinates": [ -121.3332764, 61.8499831 ] } },
{ "type": "Feature", "properties": { "settlement_name": "Inuvik", "country_code": "CA", "feature_code": "PPL", "population": 3022, "pop_class": "2,000–5,000", "ADMIN_NAME": "Northwest Territories", "Country_name": "Canada", "CNTRY": "CA" }, "geometry": { "type": "Point", "coordinates": [ -133.6999893, 68.349974 ] } },
{ "type": "Feature", "properties": { "settlement_name": "Tuktoyaktuk", "country_code": "CA", "feature_code": "PPL", "population": 929, "pop_class": "<2,000", "ADMIN_NAME": "Northwest Territories", "Country_name": "Canada", "CNTRY": "CA" }, "geometry": { "type": "Point", "coordinates": [ -133.0492013, 69.4547746 ] } },
{ "type": "Feature", "properties": { "settlement_name": "Watson Lake", "country_code": "CA", "feature_code": "PPL", "population": 802, "pop_class": "<2,000", "ADMIN_NAME": "Yukon", "Country_name": "Canada", "CNTRY": "CA" }, "geometry": { "type": "Point", "coordinates": [ -128.711692444487852, 60.062305630873361 ] } },
{ "type": "Feature", "properties": { "settlement_name": "Inukjuak", "country_code": "CA", "feature_code": "PPL", "population": 1597, "pop_class": "<2,000", "ADMIN_NAME": "Nunavik", "Country_name": "Canada", "CNTRY": "CA" }, "geometry": { "type": "Point", "coordinates": [ -78.1359906, 58.4700086 ] } },
{ "type": "Feature", "properties": { "settlement_name": "Rigolet", "country_code": "CA", "feature_code": "PPL", "population": 124, "pop_class": "<2,000", "ADMIN_NAME": "Labrador", "Country_name": "Canada", "CNTRY": "CA" }, "geometry": { "type": "Point", "coordinates": [ -58.4473216, 54.1766014 ] } },
{ "type": "Feature", "properties": { "settlement_name": "Port Burwell", "country_code": "CA", "feature_code": "PPL", "population": 2762, "pop_class": "2,000–5,000", "ADMIN_NAME": "Labrador", "Country_name": "Canada", "CNTRY": "CA" }, "geometry": { "type": "Point", "coordinates": [ -64.7410977, 60.2664622 ] } },
{ "type": "Feature", "properties": { "settlement_name": "Sitka", "country_code": "US", "feature_code": "PPL", "population": 8931, "pop_class": "5,000–10,000", "ADMIN_NAME": "Alaska", "Country_name": "United States", "CNTRY": "US" }, "geometry": { "type": "Point", "coordinates": [ -135.3275494, 57.0603977 ] } },
{ "type": "Feature", "properties": { "settlement_name": "Luleå", "country_code": "SE", "feature_code": "PPL", "population": 48638, "pop_class": "10,000–50,000", "ADMIN_NAME": "Norrbotten", "Country_name": "Sweden", "CNTRY": "SE" }, "geometry": { "type": "Point", "coordinates": [ 22.1583783, 65.5966348 ] } },
{ "type": "Feature", "properties": { "settlement_name": "Hammerfest", "country_code": "NO", "feature_code": "PPL", "population": 10000, "pop_class": "10,000–50,000", "ADMIN_NAME": "Finnmark", "Country_name": "Norway", "CNTRY": "NO" }, "geometry": { "type": "Point", "coordinates": [ 23.6880009, 70.6612799 ] } },
{ "type": "Feature", "properties": { "settlement_name": "Ugolnye Kopi", "country_code": "RU", "feature_code": "PPL", "population": 3367, "pop_class": "2,000–5,000", "ADMIN_NAME": "Chukotka Okrug", "Country_name": "Russia", "CNTRY": "RUS" }, "geometry": { "type": "Point", "coordinates": [ 177.6999955, 64.7332955 ] } },
{ "type": "Feature", "properties": { "settlement_name": "Petrozavodsk", "country_code": "RU", "feature_code": "PPL", "population": 265025, "pop_class": ">50,000", "ADMIN_NAME": "Karelian Republic", "Country_name": "Russia", "CNTRY": "RUS" }, "geometry": { "type": "Point", "coordinates": [ 34.36122287793718, 61.781318478265966 ] } },
{ "type": "Feature", "properties": { "settlement_name": "Vorkuta", "country_code": "RU", "feature_code": "PPL", "population": 80039, "pop_class": ">50,000", "ADMIN_NAME": "Respublika Komi", "Country_name": "Russia", "CNTRY": "RUS" }, "geometry": { "type": "Point", "coordinates": [ 64.0099841, 67.5 ] } },
{ "type": "Feature", "properties": { "settlement_name": "Norilsk", "country_code": "RU", "feature_code": "PPL", "population": 165873, "pop_class": ">50,000", "ADMIN_NAME": "Taymyr Okrug", "Country_name": "Russia", "CNTRY": "RUS" }, "geometry": { "type": "Point", "coordinates": [ 88.2249918, 69.3400169 ] } },
{ "type": "Feature", "properties": { "settlement_name": "Khatanga", "country_code": "RU", "feature_code": "PPL", "population": 3205, "pop_class": "2,000–5,000", "ADMIN_NAME": "Taymyr Okrug", "Country_name": "Russia", "CNTRY": "RUS" }, "geometry": { "type": "Point", "coordinates": [ 102.4650012, 72.041144 ] } },
{ "type": "Feature", "properties": { "settlement_name": "Ambarchik", "country_code": "RU", "feature_code": "PPL", "population": 0, "pop_class": "<2,000", "ADMIN_NAME": "Sakha Republic (Yakutia)", "Country_name": "Russia", "CNTRY": "RUS" }, "geometry": { "type": "Point", "coordinates": [ 162.3335949, 69.6510057 ] } },
{ "type": "Feature", "properties": { "settlement_name": "Batagay", "country_code": "RU", "feature_code": "PPL", "population": 4266, "pop_class": "2,000–5,000", "ADMIN_NAME": "Sakha Republic (Yakutia)", "Country_name": "Russia", "CNTRY": "RUS" }, "geometry": { "type": "Point", "coordinates": [ 134.6350272, 67.6559853 ] } },
{ "type": "Feature", "properties": { "settlement_name": "Chokurdakh", "country_code": "RU", "feature_code": "PPL", "population": 2506, "pop_class": "2,000–5,000", "ADMIN_NAME": "Sakha Republic (Yakutia)", "Country_name": "Russia", "CNTRY": "RUS" }, "geometry": { "type": "Point", "coordinates": [ 147.894579599999986, 70.618311 ] } },
{ "type": "Feature", "properties": { "settlement_name": "Ust-Nera", "country_code": "RU", "feature_code": "PPL", "population": 9148, "pop_class": "5,000–10,000", "ADMIN_NAME": "Sakha Republic (Yakutia)", "Country_name": "Russia", "CNTRY": "RUS" }, "geometry": { "type": "Point", "coordinates": [ 143.1999825, 64.5665873 ] } },
{ "type": "Feature", "properties": { "settlement_name": "Lensk", "country_code": "RU", "feature_code": "PPL", "population": 25589, "pop_class": "10,000–50,000", "ADMIN_NAME": "Sakha Republic (Yakutia)", "Country_name": "Russia", "CNTRY": "RUS" }, "geometry": { "type": "Point", "coordinates": [ 114.94703, 60.7252714 ] } },
{ "type": "Feature", "properties": { "settlement_name": "Aldan", "country_code": "RU", "feature_code": "PPL", "population": 24426, "pop_class": "10,000–50,000", "ADMIN_NAME": "Sakha Republic (Yakutia)", "Country_name": "Russia", "CNTRY": "RUS" }, "geometry": { "type": "Point", "coordinates": [ 125.38939, 58.6029979 ] } },
{ "type": "Feature", "properties": { "settlement_name": "Mirny", "country_code": "RU", "feature_code": "PPL", "population": 40308, "pop_class": "10,000–50,000", "ADMIN_NAME": "Sakha Republic (Yakutia)", "Country_name": "Russia", "CNTRY": "RUS" }, "geometry": { "type": "Point", "coordinates": [ 113.9613537, 62.5400185 ] } },
{ "type": "Feature", "properties": { "settlement_name": "Zhigansk", "country_code": "RU", "feature_code": "PPL", "population": 3237, "pop_class": "2,000–5,000", "ADMIN_NAME": "Sakha Republic (Yakutia)", "Country_name": "Russia", "CNTRY": "RUS" }, "geometry": { "type": "Point", "coordinates": [ 123.3711153, 66.7697087 ] } },
{ "type": "Feature", "properties": { "settlement_name": "Okha", "country_code": "RU", "feature_code": "PPL", "population": 26560, "pop_class": "10,000–50,000", "ADMIN_NAME": "Sakha Republic (Yakutia)", "Country_name": "Russia", "CNTRY": "RUS" }, "geometry": { "type": "Point", "coordinates": [ 142.9478531, 53.5738991 ] } },
{ "type": "Feature", "properties": { "settlement_name": "Yuzhno Sakhalinsk", "country_code": "RU", "feature_code": "PPL", "population": 176484, "pop_class": ">50,000", "ADMIN_NAME": "Sakha Republic (Yakutia)", "Country_name": "Russia", "CNTRY": "RUS" }, "geometry": { "type": "Point", "coordinates": [ 142.740010500000011, 46.9649744 ] } },
{ "type": "Feature", "properties": { "settlement_name": "Rovaniemi", "country_code": "FI", "feature_code": "PPL", "population": 34781, "pop_class": "10,000–50,000", "ADMIN_NAME": "Lappi", "Country_name": "Finland", "CNTRY": "FI" }, "geometry": { "type": "Point", "coordinates": [ 25.7159391, 66.5000352 ] } },
{ "type": "Feature", "properties": { "settlement_name": "Iqaluit", "country_code": "CA", "feature_code": "PPL", "population": 6124, "pop_class": "5,000–10,000", "ADMIN_NAME": "Nunavut", "Country_name": "Canada", "CNTRY": "CA" }, "geometry": { "type": "Point", "coordinates": [ -68.5001917, 63.7504594 ] } },
{ "type": "Feature", "properties": { "settlement_name": "Cambridge Bay", "country_code": "CA", "feature_code": "PPL", "population": 1477, "pop_class": "<2,000", "ADMIN_NAME": "Nunavut", "Country_name": "Canada", "CNTRY": "CA" }, "geometry": { "type": "Point", "coordinates": [ -105.0333153, 69.1169556 ] } },
{ "type": "Feature", "properties": { "settlement_name": "Kugluktuk", "country_code": "CA", "feature_code": "PPL", "population": 1302, "pop_class": "<2,000", "ADMIN_NAME": "Nunavut", "Country_name": "Canada", "CNTRY": "CA" }, "geometry": { "type": "Point", "coordinates": [ -115.1253504, 67.7986628 ] } },
{ "type": "Feature", "properties": { "settlement_name": "Chesterfield Inlet", "country_code": "CA", "feature_code": "PPL", "population": 374, "pop_class": "<2,000", "ADMIN_NAME": "Nunavut", "Country_name": "Canada", "CNTRY": "CA" }, "geometry": { "type": "Point", "coordinates": [ -90.7000816, 63.3382902 ] } },
{ "type": "Feature", "properties": { "settlement_name": "Arviat", "country_code": "CA", "feature_code": "PPL", "population": 1868, "pop_class": "<2,000", "ADMIN_NAME": "Nunavut", "Country_name": "Canada", "CNTRY": "CA" }, "geometry": { "type": "Point", "coordinates": [ -94.0586067, 61.1085921 ] } },
{ "type": "Feature", "properties": { "settlement_name": "Taloyoak", "country_code": "CA", "feature_code": "PPL", "population": 774, "pop_class": "<2,000", "ADMIN_NAME": "Nunavut", "Country_name": "Canada", "CNTRY": "CA" }, "geometry": { "type": "Point", "coordinates": [ -93.5333195, 69.5333126 ] } },
{ "type": "Feature", "properties": { "settlement_name": "Igloolik", "country_code": "CA", "feature_code": "PPL", "population": 1612, "pop_class": "<2,000", "ADMIN_NAME": "Nunavut", "Country_name": "Canada", "CNTRY": "CA" }, "geometry": { "type": "Point", "coordinates": [ -81.7935921, 69.2565351 ] } },
{ "type": "Feature", "properties": { "settlement_name": "Dawson City", "country_code": "CA", "feature_code": "PPL", "population": 1319, "pop_class": "<2,000", "ADMIN_NAME": "Yukon", "Country_name": "Canada", "CNTRY": "CA" }, "geometry": { "type": "Point", "coordinates": [ -139.4166687, 64.0666437 ] } },
{ "type": "Feature", "properties": { "settlement_name": "Kuujjuarapik", "country_code": "CA", "feature_code": "PPL", "population": 1243, "pop_class": "<2,000", "ADMIN_NAME": "Nunavik", "Country_name": "Canada", "CNTRY": "CA" }, "geometry": { "type": "Point", "coordinates": [ -77.7658324, 55.2814952 ] } },
{ "type": "Feature", "properties": { "settlement_name": "Kuujjuaq", "country_code": "CA", "feature_code": "PPL", "population": 1273, "pop_class": "<2,000", "ADMIN_NAME": "Nunavik", "Country_name": "Canada", "CNTRY": "CA" }, "geometry": { "type": "Point", "coordinates": [ -68.3999958, 58.1000053 ] } },
{ "type": "Feature", "properties": { "settlement_name": "Labrador City", "country_code": "CA", "feature_code": "PPL", "population": 10313, "pop_class": "10,000–50,000", "ADMIN_NAME": "Labrador", "Country_name": "Canada", "CNTRY": "CA" }, "geometry": { "type": "Point", "coordinates": [ -66.9158745, 52.9414313 ] } },
{ "type": "Feature", "properties": { "settlement_name": "Kodiak", "country_code": "US", "feature_code": "PPL", "population": 9461, "pop_class": "5,000–10,000", "ADMIN_NAME": "Alaska", "Country_name": "United States", "CNTRY": "US" }, "geometry": { "type": "Point", "coordinates": [ -152.4069869, 57.7899984 ] } },
{ "type": "Feature", "properties": { "settlement_name": "Cold Bay", "country_code": "US", "feature_code": "PPL", "population": 200, "pop_class": "<2,000", "ADMIN_NAME": "Alaska", "Country_name": "United States", "CNTRY": "US" }, "geometry": { "type": "Point", "coordinates": [ -162.7150916, 55.2000014 ] } },
{ "type": "Feature", "properties": { "settlement_name": "Bethel", "country_code": "US", "feature_code": "PPL", "population": 6228, "pop_class": "5,000–10,000", "ADMIN_NAME": "Alaska", "Country_name": "United States", "CNTRY": "US" }, "geometry": { "type": "Point", "coordinates": [ -161.7557961, 60.7933034 ] } },
{ "type": "Feature", "properties": { "settlement_name": "Point Hope", "country_code": "US", "feature_code": "PPL", "population": 461, "pop_class": "<2,000", "ADMIN_NAME": "Alaska", "Country_name": "United States", "CNTRY": "US" }, "geometry": { "type": "Point", "coordinates": [ -166.8080201, 68.3477261 ] } },
{ "type": "Feature", "properties": { "settlement_name": "Utqiaġvik", "country_code": "US", "feature_code": "PPL", "population": 4336, "pop_class": "2,000–5,000", "ADMIN_NAME": "Alaska", "Country_name": "United States", "CNTRY": "US" }, "geometry": { "type": "Point", "coordinates": [ -156.78858, 71.2905697 ] } },
{ "type": "Feature", "properties": { "settlement_name": "Nome", "country_code": "US", "feature_code": "PPL", "population": 3485, "pop_class": "2,000–5,000", "ADMIN_NAME": "Alaska", "Country_name": "United States", "CNTRY": "US" }, "geometry": { "type": "Point", "coordinates": [ -165.4063744, 64.5061001 ] } },
{ "type": "Feature", "properties": { "settlement_name": "Valdez", "country_code": "US", "feature_code": "PPL", "population": 4036, "pop_class": "2,000–5,000", "ADMIN_NAME": "Alaska", "Country_name": "United States", "CNTRY": "US" }, "geometry": { "type": "Point", "coordinates": [ -146.348287, 61.1359957 ] } },
{ "type": "Feature", "properties": { "settlement_name": "Juneau", "country_code": "US", "feature_code": "PPL", "population": 30711, "pop_class": "10,000–50,000", "ADMIN_NAME": "Alaska", "Country_name": "United States", "CNTRY": "US" }, "geometry": { "type": "Point", "coordinates": [ -134.400712046549245, 58.303386246371936 ] } },
{ "type": "Feature", "properties": { "settlement_name": "Fairbanks", "country_code": "US", "feature_code": "PPL", "population": 56993, "pop_class": ">50,000", "ADMIN_NAME": "Alaska", "Country_name": "United States", "CNTRY": "US" }, "geometry": { "type": "Point", "coordinates": [ -147.710658599999988, 64.8369843 ] } },
{ "type": "Feature", "properties": { "settlement_name": "Prudhoe Bay", "country_code": "US", "feature_code": "PPL", "population": 2500, "pop_class": "2,000–5,000", "ADMIN_NAME": "Alaska", "Country_name": "United States", "CNTRY": "US" }, "geometry": { "type": "Point", "coordinates": [ -148.6693598, 70.292181 ] } },
{ "type": "Feature", "properties": { "settlement_name": "Reykjavík", "country_code": "IS", "feature_code": "PPL", "population": 166212, "pop_class": ">50,000", "ADMIN_NAME": "Iceland", "Country_name": "Iceland", "CNTRY": "IS" }, "geometry": { "type": "Point", "coordinates": [ -21.936546009025054, 64.143459463170331 ] } },
{ "type": "Feature", "properties": { "settlement_name": "Tromsø", "country_code": "NO", "feature_code": "PPL", "population": 52436, "pop_class": ">50,000", "ADMIN_NAME": "Troms", "Country_name": "Norway", "CNTRY": "NO" }, "geometry": { "type": "Point", "coordinates": [ 18.9920252, 69.6350762 ] } },
{ "type": "Feature", "properties": { "settlement_name": "Anadyr", "country_code": "RU", "feature_code": "PPL", "population": 10332, "pop_class": "10,000–50,000", "ADMIN_NAME": "Chukotka Okrug", "Country_name": "Russia", "CNTRY": "RUS" }, "geometry": { "type": "Point", "coordinates": [ 177.474996299999987, 64.7369904 ] } },
{ "type": "Feature", "properties": { "settlement_name": "Murmansk", "country_code": "RU", "feature_code": "PPL", "population": 319263, "pop_class": ">50,000", "ADMIN_NAME": "Murmansk Oblast", "Country_name": "Russia", "CNTRY": "RUS" }, "geometry": { "type": "Point", "coordinates": [ 33.1000362, 68.9699878 ] } },
{ "type": "Feature", "properties": { "settlement_name": "Archangel", "country_code": "RU", "feature_code": "PPL", "population": 356051, "pop_class": ">50,000", "ADMIN_NAME": "Arkhangel'sk Oblast", "Country_name": "Russia", "CNTRY": "RUS" }, "geometry": { "type": "Point", "coordinates": [ 40.5450081, 64.5749589 ] } },
{ "type": "Feature", "properties": { "settlement_name": "Surgut", "country_code": "RU", "feature_code": "PPL", "population": 400000, "pop_class": ">50,000", "ADMIN_NAME": "Khanty-Mansiy Okrug", "Country_name": "Russia", "CNTRY": "RUS" }, "geometry": { "type": "Point", "coordinates": [ 73.4250166, 61.2599416 ] } },
{ "type": "Feature", "properties": { "settlement_name": "Krasnoyarsk", "country_code": "RU", "feature_code": "PPL", "population": 925000, "pop_class": ">50,000", "ADMIN_NAME": "Krasnoyarsk kray", "Country_name": "Russia", "CNTRY": "RUS" }, "geometry": { "type": "Point", "coordinates": [ 92.8640547, 56.0159286 ] } },
{ "type": "Feature", "properties": { "settlement_name": "Dikson", "country_code": "RU", "feature_code": "PPL", "population": 1113, "pop_class": "<2,000", "ADMIN_NAME": "Taymyr Okrug", "Country_name": "Russia", "CNTRY": "RUS" }, "geometry": { "type": "Point", "coordinates": [ 80.5450988, 73.5069719 ] } },
{ "type": "Feature", "properties": { "settlement_name": "Nizhneyansk", "country_code": "RU", "feature_code": "PPL", "population": 400, "pop_class": "<2,000", "ADMIN_NAME": "Sakha Republic (Yakutia)", "Country_name": "Russia", "CNTRY": "RUS" }, "geometry": { "type": "Point", "coordinates": [ 136.0666194, 71.4333258 ] } },
{ "type": "Feature", "properties": { "settlement_name": "Yakutsk", "country_code": "RU", "feature_code": "PPL", "population": 235600, "pop_class": ">50,000", "ADMIN_NAME": "Sakha Republic (Yakutia)", "Country_name": "Russia", "CNTRY": "RUS" }, "geometry": { "type": "Point", "coordinates": [ 129.7350162, 62.0349589 ] } },
{ "type": "Feature", "properties": { "settlement_name": "Tiksi", "country_code": "RU", "feature_code": "PPL", "population": 5700, "pop_class": "5,000–10,000", "ADMIN_NAME": "Sakha Republic (Yakutia)", "Country_name": "Russia", "CNTRY": "RUS" }, "geometry": { "type": "Point", "coordinates": [ 128.834966799999989, 71.6268855 ] } },
{ "type": "Feature", "properties": { "settlement_name": "Magadan", "country_code": "RU", "feature_code": "PPL", "population": 95282, "pop_class": ">50,000", "ADMIN_NAME": "Magadan Oblast", "Country_name": "Russia", "CNTRY": "RUS" }, "geometry": { "type": "Point", "coordinates": [ 150.810008900000014, 59.5749799 ] } },
{ "type": "Feature", "properties": { "settlement_name": "Palana", "country_code": "RU", "feature_code": "PPL", "population": 3671, "pop_class": "2,000–5,000", "ADMIN_NAME": "KoryakOkrg a Kamchatka", "Country_name": "Russia", "CNTRY": "RUS" }, "geometry": { "type": "Point", "coordinates": [ 159.9500195, 59.0840021 ] } },
{ "type": "Feature", "properties": { "settlement_name": "Petropavlovsk-Kamchatsky", "country_code": "RU", "feature_code": "PPL", "population": 187282, "pop_class": ">50,000", "ADMIN_NAME": "KoryakOkrg a Kamchatka", "Country_name": "Russia", "CNTRY": "RUS" }, "geometry": { "type": "Point", "coordinates": [ 158.6230204, 53.0619924 ] } },
{ "type": "Feature", "properties": { "settlement_name": "Arctic Bay", "country_code": "CA", "feature_code": "PPL", "population": 604, "pop_class": "<2,000", "ADMIN_NAME": "Nunavut", "Country_name": "Canada", "CNTRY": "CA" }, "geometry": { "type": "Point", "coordinates": [ -85.1666209, 73.0333057 ] } },
{ "type": "Feature", "properties": { "settlement_name": "Resolute", "country_code": "CA", "feature_code": "PPL", "population": 250, "pop_class": "<2,000", "ADMIN_NAME": "Nunavut", "Country_name": "Canada", "CNTRY": "CA" }, "geometry": { "type": "Point", "coordinates": [ -94.9000061, 74.6833342 ] } },
{ "type": "Feature", "properties": { "settlement_name": "Naujaat", "country_code": "CA", "feature_code": "PPL", "population": 1000, "pop_class": "<2,000", "ADMIN_NAME": "Nunavut", "Country_name": "Canada", "CNTRY": "CA" }, "geometry": { "type": "Point", "coordinates": [ -86.282935, 66.5294669 ] } },
{ "type": "Feature", "properties": { "settlement_name": "Yellowknife", "country_code": "CA", "feature_code": "PPL", "population": 19234, "pop_class": "10,000–50,000", "ADMIN_NAME": "Northwest Territories", "Country_name": "Canada", "CNTRY": "CA" }, "geometry": { "type": "Point", "coordinates": [ -114.3969814, 62.4420142 ] } },
{ "type": "Feature", "properties": { "settlement_name": "Fort Good Hope", "country_code": "CA", "feature_code": "PPL", "population": 597, "pop_class": "<2,000", "ADMIN_NAME": "Northwest Territories", "Country_name": "Canada", "CNTRY": "CA" }, "geometry": { "type": "Point", "coordinates": [ -128.6333218, 66.2666128 ] } },
{ "type": "Feature", "properties": { "settlement_name": "Whitehorse", "country_code": "CA", "feature_code": "PPL", "population": 23276, "pop_class": "10,000–50,000", "ADMIN_NAME": "Yukon", "Country_name": "Canada", "CNTRY": "CA" }, "geometry": { "type": "Point", "coordinates": [ -135.0499844, 60.716719 ] } },
{ "type": "Feature", "properties": { "settlement_name": "Nain", "country_code": "CA", "feature_code": "PPL", "population": 1151, "pop_class": "<2,000", "ADMIN_NAME": "Labrador", "Country_name": "Canada", "CNTRY": "CA" }, "geometry": { "type": "Point", "coordinates": [ -61.6860454, 56.5473515 ] } },
{ "type": "Feature", "properties": { "settlement_name": "Anchorage", "country_code": "US", "feature_code": "PPL", "population": 260283, "pop_class": ">50,000", "ADMIN_NAME": "Alaska", "Country_name": "United States", "CNTRY": "US" }, "geometry": { "type": "Point", "coordinates": [ -149.887446408911501, 61.214004265523393 ] } }
]
}
